Date,ABCB4,BBAS3,BBDC4,BEES3,BMEB4,BMGB4,BPAC11,BRSR6,ITUB4,SANB11,^BVSP
2016-01-04,3.7535696029663086,3.7620739936828613,5.0600457191467285,0.7473692297935486,0.9811009168624878,,,2.5641186237335205,7.247352123260498,7.654273986816406,42141.0
2016-01-05,3.693549633026123,3.7752845287323,5.078431129455566,0.7516397833824158,0.9787649512290955,,,2.4950673580169678,7.307915210723877,7.539329528808594,42419.0
2016-01-06,3.6704647541046143,3.7752845287323,5.006453514099121,0.7430986166000366,0.9811009168624878,,,2.421412229537964,7.2790727615356445,7.366912364959717,41773.0
2016-01-07,3.661231517791748,3.6854584217071533,4.905153274536133,0.7302863001823425,0.9507334232330322,,,2.3477566242218018,7.140644073486328,7.163146495819092,40695.0
2016-01-08,3.6104447841644287,3.6854584217071533,4.809181213378906,0.7687223553657532,0.9507334232330322,,,2.3477566242218018,7.1435322761535645,7.163146495819092,40612.0
2016-01-11,3.555041551589966,3.5797832012176514,4.673226356506348,0.7687223553657532,0.9507334232330322,,,2.3523595333099365,7.059889316558838,7.178822994232178,39950.0
2016-01-12,3.5596578121185303,3.4556124210357666,4.646563529968262,0.7687223553657532,0.9250379204750061,,,2.3661701679229736,7.091612339019775,7.267642021179199,39514.0
2016-01-13,3.545807123184204,3.3922061920166016,4.57991886138916,0.7217451333999634,0.9390535950660706,,,2.26489520072937,6.982025623321533,7.199721813201904,38944.0
2016-01-14,3.675081968307495,3.5824246406555176,4.718542098999023,0.726015567779541,0.9390535950660706,,,2.320136308670044,7.082966327667236,7.042981147766113,39500.0
2016-01-15,3.642763137817383,3.445045232772827,4.598579406738281,0.7430986166000366,0.9390535950660706,,,2.191239833831787,6.898394584655762,6.818315029144287,38569.0
2016-01-18,3.642763137817383,3.42391037940979,4.558590412139893,0.7473692297935486,0.9390535950660706,,,2.1866366863250732,6.817646026611328,6.792189598083496,37937.0
2016-01-19,3.6889326572418213,3.3922061920166016,4.590579509735107,0.7473692297935486,0.9390535950660706,,,2.168222188949585,6.748426914215088,6.94370698928833,38057.0
2016-01-20,3.656614065170288,3.3605055809020996,4.601244926452637,0.726015567779541,0.9016783237457275,,,2.0209121704101562,6.653254985809326,6.854887008666992,37645.0
2016-01-21,3.5688929557800293,3.357863664627075,4.534597873687744,0.7174741625785828,0.9343816637992859,,,1.947257161140442,6.66767692565918,6.8496599197387695,37717.0
2016-01-22,3.6473801136016846,3.4344773292541504,4.627906322479248,0.7217451333999634,0.9180299043655396,,,1.947257161140442,6.731126308441162,6.823538780212402,38031.0
2016-01-26,3.6150615215301514,3.4054172039031982,4.574586391448975,0.7174741625785828,0.9110221862792969,,,1.9058253765106201,6.803221702575684,6.598873138427734,37497.0
2016-01-27,3.5873594284057617,3.355220317840576,4.630569934844971,0.7174741625785828,0.9110221862792969,,,1.915032982826233,6.82918119430542,6.6354475021362305,38376.0
2016-01-28,3.6150615215301514,3.429194211959839,4.6385674476623535,0.7217451333999634,0.9110221862792969,,,1.9012229442596436,6.875325679779053,6.6667962074279785,38630.0
2016-01-29,3.716634511947632,3.6590397357940674,4.838504314422607,0.7473692297935486,0.9110221862792969,,,2.048532485961914,7.195438385009766,6.818315029144287,40406.0
2016-02-01,3.8320581912994385,3.7409377098083496,4.963801383972168,0.7279337644577026,0.9110221862792969,,,2.1406006813049316,7.349825859069824,6.922807693481445,40570.0
2016-02-02,3.7397189140319824,3.4608967304229736,4.76338529586792,0.7279337644577026,0.9110221862792969,,,2.0439295768737793,6.821747303009033,6.52050256729126,38596.0
2016-02-03,3.7535696029663086,3.5058090686798096,4.9928812980651855,0.7537773847579956,0.9133580923080444,,,2.0209121704101562,6.9862260818481445,6.645895957946777,39589.0
2016-02-04,3.8551416397094727,3.6458311080932617,5.265074729919434,0.7710064053535461,0.9133580923080444,,,2.200446367263794,7.087226867675781,6.9855055809021,40822.0
2016-02-05,4.085989475250244,3.6167690753936768,5.211705207824707,0.7710064053535461,0.9133580923080444,,,2.1590161323547363,7.1564860343933105,7.074326515197754,40592.0
2016-02-10,4.076755046844482,3.6167690753936768,5.270413398742676,0.7710064053535461,0.9227018356323242,,,2.071549892425537,7.191112995147705,7.10567569732666,40377.0
2016-02-11,3.8551416397094727,3.4503302574157715,5.134313106536865,0.7322407364845276,0.9227018356323242,,,2.0071020126342773,6.977567672729492,6.90713357925415,39318.0
2016-02-12,3.8782265186309814,3.4344773292541504,5.150324821472168,0.7537773847579956,0.9227018356323242,,,2.062342882156372,7.032398223876953,7.001180648803711,39808.0
2016-02-15,3.901310682296753,3.4714643955230713,5.150324821472168,0.7666990756988525,0.9227018356323242,,,2.071549892425537,7.009312152862549,7.100452423095703,40093.0
2016-02-16,3.965949058532715,3.5401551723480225,5.334455490112305,0.7666990756988525,0.9227018356323242,,,2.26489520072937,7.179567337036133,7.2467427253723145,40948.0
2016-02-17,3.970564603805542,3.52958607673645,5.393167018890381,0.7580846548080444,0.9227018356323242,,,2.2464799880981445,7.257486820220947,7.340789318084717,41631.0
2016-02-18,3.8551416397094727,3.4001331329345703,5.283753871917725,0.7710064053535461,0.9227018356323242,,,2.2787041664123535,7.110309600830078,7.3094401359558105,41478.0
2016-02-19,3.8551416397094727,3.437119245529175,5.305100917816162,0.7753133773803711,0.9227018356323242,,,2.4029972553253174,7.194619178771973,7.2624192237854,41543.0
2016-02-22,4.016734600067139,3.595635175704956,5.582634449005127,0.7753133773803711,0.9227018356323242,,,2.5134806632995605,7.485134124755859,7.575901985168457,43235.0
2016-02-23,3.9243955612182617,3.571856737136841,5.52925968170166,0.7753133773803711,0.9227018356323242,,,2.4306185245513916,7.378414630889893,7.413934230804443,42521.0
2016-02-24,3.901310682296753,3.4529714584350586,5.518585681915283,0.7753133773803711,0.9227018356323242,,,2.5318942070007324,7.316159725189209,7.366912364959717,42085.0
2016-02-25,3.961331605911255,3.4661803245544434,5.502579689025879,0.7796210646629333,0.9227018356323242,,,2.5687220096588135,7.322086334228516,7.434835910797119,41888.0
2016-02-26,4.035202503204346,3.487316131591797,5.518585681915283,0.8097718954086304,0.9227018356323242,,,2.4904630184173584,7.322086334228516,7.393041133880615,41593.0
2016-02-29,4.062904357910156,3.5771398544311523,5.694713115692139,0.8140796422958374,0.9227018356323242,,,2.5779290199279785,7.529596328735352,7.811018466949463,42794.0
2016-03-01,4.155242919921875,3.7832086086273193,5.85482931137085,0.816196858882904,0.9227018356323242,,,2.720634937286377,7.8840508460998535,8.171526908874512,44122.0
2016-03-02,4.201412677764893,3.902095079421997,5.982757568359375,0.816196858882904,0.9811009168624878,,,2.863342761993408,8.06795883178711,8.505913734436035,44893.0
2016-03-03,4.695424556732178,4.415279388427734,6.516929626464844,0.8248798251152039,1.0371637344360352,,,3.0336689949035645,8.865846633911133,9.221705436706543,47193.0
2016-03-04,4.778529167175293,4.851226806640625,7.189991474151611,0.8379045128822327,1.0394995212554932,,,3.1487560272216797,9.298919677734375,9.153779983520508,49085.0
2016-03-07,4.561532497406006,4.853885650634766,6.987002372741699,0.8248798251152039,1.0535154342651367,,,3.010653018951416,9.257389068603516,9.091085433959961,49246.0
2016-03-08,4.6400227546691895,5.382868766784668,7.021727561950684,0.8292214274406433,1.0558512210845947,,,3.001446485519409,9.46501636505127,9.002264022827148,49102.0
2016-03-09,4.473812580108643,5.396157741546631,6.703892707824707,0.8465875387191772,1.0558512210845947,,,3.1487560272216797,9.150604248046875,8.855969429016113,48665.0
2016-03-10,4.847782611846924,5.715144157409668,6.904207706451416,0.8379045128822327,1.0558512210845947,,,3.3743250370025635,9.509505271911621,8.777600288391113,49571.0
2016-03-11,5.050929546356201,6.073998928070068,7.149923324584961,0.8379045128822327,1.0558512210845947,,,3.3820369243621826,9.589600563049316,8.673102378845215,49639.0
2016-03-14,5.074012279510498,5.926711559295654,7.104519844055176,0.8379045128822327,1.0558512210845947,,,3.35369610786438,9.545097351074219,8.683554649353027,48867.0
2016-03-15,4.8016133308410645,4.671955585479736,6.730600357055664,0.8031729459762573,1.0558512210845947,,,3.0986273288726807,9.120942115783691,8.312594413757324,47130.0
2016-03-16,4.778529167175293,4.829465866088867,6.581034183502197,0.8335626125335693,1.0558512210845947,,,3.3017385005950928,8.851021766662598,8.558157920837402,47763.0
2016-03-17,4.990907669067383,5.523587703704834,7.438380241394043,0.8292214274406433,1.0278198719024658,,,3.63710618019104,9.817995071411133,9.305301666259766,50914.0
2016-03-18,5.263309955596924,5.435487270355225,7.339559078216553,0.8292214274406433,1.0353959798812866,,,3.4954023361206055,9.844687461853027,8.934341430664062,50815.0
2016-03-21,5.263309955596924,5.526257514953613,7.462418079376221,0.8292214274406433,1.0480228662490845,,,3.726853370666504,9.847649574279785,9.064961433410645,51172.0
2016-03-22,5.170969009399414,5.446165561676025,7.384965419769287,0.8248798251152039,1.0480228662490845,,,3.63710618019104,9.595531463623047,9.143331527709961,51010.0
2016-03-23,5.074012279510498,5.243269443511963,7.144584655761719,0.816196858882904,1.0227692127227783,,,3.632382392883301,9.290013313293457,8.934341430664062,49690.0
2016-03-24,5.0601630210876465,5.069738388061523,7.013708114624023,0.8335626125335693,1.0227692127227783,,,3.5520834922790527,9.192132949829102,8.861194610595703,49657.0
2016-03-28,5.586493492126465,5.366074085235596,7.3555827140808105,0.8465875387191772,1.0227692127227783,,,3.7551958560943604,9.420526504516602,9.096312522888184,50838.0
2016-03-29,5.748085975646973,5.526257514953613,7.483785152435303,0.8465875387191772,1.0480228662490845,,,3.821323871612549,9.476883888244629,9.143331527709961,51155.0
2016-03-30,5.632663249969482,5.411459445953369,7.494467258453369,0.8422461748123169,1.0480228662490845,,,3.896899938583374,9.530272483825684,9.247827529907227,51249.0
2016-03-31,5.678832054138184,5.277975082397461,7.227380275726318,0.8465875387191772,1.0480228662490845,,,3.788259506225586,9.257389068603516,8.866419792175293,50055.0
2016-04-01,5.563408374786377,5.277975082397461,7.371613502502441,0.8355969190597534,1.1111565828323364,,,4.0480546951293945,9.321189880371094,9.059737205505371,50562.0
2016-04-04,5.392581939697266,4.978971004486084,7.071993350982666,0.8312214612960815,1.1111565828323364,,,3.8354928493499756,8.994752883911133,8.699225425720215,48780.0
2016-04-05,5.447986602783203,4.898879528045654,7.10406494140625,0.8312214612960815,1.1111565828323364,,,3.8260481357574463,9.012557983398438,8.8716459274292,49054.0
2016-04-06,5.2863922119140625,4.853494644165039,6.91697883605957,0.8312214612960815,1.1111565828323364,,,3.8354928493499756,8.75438117980957,8.814172744750977,48096.0
2016-04-07,5.332562446594238,5.002997398376465,6.970427513122559,0.8618460297584534,1.1111565828323364,,,3.741023063659668,8.84934139251709,8.788047790527344,48513.0
2016-04-08,5.526473045349121,5.579651355743408,7.325904369354248,0.8574709296226501,1.1111565828323364,,,3.9535820484161377,9.40725040435791,8.814172744750977,50293.0
2016-04-11,5.614193916320801,5.750510215759277,7.448843479156494,0.8618460297584534,1.136410117149353,,,4.1094584465026855,9.454729080200195,8.662653923034668,50165.0
2016-04-12,5.641896724700928,5.900015830993652,7.7989630699157715,0.8530959486961365,1.1338849067687988,,,4.251163482666016,9.882062911987305,9.012712478637695,52002.0
2016-04-13,5.6095781326293945,5.961413860321045,8.578863143920898,0.888094961643219,1.1338849067687988,,,4.24171781539917,10.003738403320312,8.850748062133789,53150.0
2016-04-14,5.438751220703125,5.8546271324157715,7.670676231384277,0.9187185168266296,1.212170958518982,,,4.251163482666016,9.712911605834961,8.741025924682617,52411.0
2016-04-15,5.517239570617676,6.060191631317139,7.7054219245910645,0.9274686574935913,1.237424612045288,,,4.336188793182373,9.775232315063477,8.882096290588379,53228.0
2016-04-18,5.378731727600098,5.894673824310303,7.661591053009033,0.9274686574935913,1.3131850957870483,,,4.1566948890686035,9.704005241394043,9.064961433410645,52894.0
2016-04-19,5.447986602783203,5.867976188659668,7.679229259490967,0.9274686574935913,1.3131850957870483,,,4.1755876541137695,9.757428169250488,9.064961433410645,53710.0
2016-04-20,5.447986602783203,5.827929973602295,7.673348903656006,0.9274686574935913,1.3131850957870483,,,4.227546215057373,9.576398849487305,9.101531982421875,53631.0
2016-04-22,5.355647087097168,5.678427696228027,7.511651992797852,0.8749703764915466,1.3131850957870483,,,4.1992058753967285,9.401312828063965,9.028386116027832,52908.0
2016-04-25,5.240222454071045,5.552952766418457,7.33819580078125,0.9143437743186951,1.3131850957870483,,,4.071671009063721,9.31822395324707,8.991813659667969,51862.0
2016-04-26,5.314094543457031,5.806575775146484,7.602790355682373,0.9274686574935913,1.3131850957870483,,,4.137799263000488,9.641691207885742,9.091085433959961,53083.0
2016-04-27,5.355647087097168,5.9534077644348145,7.870326042175293,0.9274686574935913,1.3207613229751587,,,4.18031120300293,9.971085548400879,9.305301666259766,54478.0
2016-04-28,5.438751220703125,5.806575775146484,7.708633899688721,0.9230934977531433,1.3258122205734253,,,4.12362813949585,9.902838706970215,9.456819534301758,54312.0
2016-04-29,5.471070766448975,5.902682781219482,7.614552021026611,0.9230934977531433,1.3258122205734253,,,4.019711017608643,9.754453659057617,9.697154998779297,53911.0
2016-05-02,5.314094543457031,5.7531819343566895,7.464611053466797,0.9252423644065857,1.237424612045288,,,3.963028907775879,9.485773086547852,9.540413856506348,53562.0
2016-05-03,5.120182514190674,5.456845760345459,7.308380126953125,0.9308552145957947,1.237424612045288,,,3.882730007171631,8.939486503601074,9.40456771850586,52260.0
2016-05-04,5.166352272033691,5.574311256408691,7.620246887207031,0.9264227747917175,1.3182357549667358,,,4.085841655731201,9.1591796875,9.629234313964844,52553.0
2016-05-05,5.34641170501709,5.478203296661377,7.429007053375244,0.8998263478279114,1.3207613229751587,,,3.963028907775879,9.022616386413574,9.493389129638672,51671.0
2016-05-06,5.471070766448975,5.523587703704834,7.4643120765686035,0.9264227747917175,1.3207613229751587,,,3.873281955718994,9.025581359863281,9.540413856506348,51718.0
2016-05-09,5.563408374786377,5.406121253967285,7.511384010314941,0.9264227747917175,1.3207613229751587,,,3.9157943725585938,9.081990242004395,9.624007225036621,50990.0
2016-05-10,5.752703666687012,5.726480484008789,7.835026264190674,0.9219900965690613,1.338438630104065,,,4.142523765563965,9.65202808380127,9.921823501586914,53071.0
2016-05-11,5.812722682952881,5.467523574829102,7.911524772644043,0.9219900965690613,1.338438630104065,,,4.203929901123047,9.59265422821045,9.927044868469238,52764.0
2016-05-12,5.9466142654418945,5.312681674957275,8.082165718078613,1.019508719444275,1.338438630104065,,,4.251163482666016,9.687655448913574,9.979296684265137,53241.0
2016-05-13,5.923529624938965,5.168519020080566,7.755587100982666,1.019508719444275,1.338438630104065,,,4.274781703948975,9.322479248046875,9.503841400146484,51804.0
2016-05-16,5.872744560241699,5.0884270668029785,7.620246887207031,0.9929121732711792,1.338438630104065,,,4.288952350616455,9.17996597290039,9.482942581176758,51803.0
2016-05-17,5.697299957275391,4.842816352844238,7.373102188110352,0.9840474128723145,1.338438630104065,,,4.085841655731201,8.984018325805664,9.331422805786133,50839.0
2016-05-18,5.678832054138184,4.848155498504639,7.405471324920654,1.0416712760925293,1.338438630104065,,,4.222822189331055,9.12355899810791,9.367997169494629,50562.0
2016-05-19,5.678832054138184,4.733358383178711,7.252471923828125,0.975182294845581,1.338438630104065,,,4.18031120300293,9.046364784240723,9.326200485229492,50133.0
2016-05-20,5.715767860412598,4.621231555938721,7.173033237457275,1.006210446357727,1.338438630104065,,,4.081116676330566,8.930577278137207,9.232154846191406,49723.0
2016-05-23,5.794255256652832,4.538471221923828,7.193634510040283,0.9530181288719177,1.338438630104065,,,4.000817775726318,8.960265159606934,9.420244216918945,49330.0
2016-05-24,5.752703666687012,4.299975872039795,7.214229106903076,0.9308552145957947,1.338438630104065,,,4.043328762054443,8.951358795166016,9.383671760559082,49345.0
2016-05-25,5.757321357727051,4.426446914672852,7.184800624847412,0.9397204518318176,1.338438630104065,,,4.0622239112854,8.909789085388184,9.352322578430176,49483.0
2016-05-27,5.697299957275391,4.3403401374816895,7.081828594207764,1.0150753259658813,1.338438630104065,,,4.128353595733643,8.820725440979004,9.30007266998291,49051.0
2016-05-30,5.706534385681152,4.415683746337891,7.061232566833496,1.0150753259658813,1.338438630104065,,,4.081116676330566,8.817756652832031,9.263504028320312,48964.0
2016-05-31,5.614193916320801,4.431828498840332,6.708174228668213,1.0150753259658813,1.338438630104065,,,3.9441351890563965,8.624774932861328,9.080634117126465,48472.0
2016-06-01,5.6095781326293945,4.458737373352051,6.831747055053711,1.0127897262573242,1.363692283630371,,,4.014988899230957,8.753996849060059,9.232154846191406,49013.0
2016-06-02,5.517239570617676,4.547536849975586,7.0522847175598145,1.0127897262573242,1.363692283630371,,,3.896899938583374,8.884693145751953,9.399346351623535,49887.0
2016-06-03,5.540325164794922,4.655167579650879,7.087619781494141,1.0083284378051758,1.363692283630371,,,3.8496642112731934,8.875772476196289,9.509064674377441,50619.0
2016-06-06,5.508005619049072,4.6067328453063965,7.046395301818848,1.0083284378051758,1.363692283630371,,,3.769364595413208,8.789634704589844,9.40456771850586,50432.0
2016-06-07,5.637279987335205,4.552916526794434,7.137678146362305,1.0217130184173584,1.363692283630371,,,3.6560006141662598,8.932222366333008,9.388894081115723,50488.0
2016-06-08,5.725000858306885,4.695531845092773,7.361464023590088,1.0217130184173584,1.363692283630371,,,3.7788121700286865,9.068859100341797,9.618782997131348,51629.0
2016-06-09,5.752703666687012,4.682077884674072,7.373243808746338,1.0217130184173584,1.363692283630371,,,3.7740895748138428,9.048067092895508,9.608335494995117,51118.0
2016-06-10,5.595727920532227,4.453355312347412,7.078789710998535,1.0217130184173584,1.363692283630371,,,3.6654486656188965,8.584671974182129,9.2269287109375,49422.0
2016-06-13,5.618811130523682,4.491026401519775,7.196569919586182,1.0217130184173584,1.363692283630371,,,3.6418304443359375,8.62328815460205,9.373221397399902,49661.0
2016-06-14,5.471070766448975,4.371037006378174,7.055232048034668,1.0172513723373413,1.338438630104065,,,3.5730059146881104,8.498537063598633,8.991813659667969,48648.0
2016-06-15,5.475686550140381,4.368322372436523,7.067007064819336,1.0172513723373413,1.338438630104065,,,3.6359450817108154,8.456941604614258,8.9500150680542,48915.0
2016-06-16,5.600344181060791,4.392740726470947,7.173014163970947,1.0127897262573242,1.338438630104065,,,3.669834852218628,8.611407279968262,9.117208480834961,49412.0
2016-06-17,5.494154930114746,4.341192245483398,7.128840923309326,0.994943380355835,1.338438630104065,,,3.558480739593506,8.590617179870605,9.195581436157227,49534.0
2016-06-20,5.701916694641113,4.501270771026611,7.246626377105713,0.9726352095603943,1.338438630104065,,,3.631103038787842,8.733200073242188,9.336647033691406,50329.0
2016-06-21,5.494154930114746,4.300492286682129,7.332022666931152,0.968173623085022,1.363692283630371,,,3.6746766567230225,8.730225563049316,9.367997169494629,50838.0
2016-06-22,5.447986602783203,4.28692626953125,7.317296504974365,1.0083284378051758,1.338438630104065,,,3.66499400138855,8.578730583190918,9.242605209350586,50156.0
2016-06-23,5.655747890472412,4.400880336761475,7.557579040527344,0.9770969748497009,1.338438630104065,,,3.834444522857666,8.91142749786377,9.59266185760498,51560.0
2016-06-24,5.503388404846191,4.311345100402832,7.3706464767456055,0.9815589189529419,1.338438630104065,,,3.708566904067993,8.599526405334473,9.190356254577637,50105.0
2016-06-27,5.489537715911865,4.24351167678833,7.079853057861328,0.9770969748497009,1.338438630104065,,,3.582688570022583,8.311393737792969,8.970913887023926,49246.0
2016-06-28,5.674215793609619,4.349330425262451,7.254922389984131,0.994943380355835,1.338438630104065,,,3.936115026473999,8.602499008178711,9.070185661315918,50007.0
2016-06-29,5.96508264541626,4.474139213562012,7.429986953735352,0.994943380355835,1.338438630104065,,,4.115250587463379,8.795578956604004,9.336647033691406,51002.0
2016-06-30,6.034336566925049,4.661353588104248,7.471526622772217,0.9994049668312073,1.338438630104065,,,4.134617328643799,9.000545501708984,9.498615264892578,51527.0
2016-07-01,6.063913822174072,4.6260809898376465,7.602086067199707,1.0015957355499268,1.338438630104065,,,4.187872409820557,9.186290740966797,9.576988220214844,52233.0
2016-07-04,6.0834126472473145,4.647787094116211,7.634443759918213,1.0105785131454468,1.338438630104065,,,4.163664817810059,9.180343627929688,9.7128324508667,52569.0
2016-07-05,6.19552755355835,4.612513542175293,7.631479740142822,1.0375280380249023,1.338438630104065,,,4.236286640167236,9.114954948425293,9.409797668457031,51842.0
2016-07-06,6.117532730102539,4.6016621589660645,7.631479740142822,1.019561529159546,1.338438630104065,,,4.153982162475586,9.150625228881836,9.441144943237305,51902.0
2016-07-07,6.0785393714904785,4.544684410095215,7.6611714363098145,1.0105785131454468,1.338438630104065,,,4.275018215179443,9.242751121520996,9.598437309265137,52015.0
2016-07-08,6.36126184463501,4.6749186515808105,7.872000217437744,1.0105785131454468,1.338438630104065,,,4.362165927886963,9.492390632629395,9.866961479187012,53141.0
2016-07-11,6.565991401672363,4.889265537261963,7.961089134216309,1.0285444259643555,1.3510653972625732,,,4.425104141235352,9.584527015686035,10.082837104797363,53960.0
2016-07-12,6.673231601715088,4.82686185836792,7.895753860473633,1.0644760131835938,1.338438630104065,,,4.3476409912109375,9.504287719726562,9.819572448730469,54256.0
2016-07-13,6.780471324920654,4.897403717041016,8.070952415466309,1.059984803199768,1.338438630104065,,,4.57034969329834,9.700432777404785,9.961734771728516,54598.0
2016-07-14,7.063192367553711,5.157876968383789,8.40353775024414,1.0420184135437012,1.338438630104065,,,4.754323959350586,9.976825714111328,10.156548500061035,55481.0
2016-07-15,6.95107889175415,5.225708961486816,8.40353775024414,1.113882303237915,1.3131850957870483,,,4.696226596832275,9.944132804870605,10.109161376953125,55578.0
2016-07-18,7.214303970336914,5.415637016296387,8.578729629516602,1.145322322845459,1.338438630104065,,,4.812422752380371,10.113534927368164,10.293440818786621,56484.0
2016-07-19,7.043694019317627,5.678818225860596,8.546070098876953,1.059984803199768,1.338438630104065,,,5.0980682373046875,10.054094314575195,10.23552417755127,56698.0
2016-07-20,6.848712921142578,5.7927751541137695,8.6203031539917,1.0569108724594116,1.3333882093429565,,,5.059337139129639,10.211610794067383,10.319767951965332,56578.0
2016-07-21,6.678103446960449,5.684246063232422,8.554976463317871,1.0793981552124023,1.3258122205734253,,,5.078703880310059,10.074895858764648,10.246057510375977,56641.0
2016-07-22,6.770722389221191,5.591994285583496,8.611392974853516,1.0883928537368774,1.2879314422607422,,,5.107753753662109,10.137307167053223,10.47772216796875,57002.0
2016-07-25,6.824340343475342,5.779209613800049,8.58466625213623,1.0838955640792847,1.30055832862854,,,5.228789329528809,10.060042381286621,10.509313583374023,56873.0
2016-07-26,6.736600399017334,5.817193984985352,8.516373634338379,1.0793981552124023,1.338438630104065,,,5.161007881164551,9.932246208190918,10.630415916442871,56783.0
2016-07-27,6.775595188140869,5.82804536819458,8.546070098876953,1.07490074634552,1.3056094646453857,,,5.073861122131348,9.970877647399902,10.593558311462402,56853.0
2016-07-28,6.751220703125,5.608275890350342,8.165976524353027,1.0569108724594116,1.3131850957870483,,,5.0448126792907715,9.860918045043945,10.461930274963379,56667.0
2016-07-29,6.873085975646973,5.711379051208496,8.421348571777344,1.065906047821045,1.3864201307296753,,,5.219107151031494,10.042201042175293,10.730454444885254,57308.0
2016-08-01,6.692728519439697,5.613703727722168,8.433229446411133,1.131476640701294,1.404097557067871,,,5.29656982421875,9.939632415771484,10.70412826538086,56756.0
2016-08-02,6.58061408996582,5.480753421783447,8.328922271728516,1.1224238872528076,1.3889459371566772,,,5.233628749847412,10.058563232421875,10.583026885986328,56162.0
2016-08-03,6.756099224090576,5.567577838897705,8.522063255310059,1.126950740814209,1.3889459371566772,,,5.204582214355469,10.477795600891113,10.73572063446045,57077.0
2016-08-04,7.004697799682617,5.716805458068848,8.61418342590332,1.1405277252197266,1.439452886581421,,,5.257837295532227,10.537261009216309,10.962122917175293,57594.0
2016-08-05,6.941330909729004,5.757504940032959,8.667669296264648,1.1360020637512207,1.439452886581421,,,5.2917280197143555,10.474814414978027,10.935796737670898,57661.0
2016-08-08,6.824340343475342,5.74393892288208,8.581489562988281,1.1405277252197266,1.439452886581421,,,5.257837295532227,10.4064359664917,10.998977661132812,57635.0
2016-08-09,6.936455726623535,5.806339740753174,8.536924362182617,1.1450543403625488,1.4091488122940063,,,5.190056800842285,10.427242279052734,11.188525199890137,57689.0
2016-08-10,6.829216003417969,5.662539005279541,8.415095329284668,1.081690788269043,1.439452886581421,,,5.277202129364014,10.34102725982666,11.146404266357422,56920.0
2016-08-11,6.907208442687988,5.982701778411865,8.66469669342041,1.1767349243164062,1.5025869607925415,,,5.320774555206299,10.605645179748535,11.578146934509277,58300.0
2016-08-12,6.873085975646973,6.150923252105713,8.676580429077148,1.1993638277053833,1.464706540107727,,,5.456338882446289,10.68592357635498,11.58341121673584,58298.0
2016-08-15,6.897457122802734,6.289298057556152,8.804349899291992,1.2084165811538696,1.449554204940796,,,5.553167343139648,10.920137405395508,11.809816360473633,59146.0
2016-08-16,6.824340343475342,6.142782688140869,8.670634269714355,1.1676828861236572,1.449554204940796,,,5.785557270050049,10.875044822692871,11.672924995422363,58855.0
2016-08-17,6.790219306945801,6.1753411293029785,8.768694877624512,1.1948394775390625,1.4473609924316406,,,5.640312194824219,11.019363403320312,11.904589653015137,59324.0
2016-08-18,6.731724262237549,6.167203426361084,8.792464256286621,1.1767349243164062,1.4473609924316406,,,5.59674072265625,10.998318672180176,11.93618106842041,59166.0
2016-08-19,6.726850509643555,6.294726848602295,8.741954803466797,1.2129424810409546,1.3937547206878662,,,5.659679889678955,10.926151275634766,12.041483879089355,59099.0
2016-08-22,6.58061408996582,6.053247928619385,8.507206916809082,1.1767349243164062,1.3428292274475098,,,5.44181489944458,10.715686798095703,11.794021606445312,57781.0
2016-08-23,6.653731822967529,6.165183067321777,8.415095329284668,1.1993638277053833,1.366951823234558,,,5.277202129364014,10.697648048400879,11.715044975280762,58020.0
2016-08-24,6.6001129150390625,6.102384090423584,8.355664253234863,1.1767349243164062,1.340149164199829,,,5.286886692047119,10.646538734436035,11.820341110229492,57718.0
2016-08-25,6.5562424659729,6.126958847045898,8.394293785095215,1.1360020637512207,1.340149164199829,,,5.151322841644287,10.613460540771484,11.841409683227539,57722.0
2016-08-26,6.756099224090576,6.252554893493652,8.510185241699219,1.1767349243164062,1.340149164199829,,,5.035129070281982,10.742746353149414,11.872997283935547,57716.0
2016-08-29,6.970577239990234,6.503750324249268,8.66469669342041,1.1948394775390625,1.340149164199829,,,5.204582214355469,10.932167053222656,12.141522407531738,58610.0
2016-08-30,7.004697799682617,6.479177474975586,8.691439628601074,1.1948394775390625,1.340149164199829,,,5.223947525024414,11.004325866699219,12.046756744384766,58575.0
2016-08-31,6.994950294494629,6.337195873260498,8.634981155395508,1.1857869625091553,1.340149164199829,,,5.228789329528809,10.778825759887695,11.941447257995605,57901.0
2016-09-01,6.8877105712890625,6.24163293838501,8.548810005187988,1.1834547519683838,1.340149164199829,,,5.383716583251953,10.88560676574707,11.951973915100098,58236.0
2016-09-02,7.116812229156494,6.476446628570557,8.798266410827637,1.197110652923584,1.3294280767440796,,,5.591899394989014,11.045023918151855,12.120461463928223,59616.0
2016-09-05,6.994950294494629,6.413645267486572,8.82800579071045,1.2744896411895752,1.3374686241149902,,,5.5192766189575195,11.04803466796875,12.320539474487305,59566.0
2016-09-06,6.965704441070557,6.558358669281006,8.920181274414062,1.2517321109771729,1.1659294366836548,,,5.688729763031006,11.153310775756836,12.178380012512207,60129.0
2016-09-08,6.985200881958008,6.58839225769043,9.039114952087402,1.192558765411377,1.072119116783142,,,5.718686580657959,11.020967483520508,12.125724792480469,60232.0
2016-09-09,6.877960205078125,6.236173152923584,8.539581298828125,1.1606963872909546,1.072119116783142,,,5.4480085372924805,10.602863311767578,11.699247360229492,58000.0
2016-09-12,6.8877105712890625,6.266205310821533,8.569318771362305,1.1606963872909546,1.0694388151168823,,,5.551359176635742,10.741227149963379,11.872997283935547,58586.0
2016-09-13,6.643983840942383,6.0428996086120605,8.212510108947754,1.192558765411377,1.045316219329834,,,5.482459545135498,10.527666091918945,11.47811222076416,56821.0
2016-09-14,6.678103446960449,6.020935535430908,8.280899047851562,1.151593804359436,1.0667587518692017,,,5.403715133666992,10.536689758300781,11.520236015319824,57059.0
2016-09-15,6.74147367477417,6.125264644622803,8.50687313079834,1.188006043434143,1.072119116783142,,,5.536594390869141,10.76528549194336,11.578146934509277,57909.0
2016-09-16,6.336887359619141,6.020935535430908,8.35226058959961,1.1743513345718384,1.0747994184494019,,,5.536594390869141,10.521653175354004,11.362277030944824,57080.0
2016-09-19,6.483124256134033,6.0428996086120605,8.396865844726562,1.1470410823822021,1.1739706993103027,,,5.52675199508667,10.596837997436523,11.399131774902344,57350.0
2016-09-20,6.629360198974609,6.207629680633545,8.489034652709961,1.1697994470596313,1.1391266584396362,,,5.664551258087158,10.620908737182617,11.404398918151855,57736.0
2016-09-21,6.74147367477417,6.408053874969482,8.655546188354492,1.188006043434143,1.2382975816726685,,,5.708844184875488,10.723176002502441,11.488639831542969,58394.0
2016-09-22,6.775595188140869,6.4382548332214355,8.822059631347656,1.151593804359436,1.1846916675567627,,,5.718686580657959,10.894636154174805,11.536025047302246,58994.0
2016-09-23,6.775595188140869,6.3009819984436035,8.839898109436035,1.188006043434143,1.203453779220581,,,5.571043491363525,10.867560386657715,11.446516990661621,58697.0
2016-09-26,6.775595188140869,6.229596138000488,8.72988510131836,1.1834547519683838,1.1900523900985718,,,5.379108905792236,10.783339500427246,11.330687522888184,58054.0
2016-09-27,6.702477931976318,6.2817606925964355,8.911258697509766,1.1834547519683838,1.1820112466812134,,,5.398792266845703,10.906662940979004,11.525494575500488,58382.0
2016-09-28,6.629360198974609,6.399819374084473,8.9647798538208,1.1834547519683838,1.203453779220581,,,5.4480085372924805,10.98486328125,11.888794898986816,59356.0
2016-09-29,6.5074968338012695,6.2131242752075195,8.816110610961914,1.1606963872909546,1.1793309450149536,,,5.379108905792236,10.705130577087402,11.567620277404785,58351.0
2016-09-30,6.58061408996582,6.259798049926758,8.822059631347656,1.1834547519683838,1.1793309450149536,,,5.147801876068115,10.684075355529785,11.58341121673584,58367.0
2016-10-03,6.624485492706299,6.408053874969482,9.04935073852539,1.1582204103469849,1.1578887701034546,,,5.3397369384765625,10.9383544921875,11.641328811645508,59461.0
2016-10-04,6.726850509643555,6.424529552459717,9.179739952087402,1.1490644216537476,1.1659294366836548,,,5.438166618347168,11.034638404846191,11.572888374328613,59339.0
2016-10-05,6.69760274887085,6.570041656494141,9.252692222595215,1.1902656555175781,1.152528166770935,,,5.511988639831543,11.25130844116211,11.767695426940918,60254.0
2016-10-06,6.673231601715088,6.775958061218262,9.252692222595215,1.1856882572174072,1.192732572555542,,,5.561201572418213,11.344594955444336,11.741368293762207,60644.0
2016-10-07,6.814591407775879,6.940688133239746,9.383401870727539,1.2040002346038818,1.2302566766738892,,,5.6547088623046875,11.449914932250977,12.004629135131836,61109.0
2016-10-10,6.848712921142578,6.987363338470459,9.380362510681152,1.1765320301055908,1.227576494216919,,,5.659631252288818,11.464962005615234,11.967771530151367,61668.0
2016-10-11,6.814591407775879,6.828120708465576,9.346922874450684,1.1765320301055908,1.214174747467041,,,5.590728759765625,11.42584228515625,11.804553985595703,61022.0
2016-10-13,6.941330909729004,6.946179389953613,9.359079360961914,1.1902656555175781,1.192732572555542,,,5.733450889587402,11.555233001708984,12.283682823181152,61119.0
2016-10-14,6.955953121185303,7.127385139465332,9.435070991516113,1.1536427736282349,1.1820112466812134,,,5.984442234039307,11.77489948272705,12.499554634094238,61767.0
2016-10-17,7.033945083618164,7.54470157623291,9.623530387878418,1.1582204103469849,1.1766506433486938,,,6.141929626464844,12.033698081970215,12.768080711364746,62696.0
2016-10-18,7.180181503295898,7.701196193695068,9.857587814331055,1.1490644216537476,1.1766506433486938,,,6.324021816253662,12.201001167297363,13.326189994812012,63782.0
2016-10-19,7.150932788848877,7.558431625366211,9.787677764892578,1.208578109741211,1.1444872617721558,,,6.324021816253662,12.002400398254395,13.089259147644043,63506.0
2016-10-20,7.13631010055542,7.714925765991211,9.930536270141602,1.2268893718719482,1.1418070793151855,,,6.250200271606445,12.03880786895752,13.147174835205078,63838.0
2016-10-21,7.029071807861328,7.811018943786621,9.836305618286133,1.2268893718719482,1.1284054517745972,,,6.299414157867432,12.01894760131836,12.947096824645996,64108.0
2016-10-24,7.1411871910095215,7.747870922088623,9.742080688476562,1.1902656555175781,1.1418070793151855,,,6.34862756729126,11.916329383850098,13.089259147644043,64060.0
2016-10-25,7.189931869506836,7.563920974731445,9.696481704711914,1.2452013492584229,1.1766506433486938,,,6.279728412628174,11.853442192077637,13.126114845275879,63866.0
2016-10-26,7.311794757843018,7.506265163421631,9.656972885131836,1.236045479774475,1.1391266584396362,,,6.3584723472595215,11.926265716552734,13.189294815063477,63826.0
2016-10-27,7.272799491882324,7.89063835144043,9.818071365356445,1.236045479774475,1.0801600217819214,,,6.496270656585693,12.18114185333252,13.368310928344727,64250.0
2016-10-28,7.360538959503174,7.767094612121582,9.854548454284668,1.2314666509628296,1.1123237609863281,,,6.609464645385742,12.2837553024292,13.457818984985352,64308.0
2016-10-31,7.497025489807129,8.041641235351562,10.164592742919922,1.2314666509628296,1.1150037050247192,,,6.69312858581543,12.710749626159668,13.847442626953125,64925.0
2016-11-01,7.336167335510254,7.670997142791748,9.866706848144531,1.2199022769927979,1.117684006690979,,,6.3584723472595215,12.334912300109863,13.457818984985352,63326.0
2016-11-03,7.253299236297607,7.305843830108643,9.632200241088867,1.2199022769927979,1.1659294366836548,,,6.200987339019775,12.070001602172852,13.378844261169434,61750.0
2016-11-04,7.272799491882324,7.379970073699951,9.632200241088867,1.2291094064712524,1.1632496118545532,,,6.205907344818115,12.169347763061523,13.510464668273926,61598.0
2016-11-07,7.1411871910095215,7.778073787689209,9.966757774353027,1.2475224733352661,1.171290397644043,,,6.447056770324707,12.60644817352295,14.00013542175293,64052.0
2016-11-08,6.907208442687988,7.764345169067383,9.960674285888672,1.2429194450378418,1.1766506433486938,,,6.397841453552246,12.636250495910645,14.18441390991211,64158.0
2016-11-09,6.824340343475342,7.489792346954346,9.686949729919434,1.2337125539779663,1.1739706993103027,,,5.964757442474365,12.23226547241211,13.857977867126465,63258.0
2016-11-10,6.58061408996582,7.0093231201171875,8.823180198669434,1.2014888525009155,1.1042824983596802,,,5.659631252288818,11.622965812683105,13.226150512695312,61201.0
2016-11-11,6.3320136070251465,6.523369312286377,8.83838939666748,1.1738682985305786,1.072119116783142,,,5.556280136108398,11.473955154418945,13.094524383544922,59184.0
2016-11-14,6.38563346862793,6.704571723937988,8.902257919311523,1.2014888525009155,1.072119116783142,,,5.625181198120117,11.404412269592285,13.320926666259766,59657.0
2016-11-16,6.5318684577941895,7.138365745544434,9.036079406738281,1.1922826766967773,1.0882008075714111,,,5.851564407348633,11.96735954284668,14.036992073059082,60759.0
2016-11-17,6.336887359619141,7.0065789222717285,8.753226280212402,1.1922826766967773,1.0882008075714111,,,5.644866466522217,11.609718322753906,13.842178344726562,59770.0
2016-11-18,6.410006523132324,7.212491989135742,8.905303955078125,1.1876788139343262,1.0989221334457397,,,5.472616672515869,11.719003677368164,14.60036563873291,59962.0
2016-11-21,6.51237154006958,7.778073787689209,8.957006454467773,1.1968847513198853,1.1123237609863281,,,5.679315090179443,11.815034866333008,14.947866439819336,61070.0
2016-11-22,6.5318684577941895,7.877261638641357,9.01783561706543,1.1968847513198853,1.0989221334457397,,,5.782665252685547,11.854765892028809,15.221661567687988,61954.0
2016-11-23,6.5611162185668945,7.841430187225342,9.057371139526367,1.1968847513198853,1.123044729232788,,,5.910622596740723,11.745488166809082,14.947866439819336,61986.0
2016-11-24,6.751220703125,7.631958961486816,8.972210884094238,1.1968847513198853,1.0989221334457397,,,5.787586688995361,11.622965812683105,14.642484664916992,61396.0
2016-11-25,6.736600399017334,7.615419387817383,9.014788627624512,1.1968847513198853,1.0935614109039307,,,5.684237957000732,11.543487548828125,14.932071685791016,61559.0
2016-11-28,6.692728519439697,7.96545934677124,9.127326011657715,1.1968847513198853,1.0989221334457397,,,5.758059501647949,11.788535118103027,15.147941589355469,62855.0
2016-11-29,6.58061408996582,7.6760573387146,8.83838939666748,1.2199022769927979,1.0989221334457397,,,5.546435832977295,11.503752708435059,14.595101356506348,60987.0
2016-11-30,6.726850509643555,7.8552117347717285,9.048248291015625,1.1922826766967773,1.0989221334457397,,,5.541516304016113,11.728928565979004,14.826766014099121,61906.0
2016-12-01,6.336887359619141,7.3370466232299805,8.543370246887207,1.2176905870437622,1.0989221334457397,,,5.26591682434082,11.197222709655762,13.642099380493164,59507.0
2016-12-02,6.351511478424072,7.48863410949707,8.680011749267578,1.2038003206253052,1.123044729232788,,,5.497222423553467,11.243612289428711,13.979076385498047,60316.0
2016-12-05,6.3320136070251465,7.34531307220459,8.634361267089844,1.2408407926559448,1.1739706993103027,,,5.433243274688721,11.20385456085205,13.826387405395508,59832.0
2016-12-06,6.483124256134033,7.353580474853516,8.820014953613281,1.2269504070281982,1.1257250308990479,,,5.521829605102539,11.352933883666992,14.047521591186523,61088.0
2016-12-07,6.458750247955322,7.441779136657715,8.76523208618164,1.2038003206253052,1.1739706993103027,,,5.536594390869141,11.263486862182617,14.13176441192627,61414.0
2016-12-08,6.434377193450928,7.386658191680908,8.673928260803223,1.2130608558654785,1.1739706993103027,,,5.556280136108398,11.197222709655762,14.152827262878418,60677.0
2016-12-09,6.629360198974609,7.45280122756958,8.789579391479492,1.199170470237732,1.1739706993103027,,,5.6547088623046875,11.230354309082031,14.137031555175781,60501.0
2016-12-12,6.356387615203857,7.097251892089844,8.424361228942871,1.1575006246566772,1.0989221334457397,,,5.260993480682373,10.766566276550293,13.700016975402832,59179.0
2016-12-13,6.38563346862793,7.162751197814941,8.457840919494629,1.1899096965789795,1.1498475074768066,,,5.344658374786377,10.816259384155273,13.626307487487793,59281.0
2016-12-14,6.336887359619141,6.988589286804199,8.357406616210938,1.1899096965789795,1.1498475074768066,,,5.251150131225586,10.793062210083008,13.56312084197998,58212.0
2016-12-15,6.356387615203857,7.256744861602783,8.384796142578125,1.1945406198501587,1.1337660551071167,,,5.2766289710998535,10.75,13.726346015930176,58396.0
2016-12-16,6.5074968338012695,7.303739547729492,8.339140892028809,1.2130608558654785,1.131085753440857,,,5.24698543548584,10.557862281799316,14.163358688354492,58389.0
2016-12-19,6.336887359619141,7.140635967254639,8.156535148620605,1.2130608558654785,1.1257250308990479,,,5.1876983642578125,10.272963523864746,13.936951637268066,57111.0
2016-12-20,6.322265148162842,7.256744861602783,8.333053588867188,1.2084306478500366,1.1257250308990479,,,5.22228479385376,10.534669876098633,14.110702514648438,57583.0
2016-12-21,6.307640075683594,7.256744861602783,8.263060569763184,1.1899096965789795,1.123044729232788,,,5.123469352722168,10.531354904174805,14.08964729309082,57647.0
2016-12-22,6.395382404327393,7.187630653381348,8.226888656616211,1.1575006246566772,1.123044729232788,,,4.8517327308654785,10.6174898147583,14.026461601257324,57255.0
2016-12-23,6.526993751525879,7.392204284667969,8.399112701416016,1.152870774269104,1.123044729232788,,,5.108648300170898,10.917201042175293,14.29498291015625,57937.0
2016-12-26,6.546493053436279,7.508312225341797,8.552888870239258,1.199170470237732,1.123044729232788,,,5.088883876800537,11.004621505737305,14.526649475097656,58620.0
2016-12-27,6.692728519439697,7.560833930969238,8.469852447509766,1.2084306478500366,1.123044729232788,,,5.054297924041748,10.997895240783691,14.60036563873291,58697.0
2016-12-28,6.809718608856201,7.654829502105713,8.774320602416992,1.2176905870437622,1.123044729232788,,,5.138291358947754,11.256787300109863,15.369084358215332,59782.0
2016-12-29,6.790219306945801,7.765403747558594,8.91887378692627,1.2176905870437622,1.123044729232788,,,5.098764896392822,11.381195068359375,15.548101425170898,60227.0
2017-01-02,6.815792083740234,7.6133599281311035,8.85736083984375,1.2339303493499756,1.123044729232788,,,5.2716875076293945,11.278594017028809,15.532303810119629,59589.0
2017-01-03,7.1076788902282715,7.961683750152588,9.232495307922363,1.2339303493499756,1.1123237609863281,,,5.5582475662231445,11.756241798400879,16.085147857666016,61814.0
2017-01-04,7.312509536743164,7.920218467712402,9.174029350280762,1.247899055480957,1.123044729232788,,,5.7212910652160645,11.806703567504883,16.158864974975586,61589.0
2017-01-05,7.430286884307861,7.900866508483887,9.275586128234863,1.3037751913070679,1.1391266584396362,,,5.8052825927734375,11.968159675598145,16.20755958557129,62071.0
2017-01-06,7.501980304718018,7.986564636230469,9.334054946899414,1.3177449703216553,1.1498475074768066,,,5.9040937423706055,12.008517265319824,16.13603401184082,61665.0
2017-01-09,7.476376056671143,7.685237884521484,9.346368789672852,1.3224014043807983,1.1498475074768066,,,5.844806671142578,12.06570816040039,16.356096267700195,61700.0
2017-01-10,7.476376056671143,7.790286064147949,9.346368789672852,1.3503392934799194,1.152528166770935,,,5.8052825927734375,12.025347709655762,16.328588485717773,62132.0
2017-01-11,7.527584552764893,7.873222351074219,9.41715145111084,1.3270574808120728,1.1444872617721558,,,6.022671222686768,12.048891067504883,16.433120727539062,62446.0
2017-01-12,8.014060020446777,8.072260856628418,9.63873291015625,1.3875904083251953,1.152528166770935,,,6.319109916687012,12.354984283447266,17.258346557617188,63954.0
2017-01-13,8.121598243713379,7.862161159515381,9.561788558959961,1.392245888710022,1.1659294366836548,,,6.314168453216553,12.102706909179688,17.20333480834961,63652.0
2017-01-16,8.126717567443848,7.867692470550537,9.580252647399902,1.3875904083251953,1.171290397644043,,,6.333934307098389,12.112799644470215,17.467411041259766,63831.0
2017-01-17,8.167684555053711,7.994859218597412,9.854151725769043,1.4388093948364258,1.147167444229126,,,6.585904598236084,12.439088821411133,17.86351776123047,64354.0
2017-01-18,8.090872764587402,7.928509712219238,9.755678176879883,1.54124915599823,1.152528166770935,,,6.472270488739014,12.341537475585938,17.208839416503906,64150.0
2017-01-19,8.044785499572754,7.936802387237549,9.746437072753906,1.4667481184005737,1.1444872617721558,,,6.324050426483154,12.274253845214844,16.67518424987793,63951.0
2017-01-20,7.9884562492370605,8.113728523254395,9.70028018951416,1.4900293350219727,1.1444872617721558,,,6.249940395355225,12.311257362365723,16.96677017211914,64521.0
2017-01-23,8.106236457824707,8.48140811920166,9.921860694885254,1.4527785778045654,1.1659294366836548,,,6.353693008422852,12.724997520446777,17.467411041259766,65749.0
2017-01-24,8.393000602722168,8.321066856384277,9.884929656982422,1.4714040756225586,1.1632496118545532,,,6.43274450302124,12.694729804992676,17.120813369750977,65840.0
2017-01-26,8.587590217590332,8.84631633758545,10.106505393981934,1.5133113861083984,1.152528166770935,,,7.346767425537109,12.866291046142578,17.54993438720703,66191.0
2017-01-27,8.577348709106445,8.677680015563965,10.137284278869629,1.5552177429199219,1.147167444229126,,,7.830954551696777,12.799006462097168,17.39038848876953,66034.0
2017-01-30,8.459569931030273,8.437172889709473,9.958788871765137,1.4714040756225586,1.152528166770935,,,7.66296911239624,12.526541709899902,16.955768585205078,64302.0
2017-01-31,8.474931716918945,8.6002779006958,10.06342601776123,1.5459058284759521,1.1578887701034546,,,7.781545162200928,12.526541709899902,17.225343704223633,64671.0
2017-02-01,8.556865692138672,8.641744613647461,9.98033618927002,1.53927481174469,1.152528166770935,,,7.781545162200928,12.659457206726074,17.560935974121094,64836.0
2017-02-02,8.556865692138672,8.561575889587402,9.607417106628418,1.473773717880249,1.152528166770935,,,7.574038982391357,12.622435569763184,17.654464721679688,64578.0
2017-02-03,8.602953910827637,8.539460182189941,9.841446876525879,1.5065233707427979,1.171290397644043,,,7.860599040985107,12.884926795959473,17.764495849609375,64954.0
2017-02-06,8.628557205200195,8.3265962600708,9.638218879699707,1.473773717880249,1.2168554067611694,,,7.791428089141846,12.790701866149902,17.54993438720703,63993.0
2017-02-07,8.756577491760254,8.403995513916016,9.622819900512695,1.5439536571502686,1.2195357084274292,,,7.845774173736572,13.039719581604004,17.384883880615234,64199.0
2017-02-08,8.700247764587402,8.492460250854492,9.801416397094727,1.6702765226364136,1.2088143825531006,,,7.732141971588135,13.376220703125,17.560935974121094,64835.0
2017-02-09,9.191844940185547,8.464818954467773,9.85992431640625,1.6047749519348145,1.171290397644043,,,8.211386680603027,13.436795234680176,17.935047149658203,64965.0
2017-02-10,9.29426097869873,8.619629859924316,10.00772762298584,1.609453797340393,1.2302566766738892,,,8.626399993896484,13.480541229248047,18.974836349487305,66125.0
2017-02-13,9.493973731994629,8.674917221069336,10.035445213317871,1.609453797340393,1.2865430116653442,,,8.443597793579102,13.416607856750488,19.563501358032227,66968.0
2017-02-14,9.662959098815918,8.702561378479004,9.973856925964355,1.6047749519348145,1.2865430116653442,,,8.320076942443848,13.460349082946777,18.842803955078125,66713.0
2017-02-15,10.082866668701172,8.807613372802734,10.189409255981445,1.5860613584518433,1.3910744190216064,,,8.196564674377441,14.02568531036377,19.640522003173828,67976.0
2017-02-16,9.883155822753906,9.092353820800781,10.155538558959961,1.5673466920852661,1.3133461475372314,,,8.152099609375,13.753114700317383,19.194902420043945,67814.0
2017-02-17,9.627113342285156,9.097885131835938,10.133984565734863,1.5252395868301392,1.340149164199829,,,8.325020790100098,13.746381759643555,19.01334571838379,67748.0
2017-02-20,9.570784568786621,9.244399070739746,10.174010276794434,1.5439536571502686,1.3535503149032593,,,8.517704963684082,13.810324668884277,18.87580680847168,68533.0
2017-02-21,9.31474494934082,9.399209022521973,10.460389137268066,1.6375263929367065,1.3106657266616821,,,9.397144317626953,14.0111083984375,19.36544418334961,69052.0
2017-02-22,9.243054389953613,9.424088478088379,10.5281343460083,1.8106358051300049,1.3803534507751465,,,8.794381141662598,14.052267074584961,19.409454345703125,68590.0
2017-02-23,9.627113342285156,9.219520568847656,10.368002891540527,1.707705020904541,1.4473609924316406,,,8.537467956542969,13.839614868164062,18.9913330078125,67461.0
2017-02-24,9.319867134094238,9.150407791137695,10.291028022766113,1.8012787103652954,1.4500410556793213,,3.376772880554199,8.211386680603027,13.729850769042969,18.903316497802734,66662.0
2017-03-01,9.627113342285156,9.288631439208984,10.198641777038574,1.813411831855774,1.4768441915512085,,3.330390453338623,8.349721908569336,13.707551956176758,18.98033332824707,66989.0
2017-03-02,9.642477035522461,9.201735496520996,10.167519569396973,1.8228086233139038,1.4741638898849487,,3.330390453338623,8.265729904174805,13.566872596740723,18.743770599365234,65855.0
2017-03-03,9.908759117126465,9.649924278259277,10.407838821411133,1.8228086233139038,1.522409200668335,,3.478818416595459,8.364542007446289,13.813919067382812,19.09586524963379,66786.0
2017-03-06,10.041899681091309,9.727387428283691,10.306170463562012,1.8509957790374756,1.4944602251052856,,3.5623104572296143,8.488062858581543,13.759018898010254,18.86480712890625,66341.0
2017-03-07,10.287696838378906,9.608426094055176,10.167519569396973,1.8275060653686523,1.4716876745224,,3.410170078277588,8.493000984191895,13.529131889343262,18.611736297607422,65742.0
2017-03-08,10.113592147827148,9.381566047668457,9.99498176574707,1.8040167093276978,1.4517611265182495,,3.432434320449829,8.270672798156738,13.374733924865723,17.962547302246094,64718.0
2017-03-09,9.847308158874512,9.284736633300781,9.905630111694336,1.761733889579773,1.477380633354187,,3.523348093032837,8.04834270477295,13.415905952453613,17.604951858520508,64585.0
2017-03-10,10.09822940826416,9.320696830749512,9.850168228149414,1.761733889579773,1.4232958555221558,,3.467686414718628,8.077984809875488,13.422772407531738,17.428897857666016,64675.0
2017-03-13,10.113592147827148,9.420294761657715,9.973413467407227,1.8040167093276978,1.4232958555221558,,3.4138808250427246,8.077984809875488,13.666374206542969,17.76999282836914,65534.0
2017-03-14,9.954846382141113,9.401474952697754,9.890225410461426,1.7852240800857544,1.4232958555221558,,3.4491331577301025,7.777010440826416,13.532563209533691,17.599443435668945,64699.0
2017-03-15,9.91387939453125,9.479103088378906,10.065840721130371,1.7852240800857544,1.4232958555221558,,3.4658310413360596,7.576962471008301,13.662952423095703,17.76999282836914,66235.0
2017-03-16,9.709050178527832,9.351568222045898,10.019621849060059,1.747640609741211,1.3891364336013794,,3.4509875774383545,7.6669840812683105,13.48794937133789,17.467411041259766,65783.0
2017-03-17,9.44788646697998,9.096505165100098,9.711522102355957,1.7147541046142578,1.3891364336013794,,3.4509875774383545,7.661982536315918,13.100241661071777,17.137317657470703,64210.0
2017-03-20,9.29426097869873,9.079865455627441,9.884063720703125,1.7805261611938477,1.391982913017273,,3.2468974590301514,7.511944770812988,13.244343757629395,17.40138816833496,64884.0
2017-03-21,8.971651077270508,8.863614082336426,9.591361045837402,1.7147541046142578,1.3350510597229004,,3.155984401702881,7.396914482116699,12.959555625915527,16.97227668762207,62980.0
2017-03-22,9.345471382141113,9.163040161132812,9.62833309173584,1.7194525003433228,1.3293579816818237,,3.4491331577301025,7.306888580322266,13.065923690795898,16.702693939208984,63521.0
2017-03-23,9.729530334472656,9.163040161132812,9.637577056884766,1.677171230316162,1.3350510597229004,,3.3211119174957275,7.241872787475586,12.993870735168457,16.90074920654297,63531.0
2017-03-24,9.596391677856445,9.204631805419922,9.77622127532959,1.747640609741211,1.3265115022659302,,3.3136913776397705,7.266880512237549,13.134550094604492,16.889747619628906,63854.0
2017-03-27,9.504215240478516,9.235126495361328,9.859418869018555,1.710056185722351,1.323664665222168,,3.302558422088623,7.231870174407959,13.230626106262207,16.845739364624023,64308.0
2017-03-28,9.499094009399414,9.176904678344727,9.914875030517578,1.7382454872131348,1.2439603805541992,,3.4695427417755127,7.481934070587158,13.186015129089355,15.596887588500977,64640.0
2017-03-29,9.125276565551758,9.509605407714844,10.12130355834961,1.7382454872131348,1.269579529762268,,3.4862403869628906,7.606966018676758,13.381589889526367,15.228280067443848,65528.0
2017-03-30,9.534937858581543,9.445837020874023,10.056605339050293,1.69126558303833,1.252500057220459,,3.5066497325897217,7.501938819885254,13.223764419555664,15.508866310119629,65266.0
2017-03-31,9.591267585754395,9.362661361694336,9.976492881774902,1.69126558303833,1.252500057220459,,3.5252020359039307,7.561958312988281,13.004162788391113,15.211775779724121,64984.0
2017-04-03,9.524699211120605,9.390386581420898,10.025785446166992,1.6798588037490845,1.252500057220459,,3.571587324142456,8.002066612243652,13.222129821777344,15.233780860900879,65211.0
2017-04-04,9.534937858581543,9.426427841186523,10.102546691894531,1.7223256826400757,1.255346417427063,,3.6903316974639893,7.952058792114258,13.290781021118164,15.145760536193848,65769.0
2017-04-05,9.545182228088379,9.265625,9.895992279052734,1.6987332105636597,1.252500057220459,,3.632814407348633,7.6419758796691895,13.047074317932129,14.375541687011719,64775.0
2017-04-06,9.39667797088623,9.049370765686035,9.791173934936523,1.694014549255371,1.252500057220459,,3.432434320449829,7.326892375946045,12.944095611572266,13.830886840820312,64223.0
2017-04-07,9.422282218933105,9.010555267333984,9.812761306762695,1.694014549255371,1.252500057220459,,3.534479856491089,7.576962471008301,13.043634414672852,13.825387001037598,64593.0
2017-04-10,9.386436462402344,9.090956687927246,9.87441349029541,1.6704212427139282,1.2439603805541992,,3.523348093032837,7.351903438568115,13.019607543945312,13.62732982635498,64650.0
2017-04-11,9.253294944763184,9.099272727966309,9.899076461791992,1.6562654972076416,1.238266944885254,,3.473252773284912,7.401915073394775,12.995577812194824,13.665841102600098,64360.0
2017-04-12,9.048463821411133,8.94955825805664,9.800424575805664,1.6609828472137451,1.2325739860534668,,3.5419015884399414,7.1168413162231445,12.978425979614258,13.423772811889648,63892.0
2017-04-13,8.823149681091309,8.483785629272461,9.501386642456055,1.6798588037490845,1.2638863325119019,,3.415736198425293,7.151849269866943,12.741573333740234,13.077177047729492,62826.0
2017-04-17,9.217450141906738,8.877476692199707,9.926816940307617,1.6892956495285034,1.252500057220459,,3.4138808250427246,7.391911029815674,13.311372756958008,13.401766777038574,64335.0
2017-04-18,9.166243553161621,8.963423728942871,9.868255615234375,1.6892956495285034,1.3094319105148315,,3.3396661281585693,7.27688455581665,13.263317108154297,13.852897644042969,64159.0
2017-04-19,8.910201072692871,8.636271476745605,9.769596099853516,1.6798588037490845,1.238266944885254,,3.245042085647583,7.291886329650879,13.14661693572998,13.808877944946289,63407.0
2017-04-20,8.858993530273438,8.705587387084961,9.600040435791016,1.6798588037490845,1.2638863325119019,,3.2468974590301514,7.156853675842285,12.954385757446289,13.957420349121094,63761.0
2017-04-24,8.951167106628418,8.955106735229492,9.775761604309082,1.6704212427139282,1.2610397338867188,,3.302558422088623,7.151849269866943,13.204963684082031,14.133471488952637,64389.0
2017-04-25,9.212328910827637,9.010555267333984,9.86516284942627,1.6704212427139282,1.2923524379730225,,3.302558422088623,7.236872673034668,13.290781021118164,14.414051055908203,65148.0
2017-04-26,9.089432716369629,8.90242862701416,10.031639099121094,1.6704212427139282,1.252500057220459,,3.3396661281585693,7.136845588684082,13.314809799194336,14.617609024047852,64862.0
2017-04-27,8.987013816833496,9.027193069458008,10.324516296386719,1.6137964725494385,1.2496534585952759,,3.3396661281585693,7.0918354988098145,13.390323638916016,14.716635704040527,64677.0
2017-04-28,9.125276565551758,9.107593536376953,10.299849510192871,1.6468273401260376,1.266732931137085,,3.3396661281585693,7.106837272644043,13.476133346557617,15.08523941040039,65403.0
2017-05-02,9.55030345916748,9.395931243896484,10.577000617980957,1.6279529333114624,1.3151248693466187,,3.395326614379883,7.4269232749938965,13.752555847167969,15.591383934020996,66722.0
2017-05-03,9.627113342285156,9.365433692932129,10.569865226745605,1.6421090364456177,1.255346417427063,,3.5252020359039307,7.6269707679748535,13.525923728942871,14.92019271850586,66094.0
2017-05-04,9.365954399108887,8.971739768981934,10.413779258728027,1.6421090364456177,1.2581932544708252,,3.43985652923584,7.476934909820557,13.082963943481445,14.620831489562988,64863.0
2017-05-05,9.2072114944458,9.17967700958252,10.427353858947754,1.63739013671875,1.2809659242630005,,3.4509875774383545,7.597683906555176,13.28899097442627,15.361820220947266,65710.0
2017-05-08,9.258414268493652,8.94955825805664,10.42056655883789,1.6326708793640137,1.2951991558074951,,3.4509875774383545,7.572608470916748,13.319899559020996,15.179341316223145,65526.0
2017-05-09,9.693686485290527,8.982831001281738,10.51218318939209,1.6472026109695435,1.3378976583480835,,3.478818416595459,7.8233561515808105,13.354233741760254,15.245696067810059,66278.0
2017-05-10,9.93436336517334,9.246213912963867,10.668267250061035,1.6188833713531494,1.3891364336013794,,3.478818416595459,7.9537458419799805,13.419478416442871,15.372882843017578,67350.0
2017-05-11,9.93436336517334,9.534551620483398,10.73273754119873,1.6424821615219116,1.3663636445999146,,3.523348093032837,8.204495429992676,13.649547576904297,15.289937019348145,67538.0
2017-05-12,9.867791175842285,9.811799049377441,10.841323852539062,1.6424821615219116,1.3521305322647095,,3.5252020359039307,8.214523315429688,13.780029296875,15.842915534973145,68222.0
2017-05-15,9.867791175842285,9.634361267089844,10.858287811279297,1.6283233165740967,1.3350510597229004,,3.5252020359039307,7.8233561515808105,13.83840560913086,16.019868850708008,68474.0
2017-05-16,9.939482688903809,9.634361267089844,10.875252723693848,1.6188833713531494,1.2809659242630005,,3.488095760345459,7.965507507324219,13.821244239807129,15.726788520812988,68684.0
2017-05-17,9.842187881469727,9.373749732971191,10.661479949951172,1.5905650854110718,1.2468069791793823,,3.488095760345459,7.965507507324219,13.539658546447754,15.428176879882812,67540.0
2017-05-18,8.705370903015137,7.507870674133301,9.263477325439453,1.4631303548812866,1.1756421327590942,,3.1095998287200928,6.360213279724121,11.908585548400879,13.70840835571289,61597.0
2017-05-19,8.889719009399414,7.7573957443237305,9.416176795959473,1.5103294849395752,1.19841468334198,,3.219067096710205,6.553254127502441,12.217628479003906,14.023609161376953,62639.0
2017-05-22,8.469813346862793,7.39697265625,9.148106575012207,1.5244879722595215,1.1927216053009033,,3.1170215606689453,6.197649955749512,11.977267265319824,13.841123580932617,61673.0
2017-05-23,8.587590217590332,7.570870876312256,9.209183692932129,1.55752694606781,1.1927216053009033,,3.0298192501068115,6.375452518463135,12.166129112243652,14.156323432922363,62662.0
2017-05-24,8.858993530273438,7.704872131347656,9.314380645751953,1.571685552597046,1.1955680847167969,,2.922208070755005,6.593894004821777,12.265703201293945,14.228211402893066,63257.0
2017-05-25,9.053584098815918,7.735579490661621,9.249903678894043,1.5528075695037842,1.209801197052002,,2.924063205718994,6.7310566902160645,12.035632133483887,13.852180480957031,63227.0
2017-05-26,9.340348243713379,8.056618690490723,9.463676452636719,1.538648009300232,1.2268807888031006,,2.9147861003875732,7.051097869873047,12.361847877502441,14.244796752929688,64085.0
2017-05-29,9.340348243713379,8.056618690490723,9.463676452636719,1.538648009300232,1.2268807888031006,,2.9147861003875732,7.051097869873047,12.361847877502441,14.244796752929688,63761.0
2017-05-30,9.01773738861084,8.095699310302734,9.517970085144043,1.55752694606781,1.2126479148864746,,2.829439163208008,7.137457847595215,12.337823867797852,14.272451400756836,63962.0
2017-05-31,8.889719009399414,7.911450386047363,9.338129997253418,1.548087477684021,1.2183407545089722,,2.6253480911254883,7.035859107971191,12.207331657409668,14.06784725189209,62711.0
2017-06-01,8.582469940185547,7.827702045440674,9.2872314453125,1.5413658618927002,1.2724257707595825,,2.5975184440612793,6.705655574798584,12.068195343017578,13.72499942779541,62289.0
2017-06-02,8.74633502960205,7.838867664337158,9.15784740447998,1.5176513195037842,1.2781192064285278,,2.5975184440612793,6.705655574798584,12.188444137573242,13.813475608825684,62511.0
2017-06-05,8.608074188232422,7.704872131347656,9.151055335998535,1.4797106981277466,1.2581932544708252,,2.5975184440612793,6.553254127502441,12.174691200256348,14.200559616088867,62450.0
2017-06-06,8.664402961730957,7.986825466156006,9.273295402526855,1.522394061088562,1.252500057220459,,2.638335943222046,6.649776458740234,12.370500564575195,14.244796752929688,62955.0
2017-06-07,8.756577491760254,8.020325660705566,9.422707557678223,1.493938684463501,1.269579529762268,,2.638335943222046,6.629454612731934,12.573184967041016,14.532350540161133,63171.0
2017-06-08,8.654158592224121,7.90028190612793,9.28009033203125,1.5129097700119019,1.2496534585952759,,2.5511341094970703,6.456732749938965,12.442648887634277,14.08996295928955,62756.0
2017-06-09,8.39812183380127,7.771870136260986,9.08993911743164,1.508166790008545,1.252500057220459,,2.5511341094970703,6.278931140899658,12.246834754943848,13.608871459960938,62211.0
2017-06-12,8.459569931030273,7.587624549865723,8.943928718566895,1.5176513195037842,1.266732931137085,,2.5511341094970703,6.273853302001953,12.246834754943848,13.559102058410645,61700.0
2017-06-13,8.551745414733887,7.671216011047363,8.872623443603516,1.5176513195037842,1.266732931137085,,2.4954729080200195,6.314493179321289,12.39798641204834,13.525928497314453,61829.0
2017-06-14,8.85387134552002,7.66841459274292,9.215575218200684,1.5413658618927002,1.252500057220459,,2.5066049098968506,6.350053310394287,12.507925987243652,13.780293464660645,61923.0
2017-06-15,8.85387134552002,7.66841459274292,9.215575218200684,1.5413658618927002,1.252500057220459,,2.5066049098968506,6.350053310394287,12.507925987243652,13.780293464660645,
2017-06-16,8.782182693481445,7.696413040161133,9.171431541442871,1.503423810005188,1.252500057220459,,2.5066049098968506,6.273853302001953,12.418601989746094,13.791350364685059,61626.0
2017-06-19,8.705370903015137,7.595623970031738,9.195198059082031,1.4986815452575684,1.252500057220459,,2.5066049098968506,6.13161039352417,12.48387336730957,13.913012504577637,62014.0
2017-06-20,8.387879371643066,7.279257297515869,8.981281280517578,1.5176513195037842,1.255346417427063,,2.5789644718170166,5.994450569152832,12.209052085876465,13.680763244628906,60766.0
2017-06-21,8.41860294342041,7.240057468414307,8.930351257324219,1.5129097700119019,1.2610397338867188,,2.5047497749328613,6.004610061645508,12.222786903381348,13.769237518310547,60762.0
2017-06-22,8.372518539428711,7.279257297515869,9.042401313781738,1.4797106981277466,1.2496534585952759,,2.337766170501709,6.05033016204834,12.233088493347168,13.763703346252441,61272.0
2017-06-23,8.295703887939453,7.133670330047607,8.967698097229004,1.4891959428787231,1.3521305322647095,,2.4954729080200195,5.9436492919921875,12.19187068939209,13.802416801452637,61087.0
2017-06-26,8.423723220825195,7.5508317947387695,9.371769905090332,1.5603364706039429,1.2866590023040771,,2.5882411003112793,6.233211994171143,12.53539752960205,14.112089157104492,62188.0
2017-06-27,8.362275123596191,7.307253360748291,9.266507148742676,1.5129097700119019,1.2809659242630005,,2.534435510635376,6.370371341705322,12.42203140258789,13.752650260925293,61675.0
2017-06-28,8.39812183380127,7.388447284698486,9.344602584838867,1.5129097700119019,1.2866590023040771,,2.5956623554229736,6.411013126373291,12.418601989746094,13.691818237304688,62018.0
2017-06-29,8.577348709106445,7.436042308807373,9.388749122619629,1.550850749015808,1.2809659242630005,,2.5975184440612793,6.5024542808532715,12.542276382446289,13.680763244628906,62239.0
2017-06-30,8.597834587097168,7.503231525421143,9.558528900146484,1.5650795698165894,1.266732931137085,,2.6810097694396973,6.675174236297607,12.624725341796875,13.82453441619873,62900.0
2017-07-03,8.583300590515137,7.6068220138549805,9.640484809875488,1.5726219415664673,1.3065853118896484,,2.6810097694396973,6.751375198364258,12.743282318115234,14.117609024047852,63280.0
2017-07-04,8.466012001037598,7.646020412445068,9.65381908416748,1.5726219415664673,1.2866590023040771,,2.783055305480957,6.8885393142700195,12.691731452941895,14.06784725189209,63232.0
2017-07-05,8.434024810791016,7.6068220138549805,9.657240867614746,1.6250414848327637,1.2923524379730225,,2.9036543369293213,6.883456707000732,12.726101875305176,14.112089157104492,63154.0
2017-07-06,8.450018882751465,7.556427478790283,9.516983985900879,1.5821523666381836,1.3008919954299927,,2.835151195526123,6.8021769523620605,12.547390937805176,13.88536262512207,62470.0
2017-07-07,8.290083885192871,7.4556403160095215,9.527244567871094,1.5726219415664673,1.2838125228881836,,2.8526158332824707,6.863136291503906,12.427106857299805,14.04019546508789,62322.0
2017-07-10,8.327399253845215,7.534031391143799,9.63330078125,1.620276689529419,1.2838125228881836,,2.8526158332824707,6.9545769691467285,12.526769638061523,14.183972358703613,63025.0
2017-07-11,8.48200798034668,7.850397109985352,9.800917625427246,1.620276689529419,1.3094319105148315,,2.8526158332824707,7.137457847595215,12.715791702270508,14.477051734924316,63832.0
2017-07-12,8.769892692565918,8.074372291564941,10.060909271240234,1.6393373012542725,1.3122785091400146,,2.9651682376861572,7.360982894897461,12.853255271911621,14.869669914245605,64836.0
2017-07-13,8.983144760131836,8.14716911315918,10.14985179901123,1.615511417388916,1.3094319105148315,,2.9651682376861572,7.427021026611328,12.887627601623535,14.869669914245605,65178.0
2017-07-14,8.940492630004883,8.233960151672363,10.160110473632812,1.591683030128479,1.3350510597229004,,2.9651682376861572,7.300020217895508,12.915115356445312,14.770133018493652,65436.0
2017-07-17,8.945825576782227,8.191965103149414,10.09169864654541,1.620276689529419,1.3350510597229004,,2.9690496921539307,7.411778450012207,12.791403770446777,14.764605522155762,65212.0
2017-07-18,8.983144760131836,8.197563171386719,10.21827507019043,1.615511417388916,1.3322044610977173,,3.085482120513916,7.467663764953613,12.805145263671875,14.908376693725586,65338.0
2017-07-19,8.913836479187012,8.22555923461914,10.09169864654541,1.6059794425964355,1.3948296308517456,,3.027266025543213,7.360982894897461,12.619556427001953,14.405169486999512,65180.0
2017-07-20,8.876519203186035,8.298351287841797,10.057486534118652,1.5964479446411133,1.3350510597229004,,3.0175628662109375,7.482903480529785,12.633304595947266,14.377513885498047,64938.0
2017-07-21,8.743237495422363,8.233960151672363,10.016432762145996,1.6045883893966675,1.3635170459747314,,3.0078608989715576,7.3457417488098145,12.636748313903809,14.311156272888184,64684.0
2017-07-24,8.817874908447266,8.14156723022461,10.101957321166992,1.6189161539077759,1.4232958555221558,,3.0078608989715576,7.3457417488098145,12.715791702270508,13.962779998779297,65100.0
2017-07-25,8.796548843383789,8.275952339172363,10.266161918640137,1.633241891860962,1.4232958555221558,,2.949643611907959,7.477822303771973,12.746718406677246,14.150794982910156,65668.0
2017-07-26,8.796548843383789,8.074372291564941,10.177218437194824,1.6189161539077759,1.4204487800598145,,2.949643611907959,7.401621341705322,12.6882963180542,14.34433650970459,65011.0
2017-07-27,8.6472749710083,8.004383087158203,10.163536071777344,1.6236913204193115,1.3862897157669067,,2.949643611907959,7.289859771728516,12.702040672302246,14.421751022338867,65277.0
2017-07-28,8.641945838928223,7.9959869384765625,10.177218437194824,1.6236913204193115,1.4204487800598145,,2.949643611907959,7.198418617248535,12.750166893005371,14.161853790283203,65497.0
2017-07-31,8.727243423461914,8.035178184509277,10.327737808227539,1.6045883893966675,1.4090627431869507,,2.949643611907959,7.432102203369141,12.825761795043945,14.106558799743652,65920.0
2017-08-01,8.791216850280762,8.203163146972656,10.454315185546875,1.6265772581100464,1.4517611265182495,,2.949643611907959,7.538782119750977,13.236613273620605,14.272451400756836,66516.0
2017-08-02,8.849862098693848,8.533527374267578,10.597733497619629,1.602585792541504,1.4517611265182495,,2.9127731323242188,7.843586444854736,13.374144554138184,14.62635612487793,67136.0
2017-08-03,8.743237495422363,8.589523315429688,10.59430980682373,1.6313759088516235,1.4517611265182495,,2.934119462966919,7.792784690856934,13.343196868896484,14.514598846435547,66777.0
2017-08-04,8.743237495422363,8.642718315124512,10.604573249816895,1.6361743211746216,1.4232958555221558,,2.9515841007232666,7.808023929595947,13.308821678161621,14.553513526916504,66898.0
2017-08-07,8.73790454864502,8.77710247039795,10.72780990600586,1.6409709453582764,1.4232958555221558,,2.9806926250457764,7.7572245597839355,13.518540382385254,14.748074531555176,67940.0
2017-08-08,8.695255279541016,8.77710247039795,10.840763092041016,1.6313759088516235,1.4517611265182495,,3.0020389556884766,7.813104152679443,13.68355941772461,15.092737197875977,67899.0
2017-08-09,8.844532012939453,8.614716529846191,10.847614288330078,1.6313759088516235,1.3948296308517456,,2.9205355644226074,7.696263313293457,13.597620010375977,15.003790855407715,67671.0
2017-08-10,8.983144760131836,8.656713485717773,10.744916915893555,1.6409709453582764,1.3606706857681274,,2.8642594814300537,7.731823444366455,13.425707817077637,14.870378494262695,66992.0
2017-08-11,9.116425514221191,8.651114463806152,10.840763092041016,1.6361743211746216,1.4176021814346313,,2.8526158332824707,7.868985652923584,13.494474411010742,15.176124572753906,67359.0
2017-08-14,9.329673767089844,8.704310417175293,11.056421279907227,1.6265772581100464,1.4119092226028442,,2.811864137649536,8.051868438720703,13.73857307434082,15.45407485961914,68285.0
2017-08-15,9.265698432922363,8.662313461303711,11.083800315856934,1.6409709453582764,1.477380633354187,,2.8002209663391113,8.007118225097656,13.797268867492676,15.303979873657227,68355.0
2017-08-16,9.22304916381836,8.59232234954834,11.083800315856934,1.6313759088516235,1.4688408374786377,,2.8332107067108154,7.955655574798584,13.82504653930664,15.431839942932129,68594.0
2017-08-17,9.169736862182617,8.441136360168457,10.991379737854004,1.6265772581100464,1.43468177318573,,2.8429129123687744,7.893906593322754,13.713910102844238,14.981557846069336,67977.0
2017-08-18,9.249706268310547,8.516732215881348,11.217300415039062,1.6361743211746216,1.4147557020187378,,2.8138046264648438,8.053433418273926,13.84588623046875,15.231711387634277,68715.0
2017-08-21,9.212385177612305,8.628718376159668,11.213873863220215,1.655365228652954,1.3948296308517456,,2.934119462966919,7.8270087242126465,13.745170593261719,15.092737197875977,68635.0
2017-08-22,9.484280586242676,9.01605224609375,11.467178344726562,1.6985491514205933,1.437528371810913,,2.9690496921539307,8.480545043945312,14.036884307861328,15.4151611328125,70011.0
2017-08-23,9.68686580657959,9.021686553955078,11.569880485534668,1.6937509775161743,1.4232958555221558,,3.0292062759399414,8.295291900634766,14.189681053161621,15.565253257751465,70478.0
2017-08-24,9.638885498046875,9.052690505981445,11.607526779174805,1.7657240629196167,1.4460681676864624,,3.058314800262451,8.3776273727417,14.307765007019043,15.643081665039062,71133.0
2017-08-25,9.457624435424805,9.01887035369873,11.617794036865234,1.8281002044677734,1.4232958555221558,,3.085482120513916,8.465109825134277,14.266083717346191,15.615283966064453,71074.0
2017-08-28,9.537591934204102,8.934320449829102,11.43979549407959,1.8281002044677734,1.4403752088546753,,3.1165311336517334,8.552587509155273,14.141068458557129,15.615283966064453,71017.0
2017-08-29,9.494942665100098,8.875131607055664,11.634917259216309,1.7657240629196167,1.4261420965194702,,3.201915740966797,8.604048728942871,14.269551277160645,15.704233169555664,71330.0
2017-08-30,9.313682556152344,8.784941673278809,11.51853084564209,1.751329779624939,1.4176021814346313,,3.1863911151885986,8.490837097167969,14.193157196044922,15.709786415100098,70886.0
2017-08-31,9.06844425201416,8.65247631072998,11.494568824768066,1.7801178693771362,1.4460681676864624,,3.1708672046661377,8.706966400146484,14.012568473815918,15.587488174438477,70835.0
2017-09-01,9.329673767089844,8.987869262695312,11.734184265136719,1.787744402885437,1.4289885759353638,,3.4347832202911377,8.94882583618164,14.30612564086914,15.704233169555664,71923.0
2017-09-04,9.329673767089844,8.973776817321777,11.73039722442627,1.8118393421173096,1.4289885759353638,,3.667649745941162,9.026021003723145,14.233176231384277,15.815407752990723,72129.0
2017-09-05,9.121755599975586,9.01887035369873,11.56258487701416,1.75883150100708,1.4318355321884155,,3.667649745941162,8.917953491210938,14.240128517150879,15.732025146484375,72151.0
2017-09-06,9.20705509185791,9.23306655883789,11.73725414276123,1.8022013902664185,1.437528371810913,,3.6560051441192627,8.902517318725586,14.622269630432129,16.160066604614258,73412.0
2017-09-07,9.20705509185791,9.23306655883789,11.73725414276123,1.8022013902664185,1.437528371810913,,3.6560051441192627,8.902517318725586,14.622269630432129,16.160066604614258,
2017-09-08,9.271031379699707,9.204883575439453,11.64477825164795,1.787744402885437,1.4232958555221558,,3.706460475921631,8.969413757324219,14.604905128479004,15.915471076965332,73079.0
2017-09-11,9.542923927307129,9.534635543823242,12.093440055847168,1.8311132192611694,1.437528371810913,,3.725865602493286,9.056893348693848,14.851553916931152,16.18231201171875,74319.0
2017-09-12,9.38831901550293,9.429075241088867,12.076322555541992,1.7684704065322876,1.4232958555221558,,3.6424217224121094,8.902517318725586,14.809876441955566,16.009973526000977,74539.0
2017-09-13,9.702862739562988,9.488393783569336,12.127696990966797,1.8022013902664185,1.4176021814346313,,3.6851134300231934,8.84591007232666,14.914093017578125,16.021093368530273,74788.0
2017-09-14,9.596235275268555,9.496866226196289,12.03522777557373,1.7829256057739258,1.4090627431869507,,3.7278056144714355,8.912806510925293,14.87935733795166,15.654194831848145,74657.0
2017-09-15,9.713523864746094,9.635282516479492,12.292094230651855,1.7829256057739258,1.4232958555221558,,3.68705415725708,8.953972816467285,15.157270431518555,15.987738609313965,75757.0
2017-09-18,9.78816032409668,9.768043518066406,12.39826774597168,1.8214751482009888,1.4232958555221558,,3.667649745941162,8.928243637084961,15.264970779418945,15.998858451843262,75990.0
2017-09-19,9.825478553771973,9.756747245788574,12.435940742492676,1.787744402885437,1.4232958555221558,,3.6637680530548096,8.835618019104004,15.209382057189941,15.898797035217285,75974.0
2017-09-20,9.692198753356934,9.818892478942871,12.364022254943848,1.787744402885437,1.4232958555221558,,3.68705415725708,8.686385154724121,15.049572944641113,15.798730850219727,76004.0
2017-09-21,9.702862739562988,10.033571243286133,12.36744499206543,1.7829256057739258,1.4119092226028442,,3.714221715927124,8.619486808776855,15.070426940917969,15.637520790100098,75604.0
2017-09-22,9.702862739562988,9.971428871154785,12.336614608764648,1.8166568279266357,1.4232958555221558,,3.68705415725708,8.71726131439209,15.12253189086914,15.959940910339355,75390.0
2017-09-25,9.436297416687012,9.830187797546387,12.127696990966797,1.7973827123641968,1.3948296308517456,,3.68705415725708,8.583466529846191,14.973154067993164,15.709786415100098,74443.0
2017-09-26,9.372322082519531,9.886686325073242,12.113997459411621,1.7973827123641968,1.3521305322647095,,3.68705415725708,8.619486808776855,15.000943183898926,15.459630966186523,74319.0
2017-09-27,9.265698432922363,9.835835456848145,11.987273216247559,1.7684704065322876,1.4147557020187378,,3.704519510269165,8.490837097167969,15.01136302947998,15.342894554138184,73797.0
2017-09-28,9.127087593078613,9.75391960144043,11.836579322814941,1.7684704065322876,1.3692100048065186,,3.667649745941162,8.655508041381836,14.931467056274414,15.176124572753906,73567.0
2017-09-29,9.404312133789062,9.858434677124023,12.004403114318848,1.7636520862579346,1.3805965185165405,,3.657947063446045,9.077476501464844,15.060001373291016,15.36513614654541,74294.0
2017-10-02,9.51093578338623,9.872564315795898,12.124262809753418,1.8197062015533447,1.3948296308517456,,3.609431743621826,8.902517318725586,15.086068153381348,15.370689392089844,74360.0
2017-10-03,9.68686580657959,10.273676872253418,12.64478874206543,1.8148671388626099,1.4033691883087158,,3.6288387775421143,8.94882583618164,15.603882789611816,15.715343475341797,76763.0
2017-10-04,9.64954948425293,10.225656509399414,12.562545776367188,1.8293864727020264,1.3948296308517456,,3.609431743621826,7.976240158081055,15.464866638183594,15.498546600341797,76591.0
2017-10-05,9.750842094421387,10.392319679260254,12.572823524475098,1.863263487815857,1.4090627431869507,,3.706460475921631,7.8733229637146,15.711605072021484,15.787613868713379,76618.0
2017-10-06,9.542923927307129,10.451640129089355,12.442608833312988,1.8487446308135986,1.4090627431869507,,3.7375102043151855,7.749820232391357,15.527420997619629,15.998858451843262,76055.0
2017-10-09,9.612229347229004,10.335821151733398,12.43575668334961,1.8390663862228394,1.4176021814346313,,3.704519510269165,7.693212032318115,15.343236923217773,16.2888240814209,75727.0
2017-10-10,9.7241849899292,10.556157112121582,12.72017765045166,1.843906044960022,1.3834431171417236,,3.704519510269165,7.976240158081055,15.676861763000488,16.908878326416016,76897.0
2017-10-11,9.462953567504883,10.564631462097168,12.64478874206543,1.8390663862228394,1.4090627431869507,,3.7452707290649414,7.708653926849365,15.638629913330078,16.590471267700195,76660.0
2017-10-12,9.462953567504883,10.564631462097168,12.64478874206543,1.8390663862228394,1.4090627431869507,,3.7452707290649414,7.708653926849365,15.638629913330078,16.590471267700195,
2017-10-13,9.462953567504883,10.570276260375977,12.548840522766113,1.843906044960022,1.3948296308517456,,3.760796070098877,7.7446722984313965,15.510037422180176,16.68543815612793,76990.0
2017-10-16,9.617563247680664,10.592877388000488,12.514571189880371,1.843906044960022,1.3720569610595703,,3.929624319076538,7.693212032318115,15.430113792419434,17.344587326049805,76892.0
2017-10-17,9.596235275268555,10.609825134277344,12.483734130859375,1.834226131439209,1.3805965185165405,,3.9781382083892822,7.492522239685059,15.405795097351074,17.07645606994629,76201.0
2017-10-18,9.596235275268555,10.573097229003906,12.428897857666016,1.834226131439209,1.3805965185165405,,4.094571113586426,7.538834095001221,15.43359661102295,17.07645606994629,76591.0
2017-10-19,9.596235275268555,10.502484321594238,12.37749195098877,1.834226131439209,1.3805965185165405,,4.1683125495910645,7.507956504821777,15.322375297546387,16.86419105529785,76283.0
2017-10-20,9.622891426086426,10.595703125,12.31581974029541,1.8390663862228394,1.3805965185165405,,4.236231803894043,7.801277160644531,15.291107177734375,16.785985946655273,76391.0
2017-10-23,9.64421558380127,10.225656509399414,12.199313163757324,1.8293864727020264,1.3805965185165405,,4.3274383544921875,7.909343242645264,15.148625373840332,16.785985946655273,75413.0
2017-10-24,9.78816032409668,10.318875312805176,12.363788604736328,1.7906687259674072,1.3805965185165405,,4.3274383544921875,8.053433418273926,15.259835243225098,17.009422302246094,76350.0
2017-10-25,9.756172180175781,10.412095069885254,12.40148639678955,1.7906687259674072,1.3692100048065186,,4.346843719482422,8.130620002746582,15.364073753356934,17.238447189331055,76671.0
2017-10-26,9.580242156982422,10.355599403381348,12.288410186767578,1.8197062015533447,1.3521305322647095,,4.308032512664795,8.079160690307617,15.27025318145752,16.61840057373047,75896.0
2017-10-27,9.64954948425293,10.31040096282959,12.26441764831543,1.8293864727020264,1.3777499198913574,,4.30997371673584,8.007118225097656,15.176423072814941,16.785985946655273,75976.0
2017-10-30,9.58557415008545,9.946008682250977,12.045103073120117,1.8293864727020264,1.3663636445999146,,4.224587917327881,7.816715240478516,14.981809616088867,16.47875213623047,74800.0
2017-10-31,9.569581031799316,9.728498458862305,11.884048461914062,1.8051881790161133,1.3777499198913574,,4.271163463592529,7.842448711395264,14.613436698913574,15.98159408569336,74308.0
2017-11-01,9.372322082519531,9.604207038879395,11.513956069946289,1.8226011991500854,1.3663636445999146,,4.075165748596191,7.770402908325195,14.368341445922852,16.23855209350586,73824.0
2017-11-02,9.372322082519531,9.604207038879395,11.513956069946289,1.8226011991500854,1.3663636445999146,,4.075165748596191,7.770402908325195,14.368341445922852,16.23855209350586,
2017-11-03,9.009799003601074,9.431900978088379,11.630180358886719,1.8371810913085938,1.3777499198913574,,3.9761962890625,7.770402908325195,14.569979667663574,16.461992263793945,73915.0
2017-11-06,8.839200019836426,9.35562801361084,11.630180358886719,1.8371810913085938,1.3663636445999146,,3.9587316513061523,7.971095561981201,14.569979667663574,16.47875213623047,74311.0
2017-11-07,8.82320499420166,8.88671588897705,11.229020118713379,1.7837196588516235,1.3635170459747314,,3.9509706497192383,7.657191753387451,14.288378715515137,16.193864822387695,72415.0
2017-11-08,8.82320499420166,9.352803230285645,11.637042045593262,1.8226011991500854,1.3720569610595703,,3.881110429763794,7.718941688537598,14.809860229492188,16.936800003051758,74363.0
2017-11-09,8.68459415435791,9.112699508666992,11.215307235717773,1.7837196588516235,1.3521305322647095,,3.8228938579559326,7.626315593719482,14.410057067871094,16.378206253051758,72931.0
2017-11-10,8.66326904296875,8.841521263122559,11.225595474243164,1.8177409172058105,1.3549773693084717,,3.867526054382324,7.394747257232666,14.43091869354248,16.339101791381836,72166.0
2017-11-13,8.66326904296875,8.855646133422852,11.280448913574219,1.8226011991500854,1.3948296308517456,,3.881110429763794,7.430769920349121,14.503925323486328,16.456409454345703,72475.0
2017-11-14,8.42336368560791,8.64378833770752,11.040441513061523,1.7496964931488037,1.3805965185165405,,3.7918448448181152,7.329052448272705,14.22580337524414,15.808431625366211,70827.0
2017-11-15,8.42336368560791,8.64378833770752,11.040441513061523,1.7496964931488037,1.3805965185165405,,3.7918448448181152,7.329052448272705,14.22580337524414,15.808431625366211,
2017-11-16,8.567306518554688,9.053378105163574,11.32845687866211,1.773998498916626,1.3549773693084717,,3.8034884929656982,7.39111852645874,14.583885192871094,16.67426109313965,72512.0
2017-11-17,8.743237495422363,9.205916404724121,11.527318000793457,1.7983002662658691,1.3578242063522339,,3.919921636581421,7.541114330291748,14.785521507263184,16.8753604888916,73437.0
2017-11-20,8.743237495422363,9.205916404724121,11.527318000793457,1.7983002662658691,1.3578242063522339,,3.919921636581421,7.541114330291748,14.785521507263184,16.8753604888916,
2017-11-21,8.956483840942383,9.364104270935059,11.791328430175781,1.7885794639587402,1.3777499198913574,,3.867526054382324,7.499736785888672,15.081022262573242,17.003835678100586,74595.0
2017-11-22,8.828536987304688,9.310992240905762,11.65760612487793,1.7983002662658691,1.3578242063522339,,3.8034884929656982,7.499736785888672,14.935005187988281,17.0596981048584,74519.0
2017-11-23,8.903175354003906,9.322365760803223,11.57189655303955,1.7934401035308838,1.3692100048065186,,3.79766583442688,7.479048728942871,14.889812469482422,16.886533737182617,74487.0
2017-11-24,8.849862098693848,9.271172523498535,11.469027519226074,1.7885794639587402,1.3378976583480835,,3.7840826511383057,7.701452732086182,14.750752449035645,17.02618408203125,74157.0
2017-11-27,8.844532012939453,9.14604377746582,11.451891899108887,1.7691380977630615,1.3606706857681274,,3.774380922317505,7.644559860229492,14.84113883972168,16.936800003051758,74059.0
2017-11-28,8.796548843383789,9.28255558013916,11.48617172241211,1.7885794639587402,1.3179718255996704,,3.725865602493286,7.344569206237793,14.865479469299316,16.70219612121582,74140.0
2017-11-29,8.572639465332031,8.861647605895996,11.266732215881348,1.7885794639587402,1.3492841720581055,,3.716162919998169,7.060097694396973,14.559542655944824,16.450820922851562,72700.0
2017-11-30,8.673933029174805,8.511849403381348,11.194734573364258,1.7642771005630493,1.3378976583480835,,3.68705415725708,6.723902702331543,14.347478866577148,16.143590927124023,71971.0
2017-12-01,8.47667407989502,8.753582954406738,11.167299270629883,1.7524784803390503,1.3663636445999146,,3.68705415725708,6.853209972381592,14.338783264160156,16.344684600830078,72264.0
2017-12-04,8.47667407989502,8.966876029968262,11.359068870544434,1.7817670106887817,1.3435908555984497,,3.768557548522949,7.38077449798584,14.550918579101562,16.947982788085938,73090.0
2017-12-05,8.583300590515137,8.836052894592285,11.242423057556152,1.7720030546188354,1.3322044610977173,,3.7840826511383057,7.370431423187256,14.463981628417969,17.037355422973633,72546.0
2017-12-06,8.593962669372559,9.103384971618652,11.359068870544434,1.767122507095337,1.3635170459747314,,3.8131909370422363,7.370431423187256,14.6170072555542,17.366933822631836,73268.0
2017-12-07,8.47667407989502,8.750736236572266,11.276737213134766,1.767122507095337,1.3435908555984497,,3.8403592109680176,7.473876476287842,14.568314552307129,17.4563045501709,72487.0
2017-12-08,8.513992309570312,8.801928520202637,11.307609558105469,1.7573586702346802,1.3378976583480835,,3.8772292137145996,7.525600433349609,14.693510055541992,17.875253677368164,72732.0
2017-12-11,8.455349922180176,8.730829238891602,11.307609558105469,1.7183074951171875,1.3435908555984497,,3.7937848567962646,7.5514607429504395,14.731764793395996,17.91994285583496,72800.0
2017-12-12,8.519326210021973,8.9254789352417,11.530600547790527,1.7475963830947876,1.3378976583480835,,3.7472121715545654,7.654902935028076,14.850021362304688,18.23834800720215,73814.0
2017-12-13,8.38071346282959,8.711610794067383,11.335060119628906,1.7231882810592651,1.3322044610977173,,3.723926067352295,7.758347988128662,14.51962947845459,17.959043502807617,72914.0
2017-12-14,8.119482040405273,8.67739200592041,11.245856285095215,1.7085442543029785,1.3322044610977173,,3.6831727027893066,7.5514607429504395,14.290098190307617,17.813812255859375,72429.0
2017-12-15,8.23676872253418,8.725865364074707,11.201262474060059,1.7573586702346802,1.3407444953918457,,3.6637680530548096,7.654902935028076,14.340533256530762,17.718847274780273,72608.0
2017-12-18,8.35938835144043,8.842782020568848,11.29045581817627,1.7475963830947876,1.3407444953918457,,3.7840826511383057,7.525600433349609,14.3370361328125,17.685333251953125,73115.0
2017-12-19,8.354057312011719,8.79145336151123,11.21840763092041,1.732951045036316,1.3407444953918457,,3.764677047729492,7.577319145202637,14.256767272949219,17.322246551513672,72680.0
2017-12-20,8.375381469726562,8.797155380249023,11.321331024169922,1.767122507095337,1.3407444953918457,,3.706460475921631,7.654902935028076,14.309117317199707,17.333412170410156,73367.0
2017-12-21,8.545982360839844,8.894113540649414,11.654109001159668,1.767122507095337,1.3378976583480835,,3.7413909435272217,7.525600433349609,14.912893295288086,18.03166389465332,75133.0
2017-12-22,8.716582298278809,8.9254789352417,11.688416481018066,1.7720030546188354,1.3692100048065186,,3.68705415725708,7.577319145202637,14.843098640441895,17.763538360595703,75187.0
2017-12-25,8.716582298278809,8.9254789352417,11.688416481018066,1.7720030546188354,1.3692100048065186,,3.68705415725708,7.577319145202637,14.843098640441895,17.763538360595703,
2017-12-26,8.791216850280762,9.022428512573242,11.71299934387207,1.7817670106887817,1.460301160812378,,3.677351951599121,7.520424842834473,14.902430534362793,17.869667053222656,75688.0
2017-12-27,8.908507347106934,9.133644104003906,11.727063179016113,1.7817670106887817,1.4289885759353638,,3.68705415725708,7.504908561706543,14.822154998779297,17.746780395507812,76073.0
2017-12-28,9.159073829650879,9.073761940002441,11.902889251708984,1.7622406482696533,1.4261420965194702,,3.6851134300231934,7.706625938415527,14.860538482666016,17.808223724365234,76402.0
2017-12-29,9.159073829650879,9.073761940002441,11.902889251708984,1.7622406482696533,1.4261420965194702,,3.6851134300231934,7.706625938415527,14.860538482666016,17.808223724365234,76402.0
2018-01-02,9.208958625793457,9.390287399291992,12.166616439819336,1.7994190454483032,1.3663636445999146,,3.667649745941162,7.6962809562683105,15.3196439743042,18.28303337097168,77891.0
2018-01-03,9.247838973999023,9.510055541992188,12.222546577453613,1.8043212890625,1.4517611265182495,,3.7025797367095947,7.732485294342041,15.424378395080566,18.1322078704834,77995.0
2018-01-04,9.220069885253906,9.601306915283203,12.42308521270752,1.8141285181045532,1.3948296308517456,,3.716162919998169,7.779033660888672,15.745574951171875,18.350069046020508,78647.0
2018-01-05,9.353372573852539,9.601306915283203,12.493450164794922,1.8141285181045532,1.4318355321884155,,3.777604579925537,7.881175518035889,15.790966987609863,18.545574188232422,79071.0
2018-01-08,9.442237854003906,9.624119758605957,12.489938735961914,1.8092249631881714,1.3948296308517456,,3.8238930702209473,8.013144493103027,15.738591194152832,18.904571533203125,79379.0
2018-01-09,9.464456558227539,9.532870292663574,12.373833656311035,1.8141285181045532,1.4033691883087158,,3.7977304458618164,7.97619104385376,15.567523956298828,18.770702362060547,78864.0
2018-01-10,9.497780799865723,9.492942810058594,12.243656158447266,1.7994190454483032,1.3948296308517456,,3.771566867828369,8.013144493103027,15.515154838562012,18.735782623291016,78201.0
2018-01-11,9.642192840576172,9.709667205810547,12.489938735961914,1.7896122932434082,1.437528371810913,,3.763516902923584,8.1187162399292,15.839838027954102,19.015155792236328,79365.0
2018-01-12,9.581095695495605,9.732479095458984,12.489938735961914,1.8092249631881714,1.3948296308517456,,3.7735791206359863,7.8917317390441895,15.825875282287598,18.922029495239258,79349.0
2018-01-15,9.719951629638672,9.780957221984863,12.57789134979248,1.8043212890625,1.3834431171417236,,3.8238930702209473,7.870617389678955,15.923638343811035,18.88711166381836,79752.0
2018-01-16,9.714398384094238,9.86650276184082,12.662328720092773,1.7700004577636719,1.4090627431869507,,3.793705463409424,7.786157131195068,16.070268630981445,18.852184295654297,79832.0
2018-01-17,9.714398384094238,10.100337028503418,12.97897720336914,1.7994190454483032,1.3663636445999146,,3.9245221614837646,7.659468650817871,16.335603713989258,19.0559024810791,81189.0
2018-01-18,9.775496482849121,10.031898498535156,12.964900970458984,1.8092249631881714,1.4204487800598145,,3.9647741317749023,7.643630504608154,16.297176361083984,18.922029495239258,80963.0
2018-01-19,9.925458908081055,9.966309547424316,13.056384086608887,1.8141285181045532,1.4204487800598145,,4.063389778137207,7.765042781829834,16.429866790771484,19.015155792236328,81220.0
2018-01-22,9.953232765197754,10.000530242919922,13.235814094543457,1.7896122932434082,1.4432215690612793,,4.164018154144287,8.050094604492188,16.838346481323242,19.4924259185791,81675.0
2018-01-23,9.864362716674805,10.043299674987793,13.295621871948242,1.7847098112106323,1.4090627431869507,,4.244521141052246,7.933959484100342,16.775503158569336,19.515705108642578,80678.0
2018-01-24,10.330921173095703,10.833194732666016,14.002801895141602,1.8337411880493164,1.437528371810913,,4.306912422180176,8.335147857666016,17.585466384887695,20.45861053466797,83680.0
2018-01-25,10.330921173095703,10.833194732666016,14.002801895141602,1.8337411880493164,1.437528371810913,,4.306912422180176,8.335147857666016,17.585466384887695,20.45861053466797,
2018-01-26,10.29759407043457,11.169684410095215,14.495360374450684,1.8435463905334473,1.437528371810913,,4.427665710449219,8.657151222229004,18.46875,21.35494613647461,85531.0
2018-01-29,10.197620391845703,11.106945991516113,14.073164939880371,1.8484492301940918,1.5086930990219116,,4.377351760864258,8.572689056396484,18.04631996154785,20.79037094116211,84698.0
2018-01-30,10.230944633483887,11.064173698425293,14.213892936706543,1.8043212890625,1.548545479774475,,4.24653434753418,8.604362487792969,17.976484298706055,20.749624252319336,84482.0
2018-01-31,10.530875205993652,11.31511116027832,14.337038040161133,1.853352427482605,1.5855512619018555,,4.256597518920898,8.815512657165527,18.245328903198242,20.860214233398438,84913.0
2018-02-01,10.630849838256836,11.34648323059082,13.957061767578125,1.7960799932479858,1.5656250715255737,,4.256597518920898,8.620199203491211,18.337862014770508,21.302562713623047,85495.0
2018-02-02,10.50310230255127,11.192496299743652,13.523744583129883,1.8059217929840088,1.4859205484390259,,4.226408958435059,8.625479698181152,18.107378005981445,21.186159133911133,84041.0
2018-02-05,10.508655548095703,10.858857154846191,13.305519104003906,1.7960799932479858,1.53431236743927,,4.218358516693115,8.46711540222168,17.471771240234375,20.324739456176758,81861.0
2018-02-06,10.553092002868652,11.335074424743652,13.622307777404785,1.8059217929840088,1.491613507270813,,4.166032314300537,8.551576614379883,18.10039520263672,21.063928604125977,83894.0
2018-02-07,10.647514343261719,11.34648323059082,13.418135643005371,1.8108422756195068,1.5513920783996582,,4.357226371765137,8.551576614379883,17.67083740234375,20.662324905395508,82767.0
2018-02-08,10.419788360595703,10.990032196044922,13.252710342407227,1.7960799932479858,1.4944602251052856,,4.357226371765137,8.440722465515137,17.583532333374023,20.563379287719727,81533.0
2018-02-09,10.375353813171387,10.784721374511719,13.10134220123291,1.7813187837600708,1.5115399360656738,,4.288798809051514,8.393214225769043,17.628931045532227,20.243253707885742,80899.0
2018-02-14,10.553092002868652,11.280892372131348,13.580069541931152,1.8256046772003174,1.5086930990219116,,4.498106956481934,8.641317367553711,18.390247344970703,20.959169387817383,83543.0
2018-02-15,10.553092002868652,11.377852439880371,13.636382102966309,1.8256046772003174,1.5086930990219116,,4.558483123779297,8.704656600952148,18.39374351501465,21.174510955810547,84291.0
2018-02-16,10.575305938720703,11.491910934448242,13.611748695373535,1.8354465961456299,1.505846619606018,,4.548421382904053,8.921087265014648,18.540735244750977,21.32583999633789,84525.0
2018-02-19,10.719717979431152,11.300853729248047,13.544867515563965,1.845288872718811,1.4944602251052856,,4.558483123779297,9.475357055664062,18.39483070373535,21.29674530029297,84793.0
2018-02-20,10.880792617797852,11.63448715209961,13.956698417663574,1.8502081632614136,1.474534034729004,,4.538357734680176,9.40145206451416,18.847135543823242,21.093027114868164,85804.0
2018-02-21,10.858576774597168,11.725741386413574,14.03061580657959,1.8256046772003174,1.4802272319793701,,4.588672637939453,9.316995620727539,19.095165252685547,21.34912872314453,86052.0
2018-02-22,10.952998161315918,12.090742111206055,14.115100860595703,1.8600496053695679,1.5086930990219116,,4.608798980712891,9.343387603759766,19.200952529907227,21.68088150024414,86686.0
2018-02-23,10.964106559753418,12.090742111206055,14.245345115661621,1.8551297187805176,1.7591930627822876,,4.649048805236816,9.3856201171875,19.33226776123047,22.158159255981445,87293.0
2018-02-26,10.941887855529785,12.267548561096191,14.245345115661621,1.9092576503753662,1.7620395421981812,,4.655087471008301,9.501751899719238,19.310386657714844,22.262922286987305,87653.0
2018-02-27,10.664176940917969,12.147774696350098,14.090459823608398,2.017515182495117,1.756346583366394,,4.679239273071289,9.617423057556152,19.022216796875,22.047574996948242,86935.0
2018-02-28,10.464221954345703,11.919647216796875,13.64694595336914,1.9486258029937744,1.7000596523284912,,4.636975288391113,9.692184448242188,18.376604080200195,21.401506423950195,85481.0
2018-03-01,10.430896759033203,12.005200386047363,13.724385261535645,1.9553461074829102,1.639457106590271,,4.6289238929748535,9.852386474609375,18.64842414855957,21.285099029541016,85378.0
2018-03-02,10.475333213806152,12.104348182678223,13.812067031860352,2.0639758110046387,1.5916129350662231,,4.548421382904053,9.879085540771484,18.746936798095703,21.308382034301758,85761.0
2018-03-05,10.508655548095703,12.20473575592041,13.903629302978516,2.0145983695983887,1.6809219121932983,,4.518233299255371,9.953845024108887,19.01328468322754,21.424787521362305,86023.0
2018-03-06,10.392017364501953,12.474363327026367,13.9282808303833,1.9750964641571045,1.63307785987854,,4.494081497192383,9.879085540771484,18.943967819213867,21.23853874206543,85653.0
2018-03-07,10.34203052520752,12.388311386108398,13.681763648986816,1.9750964641571045,1.7542825937271118,,4.548421382904053,10.082006454467773,18.918428421020508,21.302562713623047,85484.0
2018-03-08,10.414233207702637,12.454285621643066,13.502151489257812,2.0491623878479004,1.6681634187698364,,4.606785774230957,10.044629096984863,18.787067413330078,21.226898193359375,84985.0
2018-03-09,10.65306568145752,12.53746223449707,13.790933609008789,2.0541000366210938,1.731955885887146,,4.620874404907227,10.162109375,19.04612922668457,21.44224739074707,86371.0
2018-03-12,10.719717979431152,12.471491813659668,13.90010929107666,2.0491623878479004,1.7383347749710083,,4.618860721588135,10.359691619873047,19.26140022277832,21.68088150024414,86900.0
2018-03-13,10.292040824890137,12.313928604125977,13.69936752319336,2.0491623878479004,1.7064390182495117,,4.548421382904053,10.599991798400879,19.104503631591797,21.378231048583984,86384.0
2018-03-14,10.047653198242188,12.207599639892578,13.62541675567627,2.113351583480835,1.7223869562149048,,4.427665710449219,10.57329273223877,18.677614212036133,21.634323120117188,86051.0
2018-03-15,10.325366020202637,12.181739807128906,13.428204536437988,2.0985398292541504,1.6809219121932983,,4.38741397857666,10.653395652770996,18.765178680419922,21.593584060668945,84928.0
2018-03-16,10.219837188720703,12.184611320495605,13.463417053222656,2.0936031341552734,1.7223869562149048,,4.4679179191589355,10.776211738586426,18.688556671142578,21.91370391845703,84886.0
2018-03-19,10.097641944885254,11.897241592407227,13.326068878173828,1.9849721193313599,1.7064390182495117,,4.528295040130615,10.733494758605957,18.28719711303711,21.744909286499023,83913.0
2018-03-20,10.16429328918457,11.943221092224121,13.311997413635254,2.0491623878479004,1.6745429039001465,,4.508169651031494,10.840296745300293,18.3455867767334,21.92534828186035,84164.0
2018-03-21,9.964337348937988,12.141507148742676,13.378896713256836,2.0491623878479004,1.6745429039001465,,4.498106956481934,11.214099884033203,18.272607803344727,21.774017333984375,84977.0
2018-03-22,9.997666358947754,11.923104286193848,13.459893226623535,2.0244734287261963,1.6554052829742432,,4.4679179191589355,11.0859375,18.214223861694336,21.709983825683594,84768.0
2018-03-23,9.886578559875488,11.839764595031738,13.55146312713623,2.0244734287261963,1.6873013973236084,,4.486030578613281,11.427701950073242,18.301790237426758,21.576120376586914,84377.0
2018-03-26,10.053206443786621,11.920228958129883,13.62894058227539,2.0590386390686035,1.6203196048736572,,4.564520835876465,11.320898056030273,18.528011322021484,21.884605407714844,85088.0
2018-03-27,9.858806610107422,11.624232292175293,13.463417053222656,2.0392873287200928,1.6681634187698364,,4.548421382904053,11.13399887084961,18.305435180664062,21.884605407714844,83808.0
2018-03-28,9.858806610107422,11.58687686920166,13.55146312713623,2.0491623878479004,1.6745429039001465,,4.584646701812744,11.027198791503906,18.47328758239746,22.239646911621094,83874.0
2018-03-29,10.080979347229004,11.790904998779297,13.910673141479492,2.0392873287200928,1.6745429039001465,,4.6289238929748535,10.824273109436035,18.72140121459961,23.229103088378906,85366.0
2018-04-02,10.080979347229004,11.56675910949707,13.783185958862305,2.0807080268859863,1.690490961074829,,4.59068489074707,10.60533332824707,18.63197898864746,22.996294021606445,84666.0
2018-04-03,10.136519432067871,11.41445255279541,13.937832832336426,2.075753927230835,1.6585948467254639,,4.6289238929748535,10.760194778442383,18.45679473876953,23.229103088378906,84623.0
2018-04-04,10.053206443786621,11.509285926818848,13.817678451538086,2.0708000659942627,1.7542825937271118,,4.6289238929748535,10.557270050048828,18.577224731445312,23.007938385009766,84360.0
2018-04-05,10.192065238952637,11.845512390136719,13.860310554504395,2.0361220836639404,1.751092791557312,,4.6289238929748535,10.680093765258789,18.613719940185547,23.106874465942383,85210.0
2018-04-06,10.053206443786621,11.690332412719727,13.817678451538086,2.0658464431762695,1.7223869562149048,,4.602761268615723,10.519890785217285,18.70497703552246,22.69011116027832,84820.0
2018-04-09,9.942123413085938,11.265023231506348,13.294429779052734,2.0311694145202637,1.7223869562149048,,4.588672637939453,10.226188659667969,18.288909912109375,22.339414596557617,83307.0
2018-04-10,9.803264617919922,11.129952430725098,13.406822204589844,2.0509841442108154,1.6777321100234985,,4.6289238929748535,10.01258659362793,18.38014030456543,22.35694694519043,84510.0
2018-04-11,9.997666358947754,11.221911430358887,13.720781326293945,2.0262129306793213,1.7160075902938843,,4.618860721588135,10.354348182678223,18.683076858520508,22.795324325561523,85246.0
2018-04-12,10.192065238952637,11.193177223205566,13.472718238830566,2.0658464431762695,1.690490961074829,,4.576596736907959,10.626693725585938,18.847318649291992,23.02912139892578,85444.0
2018-04-13,10.025435447692871,10.816717147827148,13.178143501281738,2.0014426708221436,1.6936804056167603,,4.528295040130615,10.386391639709473,18.409353256225586,22.678428649902344,84334.0
2018-04-16,9.875469207763672,10.43163776397705,12.891329765319824,1.9816278219223022,1.6936804056167603,,4.518233299255371,10.1407470703125,18.139265060424805,21.9711856842041,82862.0
2018-04-17,9.969892501831055,10.681653022766113,13.054121971130371,2.0509841442108154,1.6777321100234985,,4.538357734680176,10.183469772338867,18.43854331970215,22.128997802734375,84086.0
2018-04-18,10.197620391845703,10.925915718078613,13.492094993591309,2.0410754680633545,1.7351453304290771,,4.518233299255371,10.626693725585938,18.788923263549805,22.871301651000977,85776.0
2018-04-19,10.180954933166504,10.931669235229492,13.468838691711426,2.0460305213928223,1.7223869562149048,,4.552446365356445,10.674752235412598,18.613719940185547,22.970670700073242,85824.0
2018-04-20,10.130966186523438,10.810968399047852,13.278924942016602,1.9865808486938477,1.7223869562149048,,4.488043308258057,10.957776069641113,18.573589324951172,22.713489532470703,85550.0
2018-04-23,10.06431770324707,10.615554809570312,13.27504825592041,1.9766725301742554,1.7064390182495117,,4.449804782867432,10.904376983642578,18.606420516967773,22.918062210083008,85602.0
2018-04-24,9.825483322143555,10.512102127075195,13.298304557800293,1.9816278219223022,1.74790358543396,,4.427665710449219,10.744175910949707,18.51518440246582,22.953134536743164,85469.0
2018-04-25,10.080979347229004,10.650038719177246,13.461090087890625,1.9816278219223022,1.74790358543396,,4.538357734680176,10.893693923950195,18.405696868896484,22.251739501953125,85044.0
2018-04-26,10.230944633483887,10.733377456665039,13.461090087890625,2.016306161880493,1.731955885887146,,4.538357734680176,10.899032592773438,18.832714080810547,22.22251319885254,86383.0
2018-04-27,10.253161430358887,10.733377456665039,13.608367919921875,1.9915359020233154,1.69687020778656,,4.544395923614502,10.893693923950195,18.796215057373047,22.339414596557617,86445.0
2018-04-30,10.419788360595703,10.546585083007812,13.399073600769043,1.9816278219223022,1.7128180265426636,,4.504143238067627,10.728150367736816,18.617382049560547,22.27511978149414,86115.0
2018-05-02,10.27538013458252,10.351173400878906,13.054121971130371,1.998335838317871,1.7223869562149048,,4.38741397857666,10.295613288879395,17.779502868652344,21.56787872314453,84547.0
2018-05-03,9.747724533081055,10.058053016662598,12.786128997802734,2.0082767009735107,1.7223869562149048,,4.288798809051514,10.098028182983398,17.42902946472168,21.135360717773438,83288.0
2018-05-04,9.325599670410156,10.03794002532959,12.797760963439941,1.998335838317871,1.7223869562149048,,4.266660690307617,9.91565990447998,17.224586486816406,21.2230224609375,83118.0
2018-05-07,9.581095695495605,10.02644157409668,12.681417465209961,1.988393783569336,1.690490961074829,,4.266660690307617,9.969200134277344,17.250141143798828,21.04183578491211,82714.0
2018-05-08,9.664409637451172,10.299446105957031,12.615485191345215,2.0102899074554443,1.741524577140808,,4.24653434753418,9.958492279052734,17.304899215698242,20.819730758666992,82956.0
2018-05-09,9.631085395812988,10.733377456665039,12.716322898864746,2.020265817642212,1.7223869562149048,,4.274712085723877,10.172651290893555,17.35967445373535,20.86064338684082,84265.0
2018-05-10,9.664409637451172,10.339679718017578,12.972274780273438,2.015277624130249,1.7670412063598633,,4.296848297119141,10.327919960021973,17.834280014038086,21.684778213500977,85861.0
2018-05-11,9.664409637451172,10.290824890136719,12.739587783813477,1.9953258037567139,1.7542825937271118,,4.274712085723877,10.012031555175781,17.549510955810547,21.339921951293945,85220.0
2018-05-14,9.442237854003906,10.035063743591309,12.55732250213623,1.9005470275878906,1.7223869562149048,,4.304898738861084,9.530167579650879,17.286657333374023,21.234722137451172,85232.0
2018-05-15,9.358924865722656,9.762055397033691,12.483633041381836,1.8905699253082275,1.770231008529663,,4.230434894561768,9.430395126342773,17.220935821533203,20.960002899169922,85130.0
2018-05-16,9.442237854003906,9.905745506286621,12.685308456420898,1.855652093887329,1.782989263534546,,4.262635707855225,9.587565422058105,17.520309448242188,21.61463737487793,86537.0
2018-05-17,9.253395080566406,9.445947647094727,12.157876014709473,1.7957931756973267,1.8531607389450073,,4.194208145141602,9.051012992858887,16.60394287109375,20.71451759338379,83622.0
2018-05-18,9.247838973999023,9.394220352172852,12.212163925170898,1.8406872749328613,1.8180745840072632,,4.115716934204102,8.834219932556152,16.487119674682617,20.74958610534668,83082.0
2018-05-21,9.220069885253906,9.170072555541992,12.037652015686035,1.8456759452819824,1.8116958141326904,,4.1257805824279785,8.780021667480469,16.260780334472656,20.603458404541016,81815.0
2018-05-22,9.308938026428223,9.373732566833496,12.382804870605469,1.8706177473068237,1.7542825937271118,,4.176095008850098,9.01849365234375,16.655054092407227,20.661909103393555,82739.0
2018-05-23,9.308938026428223,9.171212196350098,12.05704116821289,1.915510892868042,1.7542825937271118,,4.105654239654541,8.882997512817383,16.34109115600586,20.5333251953125,80867.0
2018-05-24,9.353372573852539,8.890581130981445,12.076433181762695,1.8356988430023193,1.7542825937271118,,4.0855278968811035,9.213604927062988,16.556488037109375,20.52747917175293,80122.0
2018-05-25,9.33670711517334,8.70542049407959,11.835992813110352,1.8207340240478516,1.725576639175415,,4.045276641845703,9.175665855407715,16.410451889038086,20.25861167907715,78898.0
2018-05-28,8.997897148132324,8.066039085388184,11.335715293884277,1.7957931756973267,1.7191972732543945,,3.864145040512085,8.579490661621094,15.716790199279785,19.51630210876465,75356.0
2018-05-29,8.92013931274414,8.248303413391113,11.382258415222168,1.7060033082962036,1.770231008529663,,3.9043972492218018,8.937196731567383,15.662031173706055,19.551372528076172,76072.0
2018-05-30,9.108983993530273,8.78642749786377,11.312446594238281,1.7957931756973267,1.7542825937271118,,3.9144606590270996,8.893837928771973,15.69124984741211,19.744251251220703,76754.0
2018-06-01,9.031224250793457,8.870329856872559,11.587793350219727,1.7725634574890137,1.751092791557312,,3.9647741317749023,9.159405708312988,16.00349998474121,20.474876403808594,77240.0
2018-06-04,9.370034217834473,8.997626304626465,11.707686424255371,1.782578945159912,1.69687020778656,,3.9748358726501465,9.403298377990723,16.350433349609375,20.90155601501465,78596.0
2018-06-05,9.031224250793457,8.424783706665039,11.145001411437988,1.797601580619812,1.7351453304290771,,3.940622329711914,8.834219932556152,15.842801094055176,20.49241065979004,76642.0
2018-06-06,8.747957229614258,8.008173942565918,10.958738327026367,1.7775723934173584,1.690490961074829,,3.844020128250122,8.313921928405762,15.441075325012207,19.872846603393555,76117.0
2018-06-07,8.453580856323242,7.687038421630859,10.764710426330566,1.7525358200073242,1.626698613166809,,3.703139543533325,7.961637496948242,14.991860389709473,18.79737091064453,73851.0
2018-06-08,8.525785446166992,7.79697847366333,10.671579360961914,1.7325078248977661,1.63307785987854,,3.6991145610809326,7.842403411865234,15.028379440307617,18.703855514526367,72942.0
2018-06-11,8.336943626403809,7.539490222930908,10.469797134399414,1.7024635076522827,1.6554052829742432,,3.69106388092041,7.544315338134766,14.59378719329834,18.119352340698242,72308.0
2018-06-12,8.453580856323242,7.831750869750977,10.442623138427734,1.7675575017929077,1.6585948467254639,,3.6528241634368896,7.967055797576904,14.5645751953125,17.93231773376465,72754.0
2018-06-13,8.570218086242676,7.689565658569336,10.229194641113281,1.7525358200073242,1.6426466703414917,,3.6306867599487305,7.88576078414917,14.422140121459961,17.827110290527344,72122.0
2018-06-14,8.331388473510742,7.341360092163086,9.813971519470215,1.727499008178711,1.645836353302002,,3.6206231117248535,7.717750072479248,13.91084098815918,17.184167861938477,71421.0
2018-06-15,8.498016357421875,7.254308700561523,9.988598823547363,1.7124773263931274,1.626698613166809,,3.5622589588165283,7.262485980987549,14.04597282409668,17.295215606689453,70758.0
2018-06-18,8.24807357788086,7.115026950836182,9.666512489318848,1.6924490928649902,1.6426466703414917,,3.522007703781128,7.316686153411865,13.761107444763184,16.89192008972168,69815.0
2018-06-19,8.409146308898926,7.6141252517700195,10.167104721069336,1.727499008178711,1.6426466703414917,,3.592447280883789,7.641870498657227,14.38197135925293,17.797882080078125,71394.0
2018-06-20,8.442473411560059,7.83465576171875,10.384414672851562,1.727499008178711,1.6490261554718018,,3.616598606109619,7.631030559539795,14.648569107055664,18.05506134033203,72123.0
2018-06-21,8.364714622497559,7.547382831573486,9.953673362731934,1.727499008178711,1.6585948467254639,,3.572321653366089,7.435922145843506,14.257795333862305,17.154945373535156,70075.0
2018-06-22,8.403593063354492,7.573498249053955,10.143823623657227,1.727499008178711,1.645836353302002,,3.6427619457244873,7.71232795715332,14.367361068725586,17.622535705566406,70641.0
2018-06-25,8.475796699523926,7.794025897979736,10.128300666809082,1.74752938747406,1.6362676620483398,,3.6729507446289062,7.869505405426025,14.396575927734375,17.01466178894043,70953.0
2018-06-26,8.498016357421875,7.886886119842529,10.073968887329102,1.7725634574890137,1.6617844104766846,,3.622636318206787,7.66896915435791,14.349096298217773,16.950366973876953,71405.0
2018-06-27,8.331388473510742,7.724390506744385,9.910982131958008,1.717484951019287,1.6809219121932983,,3.7232654094696045,7.7773661613464355,14.089801788330078,16.65227508544922,70609.0
2018-06-28,8.370270729064941,8.168354988098145,10.248594284057617,1.727499008178711,1.690490961074829,,3.7232654094696045,7.799046993255615,14.480566024780273,16.84516143798828,71767.0
2018-06-29,8.370270729064941,8.313437461853027,10.438745498657227,1.7024635076522827,1.7670412063598633,,3.7232654094696045,7.994156837463379,14.732559204101562,17.125715255737305,72763.0
2018-07-02,8.573362350463867,8.528166770935059,10.302923202514648,1.7193607091903687,1.7542825937271118,,3.6729507446289062,7.874920845031738,14.74170970916748,17.00296974182129,72840.0
2018-07-03,8.694276809692383,8.60361099243164,10.780179977416992,1.7294156551361084,1.751092791557312,,3.743389844894409,8.021255493164062,15.088777542114258,17.184167861938477,73668.0
2018-07-04,8.809432983398438,8.850257873535156,10.931626319885254,1.7545535564422607,1.7383347749710083,,3.743389844894409,8.102553367614746,15.333563804626465,17.569927215576172,74743.0
2018-07-05,8.694276809692383,8.64423656463623,10.908329010009766,1.7344433069229126,1.6936804056167603,,3.6830129623413086,8.037517547607422,15.234918594360352,17.31561851501465,74553.0
2018-07-06,8.740339279174805,8.548477172851562,10.939397811889648,1.714333415031433,1.6936804056167603,,3.783642530441284,8.129651069641113,15.37375259399414,17.509578704833984,75010.0
2018-07-10,8.803674697875977,8.475935935974121,10.795711517333984,1.7294156551361084,1.7542825937271118,,3.7615039348602295,7.956219673156738,15.413930892944336,17.439050674438477,74862.0
2018-07-11,8.797914505004883,8.64423656463623,10.7529935836792,1.7294156551361084,1.7064390182495117,,3.8822591304779053,8.129651069641113,15.476048469543457,17.509578704833984,74399.0
2018-07-12,8.809432983398438,8.809636116027832,11.067547798156738,1.7344433069229126,1.7064390182495117,,3.9889259338378906,8.129651069641113,15.768321990966797,18.497032165527344,75856.0
2018-07-13,8.878524780273438,9.03306770324707,11.288897514343262,1.7444978952407837,1.69687020778656,,3.998987913131714,8.319343566894531,16.170198440551758,18.514663696289062,76594.0
2018-07-16,8.976408004760742,8.934410095214844,11.33938217163086,1.7444978952407837,1.7383347749710083,,4.005025863647461,8.357280731201172,16.111745834350586,18.508785247802734,76653.0
2018-07-17,9.062774658203125,9.233283042907715,11.665580749511719,1.7495253086090088,1.7542825937271118,,4.045276641845703,8.584911346435547,16.414981842041016,19.225860595703125,78130.0
2018-07-18,8.982166290283203,9.175252914428711,11.378213882446289,1.8199094533920288,1.7734204530715942,,4.005025863647461,8.454838752746582,16.206735610961914,19.155330657958984,77363.0
2018-07-19,8.884281158447266,9.094003677368164,11.521900177001953,1.8418277502059937,1.7861789464950562,,3.9446487426757812,8.243462562561035,16.4405517578125,19.225860595703125,77487.0
2018-07-20,9.120352745056152,9.575689315795898,11.921882629394531,1.8670587539672852,1.770231008529663,,4.1680450439453125,8.682469367980957,16.908191680908203,19.99583625793457,78571.0
2018-07-23,9.131868362426758,9.51185131072998,11.785964012145996,1.8670587539672852,1.8116958141326904,,4.135843276977539,8.774604797363281,16.583044052124023,19.64317512512207,77996.0
2018-07-24,9.103080749511719,9.587294578552246,11.960722923278809,1.8569648265838623,1.8085063695907593,,4.162006378173828,8.937196731567383,16.57209014892578,20.013465881347656,79155.0
2018-07-25,9.108838081359863,9.741086959838867,12.178184509277344,1.8670587539672852,1.7957478761672974,,4.202258110046387,9.03475284576416,17.094524383544922,21.065568923950195,80218.0
2018-07-26,9.062774658203125,9.424799919128418,11.867515563964844,1.8418277502059937,1.8180745840072632,,4.1257805824279785,9.061847686767578,16.824161529541016,20.630626678466797,79405.0
2018-07-27,9.028228759765625,9.540867805480957,11.999555587768555,1.8569648265838623,1.8340226411819458,,4.166032314300537,8.828801155090332,16.915502548217773,21.159616470336914,79866.0
2018-07-30,9.028228759765625,9.543766021728516,12.088865280151367,1.8519190549850464,1.8308334350585938,,4.087541103363037,8.812541961669922,17.16029930114746,21.682729721069336,80276.0
2018-07-31,8.936103820800781,9.43060302734375,11.85586929321289,1.8418277502059937,1.8148856163024902,,3.9849002361297607,8.525294303894043,16.4405517578125,21.441743850708008,79220.0
2018-08-01,8.843977928161621,9.566980361938477,12.011201858520508,1.8183320760726929,1.7957478761672974,,3.9245221614837646,8.509031295776367,16.647050857543945,21.371213912963867,79302.0
2018-08-02,9.03398609161377,9.642428398132324,12.014683723449707,1.8385916948318481,1.8276437520980835,,3.9647741317749023,8.758343696594238,16.70553207397461,21.453495025634766,79637.0
2018-08-03,9.097321510314941,9.932600975036621,12.4732084274292,1.7930065393447876,1.782989263534546,,4.005025863647461,9.067269325256348,17.103883743286133,22.40567970275879,81435.0
2018-08-06,9.103080749511719,9.952916145324707,12.387721061706543,1.7980715036392212,1.8499711751937866,,3.9245221614837646,9.01307201385498,16.979629516601562,22.188201904296875,81051.0
2018-08-07,8.993681907653809,9.741086959838867,12.201205253601074,1.7980715036392212,1.8499711751937866,,3.9144606590270996,8.88841724395752,16.877288818359375,21.835546493530273,80347.0
2018-08-08,8.751853942871094,9.4683256149292,11.909778594970703,1.853785753250122,1.8499711751937866,,3.9849002361297607,8.850480079650879,16.48259162902832,21.665090560913086,79152.0
2018-08-09,8.717307090759277,9.74979019165039,11.785433769226074,1.8335270881652832,1.8659191131591797,,4.075465679168701,8.671628952026367,16.394872665405273,21.682729721069336,78768.0
2018-08-10,8.46396541595459,9.212970733642578,11.198681831359863,1.8031361103057861,1.8308334350585938,,3.940622329711914,8.395217895507812,15.799163818359375,20.836339950561523,76514.0
2018-08-13,8.677003860473633,9.256497383117676,11.416281700134277,1.863916277885437,1.86910879611969,,4.105654239654541,8.780021667480469,15.923422813415527,21.000919342041016,77496.0
2018-08-14,8.7288236618042,9.575689315795898,11.61057186126709,1.8588509559631348,1.7670412063598633,,4.189624309539795,8.823383331298828,16.25234603881836,21.04793930053711,78602.0
2018-08-15,8.659730911254883,9.37256908416748,11.470684051513672,1.8740456104278564,1.7223869562149048,,4.114697456359863,8.709562301635742,16.1427001953125,20.930381774902344,77078.0
2018-08-16,8.659730911254883,9.40158462524414,11.470684051513672,1.8487223386764526,1.6649739742279053,,4.162566661834717,8.81169319152832,16.120769500732422,20.806957244873047,76819.0
2018-08-17,8.648214340209961,9.070788383483887,11.120965957641602,1.8740456104278564,1.6585948467254639,,4.11677885055542,8.663371086120605,15.707794189453125,20.430784225463867,76029.0
2018-08-20,8.607911109924316,8.829944610595703,11.190912246704102,1.8436570167541504,1.6745429039001465,,4.143835067749023,8.569975852966309,15.819080352783203,20.524824142456055,76328.0
2018-08-21,8.486995697021484,8.478837966918945,10.918913841247559,1.7778123617172241,1.6681634187698364,,3.975252866744995,8.509546279907227,15.614513397216797,20.036983489990234,75180.0
2018-08-22,8.567604064941406,8.786258697509766,11.187020301818848,1.8487223386764526,1.7064390182495117,,4.200029373168945,8.295297622680664,15.98646354675293,20.64826011657715,76902.0
2018-08-23,8.366081237792969,8.563671112060547,10.907249450683594,1.7930065393447876,1.7000596523284912,,4.058503150939941,8.179931640625,15.365303039550781,19.925302505493164,75634.0
2018-08-24,8.314260482788086,8.680821418762207,11.00439739227295,1.8183320760726929,1.6649739742279053,,4.07515287399292,8.185426712036133,15.48060131072998,19.9194278717041,76262.0
2018-08-27,8.5560884475708,8.947341918945312,11.299713134765625,1.8233977556228638,1.6490261554718018,,4.349882125854492,8.355730056762695,15.993897438049316,20.436662673950195,77930.0
2018-08-28,8.533058166503906,8.903406143188477,11.229771614074707,1.8132662773132324,1.7064390182495117,,4.22500467300415,8.020620346069336,15.882319450378418,20.225067138671875,77473.0
2018-08-29,8.46396541595459,9.084988594055176,11.365772247314453,1.8436570167541504,1.7128180265426636,,4.308257579803467,8.185426712036133,16.146400451660156,20.86573028564453,78389.0
2018-08-30,8.348808288574219,8.765756607055664,10.880053520202637,1.7980715036392212,1.7160075902938843,,4.168810844421387,7.971177101135254,15.510355949401855,20.131019592285156,76404.0
2018-08-31,8.492753028869629,8.815544128417969,11.027709007263184,1.8436570167541504,1.7542825937271118,,4.266632080078125,8.048087120056152,15.722373962402344,20.33674430847168,76678.0
2018-09-03,8.521543502807617,8.60760498046875,10.93056869506836,1.8232554197311401,1.7383347749710083,,4.245819091796875,8.10302448272705,15.504707336425781,20.089876174926758,76193.0
2018-09-04,8.308503150939941,8.387947082519531,10.685198783874512,1.8334418535232544,1.7064390182495117,,4.183379650115967,7.691007614135742,15.370757102966309,19.660810470581055,74712.0
2018-09-05,8.32001781463623,8.402591705322266,10.751303672790527,1.8283488750457764,1.6777321100234985,,4.254144191741943,7.773409843444824,15.460053443908691,19.660810470581055,75092.0
2018-09-06,8.49851131439209,8.590028762817383,11.058483123779297,1.8283488750457764,1.6681634187698364,,4.2624688148498535,7.674525737762451,15.850743293762207,20.16628646850586,76416.0
2018-09-10,8.533058166503906,8.472882270812988,11.101256370544434,1.8436273336410522,1.6809219121932983,,4.22500467300415,7.8887715339660645,15.995845794677734,20.295595169067383,76436.0
2018-09-11,8.32001781463623,8.089213371276855,10.766852378845215,1.8487200736999512,1.6649739742279053,,4.114697456359863,7.8832783699035645,15.445178985595703,19.443334579467773,74657.0
2018-09-12,8.26244068145752,8.126081466674805,10.770745277404785,1.813069224357605,1.6617844104766846,,4.183379650115967,8.009632110595703,15.489825248718262,19.649057388305664,75125.0
2018-09-13,8.210622787475586,8.017380714416504,10.727975845336914,1.8487200736999512,1.7064390182495117,,4.183379650115967,7.800875186920166,15.404247283935547,19.843015670776367,74687.0
2018-09-14,8.245168685913086,8.082014083862305,10.774636268615723,1.8487200736999512,1.7064390182495117,,4.2978515625,7.691007614135742,15.675862312316895,20.078125,75429.0
2018-09-17,8.26819896697998,8.358168601989746,11.081812858581543,1.8334418535232544,1.6777321100234985,,4.401915550231934,7.899760723114014,16.047950744628906,20.454294204711914,76789.0
2018-09-18,8.245168685913086,8.731279373168945,11.17125129699707,1.8232554197311401,1.7064390182495117,,4.370696544647217,7.9656829833984375,16.033061981201172,20.95977783203125,78314.0
2018-09-19,8.130011558532715,8.643143653869629,11.221796989440918,1.8283488750457764,1.6617844104766846,,4.391508102416992,7.910745620727539,16.14470100402832,20.730545043945312,78169.0
2018-09-20,8.17607307434082,8.666644096374512,11.198464393615723,1.8079768419265747,1.6809219121932983,,4.389426231384277,7.855814456939697,16.04051399230957,20.806957244873047,78116.0
2018-09-21,8.17607307434082,8.983932495117188,11.37732982635498,1.8436273336410522,1.7351453304290771,,4.401915550231934,8.152464866638184,16.31212615966797,21.571048736572266,79444.0
2018-09-24,8.17607307434082,8.734216690063477,11.074036598205566,1.8487200736999512,1.6841115951538086,,4.401915550231934,8.009632110595703,15.906549453735352,20.895118713378906,77984.0
2018-09-25,8.026371955871582,8.681331634521484,11.081812858581543,1.8487200736999512,1.7032490968704224,,4.401915550231934,7.987656116485596,15.943769454956055,20.91275405883789,78630.0
2018-09-26,7.974553108215332,8.651958465576172,11.109026908874512,1.8792775869369507,1.69687020778656,,4.443540573120117,8.048087120056152,16.1186466217041,20.971532821655273,78656.0
2018-09-27,8.032129287719727,8.898733139038086,11.36177921295166,1.8741843700408936,1.6681634187698364,,4.516385555267334,8.201906204223633,16.561426162719727,21.283042907714844,80000.0
2018-09-28,8.037888526916504,8.651958465576172,11.147917747497559,1.8741843700408936,1.6841115951538086,,4.433135509490967,8.229374885559082,16.420032501220703,20.98916244506836,79342.0
2018-10-01,7.819090843200684,8.287665367126465,11.0234956741333,1.8536725044250488,1.7191972732543945,,4.281200885772705,8.196413040161133,16.235788345336914,20.607118606567383,78624.0
2018-10-02,8.32001781463623,9.233648300170898,11.672882080078125,1.8792750835418701,1.7000596523284912,,4.245819091796875,8.630404472351074,16.86109733581543,22.141189575195312,81612.0
2018-10-03,8.521543502807617,10.07093620300293,12.178701400756836,1.8946365118026733,1.7191972732543945,,4.249980926513672,9.32809066772461,17.624126434326172,23.26382064819336,83273.0
2018-10-04,8.809432983398438,10.317713737487793,12.237070083618164,1.8946365118026733,1.690490961074829,,4.160485744476318,9.383027076721191,17.642744064331055,23.487171173095703,82953.0
2018-10-05,8.7633695602417,10.499866485595703,12.05419635772705,1.9048792123794556,1.7064390182495117,,4.120941638946533,9.394013404846191,17.58319091796875,23.210918426513672,82322.0
2018-10-08,9.16641616821289,11.516358375549316,12.871295928955078,1.9458436965942383,1.728765845298767,,4.320744037628174,10.492727279663086,18.62909698486328,24.608280181884766,86084.0
2018-10-09,9.270055770874023,11.457598686218262,12.917990684509277,1.8843960762023926,1.7128180265426636,,4.370696544647217,10.36638069152832,18.532325744628906,24.614185333251953,86088.0
2018-10-10,8.999439239501953,10.972851753234863,12.497764587402344,1.9356029033660889,1.731955885887146,,4.345720291137695,9.95435905456543,17.892127990722656,23.457260131835938,83679.0
2018-10-11,8.930344581604004,10.928787231445312,12.423832893371582,1.9253610372543335,1.7223869562149048,,4.2936882972717285,9.943370819091797,17.67995834350586,23.215255737304688,82921.0
2018-10-15,8.849737167358398,11.081554412841797,12.489981651306152,1.9407237768173218,1.709628701210022,,4.256225109100342,10.086202621459961,17.88467025756836,23.451358795166016,83360.0
2018-10-16,8.83821964263916,11.566302299499512,13.08530044555664,1.9570679664611816,1.7542825937271118,,4.15840482711792,10.218049049377441,18.599319458007812,24.218708038330078,85718.0
2018-10-17,8.92458724975586,11.666187286376953,13.10086727142334,1.9570679664611816,1.7861789464950562,,4.25830602645874,10.371866226196289,18.405765533447266,24.295442581176758,85764.0
2018-10-18,8.757611274719238,11.531046867370605,12.738997459411621,1.9570679664611816,1.8340226411819458,,4.156323432922363,10.218049049377441,17.85862922668457,23.69926643371582,83847.0
2018-10-19,8.740339279174805,11.627996444702148,12.781801223754883,1.9570679664611816,1.789368748664856,,4.145916938781738,10.053242683410645,17.840003967285156,23.65204620361328,84220.0
2018-10-22,8.947619438171387,11.707315444946289,12.937445640563965,1.9519041776657104,1.8818674087524414,,4.239575386047363,10.311440467834473,18.10055923461914,24.301342010498047,85597.0
2018-10-23,9.022470474243164,11.748445510864258,12.984131813049316,2.0138702392578125,1.87548828125,,4.168810844421387,10.108176231384277,18.163835525512695,24.578765869140625,85300.0
2018-10-24,8.92458724975586,11.486980438232422,12.672860145568848,1.9932152032852173,1.87548828125,,4.023121356964111,9.970840454101562,17.691129684448242,23.935375213623047,83064.0
2018-10-25,9.097321510314941,11.780757904052734,13.038610458374023,2.003542184829712,1.80531644821167,,4.03769063949585,10.300451278686523,17.895843505859375,24.7912654876709,84084.0
2018-10-26,9.03974437713623,12.462342262268066,13.2642822265625,2.0087051391601562,1.8021273612976074,,4.058503150939941,10.575133323669434,18.230825424194336,25.56451988220215,85720.0
2018-10-29,9.16641616821289,12.300760269165039,13.015260696411133,2.003542184829712,1.8435918092727661,,4.039771556854248,10.426806449890137,17.895843505859375,25.24576759338379,83797.0
2018-10-30,9.29308795928955,12.662113189697266,13.521099090576172,2.0138702392578125,1.8467814922332764,,4.162566661834717,10.6436128616333,18.420658111572266,26.266931533813477,86886.0
2018-10-31,9.310359954833984,12.559292793273926,13.346002578735352,2.0138702392578125,1.8499711751937866,,4.114697456359863,11.009488105773926,18.33133316040039,24.909318923950195,87424.0
2018-11-01,9.339149475097656,12.744379043579102,14.10861587524414,2.0449814796447754,1.8499711751937866,,4.222923755645752,11.003941535949707,18.593820571899414,24.673213958740234,88419.0
2018-11-05,9.4312744140625,12.753190994262695,14.411874771118164,2.0657427310943604,1.8659191131591797,,4.283280849456787,10.965136528015137,18.794872283935547,24.578765869140625,89598.0
2018-11-06,9.788257598876953,12.477027893066406,14.25615406036377,2.0761232376098633,1.86910879611969,,4.447702884674072,10.998398780822754,18.91401481628418,24.407590866088867,88669.0
2018-11-07,9.53491497039795,12.177371978759766,13.979751586914062,2.060551404953003,1.8818674087524414,,4.593392848968506,10.821004867553711,18.932626724243164,24.419395446777344,87714.0
2018-11-08,9.4312744140625,11.927659034729004,13.687779426574707,2.102074384689331,1.8882465362548828,,4.526791572570801,10.699045181274414,18.672000885009766,24.124265670776367,85620.0
2018-11-09,9.506125450134277,12.192058563232422,13.890215873718262,2.107264995574951,1.8722983598709106,,4.474760055541992,10.97622299194336,18.906574249267578,24.58466911315918,85641.0
2018-11-12,9.673100471496582,12.391833305358887,13.878533363342285,2.1954994201660156,1.9137630462646484,,4.516385555267334,11.087096214294434,18.958696365356445,24.856201171875,85525.0
2018-11-13,9.523398399353027,12.250816345214844,13.629382133483887,2.2006912231445312,1.8531607389450073,,4.6058807373046875,11.25340461730957,18.887956619262695,24.496129989624023,84914.0
2018-11-14,9.500368118286133,12.271384239196777,13.820141792297363,2.169548749923706,1.8818674087524414,,4.599637508392334,10.809918403625488,19.051776885986328,24.38988494873047,85973.0
2018-11-16,9.557945251464844,12.659177780151367,14.48973274230957,2.2058815956115723,1.9775550365447998,,4.599637508392334,11.314380645751953,19.64004135131836,25.399232864379883,88515.0
2018-11-19,9.385213851928711,12.955899238586426,14.427443504333496,2.148787498474121,1.9616073369979858,,4.5101423263549805,11.148075103759766,19.628877639770508,25.239866256713867,87901.0
2018-11-21,9.108838081359863,12.926519393920898,14.267837524414062,2.159168243408203,1.9488489627838135,,4.549686908721924,11.17025089263916,19.373836517333984,24.932931900024414,87269.0
2018-11-22,9.212479591369629,13.310970306396484,14.3262300491333,2.179929494857788,1.9456591606140137,,4.562173366546631,11.586015701293945,19.32915687561035,24.66140365600586,87477.0
2018-11-23,9.16065788269043,13.41577434539795,14.295089721679688,2.153977632522583,1.9903134107589722,,4.501816749572754,11.52503776550293,19.306814193725586,24.915224075317383,86230.0
2018-11-26,9.085805892944336,13.179203987121582,14.08874797821045,2.169548749923706,2.1051394939422607,,4.599637508392334,11.52503776550293,18.988479614257812,24.023914337158203,85547.0
2018-11-27,9.241268157958984,13.490643501281738,14.664921760559082,2.164358615875244,2.286947011947632,,4.539280414581299,11.491775512695312,19.6307430267334,24.7912654876709,87891.0
2018-11-28,9.37945556640625,13.703254699707031,14.964681625366211,2.169548749923706,2.296515464782715,,4.537197113037109,12.023958206176758,20.12220573425293,25.399232864379883,89251.0
2018-11-29,9.471579551696777,13.547534942626953,15.15153980255127,2.169548749923706,2.385824680328369,,4.610043525695801,12.112649917602539,20.300920486450195,25.676668167114258,89710.0
2018-11-30,9.483095169067383,13.364866256713867,14.972460746765137,2.164358615875244,2.3124637603759766,,4.610043525695801,12.101567268371582,20.116622924804688,25.216264724731445,89504.0
2018-12-03,9.776742935180664,13.206154823303223,14.71552848815918,2.1904044151306152,2.3571178913116455,,4.560093402862549,12.084936141967773,19.862398147583008,25.416946411132812,89820.0
2018-12-04,9.632797241210938,13.074387550354004,14.676180839538574,2.1643285751342773,2.341170310974121,,4.558011054992676,11.974061965942383,19.840055465698242,25.074596405029297,88624.0
2018-12-05,9.56946086883545,13.206154823303223,14.668396949768066,2.169543743133545,2.3284120559692383,,4.610043525695801,11.974061965942383,19.851224899291992,25.38153076171875,89040.0
2018-12-06,9.437032699584961,13.28701114654541,14.828086853027344,2.1747593879699707,2.2550511360168457,,4.558011054992676,12.084936141967773,20.030010223388672,25.747493743896484,88846.0
2018-12-07,9.59249210357666,13.185192108154297,14.757974624633789,2.1747593879699707,2.2135860919952393,,4.591312408447266,11.80311107635498,19.86798858642578,25.765214920043945,88115.0
2018-12-10,9.442788124084473,12.798888206481934,14.473648071289062,2.179974317550659,2.21677565574646,,4.4789228439331055,11.758610725402832,19.337203979492188,24.968338012695312,85915.0
2018-12-11,9.575217247009277,12.873750686645508,14.64112377166748,2.1904044151306152,2.2327237129211426,,4.464353561401367,11.808670043945312,19.510408401489258,24.602380752563477,86420.0
2018-12-12,9.580975532531738,12.90849494934082,14.738496780395508,2.200835704803467,2.2646195888519287,,4.518466472625732,12.23696517944336,19.644498825073242,25.16313362121582,86977.0
2018-12-13,9.580975532531738,13.238862991333008,15.128002166748047,2.195619583129883,2.2646195888519287,,4.539280414581299,12.264777183532715,19.990903854370117,25.629446029663086,87838.0
2018-12-14,9.53491497039795,13.24487018585205,14.95661449432373,2.206049919128418,2.309274196624756,,4.560093402862549,12.476141929626465,19.84563446044922,25.7711181640625,87450.0
2018-12-17,9.37945556640625,13.124737739562988,14.6644926071167,2.185190200805664,2.3252222537994385,,4.553847789764404,12.097909927368164,19.314865112304688,25.287099838256836,86400.0
2018-12-18,9.586732864379883,13.154768943786621,14.937145233154297,2.1904044151306152,2.3124637603759766,,4.651669025421143,12.109029769897461,19.6281681060791,25.971790313720703,86610.0
2018-12-19,9.488855361938477,13.154768943786621,14.722928047180176,2.1904044151306152,2.2933266162872314,,4.880610942840576,11.925479888916016,19.365497589111328,25.653051376342773,85674.0
2018-12-20,9.483095169067383,13.238862991333008,14.800820350646973,2.1904044151306152,2.248671770095825,,4.880610942840576,11.936599731445312,19.359905242919922,25.027374267578125,85269.0
2018-12-21,9.414000511169434,13.241868019104004,14.68786334991455,2.2164812088012695,2.2805676460266113,,4.801520824432373,11.892104148864746,19.270488739013672,24.950641632080078,85697.0
2018-12-26,9.488855361938477,13.328962326049805,14.537022590637207,2.159113645553589,2.3124637603759766,,4.903503894805908,11.652926445007324,18.851320266723633,24.443012237548828,85136.0
2018-12-27,9.650070190429688,13.551214218139648,14.874621391296387,2.185190200805664,2.2933266162872314,,4.882691860198975,12.07229232788086,19.169883728027344,24.614185333251953,85460.0
2018-12-28,9.719162940979004,13.962675094604492,15.351248741149902,2.1538968086242676,2.2454817295074463,,4.90142297744751,12.402198791503906,19.84055519104004,25.334312438964844,87887.0
2019-01-02,10.254684448242188,14.596388816833496,16.042354583740234,2.191709280014038,2.3124637603759766,,5.18239688873291,12.79920482635498,20.687631607055664,26.998870849609375,91012.0
2019-01-03,10.242704391479492,14.656455993652344,16.20486831665039,2.212834119796753,2.2773783206939697,,5.396768093109131,12.687368392944336,21.02869415283203,27.890172958374023,91564.0
2019-01-04,10.152854919433594,14.656455993652344,16.07770538330078,2.302614688873291,2.2773783206939697,,5.588245391845703,12.581130981445312,20.676433563232422,27.86066246032715,91841.0
2019-01-07,10.182806015014648,14.560344696044922,16.268442153930664,2.3290207386016846,2.3124637603759766,,5.702716827392578,12.4692964553833,20.715585708618164,28.326976776123047,91699.0
2019-01-08,10.374483108520508,14.395162582397461,16.3677921295166,2.318458318710327,2.33160138130188,,5.596522331237793,12.748878479003906,20.97836685180664,28.150550842285156,92032.0
2019-01-09,10.536210060119629,14.35611629486084,16.649930953979492,2.3290207386016846,2.3284120559692383,,5.605062961578369,13.00609302520752,21.29706573486328,28.539161682128906,93613.0
2019-01-10,10.614079475402832,14.566352844238281,16.598276138305664,2.3448638916015625,2.3698766231536865,,5.536734104156494,13.011680603027344,21.151697158813477,28.836702346801758,93806.0
2019-01-11,10.82971477508545,14.626420021057129,16.49098014831543,2.360708713531494,2.3284120559692383,,5.530328750610352,13.045234680175781,21.023101806640625,28.77597999572754,93658.0
2019-01-14,10.871642112731934,14.965804100036621,16.685691833496094,2.360708713531494,2.385824680328369,,5.474812984466553,13.280081748962402,21.179655075073242,29.371057510375977,94474.0
2019-01-15,10.823722839355469,14.791605949401855,16.653900146484375,2.4029576778411865,2.3603084087371826,,5.466270923614502,13.252124786376953,20.849769592285156,28.539161682128906,94056.0
2019-01-16,10.769815444946289,14.650445938110352,16.733366012573242,2.5033020973205566,2.3379805088043213,,5.551681041717529,13.140294075012207,20.788272857666016,28.357011795043945,94393.0
2019-01-17,10.841691970825195,14.704508781433105,16.78900909423828,2.492739677429199,2.344360113143921,,5.701149940490723,12.972540855407715,20.788272857666016,28.715261459350586,95351.0
2019-01-18,10.99144172668457,14.58137321472168,16.95987892150879,2.5244266986846924,2.376255989074707,,5.955245494842529,12.9166259765625,21.056644439697266,29.40749168395996,96097.0
2019-01-21,11.213067054748535,14.503279685974121,16.76516342163086,2.550832748413086,2.3347909450531006,,5.893324375152588,12.63704776763916,20.8833065032959,29.358915328979492,96010.0
2019-01-22,11.183116912841797,14.476255416870117,16.689664840698242,2.5191454887390137,2.3603084087371826,,5.8506178855896,12.385422706604004,20.849769592285156,29.29818344116211,95103.0
2019-01-23,11.410733222961426,14.776590347290039,16.975765228271484,2.508582592010498,2.376255989074707,,5.978734016418457,12.855119705200195,20.98954200744629,30.239368438720703,96558.0
2019-01-24,11.584440231323242,14.70150089263916,17.146642684936523,2.5191454887390137,2.3698766231536865,,6.299023628234863,12.9166259765625,20.961591720581055,30.099706649780273,97677.0
2019-01-28,11.57245922088623,14.512288093566895,17.285724639892578,2.4821765422821045,2.3698766231536865,,6.256317615509033,12.860711097717285,21.33620834350586,30.178647994995117,95444.0
2019-01-29,11.806066513061523,14.995834350585938,17.063196182250977,2.4663314819335938,2.376255989074707,,6.192260265350342,13.140294075012207,21.179655075073242,29.75360870361328,95639.0
2019-01-30,11.722206115722656,15.191062927246094,17.023460388183594,2.4768950939178467,2.424100160598755,,6.252047538757324,13.291266441345215,21.313844680786133,29.085660934448242,96996.0
2019-01-31,11.949822425842285,15.575486183166504,17.985095977783203,2.4821765422821045,2.4400479793548584,,6.318240165710449,13.140294075012207,21.68287467956543,29.188888549804688,97394.0
2019-02-01,11.806066513061523,15.650577545166016,17.7625675201416,2.4453511238098145,2.3922040462493896,,6.33745813369751,12.860711097717285,21.708040237426758,29.60179328918457,97861.0
2019-02-04,11.919873237609863,15.947912216186523,18.155715942382812,2.62039852142334,2.452806234359741,,6.527497291564941,13.291266441345215,22.200254440307617,30.56727409362793,98589.0
2019-02-05,12.027689933776855,16.413427352905273,18.16368293762207,2.5938756465911865,2.4496166706085205,,6.427139759063721,13.716227531433105,21.25497055053711,30.245454788208008,98311.0
2019-02-06,11.698247909545898,15.41330623626709,17.308958053588867,2.636309862136841,2.4496166706085205,,6.284077167510986,13.112336158752441,20.360023498535156,28.982440948486328,94636.0
2019-02-07,11.320884704589844,15.515420913696289,17.57133674621582,2.641615390777588,2.4464271068573,,6.533903121948242,13.134698867797852,20.432735443115234,29.037084579467773,94406.0
2019-02-08,11.452662467956543,15.536446571350098,17.7581844329834,2.641615390777588,2.4719443321228027,,6.832839012145996,13.341588020324707,20.869014739990234,29.75360870361328,95343.0
2019-02-11,11.254996299743652,15.076927185058594,17.654823303222656,2.6257028579711914,2.3922040462493896,,6.843515872955322,13.196206092834473,20.634105682373047,29.34068489074707,94413.0
2019-02-12,11.290934562683105,16.004972457885742,18.008636474609375,2.652223587036133,2.424100160598755,,7.057042121887207,13.86720085144043,21.12632179260254,29.69895362854004,96168.0
2019-02-13,11.368803024291992,15.641559600830078,17.73036766052246,2.731790542602539,2.3698766231536865,,7.259891510009766,13.531702995300293,20.645282745361328,29.243547439575195,95842.0
2019-02-14,11.518550872802734,16.440462112426758,18.40618133544922,2.689354419708252,2.3347909450531006,,7.3025970458984375,14.208292007446289,21.19343376159668,30.026851654052734,98015.0
2019-02-15,11.302915573120117,16.461488723754883,18.286922454833984,2.7370951175689697,2.350738763809204,,7.259891510009766,14.258615493774414,20.975303649902344,29.87504768371582,97526.0
2019-02-18,11.320884704589844,16.299301147460938,17.869487762451172,2.7158777713775635,2.344360113143921,,7.328218460083008,14.258615493774414,20.639699935913086,29.38319969177246,96510.0
2019-02-19,11.290934562683105,16.368375778198242,18.02056884765625,2.588571071624756,2.379445791244507,,7.191563129425049,14.258615493774414,21.115140914916992,30.300094604492188,97659.0
2019-02-20,10.961492538452148,15.905858039855957,17.722410202026367,2.5779623985290527,2.376255989074707,,6.9545488357543945,13.923117637634277,20.846651077270508,29.68680763244629,96545.0
2019-02-21,11.081289291381836,15.977941513061523,17.877445220947266,2.5673537254333496,2.4272894859313965,,6.854191303253174,13.973441123962402,21.226999282836914,29.431779861450195,96932.0
2019-02-22,11.093269348144531,16.124296188354492,17.73036766052246,2.583266258239746,2.615476608276367,,6.9801716804504395,14.146782875061035,21.526535034179688,29.29818344116211,97886.0
2019-02-25,11.015400886535645,15.860067367553711,17.55146598815918,2.599179983139038,2.63142466545105,,6.941736698150635,14.253021240234375,21.19769287109375,28.952070236206055,97240.0
2019-02-26,11.051338195800781,15.945098876953125,17.865520477294922,2.6257028579711914,2.6465234756469727,,6.948143482208252,14.359262466430664,21.274038314819336,28.8913516998291,97603.0
2019-02-27,10.973469734191895,15.7628755569458,17.666749954223633,2.599179983139038,2.57021427154541,,7.313272476196289,14.090866088867188,21.086139678955078,28.490591049194336,97307.0
2019-02-28,10.949509620666504,15.368043899536133,17.20163345336914,2.5938756465911865,2.57021427154541,,7.2278618812561035,13.979032516479492,20.686845779418945,27.43404197692871,95584.0
2019-03-01,10.943522453308105,15.583675384521484,16.915395736694336,2.5835275650024414,2.6465234756469727,,7.240673542022705,14.046134948730469,20.466550827026367,27.063636779785156,94604.0
2019-03-06,10.979459762573242,15.377155303955078,16.7877254486084,2.6101627349853516,2.6291799545288086,,7.127504348754883,13.749774932861328,20.472427368164062,26.53535270690918,94217.0
2019-03-07,10.763824462890625,15.316411018371582,16.90703582763672,2.6314704418182373,2.549402952194214,,7.014336585998535,13.41987419128418,20.754398345947266,26.838960647583008,94340.0
2019-03-08,11.320884704589844,15.85399341583252,17.14168930053711,2.6581027507781982,2.594494342803955,,6.982307434082031,13.942323684692383,21.001123428344727,26.960399627685547,95365.0
2019-03-11,11.542510986328125,16.339935302734375,17.83769416809082,2.679410934448242,2.618774890899658,,7.033552646636963,14.503183364868164,21.688430786132812,27.79229736328125,98027.0
2019-03-12,11.440682411193848,16.247373580932617,17.88939666748047,2.6900668144226074,2.6534602642059326,,7.153128147125244,14.690142631530762,21.735431671142578,27.889448165893555,97828.0
2019-03-13,11.530531883239746,16.497142791748047,18.060420989990234,2.6634304523468018,2.6326489448547363,,7.2299981117248535,14.911087036132812,21.97041130065918,28.587749481201172,98904.0
2019-03-14,11.416723251342773,16.372262954711914,18.100191116333008,2.6314704418182373,2.6326489448547363,,7.259891510009766,14.724130630493164,21.62381935119629,28.405582427978516,98605.0
2019-03-15,11.446671485900879,16.512374877929688,18.175764083862305,2.6634304523468018,2.5910255908966064,,7.516122341156006,15.013067245483398,21.617950439453125,28.2294921875,99137.0
2019-03-18,11.260985374450684,16.38749122619629,18.271211624145508,2.6581027507781982,2.5979628562927246,,7.727514266967773,15.00739574432373,21.6531925201416,28.326650619506836,99994.0
2019-03-19,11.422713279724121,16.037200927734375,17.877466201782227,2.6634304523468018,2.6361172199249268,,7.746730804443359,14.81478214263916,21.147985458374023,28.271997451782227,99588.0
2019-03-20,11.380783081054688,15.677774429321289,17.39225196838379,2.6421234607696533,2.6257119178771973,,7.7168378829956055,14.559844017028809,20.672157287597656,27.931947708129883,98041.0
2019-03-21,11.039362907409668,15.348803520202637,17.01044464111328,2.6314704418182373,2.6291799545288086,,7.531069755554199,14.33322811126709,20.307945251464844,27.057565689086914,96729.0
2019-03-22,10.865653991699219,14.514198303222656,16.40987205505371,2.5835275650024414,2.563277006149292,,7.462741374969482,13.664724349975586,19.708751678466797,26.26818084716797,93735.0
2019-03-25,11.135197639465332,14.617762565612793,16.4456729888916,2.6314704418182373,2.5840885639190674,,7.45847225189209,13.795022964477539,19.738107681274414,26.675012588500977,93662.0
2019-03-26,11.183116912841797,14.961965560913086,16.553064346313477,2.6367974281311035,2.5979628562927246,,7.738189697265625,13.8460111618042,19.9437255859375,26.778240203857422,95307.0
2019-03-27,11.08727741241455,14.133453369140625,15.980352401733398,2.5782015323638916,2.5424656867980957,,7.281243801116943,13.064197540283203,19.268165588378906,25.569873809814453,91903.0
2019-03-28,11.260985374450684,14.62690544128418,16.791696548461914,2.6101627349853516,2.573683261871338,,7.300461292266846,13.545748710632324,20.031843185424805,26.249956130981445,94389.0
2019-03-29,11.410733222961426,14.840123176574707,17.078046798706055,2.6208157539367676,2.566746234893799,,7.659186363220215,13.70438003540039,20.225704193115234,26.541425704956055,95415.0
2019-04-01,11.67428970336914,14.98633098602295,17.214868545532227,2.6157751083374023,2.566746234893799,,7.733919620513916,13.698712348937988,20.075838088989258,27.075769424438477,96054.0
2019-04-02,11.500579833984375,14.85535717010498,16.994728088378906,2.621124505996704,2.5424656867980957,,7.729650497436523,13.619400978088379,19.758480072021484,26.711444854736328,95387.0
2019-04-03,11.386772155761719,14.69696044921875,16.8037166595459,2.642521858215332,2.532060384750366,,7.86203670501709,13.61373233795166,19.58217430114746,26.547508239746094,94491.0
2019-04-04,11.590428352355957,14.873631477355957,17.23825454711914,2.631822347640991,2.5355288982391357,,8.220760345458984,13.863006591796875,19.87601089477539,27.19721794128418,96313.0
2019-04-05,11.590428352355957,14.958913803100586,17.381505966186523,2.621124505996704,2.5355288982391357,,8.081966400146484,14.032965660095215,20.305036544799805,27.774076461791992,97108.0
2019-04-08,11.578449249267578,14.983283996582031,17.405385971069336,2.621124505996704,2.431471586227417,,8.109724998474121,13.664724349975586,20.18161964416504,27.76129150390625,97369.0
2019-04-09,11.500579833984375,14.757880210876465,17.338537216186523,2.631822347640991,2.4557511806488037,,7.906875133514404,13.443770408630371,20.06995964050293,27.42528533935547,96292.0
2019-04-10,11.530531883239746,14.867530822753906,17.09022331237793,2.6157751083374023,2.4488139152526855,,8.111861228942871,13.71570873260498,20.03469467163086,27.578012466430664,95953.0
2019-04-11,11.314897537231445,14.727418899536133,16.818044662475586,2.6157751083374023,2.4592201709747314,,7.964529037475586,13.506093978881836,19.570415496826172,27.16867446899414,94755.0
2019-04-12,11.093269348144531,14.233968734741211,16.66524314880371,2.6104254722595215,2.493905544281006,,7.947446823120117,13.285148620605469,19.364713668823242,27.406949996948242,92875.0
2019-04-15,11.410733222961426,14.273563385009766,16.62704086303711,2.567631244659424,2.4800314903259277,,8.047802925109863,13.143510818481445,19.35296058654785,27.25420570373535,93083.0
2019-04-16,11.410733222961426,14.569032669067383,16.598386764526367,2.5943775177001953,2.445345640182495,,8.049939155578613,13.200166702270508,19.33534049987793,27.712417602539062,94333.0
2019-04-17,11.260985374450684,14.377131462097168,16.36918067932129,2.58902907371521,2.4800314903259277,,8.105454444885254,13.030205726623535,19.035602569580078,26.863203048706055,93285.0
2019-04-18,11.20108699798584,14.879720687866211,16.59362030029297,2.5943775177001953,2.4973740577697754,,8.105454444885254,12.99055004119873,19.294198989868164,27.6879825592041,94578.0
2019-04-22,11.290934562683105,14.724371910095215,16.732097625732422,2.5836801528930664,2.514716863632202,,8.113995552062988,13.132182121276855,19.241294860839844,28.10342025756836,94588.0
2019-04-23,11.488601684570312,15.019842147827148,17.13797378540039,2.621124505996704,2.532060384750366,,8.42360782623291,13.194499969482422,19.48813819885254,28.176742553710938,95923.0
2019-04-24,11.326874732971191,14.715242385864258,17.023380279541016,2.58902907371521,2.521653890609741,,8.470584869384766,13.00754165649414,19.51752281188965,27.584117889404297,95045.0
2019-04-25,11.4346923828125,14.9558687210083,17.223926544189453,2.5943775177001953,2.511248826980591,,8.519697189331055,13.279481887817383,19.817249298095703,27.914030075073242,96552.0
2019-04-26,11.560480117797852,15.032021522521973,17.171405792236328,2.6104254722595215,2.514716863632202,,8.568808555603027,13.245485305786133,19.864269256591797,27.901811599731445,96236.0
2019-04-29,11.482609748840332,15.038110733032227,16.946977615356445,2.6104254722595215,2.514716863632202,,8.66916275024414,13.381454467773438,19.705577850341797,27.981231689453125,96188.0
2019-04-30,11.65032958984375,15.132537841796875,16.989948272705078,2.58902907371521,2.514716863632202,,8.835713386535645,13.83468246459961,19.88189697265625,27.498592376708984,96353.0
2019-05-02,11.55449104309082,15.166041374206543,16.999492645263672,2.616198778152466,2.483499765396118,,8.722546577453613,13.814128875732422,20.014190673828125,27.675765991210938,95528.0
2019-05-03,11.536520004272461,15.254380226135254,17.18055534362793,2.5947110652923584,2.511248826980591,,8.658486366271973,13.995676040649414,19.820161819458008,27.413055419921875,96008.0
2019-05-06,11.29692554473877,15.038110733032227,16.717126846313477,2.58396577835083,2.525123357772827,,8.60510540008545,13.927595138549805,19.385068893432617,26.881540298461914,95009.0
2019-05-07,11.159157752990723,15.074664115905762,16.61202049255371,2.6321921348571777,2.525123357772827,,8.56240177154541,13.785764694213867,19.167522430419922,26.69824981689453,94389.0
2019-05-08,11.081289291381836,15.409728050231934,16.95600700378418,2.643023729324341,2.4800314903259277,,8.509021759033203,14.069424629211426,19.385068893432617,27.24809455871582,95597.0
2019-05-09,11.015400886535645,15.543744087219238,16.65979766845703,2.6105287075042725,2.4800314903259277,,8.570941925048828,14.148846626281738,19.144006729125977,26.76544761657715,94808.0
2019-05-10,11.06930923461914,15.278751373291016,16.511686325073242,2.6159443855285645,2.4973740577697754,,8.914717674255371,14.120482444763184,19.05580711364746,26.539400100708008,94258.0
2019-05-13,10.901592254638672,14.733513832092285,16.10080337524414,2.6321921348571777,2.5459346771240234,,8.914717674255371,13.785764694213867,18.755945205688477,25.90401840209961,91727.0
2019-05-14,10.889612197875977,14.590346336364746,16.053024291992188,2.6321921348571777,2.525123357772827,,8.709734916687012,13.558837890625,18.66775894165039,26.57606315612793,92092.0
2019-05-15,10.578140258789062,14.349715232849121,15.881024360656738,2.6971848011016846,2.549402952194214,,8.541049003601074,13.161717414855957,18.72655487060547,26.3133544921875,91623.0
2019-05-16,10.512248992919922,13.901954650878906,15.694713592529297,2.6971848011016846,2.532060384750366,,8.528237342834473,12.724885940551758,18.48548698425293,25.62909507751465,90024.0
2019-05-17,10.410421371459961,13.66131591796875,15.8141508102417,2.6917691230773926,2.532060384750366,,8.370229721069336,12.262213706970215,18.520761489868164,25.549671173095703,89993.0
2019-05-20,10.679967880249023,14.185236930847168,16.244138717651367,2.680936098098755,2.5598089694976807,,8.408662796020508,12.750633239746094,19.002899169921875,26.3133544921875,91946.0
2019-05-21,10.901592254638672,14.995473861694336,16.913007736206055,2.6917691230773926,2.549402952194214,,9.087676048278809,13.198824882507324,19.737850189208984,27.040374755859375,94485.0
2019-05-22,10.973469734191895,14.996955871582031,16.61202049255371,2.637608766555786,2.6014316082000732,,9.288390159606934,13.250544548034668,19.755475997924805,26.78989601135254,94361.0
2019-05-23,10.967484474182129,15.021530151367188,16.530792236328125,2.6917691230773926,2.6014316082000732,,9.388747215270996,13.31949520111084,19.71431541442871,26.203378677368164,93910.0
2019-05-24,10.781794548034668,15.242703437805176,16.36835289001465,2.708016872406006,2.5840885639190674,,9.331096649169922,13.0954008102417,19.42034149169922,26.087310791015625,93628.0
2019-05-27,10.925553321838379,15.540679931640625,16.602466583251953,2.708016872406006,2.6014316082000732,,9.437859535217285,13.348225593566895,19.49089813232422,26.667701721191406,94864.0
2019-05-28,11.00342082977295,15.74341869354248,17.06111717224121,2.7296810150146484,2.566746234893799,,9.26703929901123,13.796426773071289,20.037708282470703,27.125898361206055,96393.0
2019-05-29,11.093269348144531,15.72806167602539,17.40033721923828,2.7296810150146484,2.5840885639190674,,9.822205543518066,13.555089950561523,20.41400146484375,27.48636817932129,96567.0
2019-05-30,11.039362907409668,15.958455085754395,17.720441818237305,2.7350969314575195,2.60490083694458,,10.25139331817627,13.560832023620605,20.62566375732422,28.164514541625977,97457.0
2019-05-31,10.82971477508545,15.92773723602295,17.677446365356445,2.973402738571167,2.6014316082000732,,9.978078842163086,13.647026062011719,20.578632354736328,27.920146942138672,97030.0
2019-06-03,10.85367202758789,16.001461029052734,17.620105743408203,3.1259360313415527,2.6846771240234375,,9.969537734985352,13.81940746307373,20.634498596191406,27.675765991210938,97020.0
2019-06-04,11.081289291381836,16.2625732421875,17.71044158935547,3.0933167934417725,2.6222429275512695,,9.973808288574219,13.647026062011719,20.59921646118164,27.6879825592041,97380.0
2019-06-05,10.99144172668457,15.81407642364502,17.437969207763672,3.0335168838500977,2.899729013442993,,9.640707015991211,13.445910453796387,20.19923973083496,27.095367431640625,95999.0
2019-06-06,11.021390914916992,16.216493606567383,17.820388793945312,3.191171884536743,2.7575173377990723,,10.001567840576172,13.779316902160645,20.41098403930664,27.327524185180664,97205.0
2019-06-07,11.254996299743652,16.084400177001953,17.825170516967773,3.0715715885162354,2.774860143661499,,10.377373695373535,13.773552894592285,20.62862777709961,27.55356788635254,97821.0
2019-06-10,11.039362907409668,15.933879852294922,17.614839553833008,3.0987532138824463,2.792203426361084,,10.110466003417969,13.802376747131348,20.36981964111328,27.003726959228516,97467.0
2019-06-11,11.11124038696289,16.250288009643555,17.69609260559082,3.044389247894287,2.8268890380859375,,10.097654342651367,13.894625663757324,20.469812393188477,27.13202667236328,98960.0
2019-06-12,11.06930923461914,16.105764389038086,17.49055290222168,3.044389247894287,2.7887349128723145,,10.089113235473633,13.560234069824219,20.352161407470703,26.948740005493164,98321.0
2019-06-13,11.14118766784668,15.84996509552002,17.299346923828125,3.0063347816467285,2.7887349128723145,,10.052815437316895,13.087468147277832,19.98747444152832,26.588275909423828,98774.0
2019-06-14,11.147178649902344,15.569517135620117,17.270658493041992,3.044389247894287,2.7783291339874268,,9.9588623046875,12.71272087097168,19.993356704711914,26.50274658203125,98040.0
2019-06-17,11.033369064331055,15.554112434387207,17.227643966674805,3.038952589035034,2.823420524597168,,10.195878982543945,12.799199104309082,19.969818115234375,26.478317260742188,97623.0
2019-06-18,11.021390914916992,15.917770385742188,17.375835418701172,3.028080463409424,2.7783291339874268,,10.409401893615723,13.168185234069824,20.487464904785156,26.985401153564453,99404.0
2019-06-19,11.171140670776367,16.17972183227539,17.5909366607666,3.0878798961639404,2.781797409057617,,10.590898513793945,13.260428428649902,20.81096649169922,27.24809455871582,100303.0
2019-06-21,11.626368522644043,16.306081771850586,17.98768424987793,3.0987532138824463,2.80954647064209,,10.751045227050781,13.542937278747559,21.281543731689453,27.920146942138672,102013.0
2019-06-24,11.638349533081055,16.346147537231445,18.13109016418457,3.044389247894287,2.81648325920105,,10.63360595703125,13.923456192016602,21.2344913482666,28.036211013793945,102062.0
2019-06-25,11.380783081054688,16.19513511657715,17.978124618530273,3.0878798961639404,2.9031982421875,,10.569547653198242,13.548705101013184,20.96978759765625,27.59023094177246,100093.0
2019-06-26,11.231035232543945,16.546466827392578,18.202795028686523,3.0987532138824463,2.9829750061035156,,10.462785720825195,13.444926261901855,21.469772338867188,27.950687408447266,100689.0
2019-06-27,11.380783081054688,16.580371856689453,18.11676025390625,3.0987532138824463,3.0870320796966553,,10.556737899780273,13.542937278747559,21.322717666625977,27.84682273864746,100724.0
2019-06-28,11.512561798095703,16.62350845336914,18.04026985168457,3.055260419845581,3.1182494163513184,,10.864212989807129,13.692837715148926,21.3286075592041,27.773515701293945,100967.0
2019-07-01,11.380783081054688,16.605022430419922,18.078603744506836,3.1319656372070312,3.1078433990478516,,10.686985969543457,13.606355667114258,21.231504440307617,27.932357788085938,101340.0
2019-07-02,11.272966384887695,16.392375946044922,18.13579559326172,3.186528444290161,3.0696895122528076,,10.695527076721191,13.519876480102539,21.15500259399414,28.07898712158203,100605.0
2019-07-03,11.249005317687988,16.734460830688477,18.45784568786621,3.2520055770874023,3.0696895122528076,,10.889838218688965,13.664012908935547,21.51984977722168,28.408899307250977,102043.0
2019-07-04,11.590428352355957,17.005659103393555,18.77989959716797,3.2738306522369385,3.0870320796966553,,11.265645027160645,13.99263858795166,21.766990661621094,29.12980842590332,103636.0
2019-07-05,11.622163772583008,16.95018768310547,18.943309783935547,3.2901999950408936,3.073157787322998,,11.98095703125,14.465401649475098,22.008272171020508,28.964855194091797,104089.0
2019-07-08,11.622163772583008,16.934778213500977,18.85680389404297,3.2683725357055664,3.152935028076172,,12.115478515625,14.396214485168457,21.94941520690918,28.589479446411133,104530.0
2019-07-10,11.83796215057373,16.722135543823242,18.77028465270996,3.3011131286621094,3.208432674407959,,12.025796890258789,14.678719520568848,21.89056968688965,28.632492065429688,105817.0
2019-07-11,11.511185646057129,16.395462036132812,18.61166000366211,3.322939395904541,3.2257745265960693,,12.429361343383789,14.528822898864746,21.861162185668945,28.577192306518555,105146.0
2019-07-12,11.474191665649414,16.025632858276367,18.26557731628418,3.361133337020874,3.2257745265960693,,12.382387161254883,14.257845878601074,21.455116271972656,28.300636291503906,103906.0
2019-07-15,11.184409141540527,15.930091857910156,18.18865966796875,3.2520055770874023,3.1494667530059814,,12.299108505249023,14.12524127960205,21.396268844604492,28.441978454589844,103803.0
2019-07-16,11.209070205688477,15.954751968383789,18.1934757232666,3.202897787094116,3.208432674407959,,12.491283416748047,13.929221153259277,21.478660583496094,28.497289657592773,103775.0
2019-07-17,11.19674301147461,15.957833290100098,18.097339630126953,3.2465505599975586,3.4477641582489014,,12.48914909362793,14.079121589660645,21.41981315612793,28.761560440063477,103856.0
2019-07-18,11.344714164733887,16.229040145874023,18.491483688354492,3.328395366668701,3.5726330280303955,,12.373844146728516,14.234789848327637,21.990612030029297,29.4990291595459,104717.0
2019-07-19,11.27689266204834,16.025632858276367,18.073301315307617,3.298759937286377,3.503260612487793,,12.21796989440918,14.298205375671387,21.41981315612793,28.675512313842773,103452.0
2019-07-22,11.369375228881836,16.028718948364258,18.32325553894043,3.282346248626709,3.537947177886963,,12.03220272064209,14.246317863464355,21.784652709960938,28.681655883789062,103949.0
2019-07-23,11.412532806396484,15.84072208404541,18.3857421875,3.2549946308135986,3.4547011852264404,,11.955333709716797,14.390448570251465,21.996501922607422,28.534170150756836,103704.0
2019-07-24,11.511185646057129,16.12733268737793,18.731822967529297,3.326113224029541,3.551820993423462,,11.882734298706055,14.528822898864746,21.978845596313477,28.226886749267578,104120.0
2019-07-25,11.19674301147461,15.446247100830078,17.640697479248047,3.304229259490967,3.5865070819854736,,11.722588539123535,14.327033042907715,21.302127838134766,27.65533447265625,102655.0
2019-07-26,11.283060073852539,15.409258842468262,17.414779663085938,3.265934705734253,3.520604133605957,,11.769564628601074,14.2866792678833,21.684614181518555,27.962621688842773,102819.0
2019-07-29,11.283060073852539,15.547945022583008,17.376327514648438,3.309699773788452,3.544884443283081,,12.019390106201172,14.4884614944458,21.77288818359375,27.747522354125977,103483.0
2019-07-30,11.258397102355957,15.390777587890625,17.015825271606445,3.2440531253814697,3.5310096740722656,,12.670645713806152,13.911921501159668,21.049074172973633,26.887136459350586,102933.0
2019-07-31,11.054929733276367,15.168877601623535,16.58322525024414,3.2495250701904297,3.468575954437256,,12.76032829284668,13.554472923278809,20.490053176879883,26.334030151367188,101812.0
2019-08-01,10.913122177124023,15.02403450012207,16.43901824951172,3.2937557697296143,3.503260612487793,,13.095562934875488,13.652481079101562,20.53420066833496,26.278722763061523,102126.0
2019-08-02,11.011771202087402,15.02711296081543,16.486618041992188,3.2937557697296143,3.5310096740722656,,13.217273712158203,13.462225914001465,20.563636779785156,26.112791061401367,102674.0
2019-08-05,11.252228736877441,14.746665954589844,16.18842887878418,3.2827765941619873,3.544884443283081,,12.70481014251709,13.237369537353516,20.28105354309082,25.737903594970703,100098.0
2019-08-06,11.788640022277832,14.946988105773926,16.433698654174805,3.4584429264068604,3.8119640350341797,,13.371010780334473,13.767790794372559,20.893320083618164,25.983726501464844,102164.0
2019-08-07,11.745479583740234,14.93157958984375,16.77999496459961,3.3761022090911865,3.8154327869415283,,13.541831970214844,13.99263858795166,21.664525985717773,26.72734832763672,102782.0
2019-08-08,11.696155548095703,15.039443016052246,16.861753463745117,3.623131513595581,3.8119640350341797,,13.823686599731445,13.940749168395996,21.782264709472656,27.464824676513672,104115.0
2019-08-09,11.905784606933594,14.993215560913086,16.582805633544922,3.540788412094116,3.725250244140625,,13.872268676757812,13.750497817993164,21.61741828918457,27.120670318603516,103996.0
2019-08-12,12.11541748046875,14.484707832336426,16.236526489257812,3.595682382583618,3.888272285461426,,13.494424819946289,13.594823837280273,20.722593307495117,26.70890998840332,101915.0
2019-08-13,12.214066505432129,14.654203414916992,16.400041580200195,3.595682382583618,4.228193759918213,,13.831245422363281,13.287896156311035,21.12880516052246,26.819534301757812,103299.0
2019-08-14,12.275721549987793,14.142621994018555,16.077808380126953,3.4035484790802,4.470993995666504,,13.466355323791504,12.926239013671875,20.663721084594727,26.01445770263672,100258.0
2019-08-15,11.763976097106934,14.130290031433105,15.967204093933105,3.288266181945801,4.398154258728027,,13.386469841003418,12.739578247070312,20.604848861694336,26.057476043701172,99057.0
2019-08-16,11.696155548095703,14.09330940246582,16.000865936279297,3.2553293704986572,4.439776420593262,,13.267718315124512,12.832908630371094,20.68729019165039,26.21111488342285,99806.0
2019-08-19,11.572843551635742,13.815948486328125,15.770018577575684,3.156517267227173,4.366936206817627,,13.77510929107666,12.850409507751465,20.596956253051758,26.01445770263672,99469.0
2019-08-20,11.56050968170166,13.803619384765625,15.616113662719727,3.068683385848999,4.505679607391357,,14.142156600952148,12.71041488647461,20.368091583251953,25.658008575439453,99222.0
2019-08-21,11.652994155883789,14.592575073242188,15.923914909362793,3.068683385848999,4.470993995666504,,14.334318161010742,12.90873908996582,20.52469253540039,25.92841911315918,101202.0
2019-08-22,11.449529647827148,14.51359748840332,15.717105865478516,3.085150718688965,4.401622295379639,,14.509204864501953,12.803747177124023,20.199472427368164,25.608844757080078,100011.0
2019-08-23,11.33854866027832,13.984700202941895,15.375649452209473,3.079663038253784,4.186569690704346,,12.00464153289795,12.389586448669434,19.964595794677734,25.215530395507812,97667.0
2019-08-26,11.048766136169434,13.919367790222168,15.21693229675293,2.9094836711883545,4.1276044845581055,,9.84985065460205,12.226263046264648,19.958560943603516,24.994274139404297,96430.0
2019-08-27,11.098090171813965,13.807358741760254,15.409309387207031,2.947911024093628,4.1276044845581055,,11.620318412780762,12.307928085327148,20.19345474243164,25.086469650268555,97276.0
2019-08-28,11.221403121948242,13.692251205444336,15.317931175231934,3.123579263687134,4.162291049957275,,11.404410362243652,12.372089385986328,20.42230796813965,25.350727081298828,98194.0
2019-08-29,11.283060073852539,14.025142669677734,15.60649585723877,3.019277334213257,4.307971477508545,,12.093162536621094,12.698745727539062,20.53071403503418,26.10049057006836,100524.0
2019-08-30,11.33854866027832,14.386037826538086,15.846966743469238,3.035745620727539,4.179633140563965,,12.317710876464844,13.200396537780762,20.44037437438965,26.125076293945312,101135.0
2019-09-02,11.172076225280762,14.20248031616211,15.683446884155273,3.0856528282165527,4.259410858154297,,12.695554733276367,12.856243133544922,20.18430519104004,25.817800521850586,100626.0
2019-09-03,11.424867630004883,13.938034057617188,15.427902221679688,3.0856528282165527,4.231662273406982,,12.155778884887695,13.048737525939941,19.79869842529297,25.264684677124023,99681.0
2019-09-04,11.363212585449219,14.267815589904785,15.620389938354492,3.096672296524048,4.228193759918213,,12.034868240356445,13.007904052734375,19.93727684020996,25.682592391967773,101201.0
2019-09-05,11.56050968170166,14.765603065490723,15.981308937072754,3.0911643505096436,4.235130786895752,,11.829751968383789,13.007904052734375,20.503637313842773,26.407779693603516,102243.0
2019-09-06,11.554348945617676,15.366053581237793,16.65020179748535,3.0911643505096436,4.325313568115234,,11.464861869812012,13.363726615905762,21.190509796142578,27.0407772064209,102935.0
2019-09-09,11.326217651367188,15.555834770202637,16.86195182800293,3.1462655067443848,4.196976661682129,,10.916448593139648,13.8012113571167,21.70866584777832,27.464824676513672,103181.0
2019-09-10,11.165913581848145,15.29450511932373,16.563587188720703,3.140754222869873,4.231662273406982,,11.063268661499023,13.416220664978027,21.28689956665039,27.58159637451172,103032.0
2019-09-11,11.313887596130371,14.930497169494629,16.49140167236328,3.2454473972320557,4.290628910064697,,11.55986499786377,13.626219749450684,21.190509796142578,27.18212890625,103446.0
2019-09-12,11.27689266204834,15.006451606750488,16.3133487701416,3.306056499481201,4.231662273406982,,11.855660438537598,13.212064743041992,21.323057174682617,27.409513473510742,104371.0
2019-09-13,11.252228736877441,14.737588882446289,16.10161781311035,3.272998094558716,4.231662273406982,,11.872937202453613,12.891240119934082,21.61227035522461,27.778257369995117,103501.0
2019-09-16,11.172076225280762,14.584392547607422,15.889875411987305,3.223405122756958,4.196976661682129,,11.760662078857422,12.337093353271484,21.226655960083008,27.335773468017578,103680.0
2019-09-17,11.19674301147461,14.787607192993164,16.3133487701416,3.2068755626678467,4.179633140563965,,11.972254753112793,12.821245193481445,21.30498695373535,27.70450782775879,104617.0
2019-09-18,11.221403121948242,15.012704849243164,16.361482620239258,3.2454473972320557,4.221256256103516,,12.27021312713623,13.766209602355957,21.238706588745117,27.470975875854492,104532.0
2019-09-19,11.215237617492676,14.621909141540527,16.164169311523438,3.2344257831573486,4.231662273406982,,12.514187812805176,14.145367622375488,20.88322639465332,27.218994140625,104339.0
2019-09-20,11.165913581848145,14.853262901306152,16.448089599609375,3.2454473972320557,4.238598823547363,,12.408394813537598,13.947039604187012,20.937456130981445,27.225143432617188,104817.0
2019-09-23,11.147415161132812,14.781354904174805,16.48177719116211,3.272998094558716,4.210850238800049,,12.306917190551758,13.766209602355957,20.871171951293945,26.9854679107666,104638.0
2019-09-24,11.079593658447266,14.331161499023438,16.270036697387695,3.2895262241363525,4.210850238800049,,12.285322189331055,13.322891235351562,20.654264450073242,27.0407772064209,103876.0
2019-09-25,11.098090171813965,14.237373352050781,16.375905990600586,3.300546169281006,4.242068290710449,,12.373846054077148,13.06623363494873,20.895261764526367,27.38492774963379,104481.0
2019-09-26,11.159744262695312,14.290515899658203,16.611696243286133,3.306056499481201,4.151885032653809,,12.63941764831543,13.124563217163086,21.49778938293457,27.65533447265625,105319.0
2019-09-27,11.159744262695312,14.17484188079834,16.602088928222656,3.2509567737579346,4.138010501861572,,12.546575546264648,13.206230163574219,21.40740966796875,28.165428161621094,105078.0
2019-09-30,11.036436080932617,14.221736907958984,16.322978973388672,3.2895262241363525,4.138010501861572,,12.63941764831543,13.153729438781738,21.10615348815918,27.938037872314453,104745.0
2019-10-01,10.851465225219727,14.052916526794434,16.10161781311035,3.2677276134490967,4.120667934417725,,12.479642868041992,13.048737525939941,20.6269474029541,27.661489486694336,104053.0
2019-10-02,10.586343765258789,13.574583053588867,15.47999095916748,3.2345526218414307,3.9611129760742188,,12.151460647583008,12.82707405090332,20.060344696044922,26.89327621459961,101031.0
2019-10-03,10.77747917175293,14.159212112426758,15.523332595825195,3.2290241718292236,4.006205081939697,,11.691570281982422,12.704583168029785,20.066375732421875,27.28659439086914,101516.0
2019-10-04,10.789811134338379,14.25612735748291,15.682219505310059,3.256671190261841,3.9541757106781006,,11.190656661987305,12.523752212524414,20.162809371948242,27.403366088867188,102551.0
2019-10-07,10.481528282165527,13.693387031555176,15.58110523223877,3.1903200149536133,3.8327760696411133,,10.929403305053711,12.132929801940918,19.789093017578125,26.74579429626465,100573.0
2019-10-08,10.512354850769043,13.446402549743652,15.566661834716797,3.1405575275421143,3.7738099098205566,,11.108611106872559,11.998767852783203,19.704700469970703,26.78881072998047,99981.0
2019-10-09,10.604841232299805,13.818441390991211,16.0096378326416,3.1737334728240967,4.092919826507568,,11.266225814819336,12.430421829223633,20.01814079284668,27.66045570373535,101249.0
2019-10-10,10.820637702941895,13.880971908569336,16.192609786987305,3.168203830718994,4.072107791900635,,11.59441089630127,12.412924766540527,20.162809371948242,28.217130661010742,101817.0
2019-10-11,10.851465225219727,14.140456199645996,16.37557601928711,3.184791326522827,4.054764747619629,,11.83407211303711,12.71041488647461,20.422006607055664,28.40268898010254,103832.0
2019-10-14,10.974778175354004,14.068549156188965,16.60668182373047,3.1903200149536133,4.092919826507568,,12.032708168029785,12.757076263427734,20.765583038330078,28.841842651367188,104302.0
2019-10-15,11.005606651306152,13.874712944030762,16.741504669189453,3.1571462154388428,4.051296234130859,,12.218391418457031,12.68708324432373,20.71736717224121,28.514022827148438,104490.0
2019-10-16,11.27072525024414,14.068549156188965,17.141138076782227,3.1571462154388428,4.089450359344482,,12.563848495483398,12.838741302490234,21.012723922729492,29.039766311645508,105423.0
2019-10-17,11.190573692321777,14.040412902832031,16.852251052856445,3.1626737117767334,3.8848044872283936,,12.600555419921875,12.867905616760254,20.886137008666992,28.65628433227539,105016.0
2019-10-18,11.283060073852539,14.399945259094238,16.76962661743164,3.1737334728240967,3.8154327869415283,,12.56600570678711,12.873738288879395,20.63899803161621,28.27898406982422,104729.0
2019-10-21,11.313887596130371,14.506237030029297,16.888729095458984,3.168203830718994,3.8154327869415283,,12.654532432556152,12.92040729522705,20.976560592651367,28.501657485961914,106022.0
2019-10-22,11.387872695922852,14.818873405456543,17.370141983032227,3.1626737117767334,3.818901777267456,,12.69339656829834,13.06623363494873,21.627561569213867,29.447999954223633,107381.0
2019-10-23,11.344714164733887,14.88139820098877,17.51902198791504,3.1903200149536133,3.9507083892822266,,13.274195671081543,13.153729438781738,21.934967041015625,30.15311622619629,107544.0
2019-10-24,11.307720184326172,14.787607192993164,17.49917221069336,3.1626737117767334,3.9194912910461426,,13.861472129821777,13.311230659484863,22.03744125366211,30.270645141601562,106986.0
2019-10-25,11.320054054260254,14.922037124633789,17.727462768554688,3.1626737117767334,3.9507083892822266,,13.872268676757812,13.270394325256348,22.182111740112305,30.635562896728516,107364.0
2019-10-28,11.449529647827148,15.253435134887695,18.3676815032959,3.151616096496582,3.89867901802063,,13.880904197692871,13.445389747619629,22.483491897583008,30.765457153320312,108187.0
2019-10-29,11.33854866027832,15.212789535522461,18.11457633972168,3.146087884902954,3.818901777267456,,13.721129417419434,13.416220664978027,22.08566665649414,30.258262634277344,107556.0
2019-10-30,11.239900588989258,15.450389862060547,18.198942184448242,3.184791326522827,3.9541757106781006,,13.835564613342285,13.468722343444824,22.224300384521484,29.70159339904785,108408.0
2019-10-31,11.122753143310547,15.053345680236816,17.454504013061523,3.1792635917663574,3.978456497192383,,14.109768867492676,13.042902946472168,21.838525772094727,29.169662475585938,107220.0
2019-11-01,11.498855590820312,14.993943214416504,17.305620193481445,3.1629350185394287,3.85011887550354,,14.200451850891113,13.019569396972656,21.919950485229492,29.182035446166992,108196.0
2019-11-04,11.394038200378418,14.909529685974121,17.324975967407227,3.185131072998047,3.881335973739624,,14.243635177612305,13.06623363494873,21.99229621887207,29.293365478515625,108601.0
2019-11-05,11.19674301147461,15.003326416015625,17.558351516723633,3.174031972885132,3.9194912910461426,,14.543747901916504,12.949573516845703,22.372203826904297,29.664474487304688,108451.0
2019-11-06,11.511185646057129,14.903278350830078,17.464008331298828,3.146287441253662,3.9160215854644775,,14.319207191467285,13.042902946472168,22.070695877075195,29.373769760131836,108336.0
2019-11-07,11.375539779663086,14.903278350830078,17.50870132446289,3.1795811653137207,3.9056167602539062,,14.429317474365234,12.838741302490234,22.20336151123047,29.404693603515625,109581.0
2019-11-08,11.363212585449219,14.69382095336914,17.00220489501953,3.1351888179779053,3.968050003051758,,14.666821479797363,12.815408706665039,21.871685028076172,28.91607093811035,107629.0
2019-11-11,11.406371116638184,14.76884651184082,16.96248435974121,3.15183687210083,3.8778672218322754,,14.49625015258789,12.587915420532227,21.96817970275879,28.835660934448242,108215.0
2019-11-12,11.239900588989258,14.60627555847168,16.803586959838867,3.146287441253662,3.9541757106781006,,14.366703987121582,12.505833625793457,21.594301223754883,28.316091537475586,106785.0
2019-11-13,11.202902793884277,14.365550994873047,16.629779815673828,3.1629350185394287,3.8778672218322754,,13.902495384216309,12.186986923217773,21.377208709716797,27.784162521362305,105914.0
2019-11-14,11.307720184326172,14.540621757507324,16.560270309448242,3.1573851108551025,4.092919826507568,,14.416362762451172,12.216512680053711,21.515907287597656,28.10580062866211,106557.0
2019-11-18,11.227568626403809,14.546880722045898,16.451026916503906,3.190680503845215,4.006205081939697,,14.448752403259277,12.092514991760254,21.419424057006836,28.384132385253906,106347.0
2019-11-19,11.326217651367188,14.315528869628906,16.421228408813477,3.190680503845215,4.1067938804626465,,14.789886474609375,12.104323387145996,21.18424415588379,28.050127029418945,105618.0
2019-11-21,11.369375228881836,14.499985694885254,16.515581130981445,3.1795811653137207,4.1276044845581055,,15.159097671508789,12.299174308776855,21.401330947875977,28.316091537475586,107497.0
2019-11-22,11.307720184326172,14.73160457611084,16.788684844970703,3.2017765045166016,4.15535306930542,,15.30159854888916,12.263748168945312,21.546062469482422,28.514022827148438,108692.0
2019-11-25,11.424867630004883,14.684340476989746,16.704275131225586,3.1629350185394287,4.144947052001953,,15.09864330291748,12.246033668518066,21.238513946533203,28.35321044921875,108424.0
2019-11-26,11.110421180725098,14.495272636413574,16.346752166748047,3.140738010406494,4.335719585418701,,14.537274360656738,11.809096336364746,20.804340362548828,27.858386993408203,107059.0
2019-11-27,11.147415161132812,14.917519569396973,16.619850158691406,3.185131072998047,4.314907073974609,,14.789886474609375,11.921284675598145,20.924942016601562,27.549121856689453,107708.0
2019-11-28,11.221403121948242,14.999454498291016,16.490745544433594,3.1629350185394287,4.332250595092773,,14.80068588256836,11.897666931152344,20.86463737487793,27.388301849365234,108290.0
2019-11-29,11.344714164733887,15.065630912780762,16.57020378112793,3.1795811653137207,4.325313568115234,4.386711597442627,15.012274742126465,11.88585376739502,20.985254287719727,27.338825225830078,108233.0
2019-12-02,11.357044219970703,14.945884704589844,16.6794376373291,3.1687633991241455,4.3010334968566895,4.485935688018799,14.912958145141602,11.809096336364746,21.28386878967285,27.57386589050293,109061.0
2019-12-03,11.320054054260254,15.248387336730957,16.738554000854492,3.1743338108062744,4.231662273406982,4.480712890625,14.794205665588379,11.761862754821777,21.289907455444336,27.49964141845703,108956.0
2019-12-04,11.43103313446045,15.468972206115723,17.170799255371094,3.1631953716278076,4.318376541137695,4.433712482452393,15.105120658874512,11.927189826965332,22.056076049804688,27.771791458129883,110301.0
2019-12-05,11.511185646057129,15.336627960205078,17.240358352661133,3.157626152038574,4.4293718338012695,4.371045112609863,15.24113941192627,12.062994956970215,22.025909423828125,28.081056594848633,110622.0
2019-12-06,11.363212585449219,15.273604393005371,17.046592712402344,3.1743338108062744,4.439776420593262,4.360601425170898,15.949336051940918,12.015754699707031,21.627737045288086,27.604793548583984,111126.0
2019-12-09,11.50501823425293,15.320867538452148,17.190671920776367,3.202178478240967,4.40509033203125,4.444156169891357,16.568988800048828,12.157469749450684,22.050039291381836,27.505823135375977,110977.0
2019-12-10,11.659162521362305,15.100288391113281,17.13106346130371,3.1966097354888916,4.457120418548584,4.532936096191406,16.00546646118164,12.104323387145996,21.730295181274414,27.555307388305664,110672.0
2019-12-11,11.696155548095703,15.078228950500488,17.031696319580078,3.2133147716522217,4.387747287750244,4.65304708480835,15.735576629638672,12.08660888671875,21.476917266845703,27.413053512573242,110964.0
2019-12-12,12.010599136352539,15.469210624694824,17.260238647460938,3.2133147716522217,4.439776420593262,4.882828712463379,16.132856369018555,12.293270111083984,21.470890045166016,27.369749069213867,112200.0
2019-12-13,11.93661117553711,15.349023818969727,17.290054321289062,3.341402292251587,4.422434329986572,5.086496353149414,16.1285343170166,12.163372039794922,21.92839241027832,27.54294204711914,112565.0
2019-12-16,11.93661117553711,15.140276908874512,16.986984252929688,3.3024208545684814,4.474462032318115,4.987273693084717,16.16092300415039,12.234222412109375,21.42713737487793,27.98827362060547,111896.0
2019-12-17,12.072256088256836,15.481855392456055,17.299983978271484,3.3079898357391357,4.474462032318115,4.9350504875183105,16.193309783935547,12.340505599975586,21.75326156616211,27.889312744140625,112616.0
2019-12-18,12.05992603302002,16.01636505126953,17.781919479370117,3.319127321243286,4.470993995666504,4.9611616134643555,16.1004695892334,12.511739730834961,22.031064987182617,28.810916900634766,114315.0
2019-12-19,12.251060485839844,16.18083381652832,18.109832763671875,3.341402292251587,4.505679607391357,4.924605846405029,16.40274429321289,12.375934600830078,22.1397705078125,28.953174591064453,115131.0
2019-12-20,12.331212997436523,16.149208068847656,18.005767822265625,3.341402292251587,4.526491165161133,4.8046698570251465,16.316377639770508,12.393646240234375,22.043148040771484,29.23151969909668,115121.0
2019-12-23,12.405200958251953,16.636276245117188,18.11676788330078,3.39152455329895,4.457120418548584,4.874380588531494,16.01409912109375,12.694779396057129,22.24848175048828,29.20058822631836,115863.0
2019-12-26,12.436027526855469,16.826045989990234,18.34378433227539,3.497333526611328,4.5438337326049805,5.094236373901367,16.333650588989258,12.812870979309082,22.5866641998291,29.71396255493164,117203.0
2019-12-27,12.380533218383789,16.7533016204834,18.273143768310547,3.480628728866577,4.578519821166992,5.147859573364258,16.137174606323242,12.812870979309082,22.526277542114258,29.880964279174805,116534.0
2019-12-30,12.448357582092285,16.705860137939453,18.247920989990234,3.5084726810455322,4.495273590087891,5.249744415283203,16.32285499572754,12.783348083496094,22.405502319335938,30.493314743041992,115964.0
2020-01-02,12.823846817016602,17.01581382751465,18.923965454101562,3.6484761238098145,4.557708263397217,5.142498016357422,16.36819839477539,13.131714820861816,22.976428985595703,31.569534301757812,118573.0
2020-01-03,13.108116149902344,16.987342834472656,18.933536529541016,3.6428890228271484,4.6999192237854,5.0995988845825195,16.41569709777832,13.0431489944458,22.734771728515625,31.550983428955078,117707.0
2020-01-06,13.025993347167969,16.762788772583008,18.595340728759766,3.6484761238098145,4.6860456466674805,4.981627941131592,16.39194679260254,13.019532203674316,22.39643669128418,30.697195053100586,116878.0
2020-01-07,12.861747741699219,16.636276245117188,18.27230453491211,3.6484761238098145,4.6929826736450195,4.986990451812744,16.45734977722168,13.078577041625977,21.876850128173828,30.632583618164062,116662.0
2020-01-08,12.823846817016602,16.484458923339844,17.989648818969727,3.7043497562408447,4.738073825836182,4.960178375244141,16.311494827270508,12.795156478881836,21.520383834838867,30.393524169921875,116247.0
2020-01-09,12.823846817016602,16.149208068847656,17.701927185058594,3.7378733158111572,4.741542339324951,4.976263999938965,16.422515869140625,12.629829406738281,21.091432571411133,29.818471908569336,115947.0
2020-01-10,12.811209678649902,15.76967716217041,17.378873825073242,3.8663790225982666,4.682577610015869,4.986990451812744,16.653268814086914,12.352317810058594,20.904138565063477,29.689247131347656,115503.0
2020-01-13,13.000723838806152,15.94678783416748,17.56564712524414,3.8719663619995117,4.75194787979126,5.233658790588379,16.696800231933594,12.488121032714844,21.18206024169922,30.057531356811523,117325.0
2020-01-14,12.880697250366211,15.861396789550781,17.545454025268555,3.8663790225982666,4.856006145477295,5.26046895980835,16.37897491455078,12.452695846557617,21.18206024169922,29.644018173217773,117632.0
2020-01-15,12.69118595123291,15.57042121887207,17.237546920776367,3.899902582168579,4.887222766876221,5.281919002532959,16.23965835571289,12.263748168945312,20.92227554321289,29.243423461914062,116414.0
2020-01-16,12.79226016998291,15.64000129699707,17.48487663269043,3.8887267112731934,5.0398406982421875,5.308730602264404,16.03285026550293,12.275559425354004,20.964561462402344,29.18528175354004,116704.0
2020-01-17,13.619805335998535,15.851903915405273,17.893733978271484,3.8775551319122314,5.08146333694458,5.448152542114258,16.681562423706055,12.434981346130371,21.10955810546875,29.792634963989258,118478.0
2020-01-20,13.89144515991211,15.75069808959961,17.545454025268555,3.9166641235351562,5.046777725219727,5.5232253074646,16.653268814086914,12.464503288269043,20.68059539794922,29.5341854095459,118862.0
2020-01-21,14.219934463500977,15.295254707336426,16.95992088317871,3.8216817378997803,5.0398406982421875,5.5232253074646,16.73598861694336,12.216512680053711,20.239559173583984,28.390546798706055,117026.0
2020-01-22,14.13781452178955,15.415444374084473,17.02049446105957,3.8887267112731934,5.03290319442749,5.458877086639404,16.527002334594727,12.216512680053711,20.360383987426758,28.112712860107422,118391.0
2020-01-23,14.630552291870117,16.282045364379883,17.4697322845459,3.9166641235351562,5.043307781219482,5.469601154327393,17.066875457763672,12.629829406738281,20.84372329711914,28.726533889770508,119528.0
2020-01-24,14.548428535461426,16.066974639892578,17.33849334716797,4.022820949554443,5.126554012298584,5.5232253074646,17.014629364013672,12.594403266906738,20.686635971069336,28.519771575927734,118376.0
2020-01-27,14.213621139526367,15.908842086791992,16.939739227294922,3.9278409481048584,5.098805904388428,5.46423864364624,16.331087112426758,12.228320121765137,20.239559173583984,28.416391372680664,114482.0
2020-01-28,14.333646774291992,16.03850746154785,16.95992088317871,3.9669504165649414,5.116148948669434,5.469601154327393,16.374624252319336,12.305079460144043,20.23351287841797,28.054567337036133,116479.0
2020-01-29,14.118861198425293,15.643163681030273,16.71764373779297,4.017233848571777,5.133492469787598,5.308730602264404,16.415985107421875,12.163372039794922,19.919353485107422,27.41490364074707,115385.0
2020-01-30,13.897761344909668,15.75069808959961,16.884212493896484,3.9669504165649414,5.327731609344482,5.185396671295166,16.080745697021484,12.104323387145996,20.2093505859375,27.272756576538086,115528.0
2020-01-31,13.714564323425293,15.352179527282715,16.60154914855957,3.9222540855407715,5.3346686363220215,5.121048450469971,16.167816162109375,11.862237930297852,19.828733444213867,27.007844924926758,113761.0
2020-02-03,14.371552467346191,15.428093910217285,16.707551956176758,3.9565532207489014,5.237549781799316,5.163947582244873,16.431224822998047,11.90356731414795,19.886146545410156,27.195220947265625,114629.0
2020-02-04,14.41576862335205,15.260465621948242,16.71712303161621,4.0910539627075195,5.3034515380859375,5.174671649932861,16.324554443359375,11.921284675598145,20.043302536010742,27.16938591003418,115557.0
2020-02-05,15.003265380859375,15.94046401977539,17.04036521911621,4.197532653808594,5.528909206390381,5.1961212158203125,17.071231842041016,12.299174308776855,20.164194107055664,27.395519256591797,116028.0
2020-02-06,14.2262544631958,15.671621322631836,16.8433895111084,4.147095203399658,5.653778076171875,5.1961212158203125,16.98198127746582,11.938994407653809,20.11583709716797,26.975543975830078,115190.0
2020-02-07,13.866177558898926,15.6874361038208,17.035308837890625,4.253576755523682,5.702338218688965,5.088873863220215,16.768644332885742,11.519773483276367,20.375747680664062,26.878618240356445,113770.0
2020-02-10,13.417654037475586,15.532461166381836,17.217132568359375,4.2199506759643555,5.549720287322998,4.928003787994385,16.000198364257812,11.454825401306152,20.720285415649414,27.54412841796875,112570.0
2020-02-11,13.613487243652344,16.231441497802734,17.3686466217041,4.270386219024658,5.549720287322998,4.954814910888672,16.59666633605957,11.720524787902832,21.197786331176758,28.00287437438965,115371.0
2020-02-12,13.695611000061035,16.326326370239258,17.136327743530273,4.152699947357178,5.463006973266602,4.928003787994385,17.173545837402344,11.744149208068848,21.113162994384766,27.789653778076172,116674.0
2020-02-13,13.657708168029785,16.073299407958984,16.80803871154785,4.191929817199707,5.289577484130859,4.911916732788086,17.770017623901367,11.513870239257812,20.786758422851562,26.814008712768555,115662.0
2020-02-14,13.398704528808594,15.766509056091309,16.429258346557617,4.130283832550049,5.03290319442749,4.048577785491943,16.84265899658203,11.259973526000977,20.436193466186523,26.52972412109375,114381.0
2020-02-17,13.55031681060791,15.52929973602295,16.292890548706055,4.11907434463501,5.064120769500732,3.968142509460449,16.80129623413086,11.478445053100586,20.248811721801758,26.432796478271484,115309.0
2020-02-18,13.284996032714844,15.677947044372559,16.229143142700195,4.163906574249268,5.057183265686035,3.8555333614349365,16.235309600830078,11.425302505493164,20.33343505859375,26.303577423095703,114977.0
2020-02-19,13.657708168029785,15.715904235839844,16.461931228637695,4.130283832550049,5.182051181793213,3.8877065181732178,15.967547416687012,11.649673461914062,20.623563766479492,26.71063232421875,116518.0
2020-02-20,13.708245277404785,15.55460262298584,16.224082946777344,4.018199443817139,5.220206260681152,3.9413304328918457,16.04373550415039,11.389875411987305,20.5510311126709,26.74939727783203,114586.0
2020-02-21,13.52504825592041,15.567252159118652,16.097564697265625,3.995784044265747,5.542783737182617,3.8608951568603516,15.67801284790039,11.43710708618164,20.35588264465332,26.15497398376465,113681.0
2020-02-26,12.703819274902344,14.434006690979004,15.232218742370605,3.810844898223877,5.338137149810791,3.582052230834961,14.40453052520752,10.634092330932617,19.340578079223633,24.623666763305664,105718.0
2020-02-27,12.400591850280762,14.612709999084473,15.166433334350586,3.8949062824249268,5.458052635192871,3.485530376434326,14.583036422729492,10.427433967590332,19.353038787841797,25.056564331054688,102984.0
2020-02-28,12.621694564819336,14.954178810119629,15.449822425842285,3.872490406036377,5.396441459655762,3.351471185684204,14.326163291931152,10.716757774353027,19.932321548461914,25.11471176147461,104172.0
2020-03-02,12.514304161071777,15.046725273132324,15.657296180725098,3.9912173748016357,5.436307430267334,3.485530376434326,14.413238525390625,11.10645580291748,19.866884231567383,25.153478622436523,106625.0
2020-03-03,12.25529956817627,14.606330871582031,15.251691818237305,3.9068984985351562,5.436307430267334,3.512343168258667,14.003983497619629,10.657710075378418,19.505455017089844,24.89504051208496,105537.0
2020-03-04,12.19212818145752,14.622293472290039,15.418789863586426,3.918142318725586,5.534160614013672,3.485530376434326,14.35881519317627,10.539620399475098,19.692398071289062,24.791654586791992,107224.0
2020-03-05,11.591997146606445,13.757460594177246,14.91242790222168,3.8113346099853516,5.396441459655762,3.410457134246826,13.363974571228027,9.890117645263672,19.019371032714844,24.332914352416992,102233.0
2020-03-06,11.370896339416504,13.498969078063965,14.487075805664062,3.682041645050049,5.178988933563232,3.174514055252075,12.299470901489258,9.754315376281738,18.614301681518555,23.486494064331055,97997.0
2020-03-09,10.157998085021973,12.008657455444336,13.443978309631348,3.4459388256073,4.899925231933594,2.79914927482605,10.446934700012207,8.419886589050293,17.324329376220703,20.96661949157715,86067.0
2020-03-10,10.549665451049805,12.640525817871094,13.76804256439209,3.5415050983428955,5.073887825012207,2.863497495651245,10.914965629577637,9.683460235595703,17.754322052001953,21.703195571899414,92214.0
2020-03-11,9.943216323852539,11.549118995666504,12.654045104980469,3.3447554111480713,5.030396461486816,2.573929786682129,9.667603492736816,9.591666221618652,16.308547973632812,19.900516510009766,85171.0
2020-03-12,8.812444686889648,10.022887229919434,10.957721710205078,2.9793601036071777,4.783950328826904,2.5203065872192383,7.0705647468566895,8.356739044189453,14.706982612609863,17.2191162109375,72583.0
2020-03-13,9.665260314941406,11.70352840423584,12.805957794189453,3.142383337020874,4.693345546722412,2.7348005771636963,9.042832374572754,9.11208438873291,16.33347511291504,19.364242553710938,82678.0
2020-03-16,8.21863079071045,9.750265121459961,10.977972030639648,2.951253890991211,4.167835712432861,2.284363031387329,7.684447765350342,8.16490650177002,14.831623077392578,17.051128387451172,71168.0
2020-03-17,8.521855354309082,10.221741676330566,11.859058380126953,3.0355753898620605,4.167835712432861,2.1985652446746826,7.619142055511475,8.86629581451416,15.704063415527344,17.832937240600586,74617.0
2020-03-18,7.359496116638184,8.534687995910645,10.47667407989502,2.78261137008667,3.9648799896240234,1.8232004642486572,6.966072082519531,7.595401763916016,14.613509178161621,16.6634521484375,66895.0
2020-03-19,7.6121826171875,8.201126098632812,10.507057189941406,2.7994749546051025,3.736556053161621,2.128854751586914,7.194646835327148,7.631368160247803,14.239598274230957,16.385622024536133,68332.0
2020-03-20,7.422667980194092,7.890018463134766,9.742451667785645,2.7601256370544434,3.805415391921997,2.1771161556243896,6.598177433013916,7.163774013519287,13.741053581237793,16.540691375732422,67069.0
2020-03-23,6.967831611633301,7.097808361053467,8.9474515914917,2.664560556411743,3.6930646896362305,1.9036357402801514,5.683879375457764,6.486365795135498,12.787598609924316,15.707199096679688,63570.0
2020-03-24,7.28369140625,8.313383102416992,10.29438304901123,2.7545037269592285,3.5734658241271973,1.9358097314834595,7.096685886383057,6.965947151184082,14.021484375,17.81355094909668,69729.0
2020-03-25,8.528172492980957,9.310864448547363,11.064055442810059,2.872554302215576,3.725682020187378,2.091317892074585,7.44716739654541,7.229719638824463,14.706982612609863,19.079944610595703,74956.0
2020-03-26,8.945103645324707,9.779129028320312,11.29698371887207,2.8894190788269043,3.906893491744995,2.150304079055786,8.104592323303223,7.463514804840088,15.112049102783203,19.49346160888672,77710.0
2020-03-27,8.742955207824707,9.057480812072754,10.562758445739746,2.810718536376953,3.801790952682495,2.0966806411743164,7.923908233642578,7.307652473449707,14.314376831054688,17.5938720703125,73429.0
2020-03-30,8.610294342041016,9.298032760620117,10.891895294189453,2.827583074569702,3.935887098312378,2.016245126724243,7.854247093200684,7.391576766967773,15.024799346923828,18.220605850219727,74640.0
2020-03-31,8.363926887512207,8.94522476196289,10.517187118530273,2.827583074569702,3.8706514835357666,1.9358097314834595,7.32308292388916,7.151783466339111,14.389164924621582,17.44526481628418,73020.0
2020-04-01,8.054384231567383,8.566763877868652,10.056390762329102,2.766167163848877,3.682192325592041,1.9304475784301758,6.5306925773620605,6.7081708908081055,13.344661712646484,15.985026359558105,70967.0
2020-04-02,7.839601516723633,8.666190147399902,10.111625671386719,2.737941265106201,3.67856764793396,1.9840712547302246,6.946481227874756,6.744137763977051,13.407022476196289,16.482545852661133,72253.0
2020-04-03,7.454254150390625,8.178677558898926,9.736557960510254,2.7097151279449463,3.587963342666626,2.144941806793213,7.033557415008545,6.666207790374756,12.88321304321289,15.4164400100708,69538.0
2020-04-06,7.997530460357666,8.9356050491333,10.659026145935059,2.766167163848877,3.8996450901031494,2.2361018657684326,7.662680149078369,7.145791530609131,13.8310546875,16.889598846435547,74073.0
2020-04-07,8.382875442504883,9.355765342712402,11.059431076049805,2.833909511566162,3.7401793003082275,2.225377321243286,8.204727172851562,7.205740928649902,14.342402458190918,17.677860260009766,76358.0
2020-04-08,8.243900299072266,9.535372734069824,11.35340404510498,2.9072980880737305,3.9467592239379883,2.359435558319092,8.746774673461914,7.505480766296387,15.07822036743164,17.916927337646484,78625.0
2020-04-09,8.591341972351074,9.509716033935547,11.348331451416016,2.896008253097534,3.9467592239379883,2.4023349285125732,9.088546752929688,7.883147716522217,14.654184341430664,17.820009231567383,77682.0
2020-04-13,8.635563850402832,9.698948860168457,11.64230728149414,2.8903627395629883,4.040988445281982,2.5203065872192383,8.76201343536377,7.943098545074463,14.965973854064941,18.27875328063965,78836.0
2020-04-14,8.806127548217773,9.689325332641602,11.769527435302734,2.9806857109069824,4.276562213897705,2.6007421016693115,8.807729721069336,8.15291690826416,15.153045654296875,18.220605850219727,79918.0
2020-04-15,8.888249397277832,9.509716033935547,11.42943286895752,2.9355244636535645,4.0228681564331055,2.654365301132202,8.70323657989502,7.811212062835693,14.591818809509277,17.393571853637695,78831.0
2020-04-16,8.79349136352539,9.237092971801758,11.133939743041992,2.862135887145996,4.0228681564331055,2.5685677528381348,8.624868392944336,7.6853227615356445,14.223910331726074,16.72160530090332,77812.0
2020-04-17,8.894567489624023,9.487263679504395,11.351380348205566,2.8395559787750244,4.131593227386475,2.627553939819336,8.881741523742676,7.787235260009766,14.47957706451416,17.12220573425293,78990.0
2020-04-20,8.812444686889648,9.298032760620117,10.983405113220215,2.862135887145996,4.004746437072754,2.611466407775879,8.674939155578613,7.637362957000732,14.117899894714355,16.766834259033203,78973.0
2020-04-22,9.191475868225098,9.256336212158203,10.944381713867188,2.862135887145996,4.0228681564331055,2.606104612350464,9.184330940246582,7.781239032745361,13.949531555175781,16.411466598510742,80687.0
2020-04-23,9.001957893371582,8.996543884277344,10.788269996643066,2.8000380992889404,3.950382947921753,2.6972646713256836,8.838203430175781,7.601395130157471,13.749982833862305,16.172405242919922,79673.0
2020-04-24,8.401827812194824,7.793797492980957,9.946398735046387,2.7435858249664307,3.8706514835357666,2.461320638656616,8.130712509155273,7.115816593170166,13.02039623260498,15.14506721496582,75331.0
2020-04-27,8.509220123291016,8.239616394042969,10.236309051513672,2.8169727325439453,4.0192437171936035,2.509582042694092,8.742422103881836,7.29565954208374,13.450671195983887,15.804116249084473,78239.0
2020-04-28,9.065130233764648,9.346142768859863,11.133939743041992,2.867781400680542,3.8634026050567627,2.654365301132202,9.534811973571777,7.553439140319824,14.560643196105957,17.587406158447266,81312.0
2020-04-29,9.178840637207031,9.480851173400879,11.507485389709473,2.9637503623962402,3.961256504058838,2.6811769008636475,9.521751403808594,7.8951416015625,14.753952026367188,18.233531951904297,83171.0
2020-04-30,9.027228355407715,9.140872955322266,10.676765441894531,2.8564910888671875,3.881523370742798,2.611466407775879,9.10161018371582,7.517470359802246,14.198978424072266,17.44526481628418,80506.0
2020-05-04,8.458683967590332,8.903531074523926,10.202859878540039,2.8231611251831055,3.874274730682373,2.5042192935943604,8.970995903015137,7.241708755493164,13.659212112426758,16.631153106689453,78876.0
2020-05-05,8.471317291259766,8.916360855102539,10.21345043182373,2.834500312805176,3.950382947921753,2.493495225906372,8.988410949707031,7.313644886016846,14.164650917053223,16.243480682373047,79471.0
2020-05-06,8.237582206726074,8.656567573547363,10.00136661529541,2.857175827026367,3.877898693084717,2.455958366394043,8.59874439239502,7.37959098815918,13.87761402130127,16.094865798950195,79064.0
2020-05-07,8.010164260864258,8.422432899475098,9.57162094116211,2.868514060974121,3.667695999145508,2.3487112522125244,8.1220064163208,7.0798468589782715,13.378412246704102,15.448750495910645,78119.0
2020-05-08,8.149141311645508,8.691847801208496,10.00136661529541,2.880074977874756,3.6278295516967773,2.4023349285125732,8.145950317382812,7.4095611572265625,13.927526473999023,15.950662612915039,80263.0
2020-05-11,7.675354957580566,8.746371269226074,9.850675582885742,2.8570327758789062,3.4176251888275146,2.300450325012207,8.071937561035156,7.169768810272217,13.9649658203125,16.120420455932617,79065.0
2020-05-12,7.517426490783691,8.438468933105469,9.543716430664062,2.828232526779175,3.6495745182037354,2.1824779510498047,7.943499565124512,6.720160961151123,13.48449420928955,15.173698425292969,77872.0
2020-05-13,7.580596446990967,8.194710731506348,9.45999813079834,2.8512728214263916,3.533599853515625,2.1395797729492188,8.174250602722168,6.642228603363037,13.478259086608887,15.00394344329834,77772.0
2020-05-14,7.441619396209717,8.54751968383789,9.979039192199707,2.8224737644195557,3.537224054336548,2.241464376449585,8.298333168029785,6.678198337554932,14.071043968200684,15.6307373046875,79011.0
2020-05-15,7.384765148162842,8.387152671813965,9.549293518066406,2.833993434906006,3.6930646896362305,2.144941806793213,8.139420509338379,6.738144397735596,13.496980667114258,14.99088191986084,77557.0
2020-05-18,7.675354957580566,8.788065910339355,10.05159854888916,2.880074977874756,3.72930645942688,2.246826171875,8.866500854492188,6.977936267852783,14.145931243896484,16.022483825683594,81194.0
2020-05-19,7.738527297973633,8.550727844238281,9.755796432495117,2.8858349323272705,3.6495745182037354,2.241464376449585,9.034125328063965,6.726157188415527,13.534407615661621,15.34998893737793,80742.0
2020-05-20,8.010164260864258,8.765618324279785,9.856257438659668,2.897355556488037,3.67856764793396,2.2361018657684326,9.354129791259766,6.92997932434082,13.478259086608887,15.51973819732666,81319.0
2020-05-21,8.37024211883545,9.384632110595703,10.403207778930664,2.91463565826416,3.7691729068756104,2.2092902660369873,10.229241371154785,7.091838836669922,14.252007484436035,16.35546875,83027.0
2020-05-22,8.452366828918457,9.14408016204834,10.464600563049316,2.8858349323272705,3.7148094177246094,2.1824779510498047,10.028966903686523,7.001917839050293,14.326883316040039,16.068185806274414,82173.0
2020-05-25,8.812444686889648,10.103072166442871,11.206890106201172,3.0010368824005127,4.0228681564331055,2.2950875759124756,10.871426582336426,7.487493991851807,14.950884819030762,16.916973114013672,85663.0
2020-05-26,8.635563850402832,9.875350952148438,10.721330642700195,2.9088752269744873,3.9902498722076416,2.3272621631622314,10.71251392364502,7.421550750732422,14.358083724975586,16.41423225402832,85469.0
2020-05-27,8.83139705657959,9.910632133483887,10.905506134033203,2.954956293106079,4.146090507507324,2.4881319999694824,11.078231811523438,7.631368160247803,14.80735969543457,16.91044807434082,87946.0
2020-05-28,8.844029426574707,9.875350952148438,10.65993881225586,2.9952778816223145,4.20407772064209,2.49885630607605,10.795235633850098,7.643360614776611,14.545283317565918,16.472993850708008,86949.0
2020-05-29,8.844029426574707,9.891386985778809,10.576221466064453,3.0931994915008545,4.20407772064209,2.493495225906372,10.631966590881348,7.517470359802246,14.376805305480957,16.44034767150879,87403.0
2020-06-01,8.875616073608398,10.199288368225098,11.050615310668945,3.127761125564575,4.171460151672363,2.611466407775879,10.914965629577637,7.865167140960693,14.773298263549805,17.37401008605957,88620.0
2020-06-02,8.856663703918457,10.526435852050781,11.547237396240234,3.242964029312134,4.2584404945373535,2.7133517265319824,12.040421485900879,8.074986457824707,15.766097068786621,18.36644172668457,91046.0
2020-06-03,9.12198543548584,11.1454496383667,12.061192512512207,3.4388084411621094,4.392536640167236,2.9492948055267334,12.952539443969727,8.584541320800781,16.184444427490234,19.189115524291992,93002.0
2020-06-04,9.317816734313965,11.206391334533691,12.234375953674316,3.4157702922821045,4.783950328826904,2.997556447982788,13.115806579589844,8.794358253479004,16.652734756469727,19.87466812133789,93829.0
2020-06-05,9.513649940490723,11.28978157043457,12.45783519744873,3.5079307556152344,4.8274407386779785,3.0458171367645264,13.113632202148438,9.11208438873291,17.021137237548828,20.325183868408203,94637.0
2020-06-08,9.621040344238281,11.6714506149292,13.11145305633545,3.5540125370025635,4.965160369873047,3.212050199508667,14.371874809265137,9.208000183105469,17.707983016967773,21.108678817749023,97645.0
2020-06-09,9.475748062133789,11.47901439666748,12.820954322814941,3.4906516075134277,4.92891788482666,3.153064250946045,14.276095390319824,9.11208438873291,17.35831069946289,20.821399688720703,96747.0
2020-06-10,9.437844276428223,10.97225570678711,12.223199844360352,3.4906516075134277,4.961535453796387,2.9707443714141846,13.792823791503906,8.632909774780273,16.602792739868164,19.80284881591797,94686.0
2020-06-12,9.223060607910156,10.696423530578613,12.083539009094238,3.4906516075134277,4.783950328826904,2.922482967376709,13.716631889343262,8.469108581542969,16.27186393737793,19.535154342651367,92795.0
2020-06-15,9.311500549316406,10.606620788574219,11.815390586853027,3.4733710289001465,4.63898229598999,2.8742218017578125,13.237714767456055,8.475173950195312,15.890970230102539,19.130352020263672,92376.0
2020-06-16,9.380987167358398,10.744538307189941,12.307003021240234,3.513690710067749,4.7078423500061035,2.9063963890075684,13.692686080932617,8.499444961547852,16.34678840637207,19.828964233398438,93531.0
2020-06-17,9.728434562683105,11.065267562866211,12.50252914428711,3.5079307556152344,4.92891788482666,2.8581349849700928,13.886431694030762,9.03331470489502,16.552837371826172,20.22724723815918,95547.0
2020-06-18,9.854778289794922,11.03319263458252,12.45783519744873,3.5079307556152344,4.925295352935791,2.8527727127075195,15.075016975402832,9.045443534851074,17.20221710205078,20.050962448120117,96125.0
2020-06-19,9.785289764404297,10.885656356811523,12.491353034973145,3.513690710067749,5.015899181365967,2.842047691345215,15.673663139343262,8.911977767944336,17.539392471313477,20.01177978515625,96572.0
2020-06-22,9.703165054321289,10.661147117614746,12.055606842041016,3.513690710067749,5.001403331756592,3.0029184818267822,16.54224395751953,8.911977767944336,16.996164321899414,20.103193283081055,95336.0
2020-06-23,9.854778289794922,10.754157066345215,12.03884506225586,3.5252127647399902,4.968785762786865,2.9707443714141846,17.079938888549805,8.905912399291992,16.771377563476562,19.75061798095703,95975.0
2020-06-24,9.096717834472656,10.333998680114746,11.647797584533691,3.513690710067749,4.976033687591553,2.88494610786438,16.696800231933594,8.463041305541992,16.134489059448242,18.836544036865234,94377.0
2020-06-25,9.077766418457031,10.587376594543457,11.927118301391602,3.4848902225494385,4.976033687591553,2.863497495651245,16.74034309387207,8.535844802856445,16.328054428100586,19.202167510986328,95983.0
2020-06-26,8.951421737670898,10.205704689025879,11.5584135055542,3.4791312217712402,5.0050272941589355,2.724076271057129,15.819514274597168,8.29317569732666,16.053319931030273,18.50355339050293,93834.0
2020-06-29,8.907201766967773,10.72529125213623,11.960640907287598,3.4733710289001465,5.117376804351807,2.8795840740203857,16.47911262512207,8.450911521911621,16.53410530090332,18.967121124267578,95735.0
2020-06-30,8.894567489624023,10.311548233032227,11.564002990722656,3.4733710289001465,5.110128879547119,2.8956716060638428,16.805641174316406,8.22037410736084,15.890970230102539,18.294618606567383,95056.0
2020-07-01,8.869298934936523,10.606620788574219,11.820975303649902,3.4848902225494385,5.215230464935303,2.938570261001587,16.631498336791992,8.384175300598145,16.306446075439453,18.588430404663086,96203.0
2020-07-02,8.78085994720459,10.63548755645752,11.859542846679688,3.4676103591918945,5.236976146697998,2.943932294845581,17.19748878479004,8.560110092163086,16.587594985961914,18.732074737548828,96235.0
2020-07-03,8.938790321350098,10.744538307189941,11.93782901763916,3.461848735809326,5.29133939743042,2.954658031463623,17.308515548706055,8.651111602783203,16.55635643005371,18.575376510620117,96765.0
2020-07-06,9.229378700256348,11.119792938232422,12.664717674255371,3.4676103591918945,5.378320693969727,2.9278457164764404,17.41518211364746,8.905912399291992,17.324813842773438,19.437213897705078,98937.0
2020-07-07,9.115668296813965,10.67397689819336,12.139121055603027,3.450329065322876,5.32758092880249,2.8742218017578125,17.621986389160156,8.566176414489746,16.475135803222656,18.621082305908203,97761.0
2020-07-08,9.216742515563965,10.93376636505127,12.552889823913574,3.456089496612549,5.323956489562988,2.960019588470459,18.503625869750977,8.802778244018555,16.831260681152344,19.26093292236328,99770.0
2020-07-09,9.450477600097656,10.892072677612305,12.273314476013184,3.461848735809326,5.323956489562988,2.9278457164764404,18.03777313232422,8.66324520111084,16.83750343322754,18.934476852416992,99160.0
2020-07-10,9.501014709472656,10.94980525970459,12.452242851257324,3.4388084411621094,5.29133939743042,2.9492948055267334,18.590707778930664,8.717843055725098,16.993680953979492,18.95406150817871,100032.0
2020-07-13,9.418891906738281,10.840752601623535,12.27890682220459,3.456089496612549,5.269593715667725,2.9332079887390137,18.494924545288086,8.857378959655762,16.7437744140625,18.53619956970215,98697.0
2020-07-14,9.32413387298584,11.01716136932373,12.48578929901123,3.450329065322876,5.29133939743042,2.9332079887390137,18.15532875061035,8.772444725036621,17.024930953979492,18.803895950317383,100440.0
2020-07-15,9.475748062133789,11.126206398010254,12.692671775817871,3.456089496612549,5.255096435546875,2.965381383895874,18.281587600708008,9.354849815368652,17.14363670349121,19.195642471313477,101791.0
2020-07-16,9.469429969787598,11.03319263458252,12.469019889831543,3.450329065322876,5.2804670333862305,2.8956716060638428,18.72784996032715,8.996912956237793,16.856237411499023,19.097702026367188,100553.0
2020-07-17,9.52628231048584,11.373169898986816,12.530518531799316,3.4388084411621094,5.2188544273376465,2.88494610786438,19.380918502807617,8.978713989257812,17.006189346313477,19.463335037231445,102888.0
2020-07-20,9.444160461425781,11.32827091217041,12.647940635681152,3.433048725128174,5.0521416664123535,2.8527727127075195,20.136306762695312,9.03331470489502,17.056167602539062,19.489452362060547,104426.0
2020-07-21,9.475748062133789,11.382796287536621,12.989026069641113,3.433048725128174,5.182612895965576,2.8313236236572266,19.439697265625,9.130379676818848,17.356054306030273,20.03790283203125,104310.0
2020-07-22,9.425207138061523,11.28978157043457,12.765359878540039,3.410007953643799,5.233351707458496,2.842047691345215,19.417926788330078,8.996912956237793,16.91246795654297,19.306636810302734,104290.0
2020-07-23,9.210426330566406,11.01716136932373,12.58084487915039,3.386967658996582,5.2478485107421875,2.788424015045166,19.152652740478516,8.754241943359375,16.55635643005371,18.908361434936523,102293.0
2020-07-24,9.027228355407715,10.888864517211914,12.659124374389648,3.3120853900909424,5.182612895965576,2.766974925994873,18.933507919311523,8.65717601776123,16.537612915039062,18.95406150817871,102382.0
2020-07-27,9.216742515563965,11.196767807006836,13.240646362304688,3.358167886734009,5.2188544273376465,2.788424015045166,19.220584869384766,8.778511047363281,17.368545532226562,19.37192726135254,104477.0
2020-07-28,9.140937805175781,11.23525333404541,13.151174545288086,3.352407217025757,5.236976146697998,2.7455251216888428,18.571929931640625,8.736044883728027,17.26859474182129,19.587387084960938,104109.0
2020-07-29,9.178840637207031,11.530332565307617,13.564939498901367,3.36968731880188,5.236976146697998,2.750887632369995,19.246885299682617,8.796711921691895,17.67469596862793,20.214183807373047,105605.0
2020-07-30,9.03354549407959,11.161486625671387,13.089669227600098,3.36968731880188,5.178988933563232,2.766974925994873,19.034313201904297,9.057579040527344,17.37480926513672,20.272947311401367,105009.0
2020-07-31,8.881932258605957,10.770195007324219,12.547293663024902,3.352407217025757,5.073887825012207,2.707989454269409,18.93789291381836,8.651111602783203,16.800012588500977,19.59391975402832,102912.0
2020-08-03,8.774542808532715,11.01716136932373,12.413100242614746,3.3236072063446045,5.059390068054199,2.649003505706787,19.667627334594727,8.61470890045166,17.053180694580078,19.352344512939453,102830.0
2020-08-04,8.730323791503906,10.680389404296875,12.155097961425781,3.2544851303100586,4.939791679382324,2.6382787227630615,19.10881805419922,8.438776016235352,16.05925178527832,18.810420989990234,101216.0
2020-08-05,8.799809455871582,10.690014839172363,12.211063385009766,3.2948050498962402,4.8818039894104,2.6811769008636475,19.32796287536621,8.335641860961914,16.0467472076416,18.86918830871582,102802.0
2020-08-06,8.945103645324707,11.01716136932373,12.295002937316895,3.3063275814056396,4.878180027008057,2.7937862873077393,19.643518447875977,8.541910171508789,16.27179718017578,19.456806182861328,104126.0
2020-08-07,8.894567489624023,10.940184593200684,12.222254753112793,3.271765947341919,5.211606979370117,2.938570261001587,19.314809799194336,8.572244644165039,15.927974700927734,19.236616134643555,102776.0
2020-08-10,8.888249397277832,11.042817115783691,12.328588485717773,3.271765947341919,5.117376804351807,2.868859052658081,19.384937286376953,8.608643531799316,16.134262084960938,19.953468322753906,103444.0
2020-08-11,8.976688385009766,10.88244915008545,12.227848052978516,3.329366445541382,5.182612895965576,2.863497495651245,19.13292694091797,8.736044883728027,15.94672966003418,19.710132598876953,102174.0
2020-08-12,8.812444686889648,10.824721336364746,12.115920066833496,3.289046049118042,5.142746925354004,2.804511547088623,18.775733947753906,8.669309616088867,15.765447616577148,19.696985244750977,102118.0
2020-08-13,8.496623992919922,10.606620788574219,11.864091873168945,3.242964029312134,5.034020900726318,2.8152356147766113,18.727519989013672,8.372042655944824,15.315360069274902,18.980133056640625,100461.0
2020-08-14,8.631088256835938,10.641901969909668,11.880879402160645,3.2487242221832275,4.863684177398682,2.836686372756958,18.100786209106445,8.268909454345703,15.459141731262207,19.13138771057129,101353.0
2020-08-17,8.59907341003418,10.369278907775879,11.53391170501709,3.1104798316955566,4.646230697631836,2.750887632369995,17.3118896484375,8.044441223144531,15.09032154083252,18.78282928466797,99595.0
2020-08-18,8.688713073730469,10.510400772094727,11.657029151916504,3.1680822372436523,4.75495719909668,2.783061981201172,18.718753814697266,8.250709533691406,15.186104774475098,19.157695770263672,102065.0
2020-08-19,8.650296211242676,10.462291717529297,11.612259864807129,3.150801181793213,4.6353583335876465,2.7616126537323,18.381282806396484,8.111175537109375,15.110923767089844,19.07219886779785,100854.0
2020-08-20,8.637489318847656,10.47191047668457,11.58427906036377,3.1392822265625,4.646230697631836,2.7455251216888428,18.2191219329834,8.111175537109375,15.110923767089844,19.006431579589844,101468.0
2020-08-21,8.669504165649414,10.568134307861328,11.58427906036377,3.1220016479492188,4.867307186126709,2.691901445388794,18.107362747192383,8.208239555358887,15.085864067077637,19.006431579589844,101521.0
2020-08-24,8.874394416809082,10.87436580657959,11.84730052947998,3.1220016479492188,5.073887825012207,2.6972646713256836,18.3111572265625,8.30531120300293,15.336464881896973,19.302385330200195,102298.0
2020-08-25,8.835978507995605,10.809346199035645,11.84730052947998,3.1104798316955566,5.508791923522949,2.825960874557495,17.756744384765625,8.268909454345703,15.223701477050781,19.164278030395508,102118.0
2020-08-26,8.669504165649414,10.549271583557129,11.601067543029785,3.127761125564575,5.726243495941162,2.7455251216888428,17.6734676361084,8.105109214782715,14.904194831848145,18.671030044555664,100627.0
2020-08-27,8.631088256835938,10.646800994873047,11.774551391601562,3.127761125564575,5.617518424987793,2.836686372756958,18.140230178833008,8.092974662780762,15.14852237701416,18.953824996948242,100624.0
2020-08-28,8.752740859985352,10.85486125946045,12.015185356140137,3.1680822372436523,5.58127498626709,2.79914927482605,18.144617080688477,8.177908897399902,15.305142402648926,19.256345748901367,102143.0
2020-08-31,8.605475425720215,10.61429214477539,11.606663703918457,3.150801181793213,5.6211419105529785,2.8152356147766113,17.737018585205078,7.959506988525391,14.753832817077637,18.78282928466797,99369.0
2020-09-01,8.835978507995605,10.796346664428711,11.841704368591309,3.1216604709625244,5.6537604331970215,2.9171206951141357,18.37690544128418,8.050508499145508,15.258478164672852,19.203731536865234,102168.0
2020-09-02,8.874394416809082,10.809346199035645,11.829933166503906,3.1216604709625244,5.661007881164551,2.954658031463623,18.21035385131836,8.105109214782715,15.227130889892578,18.86174964904785,101911.0
2020-09-03,8.829575538635254,10.97839641571045,12.294836044311523,3.127429485321045,5.58127498626709,2.8527727127075195,17.85316276550293,8.20217514038086,15.59699821472168,19.499677658081055,100721.0
2020-09-04,8.887201309204102,11.036913871765137,12.306038856506348,3.127429485321045,5.686378002166748,2.863497495651245,17.563899993896484,8.29924201965332,15.647149085998535,19.999502182006836,101242.0
2020-09-08,8.803962707519531,10.812597274780273,12.109989166259766,3.098578929901123,5.588524341583252,2.804511547088623,17.09932518005371,8.20217514038086,15.29609203338623,19.67067527770996,100050.0
2020-09-09,8.663100242614746,10.79959774017334,12.076386451721191,3.1043505668640137,5.682753562927246,2.836686372756958,17.896987915039062,8.21430778503418,15.314896583557129,19.539140701293945,101292.0
2020-09-10,8.464611053466797,10.57528018951416,11.678692817687988,3.0870394706726074,5.791479587554932,2.804511547088623,17.34037971496582,8.008038520812988,14.988917350769043,18.9406681060791,98835.0
2020-09-11,8.285331726074219,10.402982711791992,11.460246086120605,2.9370148181915283,5.903830051422119,2.7026267051696777,17.116859436035156,7.844239234924316,14.813384056091309,18.703907012939453,98363.0
2020-09-14,8.528639793395996,10.55394172668457,11.59467601776123,2.9716367721557617,5.726243495941162,2.750887632369995,17.85535430908203,7.759307861328125,15.076679229736328,18.828868865966797,100275.0
2020-09-15,8.451805114746094,10.433269500732422,11.471445083618164,2.9370148181915283,5.639263153076172,2.7562499046325684,17.50692367553711,7.728971481323242,14.87608528137207,18.703907012939453,100298.0
2020-09-16,8.451805114746094,10.4658842086792,11.493849754333496,2.960095167160034,5.617518424987793,2.750887632369995,17.53102684020996,7.625839710235596,14.832189559936523,18.565799713134766,99676.0
2020-09-17,8.419791221618652,10.485450744628906,11.521856307983398,2.9485557079315186,5.82772159576416,2.724076271057129,17.46967124938965,7.637972354888916,14.850997924804688,18.375078201293945,100098.0
2020-09-18,8.323747634887695,10.221275329589844,11.247392654418945,2.942784547805786,5.97993803024292,2.6811769008636475,16.665433883666992,7.546972751617432,14.48112964630127,17.980484008789062,98290.0
2020-09-21,8.170079231262207,10.071250915527344,11.079358100891113,2.925473928451538,5.94369649887085,2.627553939819336,15.911598205566406,7.407435894012451,14.355751037597656,17.954174041748047,96991.0
2020-09-22,8.150869369506836,10.051682472229004,11.146567344665527,2.931243419647217,6.215511322021484,2.6007421016693115,16.0408878326416,7.45596981048584,14.48112964630127,18.079130172729492,97294.0
2020-09-23,7.875546455383301,9.8429536819458,10.883310317993164,2.8908534049987793,6.885989665985107,2.590017080307007,16.025554656982422,7.2497029304504395,14.0924654006958,17.651647567749023,95735.0
2020-09-24,7.95878267288208,9.921223640441895,11.090560913085938,2.8850836753845215,6.885989665985107,2.6972646713256836,16.23154067993164,7.437772750854492,14.43725299835205,18.046245574951172,97012.0
2020-09-25,7.875546455383301,9.882087707519531,11.079358100891113,2.8850836753845215,6.719276428222656,2.654365301132202,16.281940460205078,7.431703567504883,14.362031936645508,17.888412475585938,96999.0
2020-09-28,7.753891944885254,9.950578689575195,11.045748710632324,2.8908534049987793,6.559811592102051,2.59537935256958,15.843672752380371,7.340705871582031,14.355751037597656,18.263275146484375,94666.0
2020-09-29,7.4337477684021,9.705972671508789,10.782487869262695,2.8850836753845215,6.621423244476318,2.5042192935943604,15.523724555969238,7.128368377685547,14.042308807373047,17.816068649291992,93580.0
2020-09-30,7.516984462738037,9.660313606262207,10.872109413146973,2.8793132305145264,6.762765407562256,2.49885630607605,15.964193344116211,7.237568378448486,14.105005264282227,18.388235092163086,94603.0
2020-10-01,7.472165107727051,9.715754508972168,10.922516822814941,2.8790223598480225,6.8497467041015625,2.509582042694092,16.327960968017578,7.219367980957031,14.126955032348633,18.348772048950195,95479.0
2020-10-02,7.613026142120361,9.689663887023926,11.011651992797852,2.8848037719726562,6.4329633712768555,2.7133517265319824,15.79546070098877,7.419571399688721,14.170873641967773,18.67760467529297,94016.0
2020-10-05,7.7218756675720215,9.859258651733398,11.168642044067383,2.8848037719726562,6.704780101776123,2.7187132835388184,16.28413200378418,7.298237323760986,14.321420669555664,18.72364044189453,96089.0
2020-10-06,7.657848834991455,9.79403018951416,11.129400253295898,2.8790223598480225,6.777263164520264,2.724076271057129,16.23592758178711,7.2497029304504395,14.346514701843262,18.76967430114746,95615.0
2020-10-07,7.670652866363525,9.722278594970703,11.011651992797852,2.8790223598480225,6.777263164520264,2.707989454269409,15.924749374389648,7.164770603179932,14.239869117736816,18.72364044189453,95526.0
2020-10-08,7.8819499015808105,10.191923141479492,11.577934265136719,2.8790223598480225,6.741020202636719,2.842047691345215,16.121971130371094,7.516637325286865,15.09927749633789,20.282297134399414,97920.0
2020-10-09,7.830724239349365,10.123435020446777,11.628397941589355,2.8905839920043945,6.75914192199707,2.9278457164764404,15.986102104187012,7.583371162414551,15.055371284484863,20.65058708190918,97483.0
2020-10-13,7.888350963592529,10.126693725585938,11.695672988891602,2.902146577835083,6.809881210327148,2.8581349849700928,15.723140716552734,7.389237403869629,14.911087989807129,20.900501251220703,98503.0
2020-10-14,7.920365810394287,10.061468124389648,11.706887245178223,2.902146577835083,6.853372097015381,2.766974925994873,16.349876403808594,7.425637722015381,14.867182731628418,21.1569881439209,99334.0
2020-10-15,8.074034690856934,10.129958152770996,11.628397941589355,2.9194912910461426,6.885989665985107,2.7776994705200195,16.22496795654297,7.401371002197266,14.735445976257324,20.847885131835938,99054.0
2020-10-16,8.099647521972656,9.872304916381836,11.398518562316895,2.8905839920043945,6.8497467041015625,2.724076271057129,15.852434158325195,7.267902851104736,14.497069358825684,20.196807861328125,98309.0
2020-10-19,8.400582313537598,9.979928970336914,11.555506706237793,2.8848037719726562,7.121562957763672,2.740163564682007,16.387128829956055,7.340705871582031,14.653894424438477,20.39410400390625,98658.0
2020-10-20,8.451805114746094,10.439788818359375,12.054509162902832,2.9079294204711914,7.157805919647217,2.79914927482605,17.263681411743164,7.6319050788879395,15.237290382385254,20.900501251220703,100540.0
2020-10-21,8.35576343536377,10.518062591552734,12.177860260009766,2.931051015853882,6.9584736824035645,2.8313236236572266,17.708534240722656,7.801772117614746,15.375295639038086,21.124103546142578,100552.0
2020-10-22,8.541447639465332,10.974664688110352,12.738532066345215,2.9715218544006348,6.806258678436279,2.8527727127075195,17.555131912231445,7.983773708343506,16.165706634521484,21.99879264831543,101918.0
2020-10-23,8.560652732849121,10.93552303314209,12.682464599609375,3.017768383026123,7.0309576988220215,2.868859052658081,17.432418823242188,8.014106750488281,15.958686828613281,22.176366806030273,101260.0
2020-10-26,8.61187744140625,10.925739288330078,12.839452743530273,2.9715218544006348,7.06719970703125,2.836686372756958,17.23081398010254,7.947373390197754,16.071613311767578,22.518354415893555,101017.0
2020-10-27,8.406983375549316,10.69091796875,12.48062515258789,2.9657411575317383,6.885989665985107,2.868859052658081,16.99852180480957,7.759307861328125,15.613675117492676,21.887001037597656,99606.0
2020-10-28,7.965185165405273,10.156045913696289,11.77417278289795,2.9194912910461426,6.9113593101501465,2.63291597366333,15.91817569732666,7.352837562561035,14.917366981506348,21.2687931060791,95369.0
2020-10-29,8.022812843322754,10.097341537475586,11.656425476074219,2.8963654041290283,6.8787407875061035,2.59537935256958,16.51422882080078,7.443837642669678,14.992644309997559,21.827808380126953,96582.0
2020-10-30,7.811516284942627,9.719016075134277,11.303202629089355,2.8963654041290283,7.099818706512451,2.461320638656616,15.802031517028809,7.280033588409424,14.729171752929688,20.946542739868164,93952.0
2020-11-03,8.131662368774414,9.816863059997559,11.690071105957031,2.8960728645324707,6.632294178009033,2.2950875759124756,15.617955207824707,7.35890531539917,15.090105056762695,21.28194808959961,95587.0
2020-11-04,8.074034690856934,9.888609886169434,11.605315208435059,2.907658338546753,6.766391277313232,2.4130594730377197,16.466022491455078,7.340705871582031,15.692705154418945,21.07807159423828,97811.0
2020-11-05,8.176481246948242,10.009283065795898,11.784893989562988,2.936617374420166,6.668537139892578,2.4666833877563477,17.193559646606445,7.407435894012451,16.06305503845215,21.40281105041504,100774.0
2020-11-06,8.221301078796387,9.944053649902344,11.756836891174316,2.9771647453308105,6.273499011993408,2.525669574737549,17.382017135620117,7.462037086486816,16.044218063354492,21.04454803466797,100799.0
2020-11-09,8.522238731384277,10.66482925415039,12.873591423034668,3.0119171142578125,6.215511322021484,2.590017080307007,17.254915237426758,7.844239234924316,17.343576431274414,22.683259963989258,103913.0
2020-11-10,8.739934921264648,11.209482192993164,13.704154014587402,3.0003321170806885,6.1611480712890625,2.5578432083129883,16.718029022216797,8.099040031433105,18.128211975097656,24.089767456054688,105351.0
2020-11-11,8.714322090148926,11.140993118286133,13.648033142089844,2.959786891937256,5.9980597496032715,2.509582042694092,17.579238891601562,7.577306747436523,17.977561950683594,24.089767456054688,104532.0
2020-11-12,8.592668533325195,10.674614906311035,13.109292984008789,2.930826425552368,5.809600830078125,2.4881319999694824,17.42365264892578,7.340705871582031,17.538171768188477,23.34007453918457,102175.0
2020-11-13,8.944826126098633,10.77897834777832,13.575079917907715,2.9539942741394043,5.6211419105529785,2.6168293952941895,17.813718795776367,7.546972751617432,17.870849609375,23.8177547454834,104512.0
2020-11-16,9.053675651550293,11.056198120117188,14.175544738769531,2.9771647453308105,5.889333724975586,2.6168293952941895,17.789613723754883,7.637972354888916,18.498558044433594,25.157922744750977,106430.0
2020-11-17,8.996050834655762,11.218498229980469,14.254114151000977,2.942410707473755,5.838594436645508,2.654365301132202,18.18844223022461,7.771439552307129,18.51111602783203,25.788188934326172,107229.0
2020-11-18,8.964035987854004,11.244741439819336,13.816386222839355,2.959786891937256,5.798727512359619,2.5632052421569824,18.19063377380371,7.735040187835693,18.059158325195312,25.9606876373291,106483.0
2020-11-19,8.861590385437012,11.356268882751465,13.827610969543457,2.9482028484344482,5.896582126617432,2.552480936050415,17.932052612304688,7.753240585327148,18.084270477294922,26.0734806060791,106517.0
2020-11-23,8.9512300491333,11.323464393615723,13.737820625305176,2.930826425552368,5.798727512359619,2.514943838119507,17.438993453979492,7.819972991943359,18.14076805114746,25.635602951049805,107379.0
2020-11-24,9.329001426696777,11.625248908996582,14.35512638092041,2.942410707473755,5.708122253417969,2.5632052421569824,17.487201690673828,8.1354398727417,18.64920997619629,26.909421920776367,109786.0
2020-11-25,9.476266860961914,11.592445373535156,14.16993236541748,2.9482028484344482,5.733492851257324,2.707989454269409,17.660316467285156,8.183974266052246,18.429506301879883,27.06201171875,110133.0
2020-11-26,9.476266860961914,11.408751487731934,13.939852714538574,2.9482028484344482,5.639263153076172,2.670452356338501,17.588003158569336,8.165773391723633,18.040332794189453,26.723648071289062,110227.0
2020-11-27,9.565909385681152,11.352986335754395,13.827610969543457,2.9539942741394043,5.798727512359619,2.7026267051696777,17.719486236572266,8.159708023071289,18.178430557250977,27.088552474975586,110575.0
2020-11-30,9.296985626220703,11.10696792602539,13.63680362701416,2.9482028484344482,5.94369649887085,2.6007421016693115,17.274639129638672,8.008038520812988,17.92734718322754,25.96732521057129,108888.0
2020-12-01,9.4890718460083,11.412034034729004,14.400019645690918,2.9595160484313965,6.12490701675415,2.707989454269409,17.934242248535156,8.196109771728516,18.684127807617188,28.322561264038086,111335.0
2020-12-02,9.533892631530762,11.46123218536377,14.556690216064453,2.936304807662964,6.1611480712890625,2.7187132835388184,17.2658748626709,8.117240905761719,18.82857894897461,27.84488296508789,111814.0
2020-12-03,9.476266860961914,11.55964469909668,14.365751266479492,2.9537131786346436,6.1647725105285645,2.7348005771636963,18.920360565185547,8.238574028015137,18.816020965576172,27.851516723632812,112919.0
2020-12-04,9.463460922241211,11.802384376525879,14.489299774169922,2.9595160484313965,6.103160858154297,2.7187132835388184,17.98683738708496,8.359910011291504,19.004430770874023,27.552961349487305,113682.0
2020-12-07,9.629935264587402,11.85815143585205,14.584773063659668,3.0059401988983154,6.095912933349609,2.6972646713256836,18.094213485717773,8.341708183288574,19.117477416992188,28.986005783081055,113625.0
2020-12-08,9.597920417785645,11.959836959838867,14.410676002502441,3.023348569869995,6.0886640548706055,2.7562499046325684,18.0876407623291,8.372042655944824,19.067237854003906,28.72062873840332,113571.0
2020-12-09,9.303389549255371,11.795821189880371,14.449992179870605,3.0117435455322266,6.12490701675415,2.7616126537323,17.620878219604492,8.287110328674316,19.180288314819336,28.38226890563965,112722.0
2020-12-10,9.41864013671875,12.409231185913086,15.045282363891602,2.9769272804260254,6.12490701675415,2.7937862873077393,17.715105056762695,8.60257625579834,19.814598083496094,29.198314666748047,114992.0
2020-12-11,9.546700477600098,12.625731468200684,14.92734432220459,2.9943349361419678,6.1647725105285645,2.809873580932617,17.9013729095459,8.567557334899902,19.697521209716797,29.576478958129883,115323.0
2020-12-14,9.425044059753418,12.667510032653809,14.848718643188477,3.0001380443573,6.157524108886719,2.836686372756958,18.66616439819336,8.549227714538574,19.433212280273438,29.437149047851562,114975.0
2020-12-15,9.41864013671875,12.828734397888184,14.848718643188477,3.0001380443573,6.034300327301025,2.9278457164764404,19.387128829956055,8.506449699401855,19.60941505432129,29.86176300048828,116146.0
2020-12-16,9.476266860961914,12.94718074798584,15.185688018798828,3.0117435455322266,5.97993803024292,2.943932294845581,19.932781219482422,8.5247802734375,19.980716705322266,29.64946174621582,117947.0
2020-12-17,9.508282661437988,12.960341453552246,15.25869369506836,3.0291521549224854,5.907454013824463,2.9117584228515625,20.14972686767578,8.488116264343262,19.95553970336914,29.35091209411621,118157.0
2020-12-18,9.962885856628418,12.8649263381958,15.286766052246094,3.0349559783935547,5.94369649887085,3.1262528896331787,19.750896453857422,8.500337600708008,19.9240665435791,29.34427261352539,117679.0
2020-12-21,9.75158977508545,12.433900833129883,14.91611099243164,3.0291521549224854,5.987186431884766,3.0350918769836426,19.877994537353516,8.274231910705566,19.571659088134766,28.99927520751953,116016.0
2020-12-22,9.822023391723633,12.598416328430176,15.219378471374512,3.023348569869995,5.834970474243164,3.0458171367645264,20.36448097229004,8.286453247070312,19.666046142578125,29.437149047851562,116348.0
2020-12-23,9.892454147338867,12.805700302124023,15.567569732666016,3.0349559783935547,5.834970474243164,3.0887157917022705,20.395164489746094,8.488116264343262,20.10028648376465,30.1005859375,117857.0
2020-12-28,10.154973030090332,12.94718074798584,15.71920108795166,3.052363634109497,5.834970474243164,3.1208901405334473,20.866308212280273,8.616446495056152,20.245025634765625,30.64461898803711,119051.0
2020-12-29,10.12295913696289,12.871504783630371,15.693710327148438,3.1916353702545166,5.889333724975586,3.190600633621216,20.914520263671875,8.94643783569336,20.20098114013672,30.624717712402344,119475.0
2020-12-30,10.033316612243652,12.766218185424805,15.471380233764648,3.1626200675964355,5.889333724975586,3.4425711631774902,20.579238891601562,8.933500289916992,19.905200958251953,29.974559783935547,119306.0
2021-01-04,10.37267017364502,12.368096351623535,15.066641807556152,3.2727768421173096,5.650135517120361,3.3154783248901367,20.397354125976562,8.938584327697754,19.45502281188965,29.503494262695312,118558.0
2021-01-05,10.225404739379883,12.239776611328125,14.974782943725586,3.1855804920196533,5.646511077880859,3.227065086364746,20.243955612182617,8.796798706054688,19.3290958404541,29.065616607666016,119223.0
2021-01-06,10.340657234191895,12.519447326660156,15.47109603881836,3.1855804920196533,5.802352428436279,3.2049624919891357,19.590925216674805,8.963242530822754,19.895753860473633,30.060792922973633,119851.0
2021-01-07,10.682841300964355,13.016274452209473,15.881831169128418,3.179767608642578,5.813225269317627,3.1773338317871094,19.7150821685791,9.000228881835938,20.670185089111328,30.472131729125977,121956.0
2021-01-08,10.669683456420898,13.091955184936523,15.744916915893555,3.191394329071045,5.798727512359619,3.2767975330352783,20.33959197998047,8.75981330871582,20.663877487182617,30.180213928222656,125077.0
2021-01-11,10.43945026397705,12.878087043762207,15.465385437011719,3.127450466156006,5.722620010375977,3.2049624919891357,19.862930297851562,8.778305053710938,20.197961807250977,29.637847900390625,122807.0
2021-01-12,10.68941879272461,12.996538162231445,15.453971862792969,3.179767608642578,5.733492851257324,3.238117218017578,20.039470672607422,8.981734275817871,20.260923385620117,30.230745315551758,123998.0
2021-01-13,10.49207592010498,12.354937553405762,15.220084190368652,3.1507012844085693,5.834970474243164,3.116549491882324,20.15201759338379,8.907761573791504,19.927230834960938,30.02422523498535,122040.0
2021-01-14,10.86702823638916,12.325324058532715,15.687865257263184,3.1390762329101562,5.8204731941223145,3.1662814617156982,20.193946838378906,9.080368041992188,20.519065856933594,30.67707061767578,123481.0
2021-01-15,10.551279067993164,11.943653106689453,15.25432014465332,3.162327766418457,5.795104026794434,3.0999722480773926,19.7746639251709,8.858441352844238,19.744640350341797,29.344728469848633,120502.0
2021-01-18,10.636794090270996,11.82191276550293,15.305649757385254,3.1855804920196533,5.791479587554932,3.077869415283203,20.49626922607422,8.741316795349121,19.64390754699707,29.044958114624023,121242.0
2021-01-19,10.459186553955078,11.621208190917969,15.060349464416504,3.168140172958374,5.791479587554932,3.072343349456787,20.895692825317383,8.574873924255371,19.41094970703125,28.398771286010742,120673.0
2021-01-20,10.347357749938965,11.361273765563965,14.74659538269043,3.1100101470947266,6.02705192565918,3.01155948638916,20.677221298217773,8.513228416442871,19.089845657348633,27.82587432861328,119708.0
2021-01-21,10.16317081451416,11.24611759185791,14.535527229309082,3.0344395637512207,5.860339164733887,2.9507758617401123,20.85155487060547,8.47007942199707,18.83169937133789,27.326242446899414,118443.0
2021-01-22,10.182904243469238,11.084896087646484,14.26740550994873,2.9763078689575195,5.9400715827941895,3.017085313796997,20.26456069946289,8.334460258483887,18.428754806518555,26.746679306030273,117172.0
2021-01-26,10.05792236328125,10.788769721984863,13.925122261047363,2.987935781478882,5.87846040725708,2.9452502727508545,20.430070877075195,8.21733283996582,17.81708335876465,26.193763732910156,116464.0
2021-01-27,9.95267105102539,11.104635238647461,14.124784469604492,2.9995617866516113,5.816848278045654,2.91762113571167,20.160844802856445,8.118700981140137,17.81708335876465,26.17377281188965,115882.0
2021-01-28,10.196059226989746,11.364567756652832,14.564048767089844,3.0228137969970703,5.834970474243164,2.9784045219421387,21.14726448059082,8.34062385559082,18.536073684692383,27.159696578979492,119314.0
2021-01-29,9.93951416015625,11.140828132629395,14.113380432128906,2.993748426437378,5.853090286254883,2.912095069885254,20.780941009521484,8.303637504577637,17.87384605407715,26.293685913085938,116007.0
2021-02-01,10.27499771118164,11.28231143951416,14.404318809509277,2.998995542526245,5.89295768737793,3.1552305221557617,21.716602325439453,8.322131156921387,18.350265502929688,27.15304183959961,117365.0
2021-02-02,10.452607154846191,11.206633567810059,14.346634864807129,3.051506996154785,5.969064712524414,3.116549491882324,21.654808044433594,8.334460258483887,17.95903778076172,26.933208465576172,118234.0
2021-02-03,10.459186553955078,11.295469284057617,14.415148735046387,3.057340383529663,5.889333724975586,3.144178628921509,23.28118133544922,8.38377571105957,17.870691299438477,27.292940139770508,119725.0
2021-02-04,10.406562805175781,11.249407768249512,14.849031448364258,3.0340023040771484,5.813225269317627,3.1607556343078613,23.75563621520996,8.41459846496582,17.794967651367188,27.6460018157959,119261.0
2021-02-05,10.380249977111816,11.173730850219727,14.7691068649292,3.045671224594116,5.762485504150391,3.133126735687256,24.243330001831055,8.322131156921387,17.71923828125,27.68597412109375,119925.0
2021-02-08,10.143437385559082,11.144122123718262,14.455107688903809,3.045671224594116,5.769733905792236,3.088921070098877,25.209880828857422,8.266651153564453,17.39111328125,26.846607208251953,119516.0
2021-02-09,10.32762336730957,11.279021263122559,14.529327392578125,3.0048294067382812,5.795104026794434,3.0944461822509766,25.015687942504883,8.420762062072754,17.599346160888672,27.452816009521484,119429.0
2021-02-10,10.038186073303223,11.124377250671387,14.369474411010742,2.963986396789551,5.668256759643555,2.9894564151763916,23.918935775756836,8.272811889648438,17.473146438598633,26.733354568481445,118430.0
2021-02-11,10.084233283996582,11.167147636413574,14.386605262756348,2.9756555557250977,6.447461128234863,2.956301212310791,24.44193458557129,8.260482788085938,17.473146438598633,27.05311393737793,119235.0
2021-02-12,10.235529899597168,11.104635238647461,14.386605262756348,2.963986396789551,6.505447864532471,2.9452502727508545,24.00058937072754,8.155688285827637,17.517311096191406,27.05977439880371,119116.0
2021-02-17,10.169748306274414,10.976313591003418,14.375179290771484,2.969820976257324,6.414842128753662,2.956301212310791,24.057958602905273,8.149521827697754,17.738174438476562,27.489715576171875,120391.0
2021-02-18,10.038186073303223,10.943410873413086,14.233369827270508,2.963986396789551,6.443837642669678,2.90104341506958,23.389314651489258,8.12486457824707,17.611961364746094,26.981630325317383,119140.0
2021-02-19,10.117124557495117,10.736125946044922,14.113374710083008,2.9581501483917236,6.136886119842529,2.80710506439209,23.534963607788086,8.137195587158203,17.42897605895996,27.249040603637695,118748.0
2021-02-22,9.853998184204102,9.485825538635254,13.187724113464355,2.934814929962158,6.068359375,2.7076408863067627,23.022994995117188,7.699510097503662,16.160600662231445,26.192777633666992,112668.0
2021-02-23,10.222373008728027,10.165962219238281,13.816254615783691,2.998995542526245,5.976992130279541,2.735269546508789,23.28118133544922,8.063217163085938,17.195486068725586,27.255722045898438,115227.0
2021-02-24,10.49207592010498,10.125870704650879,13.719118118286133,2.963986396789551,6.072166442871094,2.740795373916626,23.406970977783203,8.12486457824707,16.94307518005371,26.353214263916016,115668.0
2021-02-25,10.511811256408691,9.84190845489502,13.421992301940918,2.9406485557556152,6.072166442871094,2.6634347438812256,22.932518005371094,7.909107208251953,16.413009643554688,25.691375732421875,112256.0
2021-02-26,10.103968620300293,9.37086009979248,13.142010688781738,2.9289791584014893,6.114044189453125,2.569495916366577,22.583852767944336,7.791977882385254,16.21438217163086,25.149873733520508,110035.0
2021-03-01,10.228952407836914,9.30738353729248,12.707749366760254,2.858107566833496,6.186377048492432,2.5031862258911133,22.66550064086914,7.385119915008545,15.728604316711426,24.909208297729492,110335.0
2021-03-02,10.36709213256836,9.664849281311035,13.050293922424316,2.8522491455078125,6.388147830963135,2.5915985107421875,22.575027465820312,7.459094524383545,16.363595962524414,25.664636611938477,111540.0
2021-03-03,10.301311492919922,9.684892654418945,13.1646728515625,2.8288238048553467,6.205411434173584,2.5915985107421875,22.272701263427734,7.508410453796387,16.40169334411621,25.290266036987305,111184.0
2021-03-04,10.301311492919922,10.03567123413086,13.673639297485352,2.8288238048553467,6.42241096496582,2.685537576675415,21.68129539489746,7.810473442077637,16.91603660583496,25.82508087158203,112690.0
2021-03-05,10.518387794494629,10.222756385803223,14.319860458374023,2.858107566833496,6.5442352294921875,2.8292083740234375,21.407655715942383,8.07554817199707,17.5446720123291,27.015052795410156,115202.0
2021-03-08,9.95267105102539,9.755046844482422,13.810897827148438,2.7995383739471436,6.376727104187012,2.7794761657714844,19.9445858001709,7.559566974639893,16.98588752746582,26.079118728637695,110612.0
2021-03-09,9.814531326293945,9.684892654418945,13.925270080566406,2.822967529296875,6.471900939941406,2.8734145164489746,19.65770149230957,7.471734523773193,17.2208251953125,26.23288345336914,111331.0
2021-03-10,9.78821849822998,9.988903045654297,14.15973949432373,2.875676155090332,6.529006481170654,2.90104341506958,20.076990127563477,7.722677230834961,17.347822189331055,26.593887329101562,112776.0
2021-03-11,9.959251403808594,10.03901195526123,14.405647277832031,2.8932485580444336,6.529006481170654,2.856837272644043,20.56026268005371,7.6850361824035645,17.37322235107422,26.473552703857422,114984.0
2021-03-12,9.853998184204102,10.071145057678223,14.308432579040527,2.916674852371216,6.529006481170654,2.812631130218506,20.785354614257812,7.597207069396973,17.258920669555664,26.166032791137695,114160.0
2021-03-15,10.05792236328125,10.00064468383789,14.508583068847656,2.8932485580444336,6.418603420257568,2.8292083740234375,20.566884994506836,7.553291320800781,17.462127685546875,26.674118041992188,114851.0
2021-03-16,9.873734474182129,10.02750301361084,14.26839542388916,2.8991048336029053,6.426218032836914,2.7739503383636475,20.15422821044922,7.509377479553223,17.106538772583008,25.738174438476562,114019.0
2021-03-17,10.025030136108398,10.306138038635254,14.863150596618652,2.8932485580444336,6.43002462387085,2.840259552001953,20.780941009521484,7.641122341156006,17.773269653320312,26.593887329101562,116549.0
2021-03-18,9.985563278198242,10.218852996826172,15.137656211853027,2.8991048336029053,6.460480690002441,2.785001754760742,20.18070411682129,7.6536688804626465,17.874862670898438,27.262409210205078,114835.0
2021-03-19,9.972405433654785,10.306138038635254,15.292060852050781,2.8932485580444336,6.471900939941406,2.823683023452759,20.646331787109375,7.672487258911133,17.912960052490234,27.13538932800293,116222.0
2021-03-22,9.94609260559082,10.336353302001953,15.21200180053711,2.8873910903930664,6.468094348907471,2.856837272644043,20.780941009521484,7.5219244956970215,18.014556884765625,26.72759437561035,114979.0
2021-03-23,9.814531326293945,9.96372127532959,15.046151161193848,2.8873910903930664,6.529006481170654,2.8292083740234375,20.98616600036621,7.528195858001709,17.557373046875,26.23288345336914,113262.0
2021-03-24,9.669814109802246,9.782439231872559,14.891748428344727,2.8932485580444336,6.586111068725586,2.7628986835479736,20.2579402923584,7.383906364440918,17.252574920654297,26.059070587158203,112064.0
2021-03-25,9.51851749420166,9.923434257507324,15.223433494567871,2.875676155090332,6.5251994132995605,2.8789401054382324,20.47420310974121,7.703855037689209,17.557373046875,26.50029945373535,113750.0
2021-03-26,9.62376594543457,9.95700454711914,15.326375007629395,2.8639638423919678,6.509972095489502,2.845785140991211,20.249113082885742,7.6850361824035645,17.856767654418945,27.369380950927734,114781.0
2021-03-29,9.597455024719238,10.004003524780273,15.389280319213867,2.8698198795318604,6.742199420928955,2.823683023452759,20.233665466308594,7.603480339050293,17.85041046142578,26.567142486572266,115419.0
2021-03-30,9.761906623840332,10.31285285949707,15.646626472473145,2.8698198795318604,6.795496940612793,2.8734145164489746,21.498132705688477,7.678761959075928,18.143037796020508,26.92146873474121,116850.0
2021-03-31,9.538249015808105,10.222212791442871,15.309215545654297,2.8991048336029053,6.59372615814209,2.7684240341186523,21.416484832763672,7.553291320800781,17.793161392211914,26.473552703857422,116634.0
2021-04-01,9.378142356872559,10.054360389709473,14.748772621154785,2.9102704524993896,6.719356060028076,2.7297441959381104,20.864797592163086,7.534472465515137,17.248939514160156,25.7716007232666,115253.0
2021-04-05,9.605087280273438,10.040931701660156,14.885539054870605,2.886752128601074,6.700321674346924,2.7131667137145996,21.725427627563477,7.559566974639893,17.471725463867188,26.005584716796875,117518.0
2021-04-06,9.59841251373291,9.920077323913574,14.65089225769043,2.8985118865966797,6.6622514724731445,2.696589708328247,21.762941360473633,7.584660530090332,17.268051147460938,25.731489181518555,117499.0
2021-04-07,9.545015335083008,9.856294631958008,14.49064826965332,2.880873441696167,6.700321674346924,2.6910629272460938,21.80266761779785,7.509377479553223,17.115285873413086,25.738174438476562,117624.0
2021-04-08,9.511638641357422,9.77236557006836,14.444866180419922,2.8749938011169434,6.658444881439209,2.6910629272460938,22.016719818115234,7.547018527984619,16.98162841796875,25.537614822387695,118313.0
2021-04-09,9.59841251373291,9.799222946166992,14.421977996826172,2.9102704524993896,6.658444881439209,2.6910629272460938,21.74749755859375,7.572113513946533,16.956159591674805,25.32369041442871,117670.0
2021-04-12,9.671835899353027,9.920077323913574,14.69095230102539,2.8985118865966797,6.6622514724731445,2.696589708328247,21.9019718170166,7.584660530090332,17.376245498657227,25.925369262695312,118812.0
2021-04-13,9.591737747192383,9.920077323913574,14.59366512298584,2.886752128601074,6.6622514724731445,2.674485683441162,21.758529663085938,7.503106117248535,17.369882583618164,25.604475021362305,119297.0
2021-04-14,9.651810646057129,9.936863899230957,14.765361785888672,2.980820655822754,6.658444881439209,2.6468567848205566,21.97479248046875,7.465463638305664,17.59266471862793,26.11924171447754,120295.0
2021-04-15,9.631787300109863,9.95029067993164,14.765361785888672,2.974942207336426,6.624182224273682,2.63580584526062,21.897554397583008,7.452916622161865,17.59266471862793,25.80502700805664,120701.0
2021-04-16,9.858731269836426,9.993934631347656,14.937050819396973,2.998459815979004,6.658444881439209,2.6634347438812256,22.477930068969727,7.459190845489502,17.789958953857422,25.905309677124023,121114.0
2021-04-19,9.7586088180542,9.943578720092773,14.869519233703613,2.998459815979004,6.586111068725586,2.7628986835479736,22.012304306030273,7.785412311553955,17.52263641357422,25.550989151000977,120934.0
2021-04-20,9.818682670593262,10.104714393615723,14.64288330078125,2.9925801753997803,6.673673152923584,2.7242178916931152,21.69232940673828,8.017528533935547,17.433528900146484,25.604475021362305,120062.0
2021-04-22,9.638461112976074,10.014076232910156,14.542162895202637,3.0454952716827393,6.700321674346924,2.696589708328247,21.53565216064453,7.986160755157471,17.439899444580078,25.076337814331055,119371.0
2021-04-23,9.645136833190918,10.094642639160156,14.812862396240234,3.0219788551330566,6.681286334991455,2.685537576675415,21.92624282836914,7.910882472991943,17.52263641357422,25.617843627929688,120530.0
2021-04-26,9.818682670593262,10.104714393615723,14.825453758239746,3.0219788551330566,6.673673152923584,2.685537576675415,22.473514556884766,7.860692024230957,17.50991439819336,25.504188537597656,120595.0
2021-04-27,9.778632164001465,9.993934631347656,14.693248748779297,3.0454952716827393,6.624182224273682,2.6468567848205566,23.091405868530273,7.710127830505371,17.242584228515625,25.11644744873047,119388.0
2021-04-28,9.878755569458008,10.171854019165039,15.480161666870117,3.0337367057800293,6.624182224273682,2.685537576675415,23.48641014099121,7.747771263122559,17.99297523498535,27.242353439331055,121053.0
2021-04-29,9.972204208374023,9.95029067993164,14.96394157409668,3.0219788551330566,6.5556559562683105,2.6523823738098145,23.442283630371094,7.6850361824035645,17.425321578979492,26.092491149902344,120066.0
2021-04-30,9.878755569458008,9.95029067993164,15.01430606842041,3.010218620300293,6.6622514724731445,2.6137020587921143,23.61219596862793,7.6850361824035645,17.55925178527832,25.82508087158203,118894.0
2021-05-03,9.978878021240234,9.987217903137207,15.46127700805664,3.1099441051483154,6.6470232009887695,2.5971248149871826,24.69129753112793,7.688786506652832,17.804950714111328,26.259618759155273,119209.0
2021-05-04,9.86540412902832,9.859648704528809,14.99442195892334,3.168956756591797,6.719356060028076,2.5639700889587402,23.733572006225586,7.6824846267700195,17.045522689819336,25.544307708740234,117712.0
2021-05-05,9.878755569458008,9.822723388671875,15.01962661743164,3.1571545600891113,6.654638767242432,2.586073160171509,24.274221420288086,7.777019023895264,17.530536651611328,26.132606506347656,119564.0
2021-05-06,9.898778915405273,9.805938720703125,15.095218658447266,3.168956756591797,6.643218040466309,2.5750210285186768,24.667024612426758,7.802227020263672,17.42204475402832,26.005584716796875,119921.0
2021-05-07,9.878755569458008,10.051000595092773,15.15821361541748,3.113206386566162,6.681286334991455,2.6026506423950195,24.693504333496094,7.783321857452393,17.632646560668945,26.125919342041016,122038.0
2021-05-10,9.892106056213379,10.181928634643555,15.523625373840332,3.0593245029449463,6.627988815307617,2.6026506423950195,24.788394927978516,7.821135520935059,17.89430046081543,26.261001586914062,121909.0
2021-05-11,10.092350006103516,10.255780220031738,15.498427391052246,3.0653092861175537,6.643218040466309,2.5915985107421875,24.333803176879883,7.827437877655029,17.855998992919922,26.0833797454834,122964.0
2021-05-12,10.179123878479004,10.188640594482422,15.183418273925781,3.04136323928833,6.624182224273682,2.5308148860931396,23.79315185546875,7.7266011238098145,17.594362258911133,25.59832191467285,119710.0
2021-05-13,10.579612731933594,10.460562705993652,15.536226272583008,3.0892581939697266,6.624182224273682,2.4479284286499023,24.7177791595459,7.87155294418335,18.104887008666992,26.315649032592773,120706.0
2021-05-14,10.67973518371582,10.460562705993652,15.681135177612305,3.071298122406006,6.848794460296631,2.4424023628234863,24.781776428222656,7.9723920822143555,18.50693130493164,26.8758487701416,121881.0
2021-05-17,10.74648380279541,10.6451997756958,15.750438690185547,3.071298122406006,6.852601528167725,2.4424023628234863,25.569581985473633,7.991296291351318,18.49416732788086,27.005653381347656,122938.0
2021-05-18,11.26044750213623,10.7929105758667,16.002443313598633,3.0593245029449463,6.8145318031311035,2.4976601600646973,25.245189666748047,8.161458015441895,18.455886840820312,27.101293563842773,122980.0
2021-05-19,11.120275497436523,10.977550506591797,16.10954475402832,3.0234029293060303,6.902092933654785,2.458979845046997,25.523244857788086,8.268594741821289,18.58989143371582,28.030405044555664,122636.0
2021-05-20,11.093574523925781,11.011116027832031,16.260744094848633,3.0473506450653076,7.001075267791748,2.4866089820861816,26.328702926635742,8.30640983581543,18.692012786865234,27.880107879638672,122701.0
2021-05-21,10.986777305603027,11.105117797851562,16.336355209350586,3.071298122406006,7.001075267791748,2.508711814880371,26.176441192626953,8.281201362609863,18.78135108947754,28.030405044555664,122592.0
2021-05-24,10.846606254577637,11.178018569946289,16.292253494262695,3.0653092861175537,7.2256879806518555,2.6689603328704834,27.0481014251709,8.300107955932617,18.730295181274414,27.791290283203125,124032.0
2021-05-25,10.559590339660645,11.028434753417969,16.210346221923828,3.053337812423706,7.229494094848633,2.62475323677063,26.880388259887695,8.419851303100586,18.53771209716797,27.511201858520508,122988.0
2021-05-26,10.920028686523438,11.212015151977539,16.582063674926758,3.0593245029449463,7.153355598449707,2.6910629272460938,26.701642990112305,8.476572036743164,18.793413162231445,27.88694190979004,123989.0
2021-05-27,11.160322189331055,11.364997863769531,16.6828556060791,3.0892581939697266,7.157160758972168,2.746320962905884,27.0767879486084,8.281201362609863,18.633609771728516,27.88694190979004,124367.0
2021-05-28,11.300496101379395,11.40239429473877,16.720666885375977,3.077284336090088,7.229494094848633,2.6634347438812256,27.129756927490234,8.445059776306152,18.940448760986328,27.873279571533203,125561.0
2021-05-31,11.514089584350586,11.38539981842041,16.6828556060791,3.113206386566162,7.100056171417236,2.746320962905884,27.374704360961914,8.590012550354004,18.882896423339844,28.15337371826172,126216.0
2021-06-01,11.540789604187012,11.551979064941406,17.060869216918945,3.106590509414673,7.077215671539307,2.7131667137145996,26.922317504882812,8.760176658630371,19.570430755615234,29.266944885253906,128267.0
2021-06-02,11.44734001159668,11.96673583984375,17.728513717651367,3.136636734008789,7.100056171417236,2.7628986835479736,26.767847061157227,9.201335906982422,20.2227840423584,29.82029914855957,129601.0
2021-06-04,11.574162483215332,12.153717994689941,17.70958709716797,3.1786978244781494,7.271372318267822,2.80710506439209,26.977487564086914,9.119475364685059,20.64488410949707,30.585458755493164,130126.0
2021-06-07,11.567487716674805,12.41549015045166,17.930259704589844,3.154662609100342,7.233302116394043,2.801578998565674,26.809776306152344,9.151516914367676,21.13094711303711,31.186641693115234,130776.0
2021-06-08,11.467363357543945,12.340691566467285,17.804170608520508,3.154662609100342,7.518828392028809,2.790527582168579,27.253328323364258,9.093840599060059,20.98383903503418,31.152488708496094,129787.0
2021-06-09,11.7009859085083,12.102723121643066,17.715904235839844,3.202733039855957,7.385582447052002,2.840259552001953,26.80315399169922,9.016935348510742,21.27164649963379,30.824567794799805,129907.0
2021-06-10,11.707660675048828,12.068726539611816,17.747432708740234,3.208742618560791,7.3627400398254395,2.8347339630126953,26.659717559814453,9.087430000305176,21.194900512695312,31.050004959106445,130076.0
2021-06-11,11.580840110778809,12.034724235534668,17.678068161010742,3.184705972671509,7.3627400398254395,2.7518467903137207,26.101408004760742,8.933624267578125,20.94547462463379,30.769908905029297,129441.0
2021-06-14,11.807782173156738,12.167442321777344,17.60242462158203,3.202733039855957,7.313248157501221,2.812631130218506,26.141128540039062,9.016935348510742,20.875123977661133,30.87921714782715,130208.0
2021-06-15,11.821131706237793,12.126453399658203,17.61503028869629,3.184705972671509,7.199039459228516,2.801578998565674,26.928943634033203,9.119475364685059,20.875123977661133,30.681100845336914,130091.0
2021-06-16,11.68763542175293,12.211852073669434,17.703296661376953,3.2387871742248535,7.1952314376831055,2.7684240341186523,27.021621704101562,9.132291793823242,21.290836334228516,31.179819107055664,129259.0
2021-06-17,11.887880325317383,11.92149829864502,17.62763786315918,3.2207603454589844,7.309442043304443,2.7628986835479736,26.99073028564453,9.081024169921875,21.041404724121094,30.674266815185547,128057.0
2021-06-18,11.787757873535156,11.904419898986816,17.400671005249023,3.2147514820098877,7.435072898864746,2.7628986835479736,26.955421447753906,9.18355941772461,20.657676696777344,30.127729415893555,128405.0
2021-06-21,11.834481239318848,11.812190055847168,17.444805145263672,3.2147514820098877,7.480758190155029,2.7242178916931152,27.138578414916992,9.081024169921875,20.753612518310547,29.984268188476562,129265.0
2021-06-22,11.680961608886719,11.562830924987793,17.12327003479004,3.2147514820098877,7.587352275848389,2.685537576675415,26.686193466186523,8.978487968444824,20.48499870300293,29.888622283935547,128767.0
2021-06-23,11.540789604187012,11.562830924987793,17.04761505126953,3.2147514820098877,7.610194206237793,2.6634347438812256,26.74798583984375,8.901583671569824,20.337888717651367,29.50604820251465,128428.0
2021-06-24,11.534113883972168,11.58674144744873,17.173709869384766,3.2207603454589844,7.594967842102051,2.740795373916626,26.569236755371094,8.869537353515625,20.344297409057617,29.444568634033203,129514.0
2021-06-25,11.340544700622559,11.238317489624023,16.637821197509766,3.202733039855957,7.614002227783203,2.735269546508789,26.09920310974121,8.690096855163574,19.698331832885742,28.761394500732422,127256.0
2021-06-28,10.966753959655762,11.152923583984375,16.555856704711914,3.1606712341308594,7.594967842102051,2.7021145820617676,26.91349220275879,8.574743270874023,19.474498748779297,28.488130569458008,127429.0
2021-06-29,10.733135223388672,11.077770233154297,16.454980850219727,3.1606712341308594,7.385582447052002,2.7076408863067627,27.0767879486084,8.49783706665039,19.28263282775879,28.2353515625,127327.0
2021-06-30,10.59963607788086,10.975295066833496,16.221710205078125,3.148653745651245,7.537863254547119,2.6689603328704834,26.935562133789062,8.49783706665039,19.058792114257812,27.668317794799805,126802.0
2021-07-01,10.299221992492676,10.859152793884277,16.01995849609375,3.184229850769043,7.469335079193115,2.5971248149871826,26.560413360595703,8.337624549865723,18.997983932495117,27.64100456237793,125666.0
2021-07-02,10.488694190979004,10.978707313537598,16.40419578552246,3.1962902545928955,7.614002227783203,2.6081759929656982,27.76970672607422,8.388891220092773,19.2027587890625,27.955257415771484,127622.0
2021-07-05,10.536062240600586,10.91038990020752,16.113622665405273,3.1359822750091553,7.385582447052002,2.5750210285186768,27.725576400756836,8.337624549865723,18.94040298461914,27.681989669799805,126920.0
2021-07-06,10.265386581420898,10.746426582336426,15.91388988494873,3.045522689819336,7.336091041564941,2.6026506423950195,27.116512298583984,8.203042030334473,18.90840721130371,27.210603713989258,125095.0
2021-07-07,10.31275463104248,10.889896392822266,16.029865264892578,3.0877368450164795,7.461721897125244,2.6689603328704834,27.33718490600586,8.21585750579834,18.991588592529297,27.408727645874023,127019.0
2021-07-08,10.218019485473633,10.859152793884277,15.843025207519531,3.0575830936431885,7.522634506225586,2.5971248149871826,26.860530853271484,8.087686538696289,18.74203872680664,27.19011116027832,125428.0
2021-07-12,10.319523811340332,11.135839462280273,16.24247932434082,3.1480462551116943,7.6901421546936035,2.674485683441162,27.107685089111328,8.318394660949707,18.997983932495117,28.214862823486328,127594.0
2021-07-13,10.333056449890137,11.088021278381348,16.22960090637207,3.160106897354126,7.518828392028809,2.7021145820617676,27.49607276916504,8.273536682128906,19.113174438476562,28.2353515625,128168.0
2021-07-14,10.339822769165039,11.163169860839844,16.300464630126953,3.154076337814331,7.781510829925537,2.6689603328704834,27.972728729248047,8.23508358001709,19.138765335083008,28.242191314697266,128407.0
2021-07-15,10.45486068725586,10.992371559143066,16.05563735961914,3.154076337814331,7.747246742248535,2.6523823738098145,28.414077758789062,8.177408218383789,18.90840721130371,27.743473052978516,127468.0
2021-07-16,10.251853942871094,10.859152793884277,16.05563735961914,3.1480462551116943,7.808160305023193,2.6137020587921143,27.963903427124023,8.074868202209473,18.601274490356445,27.2584285736084,125960.0
2021-07-19,10.14358139038086,10.777170181274414,15.469335556030273,3.1359822750091553,7.842423439025879,2.5805470943450928,27.504899978637695,8.004375457763672,18.492496490478516,27.101293563842773,124395.0
2021-07-20,10.218019485473633,10.968461036682129,15.707716941833496,3.142014741897583,7.853842735290527,2.5805470943450928,27.893287658691406,8.017190933227539,18.735645294189453,27.436044692993164,125401.0
2021-07-21,10.150349617004395,11.077770233154297,15.714165687561035,3.1239230632781982,8.10510540008545,2.6137020587921143,28.113964080810547,8.055644989013672,18.81243133544922,27.73664665222168,125929.0
2021-07-22,9.994710922241211,10.913808822631836,15.59174919128418,3.1239230632781982,8.154596328735352,2.5418663024902344,27.946247100830078,7.927474021911621,18.62047004699707,27.442880630493164,126147.0
2021-07-23,9.954110145568848,10.855737686157227,15.430678367614746,3.1239230632781982,8.13936710357666,2.508711814880371,27.963903427124023,7.831341743469238,18.56927490234375,27.22426986694336,125053.0
2021-07-26,9.879673957824707,11.023117065429688,15.55953311920166,3.1178910732269287,7.712984085083008,2.514237642288208,28.48469352722168,7.87620210647583,18.895610809326172,27.893770217895508,126004.0
2021-07-27,10.075915336608887,11.074355125427246,15.681950569152832,3.1299524307250977,7.47314453125,2.525289535522461,27.955074310302734,7.901836395263672,19.081178665161133,28.146547317504883,124612.0
2021-07-28,10.393959045410156,11.238317489624023,16.04918670654297,3.1239230632781982,7.652073383331299,2.630279541015625,27.38132095336914,7.972332000732422,19.701866149902344,28.481294631958008,126286.0
2021-07-29,10.434561729431152,11.06069278717041,15.894564628601074,3.1178910732269287,7.732018947601318,2.5750210285186768,27.054719924926758,7.959512710571289,19.599477767944336,28.030405044555664,125675.0
2021-07-30,10.082681655883789,10.804498672485352,15.623961448669434,3.099799394607544,7.671107292175293,2.569495916366577,25.730676651000977,7.9082465171813965,19.388315200805664,27.64100456237793,121801.0
2021-08-02,10.184185028076172,10.951385498046875,15.720602989196777,3.050764560699463,7.84622859954834,2.514237642288208,26.074932098388672,8.004375457763672,19.506757736206055,27.73664665222168,122516.0
2021-08-03,10.109747886657715,10.889896392822266,15.81021785736084,3.0265514850616455,7.751053810119629,2.5363409519195557,26.48097038269043,7.889019966125488,19.698816299438477,27.907438278198242,123577.0
2021-08-04,9.947341918945312,10.729349136352539,15.18476676940918,3.020498275756836,7.804350852966309,2.47003173828125,26.322086334228516,7.7800703048706055,19.148242950439453,27.593181610107422,121801.0
2021-08-05,9.859373092651367,10.538058280944824,14.95909595489502,3.0265514850616455,7.804350852966309,2.4368762969970703,26.233814239501953,7.69035005569458,19.205852508544922,27.50882339477539,121633.0
2021-08-06,10.048846244812012,10.859152793884277,15.287942886352539,3.032604455947876,7.8233866691589355,2.514237642288208,26.69537353515625,7.7992963790893555,19.74363136291504,28.6002140045166,122810.0
2021-08-09,9.913509368896484,10.760091781616211,15.281493186950684,3.056816577911377,7.7662811279296875,2.514237642288208,27.787336349487305,7.927474021911621,19.974102020263672,28.48128318786621,123019.0
2021-08-10,10.116517066955566,10.486821174621582,15.062251091003418,3.050764560699463,7.6901421546936035,2.464505434036255,27.60090446472168,7.812115669250488,19.596378326416016,27.844636917114258,122202.0
2021-08-11,10.556363105773926,10.384344100952148,15.120283126831055,3.0265514850616455,7.652073383331299,2.47003173828125,26.94394874572754,7.901836395263672,19.81404685974121,28.02653694152832,122056.0
2021-08-12,10.515763282775879,10.158893585205078,14.907506942749023,3.0144455432891846,7.754861354827881,2.45345401763916,26.162704467773438,7.792891502380371,19.4427433013916,27.872615814208984,120701.0
2021-08-13,10.3736572265625,10.07691478729248,14.978431701660156,3.008392333984375,7.956632137298584,2.403722047805786,26.35801887512207,7.792891502380371,19.70520782470703,28.523256301879883,121194.0
2021-08-16,10.170650482177734,10.059833526611328,14.855928421020508,3.0023391246795654,7.918562412261963,2.2600514888763428,25.052988052368164,7.76725435256958,19.489273071289062,28.439302444458008,119180.0
2021-08-17,9.872908592224121,10.018836975097656,14.797898292541504,2.947861433029175,7.8973388671875,2.1605865955352783,24.88431167602539,7.709578990936279,19.418617248535156,28.2644100189209,117904.0
2021-08-18,10.048846244812012,10.066662788391113,14.70117473602295,2.929701566696167,7.850656032562256,2.232422113418579,24.413787841796875,7.677532196044922,19.45716094970703,28.040523529052734,116643.0
2021-08-19,10.170650482177734,10.134980201721191,14.668938636779785,2.9357542991638184,7.846765041351318,2.199267625808716,25.20391082763672,7.76725435256958,19.206632614135742,28.131473541259766,117165.0
2021-08-20,10.218019485473633,10.148642539978027,14.585116386413574,2.9841806888580322,7.372146129608154,2.188215494155884,25.15064811706543,7.7544403076171875,19.13597869873047,28.131473541259766,118053.0
2021-08-23,10.380425453186035,10.240875244140625,14.68828010559082,2.990232467651367,7.344912528991699,2.1440093517303467,24.83104705810547,7.658308506011963,19.341533660888672,28.509260177612305,117472.0
2021-08-24,10.894708633422852,10.575520515441895,15.075152397155762,3.0870823860168457,7.430502891540527,2.293205976486206,25.4436092376709,7.895429611206055,19.881120681762695,28.96401596069336,120211.0
2021-08-25,10.820274353027344,10.540958404541016,15.100944519042969,3.0991883277893066,7.6717000007629395,2.3650410175323486,25.532386779785156,7.8697919845581055,19.906816482543945,29.075950622558594,120818.0
2021-08-26,10.786438941955566,10.392351150512695,14.810786247253418,3.0870823860168457,7.625016689300537,2.3208346366882324,24.88431167602539,7.7992963790893555,19.425045013427734,28.75412940979004,118724.0
2021-08-27,11.28042221069336,10.551328659057617,15.004228591918945,3.0749762058258057,7.710603713989258,2.331886053085327,25.931886672973633,7.921061038970947,19.759069442749023,29.131919860839844,120678.0
2021-08-30,11.253355026245117,10.451102256774902,14.843037605285645,3.0870823860168457,7.7222747802734375,2.353990077972412,25.514633178710938,7.844158172607422,19.61775016784668,28.887054443359375,119740.0
2021-08-31,11.321023941040039,10.516765594482422,14.926855087280273,3.0749762058258057,7.691153049468994,2.304257392883301,25.23941993713379,7.997964859008789,19.87470054626465,29.341808319091797,118781.0
2021-09-01,12.031548500061035,10.52713394165039,14.90106201171875,3.0925910472869873,7.698933124542236,2.2047932147979736,24.83104705810547,8.023602485656738,19.961463928222656,29.145917892456055,119396.0
2021-09-02,11.686434745788574,10.091672897338867,14.377689361572266,3.019681453704834,7.566662788391113,2.1550607681274414,24.529205322265625,7.8697919845581055,19.241661071777344,27.620758056640625,116677.0
2021-09-03,11.71350383758545,10.067480087280273,14.306714057922363,3.013605833053589,7.574442386627197,2.1495351791381836,24.396034240722656,7.72880220413208,19.132408142089844,26.97710609436035,116933.0
2021-09-06,11.909746170043945,10.247194290161133,14.455132484436035,3.0318329334259033,7.695043563842773,2.1440093517303467,24.804412841796875,7.818523406982422,19.376625061035156,27.40388298034668,117869.0
2021-09-08,11.31425666809082,9.815190315246582,13.622668266296387,2.9771506786346436,7.558881759643555,2.0445449352264404,23.597043991088867,7.543498992919922,18.457603454589844,26.04662322998047,113413.0
2021-09-09,11.151851654052734,9.987992286682129,13.680749893188477,3.0318329334259033,7.625016689300537,2.0555965900421143,24.502573013305664,7.569692611694336,18.701818466186523,26.186548233032227,115361.0
2021-09-10,10.793205261230469,10.019094467163086,13.512967109680176,3.0379080772399902,7.621127605438232,2.072174310684204,23.907760620117188,7.681008338928223,18.515443801879883,25.766780853271484,114286.0
2021-09-13,10.833805084228516,10.24028205871582,13.790453910827637,3.0318329334259033,7.7222747802734375,2.199267625808716,24.467060089111328,7.929841995239258,18.746801376342773,25.990650177001953,116404.0
2021-09-14,10.644335746765137,10.165419578552246,13.700101852416992,3.0257580280303955,7.7222747802734375,2.1550607681274414,24.529205322265625,7.831617832183838,18.631126403808594,25.829740524291992,116181.0
2021-09-15,10.441327095031738,10.085433959960938,13.577494621276855,3.0318329334259033,7.718385219573975,2.110854387283325,24.413787841796875,7.805426597595215,18.32906723022461,25.29804039001465,115063.0
2021-09-16,10.50899600982666,10.248887062072754,13.403261184692383,2.9953794479370117,7.593895435333252,2.0998034477233887,24.27174949645996,7.916745662689209,18.316211700439453,25.54290199279785,113794.0
2021-09-17,10.19771957397461,10.064566612243652,12.919275283813477,3.001453161239624,7.593895435333252,2.0942771434783936,23.79235076904297,7.818523406982422,17.879196166992188,24.976211547851562,111439.0
2021-09-20,10.035313606262207,9.737658500671387,12.435285568237305,2.983227491378784,7.586113452911377,2.0279674530029297,22.87794303894043,7.478018760681152,17.474308013916016,24.248613357543945,108844.0
2021-09-21,9.994710922241211,9.984579086303711,12.615974426269531,2.983227491378784,7.706711769104004,2.1495351791381836,23.295196533203125,7.595884799957275,17.4293212890625,24.185653686523438,110250.0
2021-09-22,10.50899600982666,10.217585563659668,12.80311393737793,3.0075302124023438,7.675591945648193,2.1495351791381836,24.182973861694336,7.884006023406982,17.83420753479004,24.56344223022461,112282.0
2021-09-23,10.380425453186035,10.241931915283203,13.370996475219727,3.019681453704834,7.803970813751221,2.1440093517303467,23.98766326904297,7.864360809326172,18.451169967651367,25.305034637451172,114064.0
2021-09-24,10.130049705505371,10.161942481994629,13.074146270751953,3.019681453704834,7.574442386627197,2.1440093517303467,23.76572036743164,7.766138553619385,18.194107055664062,24.59842300415039,113283.0
2021-09-27,10.59019947052002,10.387996673583984,13.467796325683594,3.0075302124023438,7.586113452911377,2.177164077758789,23.81898307800293,7.995322227478027,18.6696834564209,25.528907775878906,113583.0
2021-09-28,10.272153854370117,10.175856590270996,13.183856010437012,3.0379080772399902,7.508306503295898,2.0942771434783936,22.76253318786621,7.77268648147583,18.24551773071289,25.20709228515625,110124.0
2021-09-29,10.075915336608887,10.231497764587402,13.422625541687012,2.9771506786346436,7.562772274017334,2.0887515544891357,23.011106491088867,7.779233455657959,18.57327651977539,25.48693084716797,111107.0
2021-09-30,10.075915336608887,10.050655364990234,13.441984176635742,3.013605833053589,7.453843116760254,2.0555965900421143,22.194358825683594,7.63517427444458,18.592554092407227,24.74534034729004,110979.0
2021-10-01,10.583431243896484,10.27670669555664,13.777546882629395,3.0434858798980713,7.4694037437438965,2.121906042098999,23.09988784790039,7.929841995239258,19.078033447265625,25.738800048828125,112900.0
2021-10-04,10.502229690551758,10.154987335205078,13.389348030090332,3.0129902362823486,7.4110493659973145,2.0776991844177246,21.945775985717773,7.779233455657959,15.650803565979004,24.969219207763672,110393.0
2021-10-05,10.54959774017334,10.638394355773926,13.615403175354004,3.019089937210083,7.477185249328613,2.0832254886627197,21.386486053466797,7.910195350646973,16.03017234802246,25.682823181152344,110458.0
2021-10-06,10.319523811340332,10.655780792236328,13.718757629394531,3.0129902362823486,7.477185249328613,2.0445449352264404,21.572914123535156,7.792330265045166,16.08161735534668,25.773778915405273,110560.0
2021-10-07,10.579811096191406,10.54449462890625,13.376433372497559,3.0556833744049072,7.158178329467773,2.011389970779419,21.66169548034668,7.739943504333496,15.740819931030273,25.39598274230957,110585.0
2021-10-08,10.998880386352539,10.767069816589355,13.466854095458984,3.0495848655700684,7.19708251953125,2.0555965900421143,22.771408081054688,7.956033229827881,15.856565475463867,25.92069435119629,112833.0
2021-10-11,10.730952262878418,10.683603286743164,13.22141170501709,3.019089937210083,7.19708251953125,2.0500710010528564,21.39535903930664,7.825068950653076,15.580072402954102,25.11614227294922,112180.0
2021-10-13,10.73781967163086,10.697514533996582,13.182662010192871,3.0373878479003906,7.189301013946533,2.061122417449951,21.96353530883789,7.818523406982422,15.599363327026367,25.123138427734375,113456.0
2021-10-14,10.655381202697754,10.645347595214844,13.059943199157715,3.019089937210083,7.329353332519531,2.0279674530029297,21.999046325683594,7.785780906677246,15.522196769714355,25.263057708740234,113185.0
2021-10-15,11.356122970581055,10.982688903808594,13.744590759277344,3.0434858798980713,7.317681312561035,2.0555965900421143,23.03774070739746,7.884006023406982,15.920867919921875,26.2705020904541,114648.0
2021-10-18,11.534740447998047,11.201786994934082,13.983572006225586,3.025188446044922,7.364365577697754,2.132957696914673,22.638242721557617,8.13938045501709,16.03017234802246,26.598434448242188,114428.0
2021-10-19,11.163762092590332,10.652304649353027,13.550822257995605,3.019089937210083,7.399378776550293,2.022442102432251,21.43086814880371,7.844715595245361,15.650803565979004,25.45433235168457,110673.0
2021-10-20,11.575963020324707,10.850534439086914,14.015863418579102,3.025188446044922,7.4110493659973145,2.0500710010528564,22.007925033569336,7.897099494934082,16.06875991821289,26.299654006958008,110786.0
2021-10-21,11.308030128479004,10.370607376098633,13.725214004516602,3.006892442703247,7.29044771194458,1.961658000946045,20.622997283935547,7.720300197601318,15.740819931030273,25.833267211914062,107735.0
2021-10-22,10.820261001586914,10.054133415222168,13.208498001098633,3.0007922649383545,7.270998477935791,1.9008740186691284,20.356666564941406,7.464919567108154,15.13640308380127,25.301305770874023,106296.0
2021-10-25,11.033232688903809,10.262799263000488,13.408723831176758,3.031287431716919,7.232094764709473,1.9395548105239868,20.738407135009766,7.510757923126221,15.432186126708984,26.0518856048584,108715.0
2021-10-26,10.895831108093262,10.154987335205078,13.105152130126953,2.9946937561035156,7.418830871582031,1.8566676378250122,19.957168579101562,7.425632476806641,15.264998435974121,25.556358337402344,106420.0
2021-10-27,10.930181503295898,10.144554138183594,13.279545783996582,2.976395845413208,7.4227213859558105,1.8621937036514282,20.241249084472656,7.451825141906738,15.380741119384766,25.549062728881836,106363.0
2021-10-28,10.305008888244629,10.054133415222168,13.234331130981445,2.9702963829040527,7.19708251953125,1.7572029829025269,20.179107666015625,7.255378246307373,15.348591804504395,25.549062728881836,105705.0
2021-10-29,10.435538291931152,9.911545753479004,12.853259086608887,2.9459004402160645,7.313791751861572,1.685368299484253,20.10808563232422,7.1309638023376465,14.98851203918457,25.0681095123291,103501.0
2021-11-01,10.408061027526855,10.137598991394043,13.298922538757324,2.9514050483703613,7.19708251953125,1.8953485488891602,20.942594528198242,7.44527530670166,15.585445404052734,26.20492172241211,105551.0
2021-11-03,10.840871810913086,10.203678131103516,13.188355445861816,2.945282459259033,7.19708251953125,1.8511418104171753,21.14678192138672,7.517305374145508,15.733444213867188,26.45268440246582,105617.0
2021-11-04,10.985140800476074,9.963712692260742,12.315597534179688,2.9330360889434814,7.19708251953125,1.7793067693710327,20.76504135131836,7.327409744262695,14.903341293334961,25.35959815979004,103412.0
2021-11-05,11.163762092590332,10.186285972595215,12.92329216003418,2.945282459259033,7.376037120819092,1.8621937036514282,21.697202682495117,7.366698741912842,14.723156929016113,25.64624786376953,104824.0
2021-11-08,11.184370040893555,10.252366065979004,12.625913619995117,2.9207894802093506,7.002565383911133,1.7627297639846802,21.14678192138672,7.275021553039551,14.64594554901123,25.549266815185547,104781.0
2021-11-09,11.184370040893555,10.238452911376953,12.483678817749023,2.939159393310547,6.862515449523926,1.7903581857681274,20.143600463867188,7.333956718444824,14.49793815612793,25.1613712310791,105535.0
2021-11-10,11.500393867492676,10.7079496383667,13.181893348693848,2.945282459259033,6.83917236328125,1.8677195310592651,21.08463478088379,7.615530967712402,14.864727020263672,25.996841430664062,105968.0
2021-11-11,11.541611671447754,10.502761840820312,13.246535301208496,2.945282459259033,7.014237880706787,1.8400905132293701,21.16453742980957,7.150608539581299,14.832551002502441,25.862573623657227,107725.0
2021-11-12,11.184370040893555,10.485370635986328,13.375834465026855,2.9514050483703613,7.1542887687683105,1.7351001501083374,20.22349739074707,7.013096809387207,14.800385475158691,26.10874366760254,106312.0
2021-11-16,10.998880386352539,10.33930778503418,13.35644245147705,2.9330360889434814,7.123166084289551,1.6964199542999268,19.415624618530273,6.797008991241455,14.64594554901123,25.556732177734375,104508.0
2021-11-17,10.758429527282715,10.193243980407715,13.414628028869629,2.9330360889434814,7.313791751861572,1.6356359720230103,18.527856826782227,6.659495830535889,14.703852653503418,25.661161422729492,102945.0
2021-11-18,10.827133178710938,10.116734504699707,13.285330772399902,2.9207894802093506,7.13872766494751,1.624584436416626,18.536725997924805,6.607110500335693,14.459327697753906,25.63132095336914,102524.0
2021-11-19,11.012621879577637,10.102823257446289,13.272400856018066,2.945282459259033,7.13872766494751,1.6743165254592896,18.572237014770508,6.613658428192139,14.337064743041992,25.474666595458984,103035.0
2021-11-22,10.943921089172363,10.0471773147583,13.046128273010254,2.890174150466919,7.173741340637207,1.6080069541931152,17.684463500976562,6.521982192993164,14.372581481933594,25.362777709960938,102122.0
2021-11-23,11.198110580444336,10.467255592346191,13.298258781433105,2.8289401531219482,7.088153839111328,1.5914299488067627,17.844263076782227,6.55472469329834,14.613544464111328,25.519426345825195,103663.0
2021-11-24,11.582832336425781,10.661157608032227,13.64089584350586,2.890174150466919,7.088153839111328,1.7129970788955688,18.288148880004883,6.711880683898926,15.00428295135498,26.034149169921875,104514.0
2021-11-25,11.34238338470459,11.2146635055542,13.75080394744873,2.902418851852417,7.088153839111328,1.6964199542999268,19.388992309570312,6.7511701583862305,15.141037940979004,26.466800689697266,105811.0
2021-11-26,11.095062255859375,10.844486236572266,13.20128345489502,2.939159393310547,6.998676776885986,1.6411620378494263,18.48345947265625,6.607110500335693,14.854491233825684,25.400075912475586,102224.0
2021-11-29,11.63092041015625,10.862113952636719,13.104315757751465,2.9330360889434814,7.080373764038086,1.613532543182373,19.122657775878906,6.777363300323486,14.756815910339355,25.325481414794922,102814.0
2021-11-30,11.63092041015625,11.225242614746094,12.871576309204102,2.871802806854248,7.060920715332031,1.5969552993774414,18.341415405273438,6.613658428192139,14.574470520019531,24.572052001953125,101915.0
2021-12-01,11.70649242401123,11.034865379333496,12.819856643676758,2.858886957168579,6.9753336906433105,1.5472230911254883,18.430191040039062,6.476146221160889,14.481693267822266,24.281126022338867,100775.0
2021-12-02,11.775193214416504,11.338056564331055,13.472772598266602,2.9019246101379395,7.1542887687683105,1.5914299488067627,18.545604705810547,6.607110500335693,15.029152870178223,24.997249603271484,104466.0
2021-12-03,11.816412925720215,11.352158546447754,13.433943748474121,2.908071994781494,7.625016689300537,1.6632649898529053,18.73203468322754,6.541628360748291,14.97701358795166,24.952495574951172,105070.0
2021-12-06,12.146172523498535,11.658883094787598,13.718670845031738,2.920367956161499,7.656139850616455,1.685368299484253,18.891836166381836,6.652947425842285,15.152982711791992,25.273265838623047,106859.0
2021-12-07,12.056862831115723,11.493180274963379,13.556896209716797,2.920367956161499,7.803970813751221,1.6687906980514526,18.83856773376465,6.535079002380371,14.963981628417969,24.706331253051758,107558.0
2021-12-08,12.304183959960938,11.546063423156738,13.472772598266602,2.9019246101379395,7.8195319175720215,1.701945424079895,19.273574829101562,6.652947425842285,14.820597648620605,24.646650314331055,108096.0
2021-12-09,12.228612899780273,11.288700103759766,13.129805564880371,2.914219379425049,7.757286548614502,1.685368299484253,18.97173500061035,6.521982192993164,14.423032760620117,23.870847702026367,106291.0
2021-12-10,12.345401763916016,11.457924842834473,13.078041076660156,2.926516532897949,7.757286548614502,1.6908938884735107,20.12584114074707,6.5023393630981445,14.442588806152344,23.736576080322266,107758.0
2021-12-13,12.214873313903809,11.362736701965332,12.838605880737305,2.926516532897949,7.936241626739502,1.701945424079895,20.267885208129883,6.541628360748291,14.058063507080078,23.796255111694336,107383.0
2021-12-14,12.139302253723145,11.364505767822266,13.032736778259277,2.932664632797241,8.091853141784668,1.6908938884735107,19.380111694335938,6.541628360748291,14.194933891296387,23.57992172241211,106760.0
2021-12-15,11.63092041015625,11.16954517364502,13.032736778259277,2.95110821723938,8.550909996032715,1.7240487337112427,19.92165184020996,6.613658428192139,14.149300575256348,23.85593032836914,107370.0
2021-12-16,11.301159858703613,11.1340970993042,13.194514274597168,2.9634053707122803,8.441984176635742,1.7074711322784424,19.752981185913086,6.467857360839844,14.29268741607666,24.012584686279297,108212.0
2021-12-17,11.07445240020752,10.751262664794922,12.825665473937988,2.998903751373291,8.208563804626465,1.8787713050842285,20.116966247558594,6.381264686584473,13.979854583740234,23.527706146240234,107201.0
2021-12-20,10.97140121459961,10.428689002990723,12.56035327911377,2.918354034423828,8.340834617614746,1.8621937036514282,19.25582504272461,6.234720706939697,13.764776229858398,22.751903533935547,105020.0
2021-12-21,10.765299797058105,10.457046508789062,12.506551742553711,2.9121580123901367,8.348613739013672,1.9008740186691284,19.06684112548828,6.181434154510498,13.784329414367676,22.751903533935547,105500.0
2021-12-22,10.77903938293457,10.396787643432617,12.565510749816895,2.9121580123901367,8.348613739013672,1.9008740186691284,19.396343231201172,6.134805679321289,13.836470603942871,22.61016845703125,105244.0
2021-12-23,10.834000587463379,10.357791900634766,12.604820251464844,2.9121580123901367,8.0762939453125,1.8842968940734863,19.11136817932129,6.154789924621582,13.908157348632812,22.729522705078125,104891.0
2021-12-27,10.97140121459961,10.37906265258789,12.748950958251953,2.9493350982666016,8.107416152954102,1.9008740186691284,19.129179000854492,6.314652442932129,14.051545143127441,22.94585418701172,105531.0
2021-12-28,11.088191986083984,10.318802833557129,12.70309066772461,2.9493350982666016,8.473106384277344,1.895337462425232,18.45235252380371,6.394586086273193,13.999401092529297,22.975688934326172,104864.0
2021-12-29,10.875221252441406,10.265629768371582,12.644128799438477,2.974118709564209,8.193002700805664,1.8467391729354858,18.461257934570312,6.3879241943359375,13.882091522216797,22.677305221557617,104107.0
2021-12-30,10.902702331542969,10.226637840270996,12.58516788482666,3.005098581314087,8.441984176635742,1.895337462425232,18.674989700317383,6.427891731262207,13.653977394104004,22.483354568481445,104822.0
2022-01-03,10.852873802185059,10.21600341796875,12.899633407592773,3.010693073272705,8.045170783996582,1.8528138399124146,17.918020248413086,6.327975749969482,14.03077220916748,22.819040298461914,103922.0
2022-01-04,10.985480308532715,10.226637840270996,12.984208106994629,2.9795894622802734,8.161880493164062,1.7859911918640137,17.50836181640625,6.3879241943359375,14.428671836853027,23.14726448059082,103514.0
2022-01-05,10.4829683303833,10.056488990783691,12.892402648925781,2.942267417907715,8.333053588867188,1.7313179969787598,16.751384735107422,6.274688243865967,14.154707908630371,22.96823501586914,101006.0
2022-01-06,10.643494606018066,10.138017654418945,13.076014518737793,2.9547085762023926,8.40307903289795,1.7616920471191406,16.5694580078125,6.314652442932129,14.441723823547363,23.154726028442383,101561.0
2022-01-07,10.720266342163086,10.148652076721191,13.26618766784668,2.9609293937683105,8.441984176635742,1.8771133422851562,16.69512176513672,6.281348705291748,14.761343955993652,23.229324340820312,102719.0
2022-01-10,11.048295021057129,10.201826095581055,13.312091827392578,2.973369598388672,8.333053588867188,1.792065978050232,16.659217834472656,6.314652442932129,14.898327827453613,23.69038200378418,101945.0
2022-01-11,11.041316032409668,10.244359970092773,13.331769943237305,2.9920315742492676,8.465324401855469,1.864963412284851,17.45806884765625,6.341297626495361,15.230992317199707,23.398832321166992,103779.0
2022-01-12,10.85985279083252,10.34361457824707,13.233403205871582,2.9795894622802734,8.364176750183105,1.8406648635864258,17.556806564331055,6.3879241943359375,15.16576099395752,22.875537872314453,105686.0
2022-01-13,10.957564353942871,10.510217666625977,13.469484329223633,2.973369598388672,8.356395721435547,1.828514814376831,17.32343292236328,6.461195468902588,15.446247100830078,23.705333709716797,105530.0
2022-01-14,11.069232940673828,10.779621124267578,13.685879707336426,3.0169122219085693,8.364176750183105,1.8831881284713745,17.6016845703125,6.62772274017334,15.328837394714355,23.697864532470703,106928.0
2022-01-17,11.069232940673828,10.800887107849121,13.764571189880371,2.9982519149780273,8.107416152954102,1.9682350158691406,17.7363224029541,6.681009769439697,15.328837394714355,23.727760314941406,106692.0
2022-01-18,11.076212882995605,10.896598815917969,14.013768196105957,2.9920315742492676,8.278590202331543,2.016833543777466,17.009275436401367,6.807570934295654,15.420150756835938,23.593198776245117,106522.0
2022-01-19,11.159965515136719,10.992304801940918,13.836702346801758,3.1039998531341553,8.317493438720703,1.9621601104736328,17.897886276245117,6.894164085388184,15.315787315368652,23.772615432739258,108013.0
2022-01-20,11.020378112792969,11.059657096862793,13.823589324951172,3.1039998531341553,8.465324401855469,2.0289831161499023,19.396860122680664,6.96077299118042,15.191852569580078,23.309123992919922,109102.0
2022-01-21,10.915687561035156,11.059657096862793,13.679327011108398,3.0542349815368652,8.286369323730469,1.9500110149383545,19.118606567382812,6.9208083152771,15.198381423950195,23.47358512878418,108942.0
2022-01-24,10.852873802185059,11.112829208374023,13.967863082885742,3.041795253753662,8.301932334899902,1.8771133422851562,19.396860122680664,6.907485485076904,15.178811073303223,23.249319076538086,107752.0
2022-01-25,11.062254905700684,11.399951934814453,14.525269508361816,3.0666773319244385,8.138538360595703,1.9317864179611206,20.213661193847656,7.153942108154297,15.726733207702637,24.594942092895508,109845.0
2022-01-26,10.985480308532715,11.29006576538086,14.53837776184082,3.097778558731079,8.387517929077148,1.913562536239624,20.779144287109375,7.080671310424805,15.89633560180664,24.72949981689453,111573.0
2022-01-27,11.104131698608398,11.446035385131836,14.610506057739258,3.128880500793457,8.722085952758789,1.9500110149383545,21.64980125427246,7.173926830291748,15.97460651397705,25.33502960205078,112315.0
2022-01-28,11.055274963378906,11.51693058013916,14.820362091064453,3.1413228511810303,8.823233604431152,1.9074876308441162,20.931732177734375,7.1805877685546875,16.170286178588867,24.669694900512695,111478.0
2022-01-31,11.055274963378906,11.577193260192871,14.951518058776855,3.172424077987671,8.683181762695312,1.9074876308441162,21.577993392944336,7.293824672698975,16.52252769470215,24.74445152282715,112388.0
2022-02-01,11.31351089477539,11.559469223022461,15.003973007202148,3.1228177547454834,8.582033157348633,1.919636845588684,21.76648712158203,7.160604476928711,16.63848114013672,24.52018165588379,113147.0
2022-02-02,11.327467918395996,11.368051528930664,14.73421573638916,3.1852738857269287,8.862136840820312,1.9074876308441162,20.994564056396484,7.067350387573242,16.377391815185547,23.839895248413086,112161.0
2022-02-03,11.320489883422852,11.446035385131836,14.950793266296387,3.1290643215179443,8.582033157348633,1.8831881284713745,20.716310501098633,6.874179840087891,16.566686630249023,23.9520320892334,111696.0
2022-02-04,11.264656066894531,11.424766540527344,15.049246788024902,3.1228177547454834,8.40307903289795,1.8467391729354858,20.527822494506836,6.827552795410156,16.618911743164062,24.101545333862305,112245.0
2022-02-07,11.264656066894531,11.293610572814941,14.996742248535156,3.1165714263916016,8.231904983520508,1.828514814376831,20.339324951171875,6.740957736968994,16.527515411376953,24.288434982299805,111996.0
2022-02-08,11.34142780303955,11.414131164550781,14.911418914794922,3.1290643215179443,8.0762939453125,1.8528138399124146,20.267515182495117,6.687671661376953,16.71028709411621,24.236108779907227,112234.0
2022-02-09,11.02735710144043,11.3148775100708,13.631607055664062,3.1103272438049316,8.146319389343262,1.8406648635864258,21.039447784423828,6.661027908325195,16.044483184814453,23.682907104492188,112461.0
2022-02-10,11.173922538757324,11.438947677612305,13.828502655029297,3.1165714263916016,8.208563804626465,1.828514814376831,20.931732177734375,6.787586212158203,16.35128402709961,24.131446838378906,113359.0
2022-02-11,11.522891998291016,11.839503288269043,13.874445915222168,3.1103272438049316,7.936241626739502,1.822440266609192,20.662456512451172,6.90082311630249,17.31734275817871,24.403026580810547,113572.0
2022-02-14,11.515911102294922,11.889130592346191,13.894128799438477,3.104081392288208,8.177441596984863,1.810289978981018,20.958663940429688,6.927469253540039,17.27817726135254,24.56402587890625,113807.0
2022-02-15,11.829981803894043,12.452747344970703,13.907256126403809,3.104081392288208,8.364176750183105,1.8345897197723389,22.305042266845703,7.167264461517334,17.44136619567871,24.610023498535156,114660.0
2022-02-16,11.809043884277344,12.523641586303711,14.071334838867188,3.1165714263916016,8.231904983520508,1.8467391729354858,22.673051834106445,7.107316493988037,17.258594512939453,24.932029724121094,115181.0
2022-02-17,11.648518562316895,12.523641586303711,13.907256126403809,3.1103272438049316,8.53534984588623,1.8345897197723389,22.50251007080078,7.060689926147461,17.017080307006836,24.433692932128906,113528.0
2022-02-18,11.571746826171875,12.778862953186035,13.986016273498535,3.1165714263916016,8.71430492401123,1.804215669631958,22.56534194946289,7.19390869140625,17.08235740661621,24.587026596069336,112768.0
2022-02-21,11.090170860290527,12.505918502807617,13.821944236755371,3.1165714263916016,8.831015586853027,1.7434674501419067,21.685707092285156,6.947451114654541,16.66459846496582,24.203693389892578,111725.0
2022-02-22,11.118088722229004,12.622895240783691,13.769438743591309,3.047870397567749,9.057646751403809,1.7313179969787598,22.843595504760742,7.060689926147461,16.81720542907715,24.318695068359375,112892.0
2022-02-23,11.446118354797363,12.686699867248535,13.703804016113281,3.079098701477051,9.21739387512207,1.6827197074890137,22.628173828125,6.994078636169434,16.582082748413086,24.17302703857422,112008.0
2022-02-24,11.125067710876465,12.282599449157715,13.290322303771973,3.1540472507476807,8.913874626159668,1.6705700159072876,23.38214683532715,6.714315414428711,16.301259994506836,23.19936180114746,111592.0
2022-02-25,10.88776969909668,12.48110294342041,13.35595703125,3.1290643215179443,8.70620346069336,1.688794493675232,22.807689666748047,6.661027908325195,16.634334564208984,23.498355865478516,113142.0
2022-03-02,10.727246284484863,12.619351387023926,13.21812915802002,3.0792534351348877,8.90588665008545,1.6827197074890137,22.574316024780273,6.621060371398926,16.358301162719727,23.628692626953125,115174.0
2022-03-03,10.929646492004395,12.620750427246094,13.473525047302246,3.0729827880859375,8.570418357849121,1.6705700159072876,22.143476486206055,6.787586212158203,16.37137794494629,23.874025344848633,115166.0
2022-03-04,10.762142181396484,12.304959297180176,13.085943222045898,3.1168830394744873,8.626330375671387,1.6584203243255615,21.380525588989258,6.827552795410156,16.12303352355957,23.245359420776367,114474.0
2022-03-07,10.692349433898926,11.778644561767578,12.750913619995117,3.0855255126953125,8.514508247375488,1.609822154045105,20.64450454711914,6.494501113891602,15.776647567749023,22.685693740844727,111593.0
2022-03-08,10.866832733154297,11.86938762664795,12.915142059326172,3.0792534351348877,8.52249526977539,1.6280463933944702,21.416431427001953,6.7542805671691895,15.626338005065918,22.785356521606445,111203.0
2022-03-09,11.257674217224121,12.540899276733398,13.742874145507812,3.1043403148651123,8.746140480041504,1.7434674501419067,22.439678192138672,7.047365665435791,16.404054641723633,24.617692947387695,113900.0
2022-03-10,11.139026641845703,12.377556800842285,13.657472610473633,3.1043403148651123,8.626330375671387,1.7252429723739624,21.78443717956543,6.974095344543457,16.417116165161133,24.541025161743164,113663.0
2022-03-11,10.999442100524902,12.130730628967285,13.598343849182129,3.098067283630371,8.586394309997559,1.6827197074890137,21.407453536987305,6.967435836791992,16.2341365814209,24.809358596801758,111713.0
2022-03-14,11.16694450378418,12.206955909729004,13.696885108947754,3.0729827880859375,8.498533248901367,1.6644949913024902,21.174081802368164,6.980756759643555,16.462881088256836,25.867359161376953,109928.0
2022-03-15,10.971522331237793,12.068385124206543,13.664034843444824,3.0917956829071045,8.530482292175293,1.688794493675232,21.281789779663086,6.907485485076904,16.404054641723633,25.52235984802246,108959.0
2022-03-16,11.327467918395996,12.229104042053223,13.861116409301758,3.0917956829071045,8.474571228027344,1.7070187330245972,21.954975128173828,7.100654125213623,16.724292755126953,26.18169593811035,111112.0
2022-03-17,11.446118354797363,12.342333793640137,13.913674354553223,3.0917956829071045,8.474571228027344,1.7616920471191406,22.56534194946289,7.0895795822143555,17.09027671813965,26.641695022583008,113076.0
2022-03-18,11.781126022338867,12.316766738891602,13.88082504272461,3.0917956829071045,8.490545272827148,1.792065978050232,23.023113250732422,7.082703113555908,17.214462280273438,26.81802749633789,115311.0
2022-03-21,11.655495643615723,12.568799018859863,14.209287643432617,3.1168830394744873,8.474571228027344,1.804215669631958,22.412752151489258,7.213353157043457,17.639263153076172,27.5386962890625,116155.0
2022-03-22,11.718311309814453,12.820832252502441,14.386655807495117,3.1356964111328125,8.450608253479004,1.816365122795105,23.059011459350586,7.357759475708008,17.881072998046875,27.71503257751465,117272.0
2022-03-23,11.74622917175293,12.755084037780762,14.294684410095215,3.1168830394744873,8.426647186279297,1.816365122795105,23.3731689453125,7.440276622772217,17.802648544311523,27.730356216430664,117457.0
2022-03-24,11.599663734436035,12.901185989379883,14.504903793334961,3.1168830394744873,8.386709213256836,1.822440266609192,23.83094024658203,7.5365471839904785,17.920284271240234,27.492700576782227,119053.0
2022-03-25,11.592682838439941,12.893884658813477,14.636285781860352,3.141967296600342,8.378722190856934,1.895337462425232,24.198951721191406,7.660322666168213,17.952960968017578,28.2900333404541,119081.0
2022-03-28,11.850918769836426,12.769696235656738,14.564026832580566,3.1356964111328125,8.418659210205078,1.9014126062393188,24.234851837158203,7.598432540893555,17.93989372253418,27.8530330657959,118738.0
2022-03-29,12.032382011413574,12.824485778808594,14.826796531677246,3.148238182067871,8.458596229553223,1.8771133422851562,24.36949348449707,7.7359619140625,18.149028778076172,27.91436195373535,120014.0
2022-03-30,11.99748706817627,12.747783660888672,14.73482894897461,3.141967296600342,8.410672187805176,1.8406648635864258,23.64244270324707,7.605308532714844,18.188236236572266,28.198030471801758,120260.0
2022-03-31,12.025403022766113,12.674726486206055,14.59687328338623,3.2109522819519043,8.394698143005371,1.810289978981018,23.3731689453125,7.481536388397217,17.95949363708496,27.791698455810547,119999.0
2022-04-01,12.003217697143555,12.66741943359375,14.43920612335205,3.249096155166626,8.40268611907959,1.8467391729354858,23.902746200561523,7.577804088592529,18.01028060913086,28.282363891601562,121570.0
2022-04-04,11.93925952911377,12.550537109375,14.379364013671875,3.2742817401885986,8.426647186279297,1.8467391729354858,23.678346633911133,7.564053535461426,17.8467960357666,27.761024475097656,121280.0
2022-04-05,11.498644828796387,12.218144416809082,13.978290557861328,3.198721408843994,8.4346342086792,1.7859911918640137,22.744857788085938,7.4471540451049805,17.487102508544922,27.132360458374023,118885.0
2022-04-06,11.335189819335938,12.280240058898926,13.905965805053711,3.223907232284546,8.330799102783203,1.7799166440963745,22.538410186767578,7.440276622772217,17.48056983947754,27.20903205871582,118228.0
2022-04-07,11.271228790283203,12.506708145141602,13.965137481689453,3.198721408843994,8.3228120803833,1.792065978050232,23.01413345336914,7.460906505584717,17.467485427856445,27.71503257751465,118862.0
2022-04-08,11.34229564666748,12.72951889038086,14.12293815612793,3.211315393447876,8.266901016235352,1.816365122795105,22.969255447387695,7.529669284820557,17.43478775024414,27.42369842529297,118322.0
2022-04-11,11.29965591430664,12.8098783493042,14.103215217590332,3.2553913593292236,8.258912086486816,1.7677668333053589,22.664077758789062,7.460906505584717,17.369394302368164,27.262699127197266,116953.0
2022-04-12,11.264122009277344,12.78430461883545,13.978290557861328,3.2868757247924805,8.195014953613281,1.7799166440963745,22.26016616821289,7.426522731781006,17.062023162841797,26.902360916137695,116147.0
2022-04-13,11.335189819335938,12.846402168273926,14.12293815612793,3.230205774307251,8.23495101928711,1.792065978050232,22.771785736083984,7.49528694152832,17.10780143737793,26.887033462524414,116782.0
2022-04-14,11.498644828796387,12.857358932495117,14.09006118774414,3.211315393447876,8.187026023864746,1.7616920471191406,22.529436111450195,7.474658489227295,17.218982696533203,26.756696701049805,116182.0
2022-04-18,12.024539947509766,13.332202911376953,14.339908599853516,3.2427985668182373,8.226963996887207,1.7799166440963745,22.664077758789062,7.625941753387451,17.317075729370117,27.055692672729492,115687.0
2022-04-19,12.202208518981934,12.86100959777832,14.153841018676758,3.2427985668182373,8.187026023864746,1.792065978050232,23.25648307800293,7.474658489227295,17.009702682495117,26.933032989501953,115057.0
2022-04-20,12.280383110046387,12.842745780944824,14.103215217590332,3.2427985668182373,8.163064956665039,1.7859911918640137,23.561662673950195,7.4677815437316895,17.12088394165039,26.864030838012695,114344.0
2022-04-22,12.060072898864746,12.576105117797852,13.900714874267578,3.249096155166626,8.107152938842773,1.7495421171188354,22.798715591430664,7.412771224975586,16.78736114501953,26.363941192626953,111078.0
2022-04-25,12.031645774841309,12.674726486206055,13.813918113708496,3.249096155166626,8.171051979064941,1.7677668333053589,22.547391891479492,7.488411903381348,16.721967697143555,26.123140335083008,110685.0
2022-04-26,11.82555103302002,12.389820098876953,13.220858573913574,3.236501932144165,8.115140914916992,1.7252429723739624,21.407453536987305,7.295872688293457,16.15300941467285,24.934661865234375,108213.0
2022-04-27,11.761592864990234,12.44460678100586,13.300413131713867,3.211315393447876,8.147089004516602,1.7070187330245972,21.398481369018555,7.4471540451049805,16.022220611572266,24.83368492126465,109349.0
2022-04-28,11.811339378356934,12.422694206237793,13.177468299865723,3.261688470840454,8.466585159301758,1.7070187330245972,21.658775329589844,7.502163887023926,15.891425132751465,24.686098098754883,109919.0
2022-04-29,11.228589057922363,12.13413143157959,13.003888130187988,3.2868757247924805,8.466585159301758,1.688794493675232,20.725290298461914,7.247735023498535,15.610212326049805,24.66278648376465,107876.0
2022-05-02,11.484430313110352,12.046470642089844,12.996652603149414,3.299882173538208,8.242938041687012,1.7434674501419067,20.716310501098633,7.123960018157959,15.543231964111328,24.507434844970703,106639.0
2022-05-03,11.519963264465332,12.294848442077637,13.082791328430176,3.299882173538208,8.187026023864746,1.7616920471191406,20.321369171142578,7.225128650665283,15.62176513671875,24.701627731323242,106528.0
2022-05-04,11.683419227600098,12.652811050415039,13.271035194396973,3.3062052726745605,8.163064956665039,1.7616920471191406,20.662456512451172,7.542566299438477,15.60213565826416,25.330821990966797,108344.0
2022-05-05,11.207269668579102,12.32407283782959,12.83663272857666,3.3333852291107178,8.187026023864746,1.713093876838684,19.85462760925293,7.328640937805176,15.242176055908203,24.84145164489746,105304.0
2022-05-06,11.22148323059082,12.364249229431152,13.104514122009277,3.326834201812744,8.258912086486816,1.713093876838684,19.65715980529785,7.307938575744629,15.569411277770996,25.61046600341797,105135.0
2022-05-09,11.235696792602539,12.397123336791992,13.299997329711914,3.2744436264038086,8.067217826843262,1.652345895767212,20.366252899169922,7.328640937805176,15.346895217895508,25.8435001373291,103250.0
2022-05-10,11.086454391479492,12.254670143127441,13.430315971374512,3.3006396293640137,8.059229850769043,1.640196442604065,20.97661590576172,7.232029438018799,15.268363952636719,25.323057174682617,103110.0
2022-05-11,11.463109970092773,12.524967193603516,13.661998748779297,3.2940902709960938,8.067217826843262,1.6219714879989624,20.312395095825195,7.273432731628418,15.778834342956543,25.54055404663086,104397.0
2022-05-12,11.519963264465332,12.842745780944824,13.748880386352539,3.2809929847717285,8.139101028442383,1.6644949913024902,21.236909866333008,7.418351173400879,16.027523040771484,25.439571380615234,105688.0
2022-05-13,11.754485130310059,12.824485778808594,13.908159255981445,3.2744436264038086,8.2030029296875,1.6219714879989624,21.76648712158203,6.831784725189209,16.21731948852539,25.400733947753906,106924.0
2022-05-16,11.711844444274902,12.824485778808594,14.13984203338623,3.2809929847717285,8.027278900146484,1.6584203243255615,22.008834838867188,6.914595127105713,16.387468338012695,26.053226470947266,108233.0
2022-05-17,12.031645774841309,13.306633949279785,14.429442405700684,3.2744436264038086,8.147089004516602,1.7070187330245972,22.28708839416504,7.059512138366699,16.531450271606445,26.37171173095703,108789.0
2022-05-18,11.804232597351074,13.116697311401367,14.161561965942383,3.2678942680358887,8.147089004516602,1.652345895767212,21.425403594970703,7.011205196380615,16.29585838317871,25.641529083251953,106247.0
2022-05-19,12.323020935058594,13.039992332458496,14.052961349487305,3.2940902709960938,8.21098804473877,1.6584203243255615,22.026790618896484,6.935296535491943,16.24349594116211,25.416269302368164,107005.0
2022-05-20,11.861085891723633,13.514833450317383,14.241202354431152,3.326834201812744,8.274886131286621,1.652345895767212,22.143476486206055,6.859387397766113,16.446378707885742,25.649301528930664,108488.0
2022-05-23,11.910833358764648,14.084654808044434,14.472882270812988,3.326834201812744,8.226963996887207,1.676645040512085,21.937030792236328,7.163022041320801,16.87177085876465,26.294034957885742,110346.0
2022-05-24,11.832658767700195,14.052336692810059,14.776969909667969,3.2809929847717285,8.250925064086914,1.652345895767212,21.77546501159668,7.232029438018799,17.127004623413086,26.666885375976562,110581.0
2022-05-25,11.740272521972656,13.96683120727539,14.610442161560059,3.339933156967163,8.226963996887207,1.6280463933944702,22.152450561523438,7.080211639404297,16.819416046142578,25.967782974243164,110580.0
2022-05-26,11.839765548706055,13.92594051361084,14.690089225769043,3.3661296367645264,8.163064956665039,1.646270990371704,22.394800186157227,7.073310852050781,17.02884292602539,25.890108108520508,111890.0
2022-05-27,12.031645774841309,13.773516654968262,14.900049209594727,3.372678518295288,8.147089004516602,1.6827197074890137,22.619197845458984,7.025007247924805,17.120464324951172,26.154207229614258,111942.0
2022-05-30,11.797124862670898,13.409198760986328,14.755248069763184,3.385775089263916,8.187026023864746,1.6584203243255615,22.34992027282715,7.018105506896973,16.963394165039062,26.014392852783203,111032.0
2022-05-31,11.377829551696777,13.613665580749512,14.84212875366211,3.4119713306427,8.163064956665039,1.652345895767212,22.547391891479492,7.11471700668335,17.120464324951172,26.037696838378906,111351.0
2022-06-01,11.427577018737793,13.639689445495605,14.574246406555176,3.418924331665039,8.218976020812988,1.6584203243255615,22.29606819152832,6.914595127105713,16.883159637451172,25.55609130859375,111360.0
2022-06-02,11.733165740966797,13.65084171295166,14.515533447265625,3.418924331665039,8.2030029296875,1.676645040512085,22.735883712768555,6.873188495635986,16.955196380615234,25.268680572509766,112393.0
2022-06-03,11.470216751098633,13.461246490478516,14.428568840026855,3.412348747253418,8.226963996887207,1.6705700159072876,21.85624885559082,6.845585823059082,16.798025131225586,25.027881622314453,111102.0
2022-06-06,11.29965591430664,13.29395866394043,14.44305419921875,3.392624855041504,8.187026023864746,1.6341214179992676,21.201007843017578,6.824882507324219,16.739084243774414,24.934661865234375,110186.0
2022-06-07,11.456003189086914,13.201019287109375,14.319857597351074,3.412348747253418,8.163064956665039,1.609822154045105,20.895830154418945,6.7972798347473145,16.739084243774414,24.717166900634766,110070.0
2022-06-08,11.285444259643555,13.082056045532227,14.0662202835083,3.405773878097534,8.187026023864746,1.5915974378585815,20.581674575805664,6.89389181137085,16.41818618774414,24.437524795532227,108368.0
2022-06-09,11.441789627075195,13.063467979431152,14.058971405029297,3.3991994857788086,8.123127937316895,1.5915974378585815,20.84197235107422,6.914595127105713,16.136579513549805,24.484132766723633,107094.0
2022-06-10,11.306761741638184,12.844133377075195,13.8488130569458,3.392624855041504,8.171051979064941,1.597672700881958,20.13288116455078,6.8662872314453125,15.782937049865723,24.157888412475586,105481.0
2022-06-13,10.923001289367676,12.550442695617676,13.645902633666992,3.340024948120117,8.17903995513916,1.4944008588790894,19.522520065307617,6.749001502990723,15.593016624450684,23.691818237304688,102598.0
2022-06-14,10.851934432983398,12.554301261901855,13.508208274841309,3.3794753551483154,7.995330810546875,1.4579520225524902,19.558429718017578,6.698796272277832,15.488229751586914,23.427705764770508,102063.0
2022-06-15,10.816399574279785,12.752803802490234,13.602420806884766,3.359750747680664,7.987342357635498,1.4701018333435059,20.15083122253418,6.749001502990723,15.553728103637695,23.621902465820312,102807.0
2022-06-17,11.058028221130371,12.782763481140137,13.392258644104004,3.3466005325317383,8.003317832946777,1.4579520225524902,19.378904342651367,6.713140964508057,15.357254028320312,23.303424835205078,99825.0
2022-06-20,11.22148323059082,12.880141258239746,13.747356414794922,3.294001817703247,7.987342357635498,1.500475525856018,19.2083683013916,6.713140964508057,16.025245666503906,23.800561904907227,99853.0
2022-06-21,10.894574165344238,12.352051734924316,13.649662971496582,3.274277687072754,7.939417839050293,1.530849814414978,19.414810180664062,6.555352687835693,15.854985237121582,23.84716796875,99685.0
2022-06-22,11.129096031188965,12.307107925415039,13.591083526611328,3.3729004859924316,7.97935676574707,1.4883263111114502,20.49191665649414,6.541009902954102,15.737104415893555,23.427705764770508,99522.0
2022-06-23,11.164628982543945,12.2284574508667,13.23226547241211,3.287426471710205,7.94740629196167,1.5187002420425415,20.213661193847656,6.469288349151611,15.376907348632812,22.89949607849121,98080.0
2022-06-24,10.979854583740234,12.157293319702148,13.122432708740234,3.3203020095825195,7.955392837524414,1.5551486015319824,20.096975326538086,6.505148410797119,15.350707054138184,22.82958984375,98672.0
2022-06-27,11.121988296508789,12.40822982788086,13.305493354797363,3.3005762100219727,7.963379859924316,1.5551486015319824,20.82402229309082,6.56969690322876,15.442397117614746,23.24127769470215,100764.0
2022-06-28,11.043814659118652,12.45317268371582,13.11510181427002,3.3334503173828125,7.94740629196167,1.4944008588790894,20.267515182495117,6.598384857177734,15.272120475769043,23.186906814575195,100591.0
2022-06-29,10.965641975402832,12.389505386352539,12.888101577758789,3.359750747680664,7.97935676574707,1.5065504312515259,19.98926544189453,6.4908037185668945,15.114949226379395,22.76744842529297,99622.0
2022-06-30,11.029601097106934,12.501864433288574,12.59518814086914,3.353175640106201,7.94740629196167,1.4944008588790894,20.025171279907227,6.426255226135254,14.84643840789795,22.379056930541992,98542.0
2022-07-01,11.434694290161133,12.415722846984863,12.690383911132812,3.396993398666382,7.987342357635498,1.5187002420425415,20.29444694519043,6.505148410797119,14.975983619689941,22.53441619873047,98954.0
2022-07-04,11.093033790588379,12.374523162841797,12.557674407958984,3.396993398666382,7.94740629196167,1.4640270471572876,19.95336151123047,6.454944133758545,14.831794738769531,22.21593475341797,98609.0
2022-07-05,11.412885665893555,12.307107925415039,12.586999893188477,3.4036948680877686,7.859546184539795,1.4640270471572876,20.07902717590332,6.533836364746094,14.936654090881348,22.316911697387695,98295.0
2022-07-06,11.093033790588379,12.2284574508667,12.484366416931152,3.4170961380004883,7.987342357635498,1.5065504312515259,20.4111328125,6.576869964599609,14.799022674560547,22.091646194458008,98719.0
2022-07-07,11.296576499938965,12.40822982788086,12.740946769714355,3.4237961769104004,7.987342357635498,1.4944008588790894,20.366252899169922,6.61273193359375,15.008745193481445,22.13825225830078,100730.0
2022-07-08,11.449234008789062,12.528079986572266,12.74827766418457,3.4237961769104004,8.306836128234863,1.4883263111114502,20.177759170532227,6.705968379974365,15.015303611755371,22.153789520263672,100289.0
2022-07-11,11.383808135986328,12.322090148925781,12.491698265075684,3.4036948680877686,8.075202941894531,1.451877474784851,19.51354217529297,6.713140964508057,14.772807121276855,21.71102523803711,98212.0
2022-07-12,11.551003456115723,12.363288879394531,12.54301643371582,3.4170961380004883,8.075202941894531,1.4701018333435059,19.782819747924805,6.756174564361572,14.740034103393555,21.53236198425293,98271.0
2022-07-13,11.223882675170898,12.2284574508667,12.25711441040039,3.3835954666137695,8.059229850769043,1.4579520225524902,19.926435470581055,6.677281856536865,14.681052207946777,21.198348999023438,97881.0
2022-07-14,10.904030799865723,12.21347427368164,11.978541374206543,3.3902955055236816,7.97935676574707,1.451877474784851,18.957042694091797,6.705968379974365,14.517200469970703,20.88763427734375,96121.0
2022-07-15,11.354730606079102,12.464411735534668,12.051850318908691,3.356794595718384,7.987342357635498,1.4640270471572876,19.387882232666016,6.727485656738281,14.779358863830566,21.089597702026367,96551.0
2022-07-18,11.303845405578613,12.64044189453125,12.205801010131836,3.3835954666137695,7.97935676574707,1.4458024501800537,19.378904342651367,6.691624164581299,14.975983619689941,21.314865112304688,96916.0
2022-07-19,11.696391105651855,12.9812650680542,12.652978897094727,3.4170961380004883,7.987342357635498,1.4701018333435059,20.4111328125,6.81355094909668,15.480642318725586,22.091646194458008,98245.0
2022-07-20,12.183438301086426,12.98500919342041,12.491698265075684,3.4371957778930664,7.987342357635498,1.4883263111114502,20.357280731201172,6.8350677490234375,15.284025192260742,21.93628692626953,98287.0
2022-07-21,12.205245018005371,13.074895858764648,12.660313606262207,3.4237961769104004,8.226963996887207,1.4944008588790894,20.312395095825195,6.870927810668945,15.40854549407959,21.982898712158203,99033.0
2022-07-22,11.885393142700195,12.98500919342041,12.499029159545898,3.4103949069976807,7.987342357635498,1.4640270471572876,20.168781280517578,7.000028610229492,15.244695663452148,21.384775161743164,98925.0
2022-07-25,12.22705364227295,13.183510780334473,12.667638778686523,3.484097957611084,7.931433200836182,1.476176381111145,20.29444694519043,7.007200241088867,15.467531204223633,21.765398025512695,100270.0
2022-07-26,12.081666946411133,13.228452682495117,12.579669952392578,3.4572973251342773,8.195014953613281,1.4701018333435059,19.59432601928711,7.014371395111084,15.38233470916748,21.726558685302734,99772.0
2022-07-27,12.241592407226562,13.31459903717041,12.652978897094727,3.484097957611084,8.027278900146484,1.5126254558563232,19.98029136657715,7.064577102661133,15.434762954711914,21.62557601928711,101438.0
2022-07-28,12.583250999450684,13.561785697937012,12.74827766418457,3.4974989891052246,8.147089004516602,1.500475525856018,20.4290828704834,7.136297225952148,15.533069610595703,22.169322967529297,102597.0
2022-07-29,12.525097846984863,13.471899032592773,12.777600288391113,3.4974989891052246,8.17903995513916,1.500475525856018,20.303422927856445,7.179332256317139,15.480642318725586,21.975130081176758,103165.0
2022-08-01,12.45240306854248,13.36328411102295,12.74827766418457,3.484431743621826,7.995330810546875,1.5126254558563232,19.98029136657715,7.208019733428955,15.393837928771973,21.48575782775879,102225.0
2022-08-02,12.103473663330078,13.543060302734375,12.967683792114258,3.5113396644592285,7.987342357635498,1.500475525856018,20.168781280517578,7.150643348693848,15.557812690734863,21.633342742919922,103362.0
2022-08-03,12.263399124145508,13.636693000793457,13.173178672790527,3.5046119689941406,7.987342357635498,1.5247750282287598,20.770166397094727,7.208019733428955,15.669309616088867,21.975130081176758,103775.0
2022-08-04,12.357902526855469,13.895118713378906,13.415358543395996,3.477705717086792,7.987342357635498,1.6037474870681763,22.035762786865234,7.344291687011719,16.04973030090332,22.278074264526367,105892.0
2022-08-05,12.648674964904785,14.153547286987305,13.576804161071777,3.49788498878479,7.987342357635498,1.6644949913024902,22.402389526367188,7.5737996101379395,16.3514404296875,22.705305099487305,106472.0
2022-08-08,12.554174423217773,14.599242210388184,13.620845794677734,3.4911577701568604,7.971368312835693,1.6705700159072876,22.6024169921875,7.62400484085083,16.554773330688477,22.83735466003418,108402.0
2022-08-09,12.714099884033203,14.842690467834473,13.818992614746094,3.49788498878479,8.059229850769043,1.6158967018127441,22.1296329498291,7.724415302276611,16.9876651763916,22.992713928222656,108651.0
2022-08-10,12.866758346557617,14.970025062561035,14.03915023803711,3.531520366668701,8.059229850769043,1.6280463933944702,23.702529907226562,7.774621486663818,17.302480697631836,23.435474395751953,110236.0
2022-08-11,12.786792755126953,15.632951736450195,14.156576156616211,3.6055126190185547,7.995330810546875,1.652345895767212,23.693437576293945,7.695727825164795,17.328723907470703,23.458782196044922,109718.0
2022-08-12,13.208415985107422,16.516847610473633,14.332709312438965,3.66605281829834,8.05124282836914,1.6280463933944702,23.775266647338867,7.78896427154541,17.538604736328125,23.691818237304688,112764.0
2022-08-15,13.433767318725586,16.101112365722656,14.25932788848877,3.686232089996338,8.147089004516602,1.676645040512085,24.02074432373047,7.831998825073242,17.689462661743164,24.052417755126953,113032.0
2022-08-16,13.717270851135254,16.179767608642578,14.464813232421875,3.672778844833374,7.987342357635498,1.646270990371704,23.902549743652344,7.9969587326049805,17.89279556274414,23.62657356262207,113512.0
2022-08-17,14.008045196533203,16.03369903564453,14.486824035644531,3.6593258380889893,7.97935676574707,1.676645040512085,23.96619415283203,8.02564811706543,17.938703536987305,23.760637283325195,113708.0
2022-08-18,14.058931350708008,15.662912368774414,14.5748872756958,3.632417917251587,7.987342357635498,1.6280463933944702,23.829814910888672,8.018474578857422,17.88623046875,24.012989044189453,113813.0
2022-08-19,13.797235488891602,15.374519348144531,14.3914213180542,3.618966579437256,8.466585159301758,1.567298412322998,23.493419647216797,7.961097240447998,17.671634674072266,23.666006088256836,111496.0
2022-08-22,13.688192367553711,15.531822204589844,14.19327163696289,3.62569260597229,8.019292831420898,1.6037474870681763,23.093374252319336,7.903720855712891,17.472637176513672,23.342679977416992,110501.0
2022-08-23,13.782695770263672,15.851740837097168,14.296013832092285,3.6593258380889893,8.139101028442383,1.6280463933944702,23.52978515625,7.939579486846924,17.519073486328125,23.460966110229492,112857.0
2022-08-24,13.739078521728516,15.588305473327637,14.215291023254395,3.62569260597229,8.139101028442383,1.640196442604065,23.73889923095703,8.047162055969238,17.59203338623047,23.56348419189453,112898.0
2022-08-25,13.804503440856934,15.958638191223145,14.318029403686523,3.6526002883911133,8.187026023864746,1.6219714879989624,23.52978515625,8.13322925567627,17.810941696166992,23.83949851989746,113532.0
2022-08-26,13.978967666625977,15.878458976745605,14.266660690307617,3.66605281829834,8.17903995513916,1.597672700881958,23.047916412353516,8.083023071289062,17.70480728149414,23.71331787109375,112299.0
2022-08-29,13.884466171264648,16.20680046081543,14.318029403686523,3.6996874809265137,8.115140914916992,1.6037474870681763,23.44795799255371,8.147571563720703,17.645103454589844,23.658117294311523,112323.0
2022-08-30,13.978967666625977,16.16098403930664,14.274002075195312,3.692959785461426,8.067217826843262,1.5794481039047241,23.429777145385742,8.118884086608887,17.565505981445312,23.69754981994629,110431.0
2022-08-31,14.095277786254883,15.916641235351562,13.914398193359375,3.800586700439453,8.067217826843262,1.609822154045105,23.138835906982422,8.032817840576172,17.121063232421875,23.161298751831055,109523.0
2022-09-01,13.811773300170898,16.16098403930664,14.031822204589844,3.767218828201294,8.067217826843262,1.6037474870681763,23.39340591430664,8.204951286315918,17.38501739501953,23.232271194458008,110405.0
2022-09-02,14.480552673339844,16.23733901977539,14.185330390930176,3.8144779205322266,8.067217826843262,1.5187002420425415,23.62979507446289,8.362736701965332,17.623987197875977,23.29536247253418,110864.0
2022-09-05,14.313358306884766,15.893733024597168,14.214717864990234,3.7807230949401855,8.147089004516602,1.500475525856018,24.048025131225586,8.31970500946045,17.909421920776367,23.579254150390625,112203.0
2022-09-06,14.175241470336914,15.130166053771973,14.126562118530273,3.8077263832092285,8.107152938842773,1.5065504312515259,23.45705223083496,8.176261901855469,17.74348258972168,23.437307357788086,109764.0
2022-09-08,14.320627212524414,15.065254211425781,14.045753479003906,3.834733009338379,8.195014953613281,1.5065504312515259,23.729806900024414,8.154744148254395,17.617345809936523,23.287473678588867,109916.0
2022-09-09,13.96442985534668,15.481409072875977,14.236751556396484,3.8752388954162598,8.123127937316895,1.5247750282287598,23.911643981933594,8.398598670959473,17.75675392150879,23.792179107666016,112300.0
2022-09-12,14.39332103729248,15.721928596496582,14.376328468322754,3.8414840698242188,8.139101028442383,1.530849814414978,24.557170867919922,8.51335334777832,17.975811004638672,24.044530868530273,113407.0
2022-09-13,14.124354362487793,15.458168029785156,14.266139030456543,3.760467767715454,8.123127937316895,1.5369242429733276,23.97528839111328,8.368576049804688,17.78993797302246,23.721206665039062,110794.0
2022-09-14,14.742250442504883,15.473543167114258,14.200021743774414,3.834733009338379,8.107152938842773,1.5187002420425415,24.038928985595703,8.325140953063965,17.72356414794922,23.60291862487793,110547.0
2022-09-15,14.749517440795898,15.31596565246582,14.148595809936523,3.8482348918914795,8.059229850769043,1.597672700881958,24.02074432373047,8.354097366333008,17.77002716064453,23.45307731628418,109954.0
2022-09-16,14.9530611038208,15.143010139465332,13.986982345581055,3.8684890270233154,8.226963996887207,1.5490738153457642,23.929826736450195,8.259987831115723,17.710285186767578,23.437307357788086,109280.0
2022-09-19,14.945791244506836,15.44279670715332,14.34695053100586,3.8954925537109375,8.163064956665039,1.567298412322998,24.184402465820312,8.469924926757812,18.37408447265625,24.044530868530273,111824.0
2022-09-20,14.945791244506836,15.67724323272705,14.809749603271484,3.9292495250701904,8.147089004516602,1.5429986715316772,24.793560028076172,8.477165222167969,18.984792709350586,24.667531967163086,112517.0
2022-09-21,14.771326065063477,15.565787315368652,14.721602439880371,3.9495034217834473,8.147089004516602,1.5551486015319824,23.5116024017334,8.469924926757812,18.78564453125,24.48615074157715,111936.0
2022-09-22,15.200220108032227,15.850202560424805,15.059521675109863,3.9495034217834473,8.05124282836914,1.567298412322998,23.484325408935547,8.527840614318848,19.164018630981445,24.817365646362305,114070.0
2022-09-23,15.134796142578125,15.654184341430664,14.76567554473877,3.9562549591064453,8.027278900146484,1.567298412322998,23.084280014038086,8.477165222167969,18.78564453125,24.47038459777832,111716.0
2022-09-26,14.814946174621582,15.000807762145996,14.501212120056152,3.8887412548065186,8.027278900146484,1.5247750282287598,21.747779846191406,8.216551780700684,18.380727767944336,23.82372283935547,109114.0
2022-09-27,14.560516357421875,14.812480926513672,14.41305923461914,3.908996820449829,7.963379859924316,1.5187002420425415,22.202369689941406,8.281705856323242,18.27451515197754,23.729095458984375,108376.0
2022-09-28,14.923983573913574,14.81632137298584,14.420408248901367,3.881990432739258,7.987342357635498,1.530849814414978,22.575138092041016,8.267227172851562,18.26787757873535,23.760637283325195,108451.0
2022-09-29,14.945791244506836,14.735611915588379,14.530596733093262,3.8482348918914795,8.410672187805176,1.5126254558563232,22.175094604492188,8.23827075958252,18.5400390625,23.768522262573242,107664.0
2022-09-30,15.192952156066895,14.804793357849121,14.574671745300293,3.8684890270233154,8.370735168457031,1.5126254558563232,22.556955337524414,8.506121635437012,18.626338958740234,23.92624855041504,110037.0
2022-10-03,16.167062759399414,15.934751510620117,15.581094741821289,3.88920521736145,9.265317916870117,1.5794481039047241,23.957103729248047,8.817411422729492,19.760587692260742,25.211669921875,116134.0
2022-10-04,15.531028747558594,15.077672958374023,15.57298755645752,3.8824291229248047,8.364541053771973,1.5794481039047241,24.11166763305664,9.012870788574219,19.793804168701172,25.369386672973633,116230.0
2022-10-05,15.449678421020508,15.319807052612305,15.74209213256836,3.9434101581573486,8.266326904296875,1.5855228900909424,24.229860305786133,8.846367835998535,19.793804168701172,25.39304542541504,117198.0
2022-10-06,15.715920448303223,15.592689514160156,15.418581008911133,3.9027557373046875,8.716472625732422,1.5794481039047241,24.566259384155273,9.208329200744629,19.435131072998047,25.109148025512695,117561.0
2022-10-07,15.812066078186035,15.627278327941895,15.050947189331055,3.9163076877593994,8.70828914642334,1.597672700881958,23.93891716003418,9.172131538391113,19.474979400634766,24.864683151245117,116375.0
2022-10-10,15.856439590454102,15.400519371032715,14.823009490966797,3.9027557373046875,8.446385383605957,1.5794481039047241,23.847999572753906,9.005631446838379,19.26906967163086,24.62809944152832,115941.0
2022-10-11,15.457072257995605,15.031553268432617,14.786251068115234,3.929858684539795,8.683734893798828,1.5369242429733276,23.838909149169922,8.252748489379883,19.136228561401367,24.044530868530273,114827.0
2022-10-13,15.538424491882324,15.135327339172363,14.57302188873291,3.929858684539795,8.610074996948242,1.5429986715316772,24.011655807495117,8.310663223266602,19.023298263549805,23.768522262573242,114300.0
2022-10-14,15.767691612243652,15.050768852233887,14.477434158325195,3.923084259033203,8.323617935180664,1.713093876838684,23.866182327270508,8.303422927856445,19.029951095581055,23.729095458984375,112072.0
2022-10-17,15.508841514587402,15.177602767944336,14.580375671386719,3.923084259033203,8.413647651672363,1.810289978981018,24.384422302246094,8.339620590209961,19.182720184326172,23.9420166015625,113624.0
2022-10-18,16.12268829345703,15.354400634765625,14.690662384033203,3.9163076877593994,8.601889610290527,1.8710384368896484,24.829925537109375,8.578514099121094,19.65432357788086,24.32054901123047,115743.0
2022-10-19,16.677366256713867,16.007776260375977,14.7568359375,3.977287769317627,8.405465126037598,1.8710384368896484,24.91175079345703,8.571274757385254,19.66096305847168,24.281116485595703,116274.0
2022-10-20,16.758718490600586,16.757240295410156,14.925945281982422,3.9705114364624023,8.266326904296875,1.8345897197723389,25.066312789916992,8.687103271484375,19.96649932861328,24.699079513549805,117171.0
2022-10-21,16.758718490600586,17.17232894897461,15.242112159729004,3.956960439682007,8.266326904296875,1.8345897197723389,25.993684768676758,8.708821296691895,20.630722045898438,25.132808685302734,119929.0
2022-10-24,16.3371639251709,15.450483322143555,14.595078468322754,3.9434101581573486,8.258142471313477,1.7862145900726318,25.457263946533203,8.462684631347656,19.694171905517578,24.17850112915039,116013.0
2022-10-25,15.841650009155273,15.185293197631836,14.50684642791748,3.9095299243927,8.274510383605957,1.7268931865692139,25.07540512084961,8.455445289611816,19.534751892089844,24.042490005493164,114626.0
2022-10-26,15.272178649902344,14.647211074829102,13.874517440795898,3.8959801197052,8.266326904296875,1.6346169710159302,23.929826736450195,8.129680633544922,19.116296768188477,22.778356552124023,112764.0
2022-10-27,15.494049072265625,14.831695556640625,14.13186264038086,3.929858684539795,8.249958038330078,1.6543903350830078,24.81174087524414,8.339620590209961,19.468332290649414,23.186399459838867,114641.0
2022-10-28,15.028117179870605,14.920096397399902,14.212735176086426,3.929858684539795,8.249958038330078,1.647799015045166,24.9299373626709,8.274465560913086,19.621109008789062,23.202402114868164,114539.0
2022-10-31,15.279572486877441,14.228282928466797,14.602429389953613,3.923084259033203,8.274510383605957,1.6412079334259033,26.31190299987793,8.448209762573242,20.192337036132812,23.826465606689453,116037.0
2022-11-01,16.011751174926758,14.566500663757324,14.683307647705078,3.9438726902008057,8.258142471313477,1.6741636991500854,26.38463592529297,8.839126586914062,20.24393653869629,23.650447845458984,116929.0
2022-11-03,15.908208847045898,14.87013053894043,14.43232250213623,3.9438726902008057,8.282695770263672,1.6609816551208496,26.266441345214844,8.853605270385742,20.097726821899414,23.410425186157227,116896.0
2022-11-04,16.130084991455078,15.089205741882324,14.277772903442383,3.950673818588257,8.290881156921387,1.6543903350830078,26.73921775817871,8.904281616210938,20.17083168029785,23.80246353149414,118155.0
2022-11-07,15.568007469177246,14.56265926361084,13.806751251220703,3.950673818588257,8.258142471313477,1.6280254125595093,25.85730743408203,8.38305377960205,19.712257385253906,24.43453025817871,115342.0
2022-11-08,15.9008150100708,14.631837844848633,13.674280166625977,3.93027400970459,8.241772651672363,1.647799015045166,26.030052185058594,8.354097366333008,19.65244483947754,24.746559143066406,116160.0
2022-11-09,15.597589492797852,14.24365234375,11.29710578918457,3.937075138092041,8.258142471313477,1.568704605102539,25.59364128112793,8.339620590209961,18.70869255065918,23.4664306640625,113580.0
2022-11-10,14.983743667602539,13.963086128234863,10.96591567993164,3.8758769035339355,8.184481620788574,1.535748839378357,23.757081985473633,7.9342217445373535,18.35646629333496,22.40231704711914,109775.0
2022-11-11,14.939369201660156,13.65177059173584,11.149910926818848,3.8690743446350098,8.184481620788574,1.5291576385498047,23.338857650756836,8.06452751159668,17.764955520629883,23.02638053894043,112253.0
2022-11-14,15.176034927368164,13.989991188049316,11.157270431518555,3.8962759971618652,8.290881156921387,1.5489312410354614,23.866182327270508,8.173115730285645,17.711788177490234,23.186399459838867,113161.0
2022-11-16,14.599167823791504,13.548001289367676,11.194066047668457,3.8894765377044678,8.339987754821777,1.535748839378357,22.347837448120117,7.528822898864746,17.45924186706543,22.40231704711914,110243.0
2022-11-17,14.392086029052734,13.259745597839355,11.43693733215332,3.773879289627075,8.249958038330078,1.4896104335784912,21.775053024291992,7.4129958152771,17.56557846069336,22.306306838989258,109703.0
2022-11-18,14.621355056762695,13.213624954223633,11.48845386505127,3.855475902557373,8.200850486755371,1.4632457494735718,22.74788475036621,7.420234203338623,17.70514488220215,22.370315551757812,108880.0
2022-11-21,14.451252937316895,13.528780937194824,11.40749740600586,3.855475902557373,8.241772651672363,1.4764281511306763,22.975181579589844,7.492626190185547,17.758304595947266,22.274303436279297,109748.0
2022-11-22,14.569583892822266,13.389026641845703,11.363338470458984,3.8826770782470703,8.127192497253418,1.4632457494735718,21.98416519165039,7.521584987640381,17.465885162353516,22.250301361083984,109037.0
2022-11-23,14.436460494995117,13.554224014282227,11.282384872436523,3.8622758388519287,8.331803321838379,1.4632457494735718,22.420576095581055,7.260972023010254,17.286436080932617,22.426321029663086,108683.0
2022-11-24,14.821038246154785,13.774491310119629,11.51053237915039,3.9438726902008057,8.241772651672363,1.4698368310928345,23.520692825317383,7.4129958152771,17.90452766418457,22.850366592407227,111831.0
2022-11-25,14.636143684387207,13.455891609191895,11.29710578918457,3.93027400970459,8.233590126037598,1.483019232749939,22.38420867919922,7.260972023010254,17.273147583007812,22.242300033569336,108977.0
2022-11-28,14.429064750671387,13.699759483337402,11.282384872436523,3.9438726902008057,8.249958038330078,1.4764281511306763,22.175094604492188,7.232013702392578,16.960786819458008,21.954273223876953,108782.0
2022-11-29,14.650936126708984,13.864958763122559,11.414857864379883,3.9438726902008057,8.176297187805176,1.4764281511306763,22.702423095703125,7.289928436279297,17.106992721557617,22.08228874206543,110910.0
2022-11-30,14.517814636230469,13.876757621765137,11.466375350952148,4.0730695724487305,8.233590126037598,1.4698368310928345,22.766069412231445,7.217535972595215,17.279787063598633,21.986276626586914,112486.0
2022-12-01,14.221983909606934,13.861021995544434,11.333902359008789,4.025700569152832,8.225404739379883,1.496201753616333,22.593324661254883,7.166861057281494,17.278228759765625,22.17829132080078,110926.0
2022-12-02,14.665729522705078,14.171756744384766,11.32577896118164,4.128049373626709,8.200850486755371,1.5291576385498047,23.26612091064453,7.260972023010254,17.511003494262695,22.274303436279297,111924.0
2022-12-05,14.406879425048828,13.845288276672363,10.90575885772705,4.134870529174805,8.200850486755371,1.5027925968170166,22.202369689941406,7.03655481338501,16.99890899658203,21.794252395629883,109401.0
2022-12-06,14.33292007446289,13.986888885498047,11.163664817810059,4.087108612060547,8.192667007446289,1.509384036064148,22.102359771728516,7.145143508911133,17.391284942626953,22.138290405273438,109533.0
2022-12-07,14.340315818786621,13.955422401428223,11.038395881652832,4.093932151794434,8.225404739379883,1.5027925968170166,21.738679885864258,7.137903690338135,17.264928817749023,22.282302856445312,109361.0
2022-12-08,13.866989135742188,13.778421401977539,10.721537590026855,4.0529913902282715,8.15174388885498,1.456654667854309,20.85677146911621,7.0293145179748535,16.659725189208984,21.754249572753906,107245.0
2022-12-09,13.807823181152344,13.758758544921875,10.53731918334961,4.080286026000977,8.217219352722168,1.3907424211502075,20.838586807250977,6.993117809295654,16.50113868713379,21.730249404907227,107689.0
2022-12-12,13.608139038085938,13.290691375732422,10.419421195983887,3.991584539413452,8.200850486755371,1.3446041345596313,19.802114486694336,6.891768455505371,16.345151901245117,21.45821762084961,105264.0
2022-12-13,13.290121078491211,12.661027908325195,10.10993480682373,3.9847583770751953,8.184481620788574,1.3116480112075806,18.956575393676758,6.689070701599121,15.727970123291016,20.834156036376953,103892.0
2022-12-14,13.511994361877441,12.347085952758789,10.323625564575195,3.8892362117767334,8.184481620788574,1.3050569295883179,19.54754066467285,6.703548431396484,15.795791625976562,20.754148483276367,103803.0
2022-12-15,13.408454895019531,12.696796417236328,10.19836139678955,3.9642910957336426,8.143559455871582,1.3314216136932373,19.856664657592773,6.64870548248291,15.883960723876953,20.690139770507812,103738.0
2022-12-16,13.467620849609375,12.955101013183594,10.183622360229492,3.980449914932251,8.102638244628906,1.4632457494735718,19.05657958984375,6.692257404327393,16.060298919677734,20.754148483276367,102825.0
2022-12-19,13.615533828735352,13.094192504882812,10.46363353729248,3.966604709625244,8.15174388885498,1.483019232749939,20.181827545166016,6.764840602874756,16.54184341430664,21.314205169677734,104530.0
2022-12-20,14.05927848815918,13.431979179382324,10.839438438415527,3.980449914932251,8.233590126037598,1.5423399209976196,20.81508445739746,6.917267799377441,16.718172073364258,21.93827247619629,106979.0
2022-12-21,14.244171142578125,13.559142112731934,10.927865982055664,3.9389147758483887,8.217219352722168,1.5423399209976196,21.292329788208008,7.01162576675415,16.785993576049805,22.01027488708496,107313.0
2022-12-22,14.38469123840332,13.68233871459961,10.964707374572754,3.9389147758483887,8.225404739379883,1.443471908569336,21.16383934020996,6.997108459472656,16.81991195678711,22.114290237426758,107317.0
2022-12-23,14.584375381469727,14.020123481750488,11.156296730041504,3.904301643371582,8.192667007446289,1.5017054080963135,22.48543357849121,7.15679407119751,17.08441162109375,22.562334060668945,109698.0
2022-12-26,14.451252937316895,14.000252723693848,10.891021728515625,3.980449914932251,8.184481620788574,1.4807511568069458,21.92559242248535,7.084212303161621,16.745304107666016,22.306306838989258,108738.0
2022-12-27,14.21458911895752,13.535299301147461,10.839438438415527,3.9527604579925537,8.127192497253418,1.4807511568069458,21.411638259887695,6.960817337036133,16.65035057067871,22.378314971923828,108347.0
2022-12-28,14.547395706176758,13.777710914611816,11.171032905578613,3.8973801136016846,8.217219352722168,1.5086901187896729,22.47625160217285,7.091468811035156,16.989463806152344,22.722349166870117,110237.0
2022-12-29,14.5252103805542,13.801554679870605,11.163664817810059,3.821230888366699,8.200850486755371,1.5366287231445312,21.962303161621094,7.040660381317139,16.95555877685547,22.562334060668945,110031.0
2023-01-02,14.009023666381836,13.217381477355957,10.868912696838379,3.606231212615967,8.184481620788574,1.522659182548523,20.53975486755371,6.859200954437256,16.62139320373535,22.10628890991211,106376.0
2023-01-03,13.451375007629395,12.970996856689453,10.329543113708496,3.508953094482422,8.184481620788574,1.4807511568069458,19.557737350463867,6.750323295593262,16.275259017944336,22.01027488708496,104166.0
2023-01-04,13.496588706970215,13.137906074523926,10.359058380126953,3.6131792068481445,8.127192497253418,1.4947208166122437,20.181827545166016,6.78661584854126,16.32276725769043,22.458324432373047,105334.0
2023-01-05,14.265238761901855,13.737970352172852,10.809134483337402,3.8563740253448486,8.184481620788574,1.522659182548523,21.002037048339844,6.946300506591797,16.83179473876953,22.818361282348633,107518.0
2023-01-06,14.3029203414917,13.92872142791748,11.111639976501465,3.884166955947876,8.168112754821777,1.5505982637405396,21.122156143188477,6.953558921813965,17.123638153076172,23.410425186157227,108836.0
2023-01-09,14.64202880859375,13.793607711791992,11.25241756439209,3.8980636596679688,8.168112754821777,1.5156748294830322,20.91887664794922,6.9825921058654785,17.245800018310547,23.38642120361328,109227.0
2023-01-10,15.056497573852539,14.028071403503418,11.590143203735352,3.9328081607818604,8.405465126037598,1.5645675659179688,22.0461368560791,7.0334014892578125,17.578367233276367,24.258508682250977,110912.0
2023-01-11,15.388072967529297,14.22676944732666,11.82041072845459,3.9258570671081543,8.176297187805176,1.6134600639343262,21.639583587646484,7.040660381317139,17.883777618408203,25.098596572875977,111763.0
2023-01-12,14.619420051574707,14.135366439819336,11.544087409973145,3.91890811920166,8.380910873413086,1.5436137914657593,21.020519256591797,6.931784152984619,17.632661819458008,24.386524200439453,111877.0
2023-01-13,14.446097373962402,14.167158126831055,11.505708694458008,3.960601568222046,8.397278785705566,1.5086901187896729,20.447647094726562,6.866458415985107,17.5444278717041,23.92247200012207,110916.0
2023-01-16,14.220025062561035,14.151262283325195,11.152634620666504,3.8494250774383545,8.299065589904785,1.4947208166122437,19.606828689575195,6.8229079246521,17.354394912719727,23.02638053894043,109213.0
2023-01-17,14.31799030303955,14.981822967529297,11.229388236999512,3.9258570671081543,8.511860847473145,1.4947208166122437,20.577007293701172,6.844682693481445,17.7141056060791,23.114391326904297,111439.0
2023-01-18,14.717387199401855,15.19641399383545,11.398252487182617,3.9883930683135986,8.34817123413086,1.4807511568069458,20.992799758911133,7.01162576675415,18.033090591430664,23.770462036132812,112452.0
2023-01-19,15.041427612304688,15.54214859008789,11.421278953552246,4.064825534820557,8.34817123413086,1.4597973823547363,20.37373161315918,7.149537563323975,18.033090591430664,23.498432159423828,113006.0
2023-01-20,14.905778884887695,15.923645973205566,11.260090827941895,4.099569320678711,8.503676414489746,1.4528125524520874,19.763906478881836,7.004368305206299,17.7141056060791,23.34641456604004,112301.0
2023-01-23,14.581741333007812,15.804428100585938,10.78420352935791,4.141258716583252,8.315433502197266,1.4807511568069458,19.33887481689453,6.8229079246521,17.171142578125,22.490327835083008,111709.0
2023-01-24,14.506385803222656,15.72494888305664,10.899340629577637,4.189896583557129,8.315433502197266,1.4947208166122437,19.597591400146484,6.910008430480957,17.32724380493164,22.922372817993164,113028.0
2023-01-25,14.544062614440918,16.154138565063477,10.82258415222168,4.238534927368164,8.233590126037598,1.5156748294830322,20.10578155517578,6.953558921813965,17.388330459594727,23.114391326904297,114195.0
2023-01-26,14.830422401428223,16.14619255065918,10.853285789489746,4.217691421508789,8.192667007446289,1.522659182548523,20.013381958007812,7.10598611831665,17.286521911621094,23.226404190063477,114109.0
2023-01-27,14.747530937194824,15.967363357543945,10.530913352966309,4.245485305786133,8.249958038330078,1.5436137914657593,19.653026580810547,7.0696940422058105,16.92002296447754,23.297636032104492,112502.0
2023-01-30,14.491312980651855,16.217716217041016,10.584638595581055,4.294123649597168,8.34817123413086,1.522659182548523,19.495952606201172,7.098727226257324,16.92681312561035,23.200088500976562,111888.0
2023-01-31,14.461172103881836,16.174007415771484,10.76117992401123,4.3497114181518555,8.266326904296875,1.5645675659179688,20.031858444213867,7.2729315757751465,17.191505432128906,23.49273109436035,113532.0
2023-02-01,14.220025062561035,15.979281425476074,10.553936004638672,4.35819149017334,8.454568862915039,1.5505982637405396,19.7916259765625,7.164053916931152,16.965778350830078,22.46035385131836,112303.0
2023-02-02,13.654841423034668,15.677262306213379,10.714559555053711,4.288459300994873,8.356356620788574,1.5436137914657593,19.024721145629883,7.026143550872803,17.12198829650879,22.33841896057129,109935.0
2023-02-03,13.4136962890625,15.577916145324707,10.476287841796875,4.309378623962402,8.356356620788574,1.5017054080963135,18.544254302978516,6.9825921058654785,17.060869216918945,22.029516220092773,108490.0
2023-02-06,13.511661529541016,15.6653413772583,10.43785572052002,4.372135639190674,8.184481620788574,1.5156748294830322,18.571975708007812,7.040660381317139,17.067657470703125,22.387191772460938,108456.0
2023-02-07,13.262979507446289,15.450750350952148,10.376365661621094,4.386081695556641,8.241772651672363,1.4667819738388062,18.627412796020508,6.968076705932617,16.673736572265625,22.614803314208984,107920.0
2023-02-08,13.519196510314941,15.816349983215332,10.883655548095703,4.2466206550598145,8.282695770263672,1.4807511568069458,19.39431381225586,7.076951503753662,18.052465438842773,23.37892723083496,109882.0
2023-02-09,13.232836723327637,15.73289966583252,10.606952667236328,4.288459300994873,8.225404739379883,1.4737666845321655,19.209518432617188,6.968076705932617,17.604206085205078,23.346410751342773,107783.0
2023-02-10,13.767877578735352,16.042865753173828,9.738412857055664,4.27451229095459,8.233590126037598,1.4178893566131592,19.255718231201172,6.960817337036133,17.52269744873047,23.50086212158203,108150.0
2023-02-13,14.122057914733887,16.134265899658203,10.084290504455566,4.2466206550598145,8.20903491973877,1.4248740673065186,19.680749893188477,7.047919273376465,18.140748977661133,23.4033145904541,108846.0
2023-02-14,14.039166450500488,16.51179313659668,10.176525115966797,4.2466206550598145,8.225404739379883,1.4388433694839478,19.024721145629883,6.989850997924805,17.916627883911133,23.322023391723633,107659.0
2023-02-15,14.069307327270508,16.662805557250977,10.576210975646973,4.288459300994873,8.233590126037598,1.5017054080963135,19.763906478881836,7.135018825531006,18.181499481201172,23.647184371948242,109442.0
2023-02-16,13.918594360351562,16.84958267211914,10.776047706604004,4.281485557556152,8.241772651672363,1.4737666845321655,19.957944869995117,7.410839080810547,18.317340850830078,24.19182586669922,109905.0
2023-02-17,13.843235969543457,17.0164852142334,10.714559555053711,4.309378623962402,8.225404739379883,1.4877359867095947,19.320396423339844,7.367288112640381,18.256208419799805,24.224336624145508,109303.0
2023-02-22,13.617162704467773,16.595245361328125,10.606952667236328,4.35819149017334,8.241772651672363,1.4667819738388062,19.04320526123047,7.127760410308838,17.916627883911133,23.92357063293457,107152.0
2023-02-23,13.571948051452637,16.730358123779297,10.560832977294922,4.427920818328857,8.200850486755371,1.4388433694839478,19.15407943725586,7.15679407119751,17.98453712463379,24.208080291748047,107720.0
2023-02-24,13.722662925720215,16.408864974975586,10.222639083862305,4.3512187004089355,8.184481620788574,1.4248740673065186,18.756771087646484,7.098727226257324,17.434417724609375,23.68782615661621,105873.0
2023-02-27,13.526732444763184,16.18592071533203,10.122720718383789,4.393054485321045,8.15174388885498,1.4318585395812988,18.396419525146484,7.018884181976318,17.210283279418945,23.33015251159668,105711.0
2023-02-28,13.677448272705078,16.33589744567871,10.053546905517578,4.413973808288574,8.159928321838379,1.4528125524520874,18.571975708007812,7.25115442276001,17.271411895751953,23.07002830505371,104932.0
2023-03-01,13.647306442260742,15.808938980102539,9.976686477661133,4.33151388168335,8.159928321838379,1.4528125524520874,17.962148666381836,7.1785688400268555,16.991151809692383,22.574155807495117,104385.0
2023-03-02,13.669912338256836,15.172526359558105,9.845038414001465,4.373499393463135,8.15174388885498,1.4248740673065186,17.906707763671875,7.055178165435791,16.4338436126709,22.192096710205078,103326.0
2023-03-03,13.54934024810791,15.342772483825684,9.89892292022705,4.443474292755127,8.143559455871582,1.4388433694839478,17.851268768310547,7.10598611831665,16.454233169555664,21.85068130493164,103866.0
2023-03-06,13.752806663513184,15.691383361816406,10.229910850524902,4.450472831726074,8.225404739379883,1.4597973823547363,18.27629852294922,7.20760440826416,16.828044891357422,21.948226928710938,104700.0
2023-03-07,13.624698638916016,16.052154541015625,10.468530654907227,4.464468479156494,8.176297187805176,1.4737666845321655,17.93442726135254,7.294704914093018,16.875619888305664,22.224611282348633,104228.0
2023-03-08,13.91105842590332,16.21429443359375,10.791827201843262,4.513451099395752,8.266326904296875,1.5017054080963135,19.11712074279785,7.389065265655518,17.0863037109375,22.297775268554688,106540.0
2023-03-09,13.993951797485352,15.861632347106934,10.753341674804688,4.506453514099121,8.217219352722168,1.4807511568069458,19.385074615478516,7.367288112640381,16.76008415222168,22.297775268554688,105071.0
2023-03-10,13.677448272705078,15.561668395996094,10.445442199707031,4.408486366271973,8.331803321838379,1.4597973823547363,18.55349349975586,7.243894100189209,16.35908317565918,21.68810272216797,103618.0
2023-03-13,13.044442176818848,15.464380264282227,10.32997989654541,4.443474292755127,8.406612396240234,1.445827841758728,18.045307159423828,7.439873695373535,16.1619873046875,21.411712646484375,103121.0
2023-03-14,12.999228477478027,15.346570014953613,10.268399238586426,4.387494087219238,8.41505241394043,1.4178893566131592,18.01758575439453,7.323737144470215,16.10761833190918,21.48487663269043,102932.0
2023-03-15,12.901263236999512,15.362936019897461,10.414649963378906,4.408486366271973,8.364411354064941,1.4109045267105103,18.09150505065918,7.338252544403076,16.066835403442383,21.444232940673828,102675.0
2023-03-16,13.210229873657227,15.52658748626709,10.7071533203125,4.42948055267334,8.440372467041016,1.4109045267105103,18.793729782104492,7.381014347076416,16.331893920898438,21.696231842041016,103435.0
2023-03-17,12.705331802368164,15.260652542114258,10.260702133178711,4.408486366271973,8.372851371765137,1.4178893566131592,18.30402183532715,7.245443820953369,15.862943649291992,20.83455467224121,101982.0
2023-03-20,12.59229564666748,15.174734115600586,10.083660125732422,4.36650276184082,8.474135398864746,1.4039199352264404,17.906707763671875,7.177657604217529,15.903719902038574,20.818302154541016,100923.0
2023-03-21,12.532008171081543,15.354750633239746,10.114452362060547,4.26853609085083,8.398172378540039,1.3899505138397217,17.860509872436523,7.1098737716674805,16.229957580566406,21.102811813354492,100998.0
2023-03-22,12.426508903503418,15.391570091247559,10.022080421447754,4.408486366271973,8.406612396240234,1.3829659223556519,17.58331871032715,7.230382442474365,16.134801864624023,21.07029914855957,100221.0
2023-03-23,12.39636516571045,15.22382926940918,9.675697326660156,4.401490211486816,8.474135398864746,1.3759812116622925,16.899572372436523,7.117405891418457,15.73381233215332,20.745141983032227,97926.0
2023-03-24,12.501866340637207,15.379302024841309,9.78346061706543,4.36650276184082,8.440372467041016,1.3899505138397217,17.16752815246582,7.185189723968506,15.96203899383545,21.013395309448242,98829.0
2023-03-27,12.652580261230469,15.387480735778809,9.960502624511719,4.359504699707031,8.440372467041016,1.4109045267105103,17.389280319213867,7.275568962097168,16.237001419067383,21.159717559814453,99670.0
2023-03-28,12.539545059204102,15.493856430053711,9.945107460021973,4.401490211486816,8.41505241394043,1.396934986114502,17.749631881713867,7.290633201599121,16.312625885009766,21.11907196044922,101185.0
2023-03-29,12.569687843322754,15.673871994018555,9.998987197875977,4.401490211486816,8.423492431640625,1.4039199352264404,17.601795196533203,7.275568962097168,16.47072410583496,21.11907196044922,101793.0
2023-03-30,12.810833930969238,15.9602689743042,10.299190521240234,4.401490211486816,8.423492431640625,1.4178893566131592,18.350215911865234,7.501519203186035,16.92443084716797,21.712488174438477,103713.0
2023-03-31,12.682724952697754,16.001184463500977,10.137540817260742,4.3944926261901855,8.482577323913574,1.4388433694839478,18.156185150146484,7.531644821166992,17.006929397583008,21.785648345947266,101882.0
2023-04-03,12.351151466369629,15.812979698181152,9.883522987365723,4.396008491516113,8.491016387939453,1.4178893566131592,18.146942138671875,7.396076202392578,16.530643463134766,21.37919807434082,101506.0
2023-04-04,12.464186668395996,16.07482147216797,10.106291770935059,4.339828968048096,8.482577323913574,1.4039199352264404,18.682851791381836,7.52411413192749,16.86085319519043,21.59868049621582,101869.0
2023-04-05,12.55461597442627,16.017541885375977,10.191095352172852,4.388985633850098,8.406612396240234,1.4109045267105103,19.006244659423828,7.493987560272217,16.84708023071289,21.24100685119629,100978.0
2023-04-06,12.39636516571045,15.96435832977295,10.044624328613281,4.396008491516113,8.474135398864746,1.396934986114502,18.895366668701172,7.44126558303833,16.79204750061035,21.09468650817871,100822.0
2023-04-10,12.25318431854248,15.972539901733398,10.160256385803223,4.4030303955078125,8.43193244934082,1.4039199352264404,19.264963150024414,7.365950107574463,16.970911026000977,21.24100685119629,101847.0
2023-04-11,12.486794471740723,16.340761184692383,10.692163467407227,4.410053253173828,8.550098419189453,1.4178893566131592,20.881919860839844,7.561773777008057,17.521249771118164,22.110811233520508,106214.0
2023-04-12,12.6375093460083,17.478147506713867,10.638201713562012,4.4381422996521,8.440372467041016,1.4318585395812988,21.39934730529785,7.712405204772949,17.638193130493164,22.0864200592041,106890.0
2023-04-13,12.45665168762207,17.4699649810791,10.645909309387207,4.4592084884643555,8.56697940826416,1.4318585395812988,21.260751724243164,7.704873085021973,17.638193130493164,22.33841896057129,106458.0
2023-04-14,12.577223777770996,17.768632888793945,10.6304931640625,4.550501346588135,8.575419425964355,1.4318585395812988,21.20531463623047,7.832912445068359,17.89272689819336,22.590415954589844,106279.0
2023-04-17,12.532008171081543,17.809547424316406,10.58423900604248,4.564545154571533,8.499456405639648,1.4388433694839478,21.066715240478516,7.878101825714111,17.858322143554688,22.4034481048584,106016.0
2023-04-18,12.524473190307617,17.8422794342041,10.514864921569824,4.634768009185791,8.516337394714355,1.445827841758728,21.380868911743164,7.840444564819336,17.844572067260742,22.070159912109375,106163.0
2023-04-19,12.366222381591797,17.63361930847168,10.322139739990234,4.697970390319824,8.507896423339844,1.4388433694839478,20.724843978881836,7.765127182006836,17.562511444091797,22.021387100219727,103913.0
2023-04-20,12.381293296813965,17.801366806030273,10.414647102355957,4.697970390319824,8.482577323913574,1.445827841758728,21.020519256591797,7.780190467834473,17.610671997070312,21.91571044921875,104367.0
2023-04-24,12.336078643798828,17.764543533325195,10.329849243164062,4.831396102905273,8.330648422241211,1.4248740673065186,20.724843978881836,7.787721157073975,17.452451705932617,21.712488174438477,103947.0
2023-04-25,12.28332805633545,17.60089111328125,10.561110496520996,5.006954669952393,8.423492431640625,1.424667239189148,20.974319458007812,7.757596015930176,17.610671997070312,21.92151641845703,103220.0
2023-04-26,12.328543663024902,17.457693099975586,10.406937599182129,4.978864669799805,8.41505241394043,1.4317200183868408,20.697126388549805,7.750064373016357,17.43181800842285,21.616134643554688,102312.0
2023-04-27,12.441579818725586,17.478147506713867,10.607369422912598,4.91566276550293,8.398172378540039,1.4458258152008057,21.39011001586914,7.832912445068359,17.741378784179688,21.93802833557129,102923.0
2023-04-28,12.599830627441406,17.53542709350586,10.676750183105469,5.006954669952393,8.406612396240234,1.4669842720031738,21.639583587646484,8.013670921325684,17.8308048248291,22.17738151550293,104432.0
2023-05-02,12.079862594604492,17.11811065673828,10.522566795349121,5.057783603668213,8.389731407165527,1.4528785943984985,20.863441467285156,7.930821895599365,17.14080810546875,21.8802490234375,101927.0
2023-05-03,12.275793075561523,17.064922332763672,10.614416122436523,5.043697357177734,8.381291389465332,1.4599311351776123,20.937360763549805,7.953418254852295,17.113269805908203,21.91326332092285,101797.0
2023-05-04,12.403901100158691,17.257219314575195,10.861440658569336,4.921159744262695,8.347530364990234,1.4669842720031738,21.436309814453125,8.162203788757324,17.25094223022461,22.29292869567871,102174.0
2023-05-05,12.629975318908691,17.69498634338379,11.401812553405762,5.022326946258545,8.35597038269043,1.4599311351776123,22.05537223815918,8.381373405456543,17.891149520874023,23.209077835083008,105148.0
2023-05-08,13.006765365600586,17.62544059753418,11.826388359069824,5.0656867027282715,8.372851371765137,1.5022480487823486,22.304845809936523,8.381373405456543,18.13896369934082,23.53921890258789,106042.0
2023-05-09,12.486794471740723,17.572248458862305,11.710592269897461,5.1018171310424805,8.474135398864746,1.488142490386963,22.637479782104492,8.43427848815918,18.24910545349121,23.90237808227539,107114.0
2023-05-10,12.343613624572754,17.801366806030273,11.733750343322754,5.022326946258545,8.56697940826416,1.4951952695846558,23.099468231201172,8.524967193603516,18.51758575439453,24.21601104736328,107448.0
2023-05-11,12.43404483795166,18.16549301147461,11.888144493103027,5.0656867027282715,8.507896423339844,1.4951952695846558,23.616897583007812,8.63833236694336,18.69655418395996,24.78551483154297,108256.0
2023-05-12,12.343613624572754,18.09593963623047,11.942178726196289,5.08736515045166,8.642942428588867,1.488142490386963,23.552221298217773,8.056396484375,18.52445411682129,24.96708869934082,108464.0
2023-05-15,12.328543663024902,18.181856155395508,12.127449989318848,5.1379499435424805,8.482577323913574,1.488142490386963,23.72777557373047,8.184877395629883,18.593292236328125,24.70297622680664,109029.0
2023-05-16,12.336078643798828,17.658164978027344,12.13516902923584,5.16685676574707,8.482577323913574,1.488142490386963,23.644617080688477,8.298240661621094,18.531343460083008,24.587425231933594,108194.0
2023-05-17,12.675189018249512,17.68680763244629,12.081131935119629,5.2029876708984375,8.491016387939453,1.488142490386963,24.115846633911133,8.43427848815918,18.717205047607422,24.78551483154297,109460.0
2023-05-18,13.134872436523438,17.674531936645508,12.119730949401855,5.231893539428711,8.499456405639648,1.5093010663986206,24.097368240356445,8.744138717651367,18.648366928100586,24.843286514282227,110108.0
2023-05-19,13.428767204284668,18.018203735351562,12.413070678710938,5.304157257080078,8.651383399963379,1.5022480487823486,24.37455940246582,8.721467018127441,18.49692726135254,24.744243621826172,110745.0
2023-05-22,13.051977157592773,17.780908584594727,12.289558410644531,5.311383247375488,8.440372467041016,1.5093010663986206,23.94953155517578,8.615657806396484,18.145843505859375,24.57917022705078,110213.0
2023-05-23,13.157480239868164,18.198223114013672,12.389913558959961,5.333061218261719,8.516337394714355,1.516353964805603,23.94028663635254,8.75925350189209,18.290409088134766,24.438861846923828,109929.0
2023-05-24,12.84097671508789,18.25140953063965,12.011656761169434,5.325836181640625,8.440372467041016,1.5657237768173218,23.866371154785156,8.82727336883545,18.187150955200195,24.331562042236328,108800.0
2023-05-25,12.886191368103027,18.271869659423828,12.443953514099121,5.3402886390686035,8.52477741241455,1.5586707592010498,24.827308654785156,9.06911563873291,18.758512496948242,24.083955764770508,110054.0
2023-05-26,12.84851360321045,18.16549301147461,12.443953514099121,5.347514629364014,8.440372467041016,1.5657237768173218,25.076784133911133,9.137134552001953,18.61394691467285,24.116966247558594,110906.0
2023-05-29,12.50940227508545,18.13275909423828,12.459389686584473,5.3836469650268555,8.60918140411377,1.5657237768173218,25.22462272644043,9.371419906616211,18.531343460083008,24.191253662109375,110333.0
2023-05-30,12.539545059204102,18.288232803344727,12.119730949401855,5.564306735992432,8.482577323913574,1.5516177415847778,24.596315383911133,9.303400993347168,18.269752502441406,23.828094482421875,108967.0
2023-05-31,12.539545059204102,18.25550079345703,11.973062515258789,5.744965076446533,8.482577323913574,1.58688223361969,24.300642013549805,9.401651382446289,18.125194549560547,23.605249404907227,108335.0
2023-06-01,12.660118103027344,18.304595947265625,12.181486129760742,5.710297107696533,8.550098419189453,1.6080403327941895,25.206140518188477,9.5603609085083,18.392229080200195,24.034435272216797,110565.0
2023-06-02,12.931406021118164,18.628292083740234,12.196150779724121,5.710297107696533,8.491016387939453,1.6503571271896362,26.056201934814453,9.57547378540039,18.660877227783203,24.587425231933594,112558.0
2023-06-05,13.059514999389648,18.744874954223633,12.621238708496094,5.724790573120117,8.491016387939453,1.6785683631896973,26.222517013549805,9.651052474975586,18.702213287353516,24.636947631835938,112696.0
2023-06-06,13.338339805603027,18.961387634277344,12.822188377380371,5.833487510681152,8.482577323913574,1.7420436143875122,26.333396911621094,9.817319869995117,18.833091735839844,25.082639694213867,114610.0
2023-06-07,13.270515441894531,18.953060150146484,12.814460754394531,6.079872131347656,8.465694427490234,1.8478355407714844,26.989418029785156,9.900452613830566,18.888198852539062,25.181686401367188,115488.0
2023-06-09,13.571948051452637,19.877399444580078,13.030872344970703,6.37698221206665,8.448814392089844,1.8972055912017822,26.8785457611084,10.021370887756348,19.14995765686035,25.43754768371582,117019.0
2023-06-12,13.790484428405762,20.597713470458984,12.922666549682617,6.840761661529541,8.482577323913574,1.8760472536087036,27.164974212646484,10.520174980163574,18.94330406188965,24.612186431884766,117336.0
2023-06-13,13.451375007629395,20.38332748413086,12.93812370300293,6.710323810577393,8.482577323913574,1.763202428817749,26.564393997192383,10.512618064880371,19.15684700012207,25.00836181640625,116743.0
2023-06-14,13.481518745422363,20.48394012451172,13.023138046264648,6.833516597747803,8.507896423339844,1.784360647201538,26.656789779663086,10.935842514038086,19.41861343383789,24.95058250427246,119069.0
2023-06-15,13.308194160461426,20.903186798095703,13.061785697937012,6.826268196105957,8.735787391662598,1.7984658479690552,26.795385360717773,10.906898498535156,19.673480987548828,25.396276473999023,119221.0
2023-06-16,13.330802917480469,20.748064041137695,13.100430488586426,6.761048793792725,8.837071418762207,1.784360647201538,27.41444969177246,10.999786376953125,19.73548126220703,25.198192596435547,118758.0
2023-06-19,14.001486778259277,21.13376235961914,13.332297325134277,6.659596920013428,9.07340145111084,1.8619418144226074,27.64544105529785,11.185569763183594,20.004131317138672,25.56134605407715,119858.0
2023-06-20,14.174808502197266,21.129568099975586,13.36320972442627,6.623362064361572,9.098722457885742,1.8972055912017822,28.32918930053711,11.317160606384277,19.994604110717773,25.536590576171875,119622.0
2023-06-21,14.167274475097656,21.796161651611328,13.332297325134277,6.543652534484863,9.039641380310059,1.8972055912017822,28.671064376831055,11.533907890319824,20.189268112182617,25.833717346191406,120420.0
2023-06-22,13.722662925720215,21.38111114501953,12.984498977661133,6.398721218109131,8.86239242553711,1.8689944744110107,27.885679244995117,11.410053253173828,19.994604110717773,25.34675407409668,118934.0
2023-06-23,13.91105842590332,21.38949966430664,12.822188377380371,6.101611137390137,9.039641380310059,1.9888923168182373,28.024276733398438,11.650020599365234,19.932039260864258,25.34675407409668,118977.0
2023-06-26,13.843235969543457,21.43980598449707,12.760359764099121,6.275529384613037,9.07340145111084,2.059419870376587,27.80252456665039,11.56486988067627,19.90423011779785,25.412784576416016,118243.0
2023-06-27,14.031631469726562,21.045719146728516,12.804869651794434,6.246542930603027,9.115604400634766,2.1581592559814453,27.62696647644043,11.456498146057129,19.681753158569336,25.2312068939209,117523.0
2023-06-28,13.82062816619873,20.78998565673828,12.593667030334473,6.405966758728027,9.115604400634766,2.0453145503997803,27.719364166259766,11.448759078979492,19.570528030395508,24.884553909301758,116681.0
2023-06-29,14.061775207519531,20.982839584350586,12.648423194885254,6.536405563354492,9.115604400634766,2.094684362411499,28.59714698791504,11.54164981842041,19.80689811706543,25.272472381591797,118383.0
2023-06-30,14.37074089050293,20.7103328704834,12.86744499206543,6.59437894821167,9.115604400634766,2.002997636795044,29.05913543701172,11.61131763458252,19.758235931396484,25.280725479125977,118087.0
2023-07-03,14.50551700592041,21.125377655029297,13.031708717346191,6.777551651000977,9.098722457885742,2.010050058364868,29.909189224243164,11.441017150878906,20.146160125732422,25.92450523376465,119673.0
2023-07-04,14.441757202148438,20.991222381591797,12.952595710754395,6.676206588745117,8.853951454162598,2.038261890411377,29.853757858276367,11.340386390686035,20.020944595336914,25.396276473999023,119076.0
2023-07-05,14.696800231933594,20.852872848510742,12.976089477539062,6.646829605102539,8.946797370910645,2.059419870376587,29.678197860717773,11.5106840133667,20.194852828979492,25.033119201660156,119549.0
2023-07-06,14.489575386047363,20.546829223632812,12.662847518920898,6.676206588745117,9.115604400634766,2.038261890411377,28.50474739074707,11.533907890319824,19.89572525024414,24.50489044189453,117426.0
2023-07-07,14.457695960998535,20.94510269165039,12.748988151550293,6.683552265167236,9.107163429260254,2.059419870376587,29.7613582611084,11.680986404418945,20.271381378173828,24.612186431884766,118898.0
2023-07-10,14.433785438537598,20.55940818786621,12.756819725036621,6.690896987915039,9.115604400634766,2.024155855178833,29.197731018066406,11.750653266906738,20.139209747314453,24.537900924682617,117942.0
2023-07-11,14.4178466796875,20.26594352722168,12.764650344848633,6.690896987915039,9.107163429260254,1.9818390607833862,29.040653228759766,11.642281532287598,19.784423828125,24.348072052001953,117220.0
2023-07-12,14.33814525604248,19.938936233520508,12.64718246459961,6.7276201248168945,9.03119945526123,1.91836416721344,29.197731018066406,11.379090309143066,19.666162490844727,24.050941467285156,117666.0
2023-07-13,14.32220458984375,20.12759017944336,12.960428237915039,6.786375999450684,9.07340145111084,1.9324694871902466,30.029312133789062,11.502944946289062,19.88181495666504,24.356325149536133,119264.0
2023-07-14,14.14686393737793,19.993432998657227,12.866453170776367,6.690896987915039,9.107163429260254,1.9254167079925537,29.49340057373047,11.363609313964844,19.673110961914062,24.191253662109375,117711.0
2023-07-17,14.489575386047363,20.169511795043945,12.999580383300781,6.705588340759277,9.107163429260254,1.9324694871902466,30.417377471923828,11.47972297668457,20.055727005004883,24.711231231689453,118219.0
2023-07-18,14.5134859085083,20.236597061157227,12.976089477539062,6.756998538970947,9.064961433410645,1.9465752840042114,30.740779876708984,11.526165962219238,19.666162490844727,24.57917022705078,117841.0
2023-07-19,14.561308860778809,19.884435653686523,12.929101943969727,6.683552265167236,8.988997459411621,1.9042584896087646,30.389659881591797,11.448759078979492,19.45745849609375,24.348072052001953,117552.0
2023-07-20,14.696800231933594,20.10244369506836,12.936934471130371,6.668862819671631,9.05652141571045,1.911311149597168,30.786970138549805,11.518426895141602,19.819204330444336,24.480125427246094,118083.0
2023-07-21,14.816349983215332,20.34140396118164,13.359810829162598,6.7716875076293945,9.149364471435547,1.9818390607833862,31.489198684692383,11.54939079284668,20.17399024963379,25.1104793548584,120217.0
2023-07-24,14.68882942199707,19.943130493164062,12.999580383300781,6.7716875076293945,9.157806396484375,1.9747865200042725,31.138086318969727,11.456498146057129,19.853986740112305,24.91802978515625,121342.0
2023-07-25,14.696800231933594,19.838321685791016,12.952595710754395,6.7716875076293945,9.115604400634766,1.9677332639694214,31.008726119995117,11.502944946289062,19.89572525024414,24.641908645629883,122008.0
2023-07-26,14.60912799835205,20.006013870239258,13.085722923278809,6.734964370727539,9.157806396484375,1.9324694871902466,31.25820541381836,11.379090309143066,20.00702667236328,24.5582332611084,122560.0
2023-07-27,14.65694808959961,19.59516143798828,12.7881441116333,6.793720722198486,9.200007438659668,1.91836416721344,30.99948501586914,11.092677116394043,19.561805725097656,23.763334274291992,119990.0
2023-07-28,14.680858612060547,19.821548461914062,12.929101943969727,6.764345169067383,9.200007438659668,1.9324694871902466,31.26744270324707,11.332646369934082,19.853986740112305,24.089664459228516,120187.0
2023-07-31,14.904021263122559,20.20305633544922,13.046567916870117,6.764345169067383,9.453218460083008,1.9677332639694214,31.424518585205078,11.293940544128418,19.923551559448242,23.8972110748291,121943.0
2023-08-01,15.270644187927246,19.85508918762207,13.015242576599121,6.773293972015381,9.537623405456543,2.0171031951904297,31.23048210144043,11.216530799865723,19.984561920166016,23.95578384399414,121248.0
2023-08-02,15.19891357421875,19.943130493164062,13.069318771362305,6.714395523071289,9.537623405456543,2.010050058364868,30.68533706665039,11.201050758361816,19.921905517578125,23.855377197265625,120859.0
2023-08-03,15.661176681518555,19.976669311523438,12.975238800048828,6.736482620239258,9.706430435180664,1.9747865200042725,30.851652145385742,11.092677116394043,19.768779754638672,23.79680633544922,120586.0
2023-08-04,15.557565689086914,19.87186050415039,12.112836837768555,6.72175931930542,9.976521492004395,1.960680603981018,30.445098876953125,10.992045402526855,19.406814575195312,23.278026580810547,119508.0
2023-08-07,15.3901948928833,19.838321685791016,12.026597023010254,6.699672222137451,9.959641456604004,1.9465752840042114,30.87672233581543,10.914639472961426,19.253681182861328,23.29475975036621,119380.0
2023-08-08,15.3901948928833,19.699970245361328,12.081478118896484,6.677585124969482,10.128448486328125,1.9395225048065186,30.86737060546875,10.67466926574707,19.211912155151367,23.001901626586914,119090.0
2023-08-09,15.270644187927246,19.59096908569336,12.018755912780762,6.662858963012695,10.896522521972656,1.8901526927947998,30.792537689208984,10.721116065979004,19.142303466796875,22.70904541015625,118409.0
2023-08-10,15.342373847961426,19.691585540771484,12.120677947998047,6.626046657562256,11.369183540344238,1.8548890352249146,30.72706413269043,10.690152168273926,19.204946517944336,22.642105102539062,118350.0
2023-08-11,14.816349983215332,19.9053955078125,12.050117492675781,6.618685722351074,11.521110534667969,1.7420436143875122,30.193899154663086,10.759819030761719,19.23975372314453,22.759252548217773,118065.0
2023-08-14,14.784469604492188,19.708354949951172,11.987398147583008,6.4861650466918945,11.261561393737793,1.6503571271896362,30.5306339263916,10.682412147521973,18.961318969726562,22.65884017944336,116810.0
2023-08-15,14.704771995544434,19.603546142578125,12.018755912780762,6.41254186630249,11.384160041809082,1.706779956817627,29.735567092895508,9.838655471801758,18.85690689086914,22.499862670898438,116171.0
2023-08-16,14.672887802124023,19.771240234375,11.956035614013672,6.478802680969238,11.384160041809082,1.6997270584106445,29.0808048248291,10.14055061340332,18.842985153198242,22.2572078704834,115592.0
2023-08-17,14.497547149658203,19.955705642700195,11.830596923828125,6.441990852355957,11.384160041809082,1.6503571271896362,28.29509162902832,10.032177925109863,18.620235443115234,22.014551162719727,114982.0
2023-08-18,14.561308860778809,20.03536033630371,11.90899658203125,6.515615463256836,11.384160041809082,1.6715154647827148,28.71600914001465,9.954768180847168,18.76641273498535,22.12333106994629,115409.0
2023-08-21,14.752589225769043,19.964088439941406,11.822755813598633,6.441990852355957,11.384160041809082,1.6574101448059082,28.482166290283203,10.032177925109863,18.689849853515625,22.022920608520508,114429.0
2023-08-22,14.840259552001953,20.46132469177246,11.901156425476074,6.441990852355957,11.4016752243042,1.7420436143875122,29.445598602294922,10.109586715698242,18.98220443725586,22.299041748046875,116156.0
2023-08-23,14.824320793151855,20.550901412963867,12.065794944763184,6.471442699432373,11.39291763305664,1.7208856344223022,30.558696746826172,10.233440399169922,19.218875885009766,22.550064086914062,118135.0
2023-08-24,14.33017349243164,20.282175064086914,11.775717735290527,6.471442699432373,11.427947044372559,1.7208856344223022,30.50257682800293,10.148290634155273,18.99612808227539,22.407817840576172,117026.0
2023-08-25,14.178743362426758,20.017717361450195,11.626755714416504,6.441990852355957,11.357891082763672,1.6785683631896973,30.119068145751953,9.885098457336426,18.696807861328125,22.382715225219727,115837.0
2023-08-28,14.664918899536133,20.593551635742188,12.00307846069336,6.434628486633301,11.384160041809082,1.6926740407943726,30.352916717529297,9.869619369506836,19.33025360107422,22.734153747558594,117121.0
2023-08-29,15.445985794067383,20.708721160888672,12.14419937133789,6.441990852355957,11.375404357910156,1.7420436143875122,30.998319625854492,9.92380428314209,19.63652229309082,23.353330612182617,118404.0
2023-08-30,15.246731758117676,20.410137176513672,11.885473251342773,6.441990852355957,11.515515327453613,1.7349909543991089,30.736419677734375,9.645133018493652,19.260635375976562,23.03537368774414,117535.0
2023-08-31,14.800408363342285,20.09023094177246,11.720834732055664,6.441990852355957,11.515515327453613,1.706779956817627,30.371623992919922,9.474833488464355,19.093576431274414,22.683940887451172,115742.0
2023-09-01,14.880107879638672,20.22672462463379,11.752195358276367,6.436202526092529,11.489245414733887,1.7349909543991089,30.212604522705078,9.722541809082031,19.25910758972168,22.876392364501953,117893.0
2023-09-04,14.943870544433594,20.16274642944336,11.696440696716309,6.3919172286987305,11.559301376342773,1.756149172782898,29.716861724853516,9.513537406921387,19.084972381591797,22.767616271972656,117777.0
2023-09-05,14.872138977050781,20.09023094177246,11.445243835449219,6.458346843719482,11.594329833984375,1.7490965127944946,29.426891326904297,9.598688125610352,18.799400329589844,22.50822639465332,117331.0
2023-09-06,14.633038520812988,19.953737258911133,11.288244247436523,6.355012893676758,11.646871566772461,1.706779956817627,28.95920753479004,9.583206176757812,18.618301391601562,22.34088134765625,115985.0
2023-09-08,14.625067710876465,19.89402198791504,11.288244247436523,6.384536266326904,11.81325626373291,1.7138326168060303,28.678592681884766,9.482575416564941,18.64615249633789,22.173534393310547,115313.0
2023-09-11,14.975749969482422,20.20966148376465,11.500192642211914,6.421440124511719,11.822012901306152,1.7420436143875122,28.97791290283203,9.614169120788574,19.119800567626953,22.566801071166992,116883.0
2023-09-12,15.342373847961426,20.318859100341797,11.64149284362793,6.3919172286987305,11.734441757202148,1.7490965127944946,29.6046142578125,9.80769157409668,19.231246948242188,22.70067596435547,117968.0
2023-09-13,15.406134605407715,20.301677703857422,11.688590049743652,6.421440124511719,11.603086471557617,1.7420436143875122,30.717710494995117,9.9934720993042,19.32876205444336,22.633737564086914,118176.0
2023-09-14,16.083589553833008,20.357521057128906,11.735690116882324,6.406680107116699,11.699414253234863,1.7420436143875122,31.428598403930664,9.79861831665039,19.25214195251465,22.591903686523438,119392.0
2023-09-15,16.52991485595703,20.426258087158203,11.712141990661621,6.421440124511719,11.646871566772461,1.7420436143875122,30.6802921295166,9.751547813415527,19.210346221923828,22.048025131225586,118758.0
2023-09-18,16.40239143371582,20.34033966064453,11.712141990661621,6.421440124511719,11.506759643554688,1.7279382944107056,30.165842056274414,9.610336303710938,19.16159439086914,22.173534393310547,118288.0
2023-09-19,16.410362243652344,20.310270309448242,11.578688621520996,6.399298667907715,11.462974548339844,1.7208856344223022,29.370769500732422,9.720169067382812,19.104822158813477,21.981082916259766,117846.0
2023-09-20,16.553821563720703,20.490692138671875,11.625791549682617,6.399298667907715,11.778227806091309,1.7349909543991089,29.052743911743164,9.869224548339844,19.428394317626953,22.223735809326172,118695.0
2023-09-21,16.163291931152344,20.0224552154541,11.194043159484863,6.414061069488525,11.646871566772461,1.7138326168060303,28.837608337402344,9.782929420471191,18.98525047302246,21.830469131469727,116145.0
2023-09-22,16.035770416259766,20.056821823120117,11.107693672180176,6.3919172286987305,11.62060260772705,1.6997270584106445,29.01532745361328,9.673095703125,18.93600845336914,21.822101593017578,116009.0
2023-09-25,15.756816864013672,19.940837860107422,11.0762939453125,6.414061069488525,11.62935733795166,1.6785683631896973,28.90308380126953,9.68094253540039,18.992279052734375,21.797000885009766,115925.0
2023-09-26,15.565537452697754,19.657318115234375,10.95854663848877,6.384536266326904,11.261561393737793,1.664462924003601,28.257675170898438,9.492656707763672,18.71091651916504,21.63802146911621,114193.0
2023-09-27,15.43801498413086,19.829147338867188,10.927142143249512,6.3919172286987305,11.384160041809082,1.664462924003601,27.95835304260254,9.50050163269043,18.675735473632812,21.395368576049805,114327.0
2023-09-28,15.788697242736816,20.464916229248047,11.186190605163574,6.406680107116699,11.39291763305664,1.6856213808059692,28.73471450805664,9.610336303710938,19.168132781982422,21.763532638549805,115731.0
2023-09-29,15.868396759033203,20.26731300354004,11.225445747375488,6.421440124511719,11.427947044372559,1.706779956817627,29.062097549438477,9.657407760620117,19.139989852905273,21.797000885009766,116565.0
2023-10-02,15.597416877746582,20.21146583557129,11.06844425201416,6.363839626312256,11.690656661987305,1.6926740407943726,28.650531768798828,9.406360626220703,18.962373733520508,21.68822479248047,115057.0
2023-10-03,15.493805885314941,19.95372200012207,10.934009552001953,6.341639518737793,10.902522087097168,1.664462924003601,28.13607406616211,9.31221866607666,18.72306251525879,21.5041446685791,113419.0
2023-10-04,15.820578575134277,20.104076385498047,11.303455352783203,6.304642200469971,10.508455276489258,1.6856213808059692,28.837608337402344,9.359289169311523,19.152416229248047,21.80536651611328,113607.0
2023-10-05,15.653205871582031,20.164215087890625,11.35062026977539,6.3194403648376465,10.639810562133789,1.6856213808059692,28.81890106201172,9.202386856079102,19.4550838470459,22.324148178100586,113284.0
2023-10-06,15.740877151489258,20.984695434570312,11.374198913574219,6.349040985107422,10.709867477416992,1.6856213808059692,28.9311466217041,9.33575439453125,19.638093948364258,22.75088119506836,114170.0
2023-10-09,15.748847007751465,20.87301254272461,11.27200984954834,6.37123966217041,10.709867477416992,1.6856213808059692,28.706653594970703,9.09255313873291,19.46916961669922,22.95170021057129,115156.0
2023-10-10,15.732909202575684,20.838640213012695,11.397783279418945,6.349040985107422,10.60478401184082,1.6997270584106445,29.0808048248291,9.045483589172363,19.448043823242188,23.227825164794922,116737.0
2023-10-11,15.820578575134277,21.036251068115234,11.562850952148438,6.363839626312256,10.534728050231934,1.7420436143875122,29.829105377197266,9.06901741027832,19.694412231445312,23.411903381347656,117051.0
2023-10-13,15.788697242736816,20.971813201904297,11.389918327331543,6.297242641448975,10.552241325378418,1.7208856344223022,28.95920753479004,8.998412132263184,19.490280151367188,22.99353790283203,115754.0
2023-10-16,16.011857986450195,21.3970947265625,11.507831573486328,6.341639518737793,10.552241325378418,1.706779956817627,28.837608337402344,8.974875450134277,19.518436431884766,22.926597595214844,116534.0
2023-10-17,15.62132453918457,21.203784942626953,11.389918327331543,6.297242641448975,10.534728050231934,1.6926740407943726,28.285737991333008,8.880733489990234,19.229848861694336,22.399450302124023,115908.0
2023-10-18,15.46989631652832,21.10068702697754,11.287734985351562,6.297242641448975,10.289530754089355,1.664462924003601,27.471961975097656,8.739520072937012,18.82863426208496,22.181900024414062,114060.0
2023-10-19,15.629294395446777,21.26392364501953,11.342757225036621,6.304642200469971,10.3683443069458,1.6715154647827148,27.36906623840332,8.794437408447266,19.04684066772461,22.432924270629883,114004.0
2023-10-20,15.422075271606445,21.1951904296875,11.130521774291992,6.33424186706543,10.19320297241211,1.6574101448059082,27.341005325317383,8.629688262939453,18.97645378112793,22.26587677001953,113155.0
2023-10-23,15.382224082946777,21.165124893188477,11.146245002746582,6.3194403648376465,10.3683443069458,1.6715154647827148,28.39798355102539,8.629688262939453,18.997570037841797,22.75860023498535,112785.0
2023-10-24,15.51771354675293,21.06632423400879,11.146245002746582,6.326841831207275,10.596026420593262,1.6784194707870483,28.86566925048828,8.512011528015137,18.997570037841797,23.336271286010742,113762.0
2023-10-25,15.310493469238281,21.070613861083984,11.114802360534668,6.349040985107422,10.648569107055664,1.6641954183578491,28.85631561279297,8.33941650390625,19.032758712768555,22.928503036499023,112830.0
2023-10-26,15.358314514160156,21.508779525756836,11.397783279418945,6.423038482666016,10.596026420593262,1.6713073253631592,29.10886573791504,8.574772834777832,19.504356384277344,23.582632064819336,114777.0
2023-10-27,15.135151863098145,20.96322250366211,11.279874801635742,6.37123966217041,10.517212867736816,1.6499717235565186,28.285737991333008,8.55908203125,19.215774536132812,22.98796844482422,113301.0
2023-10-30,14.93589973449707,20.81716537475586,11.15410327911377,6.252843379974365,10.429643630981445,1.6357473134994507,27.649677276611328,8.574772834777832,19.0609188079834,22.690637588500977,112532.0
2023-10-31,14.91199016571045,20.76991081237793,10.996894836425781,6.363839626312256,10.68359661102295,1.6428594589233398,27.687095642089844,8.551236152648926,18.87790870666504,22.869035720825195,113144.0
2023-11-01,15.143122673034668,20.791400909423828,11.09908390045166,6.2615766525268555,10.85873794555664,1.6357473134994507,27.6309757232666,8.551236152648926,19.14389991760254,23.106903076171875,115053.0
2023-11-03,15.9401273727417,21.521669387817383,11.625640869140625,6.298671245574951,11.033880233764648,1.6784194707870483,29.903934478759766,8.857197761535645,19.67215347290039,23.582632064819336,118160.0
2023-11-06,15.812606811523438,21.672021865844727,11.617769241333008,6.320929050445557,11.252805709838867,1.692643165588379,30.1284236907959,8.723831176757812,19.855283737182617,23.582632064819336,118487.0
2023-11-07,15.979979515075684,21.91687774658203,11.9247407913208,6.320929050445557,11.71692943572998,1.7139791250228882,30.642881393432617,8.731675148010254,20.411710739135742,24.160306930541992,119268.0
2023-11-08,16.051708221435547,22.196096420288086,11.98770809173584,6.320929050445557,11.559301376342773,1.7139791250228882,31.419239044189453,8.857197761535645,20.503276824951172,24.780452728271484,119099.0
2023-11-09,16.346601486206055,21.268220901489258,12.011322975158691,6.291252613067627,11.822012901306152,1.7139791250228882,30.493221282958984,8.90427017211914,20.5948429107666,24.814434051513672,119012.0
2023-11-10,16.673372268676758,21.58180809020996,11.83815860748291,6.313509464263916,11.822012901306152,1.7779864072799683,31.80274200439453,9.178851127624512,20.84135627746582,25.375118255615234,120636.0
2023-11-13,16.40239143371582,21.500186920166016,11.602025985717773,6.306089878082275,11.822012901306152,1.7708745002746582,31.232166290283203,8.974875450134277,20.70048713684082,25.545021057128906,120376.0
2023-11-14,16.960298538208008,21.603290557861328,11.846029281616211,6.291252613067627,11.804499626159668,1.7993226051330566,31.914989471435547,8.951340675354004,21.01040267944336,26.16516876220703,123328.0
2023-11-16,17.430530548095703,21.59899139404297,12.255329132080078,6.306089878082275,11.822012901306152,1.8348820209503174,31.83080291748047,9.171004295349121,21.348482131958008,27.167600631713867,124576.0
2023-11-17,17.478349685668945,21.762229919433594,12.145133972167969,6.298671245574951,12.32992172241211,1.8419936895370483,31.204105377197266,9.06901741027832,21.447092056274414,26.34356689453125,125062.0
2023-11-20,17.45444107055664,21.878211975097656,12.176617622375488,6.291252613067627,12.776532173156738,1.8775535821914673,31.04509162902832,9.131779670715332,21.658382415771484,26.30958366394043,126095.0
2023-11-21,17.2153377532959,22.032859802246094,12.12939167022705,6.306089878082275,12.969186782836914,1.8348820209503174,30.539989471435547,8.951340675354004,21.6231746673584,26.080217361450195,125607.0
2023-11-22,17.334888458251953,21.843849182128906,12.381265640258789,6.298671245574951,12.802801132202148,1.8277698755264282,31.176048278808594,9.006258010864258,21.756994247436523,26.34356689453125,126035.0
2023-11-23,17.207368850708008,21.91687774658203,12.711854934692383,6.36544132232666,12.78528881072998,1.8562180995941162,31.522130966186523,9.061173439025879,21.728830337524414,26.2925968170166,126576.0
2023-11-24,17.279098510742188,21.891103744506836,12.719722747802734,6.372859477996826,13.223142623901367,1.8704419136047363,31.241519927978516,8.94349479675293,21.609088897705078,26.080217361450195,125542.0
2023-11-27,17.11969757080078,22.294902801513672,12.641010284423828,6.298671245574951,12.872859001159668,1.9557850360870361,31.662431716918945,9.006258010864258,21.5527400970459,25.995267868041992,125683.0
2023-11-28,17.334888458251953,22.617084503173828,12.75908088684082,6.343184947967529,12.907886505126953,1.8633297681808472,31.80274200439453,9.31221866607666,21.764039993286133,25.952789306640625,126538.0
2023-11-29,17.44647216796875,22.65144920349121,12.696109771728516,6.409955024719238,12.986700057983398,1.8633297681808472,32.45750427246094,9.469121932983398,21.911956787109375,26.080217361450195,126101.0
2023-11-30,17.526172637939453,23.3129940032959,12.806306838989258,6.491562366485596,13.021729469299316,1.8704419136047363,33.243221282958984,9.484810829162598,22.250030517578125,26.335071563720703,127331.0
2023-12-01,17.502262115478516,23.360244750976562,12.845661163330078,6.572630882263184,13.144327163696289,1.9131133556365967,32.94390869140625,9.516193389892578,22.199047088623047,26.335071563720703,128103.0
2023-12-04,17.4066219329834,23.27003288269043,12.750289916992188,6.572630882263184,13.223142623901367,1.9131133556365967,32.719417572021484,9.516193389892578,22.22722816467285,26.301090240478516,126803.0
2023-12-05,18.084075927734375,23.27003288269043,12.86849594116211,6.557608127593994,13.196868896484375,1.9486733675003052,32.767337799072266,9.735858917236328,22.41046714782715,26.403034210205078,126903.0
2023-12-06,17.80512237548828,22.771728515625,12.734529495239258,6.56511926651001,13.380765914916992,1.9060015678405762,32.26829147338867,9.641714096069336,22.2131404876709,25.995267868041992,125623.0
2023-12-07,18.084075927734375,23.14116096496582,12.766053199768066,6.640234470367432,13.660993576049805,1.9131133556365967,32.04230880737305,9.586799621582031,22.459793090820312,26.088708877563477,126010.0
2023-12-08,18.323177337646484,23.390316009521484,12.970938682556152,6.632721900939941,13.328225135803223,1.934449315071106,32.36244583129883,9.586799621582031,22.74390983581543,26.42002296447754,127094.0
2023-12-11,18.554311752319336,23.38602066040039,12.86849594116211,6.490004062652588,13.818619728088379,1.9131133556365967,32.50368881225586,9.4534330368042,22.5876407623291,26.34356689453125,126916.0
2023-12-12,18.331146240234375,22.695348739624023,12.805455207824707,6.535072326660156,13.380765914916992,1.8988893032073975,32.35303497314453,9.492656707763672,22.473995208740234,26.13968276977539,126403.0
2023-12-13,18.657920837402344,22.902851104736328,13.364950180053711,6.61769962310791,13.564665794372559,1.9202253818511963,33.690093994140625,9.69663143157959,23.1558837890625,26.972209930419922,129465.0
2023-12-14,18.881084442138672,23.05415153503418,13.593477249145508,6.670283317565918,13.284440994262695,2.026904582977295,34.68818283081055,9.892760276794434,23.3476619720459,27.014684677124023,130842.0
2023-12-15,19.199886322021484,23.60749053955078,13.72745132446289,6.715350151062012,13.275683403015137,2.2971584796905518,34.35862731933594,10.002592086791992,23.24822425842285,26.683372497558594,130197.0
2023-12-18,19.064395904541016,23.62477684020996,13.829886436462402,6.730374813079834,13.485851287841797,2.346942186355591,34.83883285522461,9.947678565979004,23.361865997314453,26.87026596069336,131084.0
2023-12-19,19.423046112060547,23.711238861083984,13.829886436462402,6.722860336303711,13.555908203125,2.496293067932129,34.89533233642578,10.081045150756836,23.376075744628906,27.116628646850586,131851.0
2023-12-20,18.889053344726562,23.434568405151367,13.601363182067871,6.745397090911865,13.538394927978516,2.474957227706909,34.49044418334961,10.088890075683594,23.134580612182617,26.59842300415039,130804.0
2023-12-21,18.95281410217285,23.469154357910156,13.609247207641602,6.760421276092529,13.450822830200195,2.5389647483825684,34.5186882019043,10.143805503845215,23.290836334228516,26.65788459777832,132182.0
2023-12-22,19.0245418548584,23.53399658203125,13.813565254211426,6.7754435539245605,14.886980056762695,2.4297680854797363,34.6505126953125,10.214412689208984,23.660202026367188,26.793811798095703,132753.0
2023-12-26,19.215824127197266,23.75014305114746,13.854605674743652,6.8205132484436035,15.937826156616211,2.539499044418335,35.11189651489258,10.245794296264648,23.90170669555664,26.92973518371582,133533.0
2023-12-27,19.438987731933594,23.715560913085938,13.936683654785156,6.9707441329956055,16.4282169342041,2.547337293624878,35.366127014160156,10.347780227661133,24.0650691986084,27.25255012512207,134194.0
2023-12-28,19.95703887939453,23.94467544555664,14.026968002319336,7.158535003662109,15.471343040466309,2.5630128383636475,35.413204193115234,10.473304748535156,24.128999710083008,27.43944549560547,134185.0
2024-01-02,18.9357967376709,23.672327041625977,13.74790096282959,7.295680999755859,15.114102363586426,2.4767956733703613,35.055397033691406,10.06535530090332,23.82173728942871,27.22706413269043,132697.0
2024-01-03,19.316497802734375,23.69394874572754,13.763492584228516,7.395896911621094,14.848458290100098,2.4297680854797363,34.40570068359375,10.143805503845215,23.55879020690918,27.193086624145508,132834.0
2024-01-04,18.902692794799805,23.44321632385254,13.574501037597656,7.395896911621094,14.76601791381836,2.3121981620788574,33.99750900268555,10.05750846862793,23.402441024780273,26.9382266998291,131226.0
2024-01-05,19.399261474609375,23.72420310974121,13.870319366455078,7.3581647872924805,15.5354642868042,2.343549966812134,34.72548294067383,10.387007713317871,23.949655532836914,27.295026779174805,132023.0
2024-01-08,19.887554168701172,23.92738151550293,13.763492584228516,7.2600555419921875,15.865225791931152,2.782475709915161,35.84109115600586,10.543910026550293,23.693815231323242,27.116628646850586,132427.0
2024-01-09,19.44891929626465,23.568580627441406,13.393730163574219,7.2374138832092285,16.350711822509766,2.6805827617645264,35.71818542480469,10.543910026550293,23.679607391357422,26.326576232910156,131447.0
2024-01-10,19.424089431762695,23.529674530029297,13.163656234741211,7.109118461608887,16.680469512939453,2.594364881515503,35.699275970458984,10.583137512207031,23.658288955688477,26.00375747680664,130841.0
2024-01-11,19.482025146484375,23.689619064331055,13.097915649414062,6.988369464874268,16.497270584106445,2.6257166862487793,35.44401550292969,10.708660125732422,23.700923919677734,25.918807983398438,130649.0
2024-01-12,19.597888946533203,23.827953338623047,12.991096496582031,6.980820655822754,16.772071838378906,2.6257166862487793,36.24761962890625,10.76357364654541,23.729352951049805,25.765893936157227,130988.0
2024-01-15,19.647546768188477,24.29483413696289,13.040398597717285,7.0562920570373535,16.85451316833496,2.633554697036743,36.37053298950195,10.747883796691895,23.771991729736328,25.73191261291504,131521.0
2024-01-16,19.3496036529541,24.156497955322266,12.925358772277832,6.958180904388428,16.845352172851562,2.6100409030914307,35.77490997314453,10.543910026550293,23.4379825592041,25.28167152404785,129294.0
2024-01-17,19.382709503173828,24.204050064086914,12.950011253356934,6.980820655822754,16.79955291748047,2.641392469406128,34.94293212890625,10.692968368530273,23.452192306518555,25.545021057128906,128524.0
2024-01-18,19.506851196289062,23.923059463500977,12.876059532165527,6.9657301902771,17.046873092651367,2.6178781986236572,34.55531311035156,10.896944046020508,23.35270118713379,25.40909194946289,127316.0
2024-01-19,19.564783096313477,24.17378807067871,12.851408004760742,7.071384429931641,17.413278579711914,2.6257166862487793,34.81057357788086,10.951858520507812,23.409542083740234,25.663951873779297,127636.0
2024-01-22,19.084766387939453,24.013839721679688,12.703500747680664,7.169490814208984,17.587318420410156,2.6178781986236572,34.84839630126953,10.61451530456543,23.025785446166992,25.752506256103516,126602.0
2024-01-23,19.20063591003418,24.441810607910156,12.637767791748047,7.214772701263428,17.23923683166504,2.6100409030914307,35.21710968017578,10.912633895874023,23.13238525390625,25.59752655029297,128263.0
2024-01-24,19.57305908203125,24.489364624023438,12.588464736938477,7.161945819854736,17.72471809387207,2.594364881515503,35.34001541137695,11.093071937561035,23.025785446166992,25.399499893188477,127816.0
2024-01-25,19.076488494873047,24.459102630615234,12.621330261230469,7.267603397369385,17.752201080322266,2.547337293624878,34.980751037597656,11.187214851379395,22.97603988647461,25.123979568481445,128169.0
2024-01-26,19.21718406677246,24.62769889831543,12.752806663513184,7.282696723937988,18.10028076171875,2.5708508491516113,35.01856994628906,11.297046661376953,23.317161560058594,25.29618263244629,128967.0
2024-01-29,19.117874145507812,24.43316650390625,12.637767791748047,7.33552360534668,18.17356300354004,2.633554697036743,34.659305572509766,11.336273193359375,23.196346282958984,24.891510009765625,128503.0
2024-01-30,19.13442611694336,24.307802200317383,12.547378540039062,7.373257160186768,17.404115676879883,2.6100409030914307,33.9407844543457,11.242130279541016,23.047103881835938,25.14120101928711,127402.0
2024-01-31,19.738582611083984,24.40289878845215,12.613114356994629,7.4336323738098145,17.495718002319336,2.6257166862487793,34.054237365722656,11.57162857055664,23.295839309692383,24.66765022277832,127752.0
2024-02-01,20.31791114807129,24.96056365966797,12.588464736938477,7.38080358505249,17.54151725769043,2.649230718612671,34.678218841552734,11.587320327758789,23.244400024414062,25.080930709838867,128481.0
2024-02-02,20.11100959777832,24.951915740966797,12.60407543182373,7.3753509521484375,17.7613582611084,2.641392469406128,34.66876220703125,11.642236709594727,23.27994155883789,24.805408477783203,127182.0
2024-02-05,20.01997184753418,25.219934463500977,12.85912036895752,7.307271480560303,17.7613582611084,2.782475709915161,34.96184539794922,11.516712188720703,23.720802307128906,25.080930709838867,127593.0
2024-02-06,20.01997184753418,25.76462745666504,13.65715503692627,7.405609130859375,18.237682342529297,2.90004563331604,35.500736236572266,11.414724349975586,24.73761749267578,25.623363494873047,130416.0
2024-02-07,19.82134437561035,25.695457458496094,11.485177993774414,7.413173198699951,20.243736267089844,2.99410080909729,36.285438537597656,11.453950881958008,24.559852600097656,25.020658493041992,129608.0
2024-02-08,19.55650520324707,25.306394577026367,11.156087875366211,7.322401523590088,21.01318359375,3.1822118759155273,35.29273986816406,10.912633895874023,24.07632827758789,24.45240020751953,128217.0
2024-02-09,19.63926887512207,24.887073516845703,11.073817253112793,7.322401523590088,23.816158294677734,3.3311331272125244,35.51964569091797,11.791291236877441,24.3820858001709,24.564329147338867,128026.0
2024-02-14,19.44891929626465,25.224262237548828,10.999772071838379,7.307271480560303,23.816158294677734,2.9627490043640137,34.99966049194336,11.548089981079102,24.3820858001709,24.314638137817383,127018.0
2024-02-15,20.25170135498047,25.22858238220215,11.04913330078125,7.284576416015625,23.559677124023438,3.0097768306732178,34.716033935546875,11.704996109008789,24.588289260864258,24.51266860961914,127804.0
2024-02-16,20.483434677124023,25.016761779785156,11.090270042419434,7.254317283630371,23.1291561126709,3.001938819885254,34.432403564453125,11.704996109008789,24.559852600097656,25.01205062866211,128726.0
2024-02-19,20.591022491455078,25.470666885375977,11.230130195617676,7.2997050285339355,21.984146118164062,3.0724806785583496,34.87675476074219,11.814827919006348,24.83005714416504,25.046489715576172,129036.0
2024-02-20,20.690338134765625,25.634939193725586,11.493401527404785,7.277012348175049,22.99175453186035,3.1665360927581787,35.27383804321289,12.12078857421875,25.370452880859375,25.278961181640625,129916.0
2024-02-21,20.235151290893555,25.695457458496094,11.45226764678955,7.284576416015625,24.594762802124023,3.190049886703491,35.95454406738281,12.058029174804688,25.228239059448242,24.943166732788086,130032.0
2024-02-22,20.491710662841797,25.116186141967773,11.518086433410645,7.239188194274902,25.281768798828125,3.2762672901153564,35.756004333496094,12.058029174804688,25.08513069152832,24.882898330688477,130241.0
2024-02-23,20.29308319091797,24.8049373626709,11.369993209838867,7.231625080108643,26.564176559448242,3.143022298812866,34.9334831237793,11.861898422241211,25.158567428588867,24.547107696533203,129419.0
2024-02-26,20.29308319091797,25.04269790649414,11.353540420532227,7.216495037078857,27.38858413696289,3.056804895401001,34.9334831237793,11.932506561279297,25.23200225830078,24.443790435791016,129609.0
2024-02-27,20.549644470214844,25.345304489135742,11.534539222717285,7.284576416015625,29.03739356994629,3.103832244873047,34.56476974487305,12.089409828186035,25.54042625427246,24.951780319213867,131689.0
2024-02-28,19.8378963470459,25.39717674255371,11.485177993774414,7.254317283630371,29.77935791015625,3.1273460388183594,34.40403747558594,12.24631118774414,25.55511474609375,24.96900177001953,130155.0
2024-02-29,19.53995704650879,25.012435913085938,11.31240177154541,7.17867374420166,29.944238662719727,3.1273460388183594,34.40403747558594,12.105100631713867,24.923582077026367,24.624603271484375,129020.0
2024-03-01,19.8378963470459,25.038372039794922,11.353540420532227,7.186239719390869,27.754985809326172,3.1351842880249023,34.04478073120117,11.697151184082031,25.032060623168945,24.615989685058594,129180.0
2024-03-04,19.8378963470459,24.93462371826172,11.24559497833252,7.1504411697387695,27.663389205932617,3.1195082664489746,34.04478073120117,11.634389877319336,24.841035842895508,24.547107696533203,128341.0
2024-03-05,19.8792781829834,25.107540130615234,11.303266525268555,7.135277271270752,28.075586318969727,3.048966884613037,33.60988235473633,11.650079727172852,24.81899642944336,24.36629867553711,128098.0
2024-03-06,20.11100959777832,25.47930908203125,11.385652542114258,6.976041316986084,26.29853630065918,2.9235591888427734,33.742244720458984,11.71284294128418,25.090839385986328,24.19409942626953,128890.0
2024-03-07,19.66409683227539,25.237228393554688,11.336217880249023,6.9381279945373535,26.564176559448242,2.9784252643585205,33.6287956237793,11.71284294128418,24.82634162902832,24.32324981689453,128340.0
2024-03-08,19.647546768188477,24.990821838378906,11.402125358581543,6.9836249351501465,23.358158111572266,2.947072982788086,33.685523986816406,11.791291236877441,25.054105758666992,24.564329147338867,127071.0
2024-03-11,19.647546768188477,24.740093231201172,11.468035697937012,6.945709705352783,22.716951370239258,2.8765316009521484,33.61934280395508,11.775602340698242,25.17901039123535,24.564329147338867,126124.0
2024-03-12,20.276531219482422,25.07972526550293,11.608091354370117,6.9381279945373535,20.985698699951172,2.9157214164733887,34.432403564453125,11.799137115478516,25.281871795654297,24.633209228515625,127668.0
2024-03-13,20.144113540649414,24.801063537597656,11.731671333312988,6.900214672088623,21.984146118164062,3.0097768306732178,35.35892105102539,11.830517768859863,25.531673431396484,24.65043067932129,128006.0
2024-03-14,20.417224884033203,24.69221305847168,11.805815696716309,6.892631530761719,22.506271362304688,2.90004563331604,35.15092849731445,11.7677583694458,25.516984939575195,24.624603271484375,127690.0
2024-03-15,20.284807205200195,24.944753646850586,11.624567985534668,6.824387550354004,23.00091552734375,2.8686935901641846,34.29059600830078,11.720685005187988,25.37738037109375,24.74513816833496,126742.0
2024-03-18,19.887554168701172,24.396133422851562,11.698714256286621,6.824387550354004,22.304750442504883,2.845179796218872,33.98805618286133,11.936038970947266,25.480239868164062,24.676258087158203,126954.0
2024-03-19,20.193771362304688,24.309049606323242,11.632804870605469,6.748560905456543,22.4329891204834,2.782475709915161,34.41349792480469,11.643370628356934,25.516984939575195,24.33186149597168,127529.0
2024-03-20,20.3758487701416,24.570295333862305,11.781098365783691,6.733396530151367,23.559677124023438,2.790314197540283,35.264381408691406,11.469354629516602,25.568418502807617,24.633209228515625,129125.0
2024-03-21,20.2103214263916,24.2263240814209,11.649285316467285,6.718230247497559,25.098567962646484,2.688420295715332,35.236019134521484,11.073860168457031,25.303913116455078,24.33186149597168,128159.0
2024-03-22,20.011695861816406,24.12617301940918,11.500992774963379,6.6651530265808105,24.283321380615234,2.7197725772857666,34.68766784667969,10.81283187866211,24.950082778930664,24.11661148071289,127027.0
2024-03-25,20.09445571899414,24.221967697143555,11.484512329101562,6.521080017089844,23.037555694580078,2.782475709915161,34.905120849609375,10.670454978942871,24.950082778930664,24.151050567626953,126931.0
2024-03-26,20.193771362304688,24.352590560913086,11.649285316467285,6.536247253417969,21.855907440185547,2.758962392807007,35.25492858886719,10.528076171875,25.44582748413086,24.21993064880371,126863.0
2024-03-27,20.673786163330078,24.370010375976562,11.830533981323242,6.551413059234619,22.002466201782227,2.743286371231079,35.07529067993164,10.710002899169922,25.58641242980957,24.45240020751953,127691.0
2024-03-28,20.05307388305664,24.653026580810547,11.748147010803223,6.558994770050049,21.984146118164062,2.696258544921875,34.441856384277344,10.55971622467041,25.63080596923828,24.555721282958984,128106.0
2024-04-01,21.037935256958008,24.417905807495117,11.641043663024902,6.521080017089844,22.634511947631836,2.6727445125579834,33.57206726074219,10.417338371276855,24.755512237548828,24.237150192260742,126990.0
2024-04-02,20.756547927856445,24.457088470458984,11.706195831298828,6.614436626434326,21.984146118164062,2.7197725772857666,33.543704986572266,10.409427642822266,24.785127639770508,24.237150192260742,127549.0
2024-04-03,20.334463119506836,24.552879333496094,11.937183380126953,6.758889675140381,21.700185775756836,2.7197725772857666,33.53425216674805,10.456888198852539,24.600055694580078,24.12521743774414,127318.0
2024-04-04,20.326187133789062,24.718338012695312,12.011430740356445,6.713274955749512,21.800945281982422,2.6805827617645264,33.8367805480957,10.615086555480957,24.27432632446289,24.719310760498047,127428.0
2024-04-05,20.243425369262695,24.82283592224121,11.978432655334473,6.72847843170166,21.526145935058594,2.688420295715332,33.468074798583984,10.57553482055664,24.229907989501953,24.1768798828125,126795.0
2024-04-08,20.276531219482422,25.210355758666992,12.060928344726562,6.850125312805176,20.985698699951172,2.7119343280792236,34.33786392211914,10.654634475708008,24.592647552490234,24.314638137817383,128857.0
2024-04-09,20.591022491455078,25.4237060546875,12.135173797607422,6.865329265594482,21.00402069091797,2.7354485988616943,34.34731674194336,10.630905151367188,24.851755142211914,24.349077224731445,129890.0
2024-04-10,20.144113540649414,25.07972526550293,11.879438400268555,6.72847843170166,21.068138122558594,2.7040963172912598,33.089900970458984,10.551806449890137,24.326143264770508,23.393373489379883,128054.0
2024-04-11,20.11100959777832,25.140687942504883,11.871187210083008,6.736081600189209,20.976539611816406,2.688420295715332,32.8251838684082,10.543895721435547,24.28172492980957,23.548349380493164,127396.0
2024-04-12,19.7965145111084,24.814128875732422,11.722696304321289,6.789300441741943,20.793338775634766,2.6178781986236572,32.428096771240234,10.369878768920898,24.030025482177734,23.290048599243164,125946.0
2024-04-15,19.506851196289062,24.583356857299805,11.549454689025879,6.819713115692139,20.829980850219727,2.641392469406128,31.804122924804688,10.0772123336792,23.622861862182617,23.203950881958008,125334.0
2024-04-16,19.25856590270996,24.304697036743164,11.466958045959473,6.720875263214111,21.058982849121094,2.5630128383636475,31.48267936706543,9.974382400512695,23.445192337036133,23.005918502807617,124389.0
2024-04-17,18.728893280029297,24.356945037841797,11.409209251403809,6.667656898498535,20.976539611816406,2.5630128383636475,30.95323944091797,9.824094772338867,23.459997177124023,22.98870086669922,124171.0
2024-04-18,18.455780029296875,24.322114944458008,11.359711647033691,6.698067665100098,20.50937843322754,2.586527109146118,30.75469970703125,9.760817527770996,23.489606857299805,22.842329025268555,124196.0
2024-04-19,18.993732452392578,24.130535125732422,11.25246524810791,6.690465927124023,20.518535614013672,2.6257166862487793,30.839786529541016,9.808273315429688,23.35635757446289,23.47085952758789,125124.0
2024-04-22,19.159252166748047,23.85186767578125,11.202969551086426,6.70566987991333,21.159740447998047,2.727609872817993,31.501583099365234,9.942745208740234,23.341548919677734,23.42051887512207,125573.0
2024-04-23,19.40753936767578,24.03474235534668,11.277215003967285,6.698067665100098,20.600975036621094,2.6093995571136475,30.962692260742188,9.926924705505371,23.689485549926758,23.743867874145508,125148.0
2024-04-24,19.09304428100586,23.947660446166992,11.277215003967285,6.698067665100098,20.518535614013672,2.5692555904388428,30.962692260742188,9.966473579406738,23.585844039916992,23.770082473754883,124741.0
2024-04-25,18.89441680908203,23.843156814575195,11.268963813781738,6.660053253173828,19.69413185119629,2.5612261295318604,30.820877075195312,9.760817527770996,23.452594757080078,23.193307876586914,124646.0
2024-04-26,19.09304428100586,23.843156814575195,11.450457572937012,6.644847869873047,20.014734268188477,2.6013708114624023,32.239013671875,9.760817527770996,23.84494972229004,23.988557815551758,126526.0
2024-04-29,19.06821632385254,23.99119758605957,11.598952293395996,6.9489593505859375,20.133813858032227,2.633486270904541,32.087745666503906,10.021842956542969,23.659879684448242,24.582807540893555,127352.0
2024-04-30,19.159252166748047,23.87799072265625,11.549454689025879,7.0630035400390625,21.022340774536133,2.625457525253296,31.577219009399414,9.966473579406738,23.215700149536133,25.255712509155273,125924.0
2024-05-02,18.61302947998047,24.130535125732422,11.417457580566406,7.36711311340332,21.480344772338867,2.633486270904541,32.305198669433594,10.121500015258789,23.554689407348633,25.88492202758789,127122.0
2024-05-03,18.77855110168457,24.57465171813965,11.38356876373291,7.146798610687256,23.816158294677734,2.6896886825561523,33.392433166503906,10.089394569396973,23.850971221923828,25.867443084716797,128509.0
2024-05-06,18.720619201660156,24.7139835357666,11.3753080368042,6.975894451141357,23.916919708251953,2.6896886825561523,33.231712341308594,9.752278327941895,23.999113082885742,25.867443084716797,128466.0
2024-05-07,18.944074630737305,24.63560676574707,11.3753080368042,7.0225043296813965,27.480182647705078,2.6977179050445557,33.392433166503906,9.029889106750488,24.495391845703125,25.78005027770996,129210.0
2024-05-08,18.853036880493164,24.7139835357666,11.400092124938965,7.0225043296813965,27.571786880493164,2.6896886825561523,32.721187591552734,9.102128028869629,24.650941848754883,25.5703182220459,129481.0
2024-05-09,18.33163833618164,23.6341609954834,11.110957145690918,6.975894451141357,26.243576049804688,2.6415152549743652,31.3975887298584,8.98172664642334,23.910232543945312,25.054716110229492,128188.0
2024-05-10,18.133014678955078,24.05215835571289,11.04487133026123,6.991430759429932,25.877174377441406,2.6013708114624023,31.6906681060791,8.941596984863281,24.184289932250977,24.906152725219727,127600.0
2024-05-13,18.54681968688965,24.235029220581055,11.094435691833496,6.991430759429932,25.977933883666992,2.6415152549743652,32.21065139770508,8.700799942016602,24.48057746887207,24.958585739135742,128155.0
2024-05-14,18.538541793823242,24.391782760620117,11.086176872253418,6.929285049438477,24.631404876708984,2.6495444774627686,32.79682159423828,8.668693542480469,24.74724006652832,25.03723907470703,128515.0
2024-05-15,18.50543785095215,24.07828140258789,10.97878360748291,6.960357189178467,23.733718872070312,2.6896886825561523,33.515342712402344,9.078047752380371,24.680572509765625,24.521636962890625,128028.0
2024-05-16,18.36474609375,24.10441017150879,11.036609649658203,6.991430759429932,24.072641372680664,2.6977179050445557,33.676063537597656,9.383056640625,24.606508255004883,24.512897491455078,128284.0
2024-05-17,18.248876571655273,24.113115310668945,11.094435691833496,7.045808792114258,24.127601623535156,2.713775873184204,33.13717269897461,9.286738395690918,24.61390495300293,24.20703125,128151.0
2024-05-20,18.34819221496582,24.313405990600586,11.01182746887207,7.038040637969971,24.27416229248047,2.7860360145568848,32.56045913696289,9.254631042480469,24.53982925415039,24.338117599487305,127751.0
2024-05-21,18.480609893798828,24.29598617553711,11.06965160369873,7.045808792114258,24.384084701538086,2.761949062347412,32.24847412109375,9.391082763671875,24.41391372680664,24.539113998413086,127412.0
2024-05-22,17.96748924255371,23.947660446166992,10.82182788848877,7.0225043296813965,24.36576271057129,2.665601968765259,31.30304527282715,9.222526550292969,24.036148071289062,24.574068069458008,125650.0
2024-05-23,17.810243606567383,23.459997177124023,10.640087127685547,7.014735698699951,25.73977279663086,2.6495444774627686,30.764156341552734,9.070022583007812,23.82134437561035,24.600284576416016,124729.0
2024-05-24,17.99231719970703,23.581911087036133,10.714430809020996,7.0225043296813965,24.448205947875977,2.6495444774627686,30.348167419433594,8.957649230957031,23.591724395751953,24.512897491455078,124306.0
2024-05-27,18.290258407592773,23.869285583496094,10.681389808654785,7.014735698699951,24.64056396484375,2.6977179050445557,30.471071243286133,9.061993598937988,23.510242462158203,24.145856857299805,124496.0
2024-05-28,18.199222564697266,23.790912628173828,10.673130989074707,6.921515941619873,24.008520126342773,2.7057464122772217,30.480525970458984,8.989755630493164,23.384321212768555,24.416770935058594,123780.0
2024-05-29,18.008869171142578,23.790912628173828,10.5657377243042,6.960357189178467,24.36576271057129,2.721804618835449,30.18744468688965,8.917515754699707,23.221363067626953,24.215770721435547,122707.0
2024-05-31,17.86817741394043,23.616744995117188,10.466605186462402,6.9991984367370605,24.631404876708984,2.6977179050445557,29.865999221801758,8.740933418273926,22.984333038330078,24.2507266998291,122098.0
2024-06-03,17.777137756347656,23.642868041992188,10.532694816589355,6.7816853523254395,24.090959548950195,2.6816599369049072,30.783063888549805,9.182392120361328,23.308696746826172,24.34685707092285,122032.0
2024-06-04,17.578510284423828,23.712533950805664,10.631124496459961,6.698186874389648,23.733718872070312,2.713775873184204,30.50889015197754,9.078047752380371,23.390216827392578,23.770082473754883,121802.0
2024-06-05,17.462644577026367,23.764785766601562,10.573212623596191,6.78386116027832,23.825319290161133,2.6896886825561523,30.71688461303711,8.933568954467773,23.345748901367188,23.437999725341797,121407.0
2024-06-06,17.810243606567383,24.07828140258789,10.796587944030762,6.776072025299072,24.823766708374023,2.6896886825561523,31.48267936706543,8.909490585327148,23.6422061920166,24.128381729125977,122899.0
2024-06-07,17.41299057006836,23.668994903564453,10.713855743408203,6.846169948577881,25.281768798828125,2.6174285411834717,30.896514892578125,8.813169479370117,23.308696746826172,23.839994430541992,120767.0
2024-06-10,17.17298126220703,23.69511604309082,10.639396667480469,6.853958606719971,25.556570053100586,2.5933420658111572,29.875455856323242,8.75698471069336,23.1234130859375,23.595304489135742,120760.0
2024-06-11,17.363332748413086,23.95636749267578,10.697310447692871,6.877324104309082,25.48328971862793,2.6013708114624023,30.471071243286133,8.909490585327148,23.382808685302734,23.673954010009766,121635.0
2024-06-12,17.28884506225586,23.502910614013672,10.498750686645508,6.9629998207092285,24.42072296142578,2.5210814476013184,29.960542678833008,8.805145263671875,23.345748901367188,23.630260467529297,119936.0
2024-06-13,17.23919105529785,23.662311553955078,10.5070219039917,6.931844711303711,24.164241790771484,2.5130527019500732,30.140172958374023,8.773038864135742,23.101177215576172,23.595304489135742,119568.0
2024-06-14,17.346778869628906,23.603628158569336,10.614575386047363,6.853958606719971,24.18256187438965,2.5612261295318604,30.159080505371094,8.829222679138184,23.078941345214844,23.66521453857422,119662.0
2024-06-17,17.272296905517578,23.603628158569336,10.730399131774902,6.78386116027832,24.01767921447754,2.5210814476013184,29.941631317138672,8.782355308532715,23.6422061920166,24.00603485107422,119138.0
2024-06-18,17.21436309814453,23.27344512939453,10.56405258178711,6.78386116027832,24.18256187438965,2.464879035949707,30.196897506713867,8.847288131713867,23.62738800048828,24.110904693603516,119630.0
2024-06-19,17.230913162231445,23.442996978759766,10.615248680114746,6.768285274505615,23.770360946655273,2.456850290298462,30.48998260498047,8.952808380126953,23.812667846679688,24.13711929321289,120261.0
2024-06-20,17.388160705566406,23.550085067749023,10.589653968811035,6.768285274505615,23.632959365844727,2.4809370040893555,30.0929012298584,9.033975601196289,23.649620056152344,24.110904693603516,120446.0
2024-06-21,17.321950912475586,23.74641227722168,10.581120491027832,6.79164981842041,23.99936294555664,2.4889657497406006,30.707427978515625,8.920340538024902,23.814708709716797,24.067211151123047,121341.0
2024-06-24,17.893007278442383,23.924888610839844,10.615248680114746,6.8617472648620605,25.00696563720703,2.585312604904175,31.085599899291992,9.09079360961914,24.1583309173584,24.46920394897461,122637.0
2024-06-25,18.430953979492188,23.996274948120117,10.529918670654297,6.853958606719971,24.210041046142578,2.633486270904541,30.943784713745117,9.09079360961914,24.233036041259766,24.34685707092285,122331.0
2024-06-26,18.03369903564453,23.835647583007812,10.555519104003906,7.009730339050293,24.548961639404297,2.5692555904388428,30.66960906982422,9.06644344329834,24.188209533691406,24.032255172729492,122641.0
2024-06-27,18.43922996520996,23.826723098754883,10.598182678222656,7.05646276473999,25.419170379638672,2.585312604904175,30.43325424194336,9.245012283325195,24.233036041259766,24.338117599487305,124308.0
2024-06-28,18.323360443115234,23.835647583007812,10.56405258178711,7.058185577392578,25.32756996154785,2.753920555114746,29.223108291625977,9.212545394897461,24.21061897277832,23.997297286987305,123907.0
2024-07-01,18.112762451171875,23.523313522338867,10.470189094543457,7.199821472167969,25.877174377441406,2.6977179050445557,29.497282028198242,9.212545394897461,24.09675407409668,23.9099063873291,124718.0
2024-07-02,18.335739135742188,23.603628158569336,10.45221996307373,7.0994744300842285,26.564176559448242,2.7057464122772217,29.601280212402344,9.220660209655762,24.41067123413086,23.96234130859375,124787.0
2024-07-03,18.35289192199707,23.835647583007812,10.486405372619629,7.107361793518066,25.85885238647461,2.7298333644866943,30.527799606323242,9.261245727539062,24.560152053833008,24.102163314819336,125662.0
2024-07-04,18.95322036743164,23.960582733154297,10.529134750366211,7.257243633270264,26.197776794433594,2.794064998626709,31.003374099731445,9.496630668640137,24.597518920898438,24.102163314819336,126164.0
2024-07-05,19.27911376953125,23.853496551513672,10.648788452148438,7.217799663543701,25.932132720947266,2.802093744277954,31.185291290283203,9.358646392822266,24.612470626831055,23.691429138183594,126267.0
2024-07-08,19.442058563232422,23.46084976196289,10.648788452148438,7.138916969299316,26.01457405090332,2.8502676486968994,31.0129451751709,9.72390079498291,24.567625045776367,23.193307876586914,126548.0
2024-07-09,19.287689208984375,23.380529403686523,10.648788452148438,7.107361793518066,27.113784790039062,2.8502676486968994,30.620376586914062,9.61026668548584,24.739532470703125,23.368087768554688,127108.0
2024-07-10,19.296266555786133,23.74641227722168,10.828263282775879,7.091586589813232,26.976381301879883,2.8582959175109863,30.36185646057129,9.496630668640137,25.00113296508789,24.215770721435547,127218.0
2024-07-11,19.682191848754883,23.630399703979492,10.828263282775879,7.131028175354004,27.461862564086914,2.8582959175109863,30.448030471801758,9.683319091796875,25.150611877441406,25.002281188964844,128294.0
2024-07-12,19.896595001220703,23.942733764648438,10.802619934082031,7.15469217300415,27.159582138061523,2.874354124069214,31.137418746948242,9.577800750732422,25.00860595703125,24.827499389648438,128897.0
2024-07-15,19.948049545288086,24.049819946289062,10.776979446411133,7.162581443786621,27.077138900756836,2.9305570125579834,30.802297592163086,9.61026668548584,25.10576820373535,24.76633071899414,129321.0
2024-07-16,19.690765380859375,24.130138397216797,10.811165809631348,7.15469217300415,26.91225814819336,3.010845899581909,30.68739891052246,9.667082786560059,25.255250930786133,25.15084457397461,129110.0
2024-07-17,19.690765380859375,24.371078491210938,10.939363479614258,7.170467853546143,27.296981811523438,2.9787302017211914,31.099119186401367,9.71578598022461,25.531795501708984,25.40427589416504,129450.0
2024-07-18,19.373449325561523,24.263994216918945,10.73425006866455,7.0994744300842285,27.89238739013672,2.9305570125579834,30.333131790161133,9.569682121276855,25.41221046447754,25.281930923461914,127652.0
2024-07-19,19.373449325561523,24.19260597229004,10.674423217773438,7.1152520179748535,28.396188735961914,2.9947876930236816,30.40015411376953,9.496630668640137,25.60653305053711,25.44797134399414,127616.0
2024-07-22,19.870864868164062,24.21937370300293,10.794075965881348,7.138916969299316,28.469472885131836,2.9867587089538574,30.783151626586914,9.496630668640137,25.591585159301758,25.432466506958008,127860.0
2024-07-23,19.990928649902344,24.07659149169922,10.717158317565918,7.17835807800293,28.075586318969727,2.915128231048584,30.831022262573242,9.464163780212402,25.554224014282227,25.086862564086914,126590.0
2024-07-24,19.613582611083984,23.978429794311523,10.725701332092285,7.146803855895996,29.22975730895996,2.84122371673584,30.610801696777344,9.407346725463867,25.516841888427734,25.175479888916016,126423.0
2024-07-25,19.133317947387695,23.996274948120117,10.554776191711426,6.981150150299072,31.244972229003906,2.8576467037200928,30.696977615356445,9.123259544372559,25.404733657836914,24.564037322998047,125954.0
2024-07-26,19.176198959350586,24.201528549194336,10.640238761901855,7.04425573348999,30.915205001831055,2.8576467037200928,31.194868087768555,9.301828384399414,25.591585159301758,25.007110595703125,127492.0
2024-07-29,19.19335174560547,24.237226486206055,10.68297004699707,7.036369800567627,32.509063720703125,2.84122371673584,30.92677116394043,9.220660209655762,25.778444290161133,25.290679931640625,126954.0
2024-07-30,19.064708709716797,24.049819946289062,10.59750747680664,7.02847957611084,30.58890151977539,2.874070167541504,30.68739891052246,9.261245727539062,25.681283950805664,25.49449348449707,126139.0
2024-07-31,18.884611129760742,23.6928653717041,10.623146057128906,7.1152520179748535,29.53215980529785,2.882281541824341,31.223594665527344,9.285594940185547,25.322513580322266,25.388154983520508,127652.0
2024-08-01,19.3648738861084,23.532236099243164,10.759886741638184,7.091586589813232,30.286975860595703,2.882281541824341,31.376789093017578,9.123259544372559,24.954336166381836,25.840091705322266,127395.0
2024-08-02,19.51066780090332,23.344837188720703,10.827484130859375,7.077976703643799,32.174015045166016,2.84122371673584,31.348064422607422,9.09079360961914,24.640256881713867,25.0336971282959,125854.0
2024-08-05,19.01325225830078,23.380529403686523,11.649174690246582,6.983076095581055,32.03248977661133,2.8001654148101807,30.438453674316406,9.09079360961914,24.640256881713867,25.104589462280273,125270.0
2024-08-06,18.95322036743164,23.782106399536133,12.034346580505371,7.038435459136963,33.400596618652344,2.8165886402130127,30.907621383666992,9.074560165405273,25.186155319213867,25.157758712768555,126267.0
2024-08-07,18.79027557373047,23.46976661682129,12.06002140045166,7.109610080718994,34.45733642578125,2.84122371673584,32.123626708984375,9.236895561218262,25.25345802307129,24.962804794311523,127514.0
2024-08-08,19.02182960510254,23.371610641479492,12.196972846984863,7.0937933921813965,33.49494934082031,2.874070167541504,32.93749237060547,9.334296226501465,25.163721084594727,25.06028175354004,128661.0
2024-08-09,19.836559295654297,23.6928653717041,12.496545791625977,7.030527591705322,34.53281021118164,2.915128231048584,33.05238723754883,9.3667631149292,25.844228744506836,25.405879974365234,130615.0
2024-08-12,19.38202667236328,24.201528549194336,12.582136154174805,7.0937933921813965,34.30636978149414,2.882281541824341,33.569435119628906,9.545332908630371,25.88161277770996,25.662858963012695,131116.0
2024-08-13,19.3305721282959,24.51386260986328,12.736205101013184,7.070068359375,33.77800369262695,2.9972448348999023,34.08647155761719,9.634617805480957,26.614463806152344,25.96415138244629,132398.0
2024-08-14,19.459211349487305,24.924360275268555,12.8474760055542,7.062160491943359,35.01401138305664,2.9972448348999023,33.51198196411133,10.03233814239502,27.27253532409668,26.619903564453125,133318.0
2024-08-15,19.32199478149414,25.120685577392578,12.975863456726074,7.1017022132873535,34.636600494384766,3.0383026599884033,34.651390075683594,10.081039428710938,27.706260681152344,26.611042022705078,134153.0
2024-08-16,19.32199478149414,25.3170108795166,12.813238143920898,7.141244411468506,34.570556640625,3.0218794345855713,34.53649139404297,9.878120422363281,27.474451065063477,26.797134399414062,133953.0
2024-08-19,20.162452697753906,25.99522590637207,13.386711120605469,7.180785655975342,34.627166748046875,3.0465140342712402,34.76628494262695,10.210907936096191,27.638965606689453,27.249069213867188,135778.0
2024-08-20,20.60841178894043,26.111234664916992,13.438064575195312,7.109610080718994,35.25932693481445,3.0383026599884033,34.900333404541016,10.07292366027832,27.840877532958984,27.532634735107422,136087.0
2024-08-21,20.145299911499023,25.99522590637207,13.37814998626709,7.164968013763428,35.99527359008789,3.0793607234954834,35.18758010864258,10.04045581817627,27.72870635986328,27.532634735107422,136464.0
2024-08-22,20.110998153686523,25.409788131713867,13.284000396728516,7.125426292419434,35.52351379394531,3.0547261238098145,34.574790954589844,10.04045581817627,27.474451065063477,27.444021224975586,135173.0
2024-08-23,20.19675636291504,25.600296020507812,13.403828620910645,7.1491522789001465,36.6651725769043,3.1122071743011475,34.804588317871094,10.219024658203125,27.265066146850586,27.727588653564453,135608.0
2024-08-26,20.29966926574707,25.70008087158203,13.361035346984863,7.141244411468506,36.71234893798828,3.243593454360962,34.74713897705078,10.259610176086426,27.324878692626953,27.718727111816406,136889.0
2024-08-27,19.75079917907715,25.409788131713867,13.198408126831055,7.117518424987793,37.22184753417969,3.194323778152466,34.49818801879883,10.202792167663574,27.35479736328125,27.630111694335938,136776.0
2024-08-28,20.068115234375,25.564006805419922,13.41238784790039,7.117518424987793,37.44828796386719,3.177900552749634,34.81415939331055,10.210907936096191,27.945571899414062,27.93140411376953,137344.0
2024-08-29,19.870864868164062,25.672863006591797,13.37814998626709,7.117518424987793,36.325504302978516,3.1450538635253906,34.04817581176758,10.186558723449707,27.638965606689453,27.86937141418457,136041.0
2024-08-30,19.93947410583496,25.509578704833984,13.386711120605469,7.133335590362549,36.797264099121094,3.1122071743011475,34.04817581176758,10.194673538208008,27.444538116455078,27.825063705444336,136004.0
2024-09-02,20.15387725830078,25.78172492980957,13.352473258972168,7.133335590362549,37.22184753417969,3.1204187870025635,33.799224853515625,10.551813125610352,27.225807189941406,27.825063705444336,134981.0
2024-09-03,20.068115234375,26.017589569091797,13.497279167175293,7.111763000488281,37.363372802734375,3.1204187870025635,33.89497756958008,10.340776443481445,27.667224884033203,27.878232955932617,134353.0
2024-09-04,20.102420806884766,26.298810958862305,13.600115776062012,7.143476486206055,36.95766067504883,3.177900552749634,33.97157669067383,10.430061340332031,27.86174964904785,28.15294075012207,136111.0
2024-09-05,20.273941040039062,26.534677505493164,13.720090866088867,7.1514058113098145,37.06144332885742,3.18611216545105,34.067325592041016,10.430061340332031,28.041311264038086,27.993432998657227,136502.0
2024-09-06,19.733646392822266,26.099233627319336,13.454427719116211,7.167262077331543,36.967098236083984,3.1532652378082275,33.502410888671875,10.28395938873291,27.644786834716797,27.701004028320312,134572.0
2024-09-09,19.862289428710938,26.42581558227539,13.497279167175293,7.317901134490967,38.66543197631836,3.194323778152466,34.076900482177734,10.194673538208008,27.914125442504883,27.727588653564453,134737.0
2024-09-10,20.050962448120117,26.035736083984375,13.540127754211426,7.12761926651001,37.787960052490234,3.1614768505096436,33.799224853515625,10.275843620300293,27.914125442504883,27.674415588378906,134320.0
2024-09-11,19.79368019104004,26.044801712036133,13.385873794555664,7.119691371917725,38.401248931884766,3.1286306381225586,33.13856887817383,10.29207706451416,27.966493606567383,27.426298141479492,134677.0
2024-09-12,19.759376525878906,25.776901245117188,13.325884819030762,7.0641937255859375,38.21254348754883,3.177900552749634,32.61194610595703,10.137857437133789,27.659740447998047,27.160451889038086,134029.0
2024-09-13,20.15387725830078,25.95039176940918,13.325884819030762,7.12761926651001,39.533470153808594,3.210747003555298,33.416236877441406,10.106918334960938,27.689678192138672,27.266788482666016,134882.0
2024-09-16,19.98235321044922,26.087358474731445,13.223048210144043,7.12761926651001,39.13719177246094,3.22717022895813,33.78965377807617,10.090526580810547,27.682193756103516,27.142730712890625,135118.0
2024-09-17,19.888017654418945,25.92300033569336,13.13735294342041,7.12761926651001,38.68429946899414,3.2025351524353027,33.760929107666016,9.934782981872559,27.614858627319336,27.169315338134766,134960.0
2024-09-18,19.767948150634766,25.795166015625,13.060221672058105,7.12761926651001,39.618385314941406,3.2025351524353027,33.71305465698242,9.918388366699219,27.457744598388672,26.938915252685547,133748.0
2024-09-19,19.622156143188477,25.484710693359375,12.88025951385498,7.0959062576293945,39.439117431640625,3.2025351524353027,33.23431396484375,9.787237167358398,27.38292121887207,26.74396324157715,133123.0
2024-09-20,19.42490577697754,25.110336303710938,12.64030933380127,7.056264400482178,39.21267318725586,3.1696887016296387,31.91298484802246,9.61509895324707,27.083654403686523,26.16796875,131065.0
2024-09-23,18.95322036743164,25.019025802612305,12.31466007232666,7.072121620178223,39.06171417236328,3.1450538635253906,31.39594268798828,9.434765815734863,26.92535972595215,25.600831985473633,130568.0
2024-09-24,18.867460250854492,25.000761032104492,12.297521591186523,7.111763000488281,39.608951568603516,3.1286306381225586,31.309768676757812,9.483945846557617,26.917818069458008,25.74261474609375,132156.0
2024-09-25,18.901763916015625,24.927717208862305,12.37464714050293,7.087977886199951,39.4013786315918,3.1039960384368896,31.453388214111328,9.426567077636719,27.257030487060547,25.769203186035156,131586.0
2024-09-26,18.901763916015625,25.092073440551758,12.691728591918945,7.0959062576293945,39.14662551879883,3.1122071743011475,31.759780883789062,9.442961692810059,27.603769302368164,25.618555068969727,133010.0
2024-09-27,18.730239868164062,24.882062911987305,12.803133010864258,7.0959062576293945,37.92948913574219,3.1039960384368896,32.65024185180664,9.426567077636719,27.709306716918945,25.41473960876465,132730.0
2024-09-30,18.687360763549805,24.818145751953125,12.597458839416504,7.1038336753845215,36.910484313964844,3.1122071743011475,31.85553741455078,9.483945846557617,27.219337463378906,25.157758712768555,131816.0
2024-10-01,18.704511642456055,24.726835250854492,12.760354042053223,7.135548114776611,35.429161071777344,3.292863368988037,31.510839462280273,9.36918830871582,26.77260971069336,25.30840301513672,132495.0
2024-10-02,18.67878532409668,24.790748596191406,13.220440864562988,7.0980224609375,37.080318450927734,3.325709819793701,31.070396423339844,9.401975631713867,26.938528060913086,25.78692626953125,133515.0
2024-10-03,18.361467361450195,24.562477111816406,13.081277847290039,7.074177265167236,36.702911376953125,3.243593454360962,30.917200088500977,9.328203201293945,26.27486801147461,25.19320297241211,131672.0
2024-10-04,18.481531143188477,24.525951385498047,13.098670959472656,7.1377668380737305,36.71234893798828,3.366767644882202,31.118268966674805,9.270824432373047,26.327661514282227,25.388154983520508,131792.0
2024-10-07,18.327165603637695,24.644657135009766,13.220440864562988,7.11392068862915,37.22184753417969,3.3749794960021973,31.003374099731445,9.221641540527344,26.501113891601562,25.441322326660156,132018.0
2024-10-08,18.258556365966797,24.635522842407227,13.237835884094238,7.058280944824219,36.93879699707031,3.3749794960021973,31.223594665527344,9.156065940856934,26.65949249267578,25.41473960876465,131512.0
2024-10-09,17.752565383911133,24.133317947387695,12.976906776428223,7.042383670806885,36.77839279174805,3.333921194076538,31.041667938232422,9.098689079284668,26.169282913208008,25.175479888916016,129962.0
2024-10-10,18.027000427246094,23.923303604125977,13.046486854553223,7.034434795379639,36.882179260253906,3.3914029598236084,30.62995147705078,9.164264678955078,26.312576293945312,25.343849182128906,130353.0
2024-10-11,18.198518753051758,24.04200553894043,12.872532844543457,7.026486873626709,37.344505310058594,3.4817306995391846,30.783151626586914,9.131476402282715,26.116493225097656,25.326128005981445,129992.0
2024-10-14,18.147064208984375,24.215496063232422,13.063880920410156,7.026486873626709,37.26902389526367,3.572058916091919,31.23316764831543,9.246232986450195,26.28241729736328,25.618555068969727,131005.0
2024-10-15,18.0527286529541,24.169841766357422,13.17695140838623,7.018537998199463,33.966705322265625,3.6541748046875,31.6927547454834,9.295415878295898,26.584070205688477,25.6451416015625,131043.0
2024-10-16,18.087034225463867,24.434640884399414,13.133463859558105,7.026486873626709,36.608558654785156,3.662386655807495,31.807659149169922,9.262627601623535,26.425695419311523,25.733753204345703,131750.0
2024-10-17,18.129911422729492,24.398115158081055,13.220440864562988,7.026486873626709,37.74078369140625,3.670597791671753,31.778934478759766,9.254429817199707,26.478492736816406,25.600831985473633,130793.0
2024-10-18,18.26712989807129,24.370723724365234,13.324812889099121,7.002641677856445,37.193538665771484,3.7855610847473145,31.721485137939453,9.082292556762695,26.60669708251953,25.737855911254883,130499.0
2024-10-21,18.31001091003418,24.306808471679688,13.290019989013672,7.010589599609375,36.8916130065918,3.514577627182007,31.357641220092773,9.106882095336914,26.470945358276367,25.603055953979492,130362.0
2024-10-22,18.301437377929688,24.01461410522461,13.203044891357422,6.986745834350586,35.5706901550293,3.5085220336914062,30.95549964904785,9.09048843383789,26.516197204589844,25.333457946777344,129721.0
2024-10-23,18.4558048248291,24.04200553894043,13.150856971740723,7.002641677856445,36.2122802734375,3.449907064437866,30.898048400878906,9.123278617858887,26.682113647460938,25.647991180419922,129233.0
2024-10-24,18.35289192199707,24.069400787353516,13.17695140838623,6.954951286315918,37.39168167114258,3.4750277996063232,31.223594665527344,9.098689079284668,26.923444747924805,25.728866577148438,130067.0
2024-10-25,18.31001091003418,24.078529357910156,12.985601425170898,7.010589599609375,38.75034713745117,3.4247868061065674,31.185291290283203,9.09048843383789,26.621780395507812,25.665964126586914,129893.0
2024-10-28,18.241403579711914,24.032875061035156,13.220440864562988,6.93110466003418,38.3068962097168,3.3829190731048584,31.86510467529297,9.197052001953125,26.946069717407227,25.944551467895508,131213.0
2024-10-29,18.06987953186035,23.895912170410156,13.029090881347656,6.859567642211914,37.0520133972168,3.3912925720214844,31.5587100982666,9.18885326385498,26.65949249267578,24.614521026611328,130730.0
2024-10-30,18.112762451171875,24.078529357910156,13.072579383850098,6.883413314819336,39.882572174072266,3.4247868061065674,31.261892318725586,9.213444709777832,26.584070205688477,25.117778778076172,130639.0
2024-10-31,17.941238403320312,24.04200553894043,12.498534202575684,6.939052581787109,40.090152740478516,3.366171360015869,31.137418746948242,9.221641540527344,26.410615921020508,24.44377326965332,129713.0
2024-11-01,17.726835250854492,23.82286262512207,12.272394180297852,6.89931058883667,41.39220428466797,3.3326773643493652,30.342708587646484,9.180657386779785,26.26547622680664,24.084306716918945,128121.0
2024-11-04,17.92408561706543,23.959829330444336,12.288921356201172,6.853718280792236,40.17506790161133,3.3577983379364014,31.6927547454834,9.254429817199707,26.620115280151367,24.11126708984375,130515.0
2024-11-05,17.98411750793457,23.968955993652344,12.132150650024414,6.853718280792236,40.3920783996582,3.3829190731048584,31.759780883789062,9.28721809387207,27.41992950439453,24.147214889526367,130661.0
2024-11-06,17.92408561706543,24.01461410522461,12.027641296386719,6.853718280792236,38.14649963378906,3.4164133071899414,31.86510467529297,9.229839324951172,27.29165267944336,24.35390853881836,130341.0
2024-11-07,17.632495880126953,23.914173126220703,11.896998405456543,6.774024486541748,37.1463623046875,3.3912925720214844,31.664033889770508,9.156065940856934,26.89175033569336,24.273027420043945,129682.0
2024-11-08,17.64107322692871,23.731550216674805,11.766358375549316,6.766054630279541,36.5047721862793,3.366171360015869,31.118268966674805,9.17245864868164,26.469209671020508,23.976465225219727,127830.0
2024-11-11,17.64107322692871,23.749814987182617,11.72281265258789,6.750116348266602,34.721519470214844,3.3577983379364014,32.171504974365234,9.082292556762695,26.499391555786133,23.69788360595703,127874.0
2024-11-12,17.4523983001709,23.69502830505371,11.661844253540039,6.734177112579346,37.73134994506836,3.341050863265991,32.4587516784668,9.164264678955078,26.182477951049805,23.491186141967773,127698.0
2024-11-13,17.675378799438477,23.69502830505371,11.740228652954102,6.694329261779785,36.608558654785156,3.341050863265991,32.51620101928711,8.869172096252441,26.04666519165039,23.365375518798828,127734.0
2024-11-14,17.76971435546875,23.165428161621094,11.783777236938477,6.734177112579346,35.25932693481445,3.349424362182617,32.698116302490234,8.688835144042969,25.971214294433594,23.077800750732422,127792.0
2024-11-18,17.804019927978516,23.47588348388672,11.949254989624023,6.678390979766846,37.83513641357422,3.3745455741882324,32.70769500732422,9.033110618591309,25.88066291809082,22.799213409423828,127768.0
2024-11-19,17.898359298706055,23.603713989257812,12.03635025024414,6.678390979766846,37.28789520263672,3.3577983379364014,32.67897415161133,8.934746742248535,26.114574432373047,22.790225982666016,128197.0
2024-11-21,17.460975646972656,23.064985275268555,11.99280071258545,6.702298641204834,37.02370834350586,3.349424362182617,31.778934478759766,8.869172096252441,25.661849975585938,22.7542781829834,126922.0
2024-11-22,17.915508270263672,23.375442504882812,12.018933296203613,6.6305742263793945,38.448421478271484,3.3577983379364014,31.884258270263672,8.934746742248535,25.737302780151367,23.5810546875,129126.0
2024-11-25,17.915508270263672,23.512407302856445,11.844742774963379,6.662450313568115,37.85400390625,3.366171360015869,31.702333450317383,8.99212646484375,25.729759216308594,23.760786056518555,129036.0
2024-11-26,18.18136978149414,23.88770866394043,11.923129081726074,6.845747947692871,38.731475830078125,3.5085220336914062,32.38214874267578,8.910155296325684,26.2202091217041,23.877613067626953,129922.0
2024-11-27,17.898359298706055,23.468952178955078,11.600881576538086,6.917474269866943,38.495601654052734,3.3996658325195312,30.68739891052246,8.94294261932373,25.578853607177734,23.077800750732422,127669.0
2024-11-28,17.40951919555664,22.780330657958984,11.113155364990234,6.861687660217285,37.12749481201172,3.3075568675994873,29.586292266845703,8.852775573730469,24.658308029174805,22.3768367767334,124610.0
2024-11-29,17.349485397338867,23.05019760131836,10.999934196472168,6.921867847442627,37.457725524902344,3.3912925720214844,28.992652893066406,8.918353080749512,24.597951889038086,22.403797149658203,125668.0
2024-12-02,17.323759078979492,22.86408042907715,10.764782905578613,6.873405456542969,35.627296447753906,3.4164133071899414,28.734128952026367,8.695728302001953,24.248899459838867,22.197105407714844,125236.0
2024-12-03,17.460975646972656,23.14325523376465,10.728999137878418,6.835173606872559,36.061317443847656,3.3745455741882324,28.79157829284668,8.779584884643555,24.520681381225586,22.72732162475586,126139.0
2024-12-04,17.692529678344727,23.42242431640625,10.85111141204834,6.665104389190674,36.04244613647461,3.4164133071899414,29.413944244384766,8.787969589233398,24.671667098999023,22.736305236816406,126087.0
2024-12-05,17.66680145263672,23.710905075073242,10.999402046203613,6.770385265350342,37.74078369140625,3.413198947906494,29.682043075561523,8.829895973205566,25.20013427734375,23.14070701599121,127858.0
2024-12-06,17.143657684326172,23.01297378540039,10.746439933776855,6.6732025146484375,37.32563781738281,3.395960569381714,29.308622360229492,8.553177833557129,24.686767578125,22.8980655670166,125946.0
2024-12-09,17.632495880126953,22.957141876220703,10.676661491394043,6.62460994720459,36.589683532714844,3.3873414993286133,29.078824996948242,8.553177833557129,24.807567596435547,22.691373825073242,127210.0
2024-12-10,17.692529678344727,23.106029510498047,10.886004447937012,6.632709980010986,37.184104919433594,3.370103120803833,29.528844833374023,8.628645896911621,25.14333152770996,22.925025939941406,128228.0
2024-12-11,17.975542068481445,23.59923553466797,11.077906608581543,6.616512775421143,37.95779037475586,3.4993908405303955,30.093761444091797,8.729270935058594,25.38722038269043,22.978944778442383,129593.0
2024-12-12,17.786869049072266,23.286706924438477,10.694106101989746,6.551723480224609,36.49533462524414,3.4045798778533936,29.442670822143555,8.645419120788574,24.754636764526367,22.161157608032227,126042.0
2024-12-13,17.752565383911133,22.968095779418945,10.55454158782959,6.57602071762085,35.042320251464844,3.352864980697632,28.89690399169922,8.528020858764648,24.434537887573242,21.79270362854004,124612.0
2024-12-16,17.43524742126465,22.640113830566406,10.380084991455078,6.5598225593566895,35.12723159790039,3.344245672225952,27.652172088623047,8.528020858764648,24.167776107788086,21.523107528686523,123560.0
2024-12-17,17.538162231445312,22.883756637573242,10.458590507507324,6.600315093994141,34.919654846191406,3.3270070552825928,27.97771644592285,8.477707862854004,24.297344207763672,22.11622428894043,124698.0
2024-12-18,17.12650489807129,22.24653434753418,10.022451400756836,6.608413219451904,34.91022491455078,3.232196092605591,26.445741653442383,8.293227195739746,23.603797912597656,21.172622680664062,120772.0
2024-12-19,17.26372528076172,22.387096405029297,10.03117561340332,6.478837966918945,35.6650390625,3.2149577140808105,27.317052841186523,8.362129211425781,23.733356475830078,21.334381103515625,121188.0
2024-12-20,17.42667007446289,22.56514549255371,10.257966041564941,6.818975925445557,35.74995803833008,3.2408151626586914,27.804101943969727,8.387807846069336,24.007726669311523,21.828651428222656,122102.0
2024-12-23,17.36663818359375,22.415210723876953,10.074788093566895,6.818975925445557,35.63002014160156,3.197719097137451,27.020206451416016,8.310776710510254,23.54281997680664,21.154653549194336,120767.0
2024-12-26,17.726835250854492,22.67759895324707,10.153294563293457,6.8270745277404785,37.022125244140625,3.1891000270843506,26.92342758178711,8.593221664428711,23.69524574279785,21.36134147644043,121078.0
2024-12-27,17.79544448852539,22.593257904052734,10.074788093566895,6.8432722091674805,36.535377502441406,3.2408151626586914,26.691165924072266,8.550427436828613,23.458980560302734,21.23552894592285,120269.0
2024-12-30,17.266469955444336,22.64948272705078,10.083511352539062,6.899961948394775,36.798221588134766,3.2149577140808105,26.32341194152832,8.730165481567383,23.420875549316406,21.406278610229492,120283.0
2025-01-02,17.15022850036621,22.415210723876953,10.203428268432617,6.867567539215088,36.2141227722168,3.197719097137451,26.226634979248047,8.653135299682617,23.31231689453125,21.343368530273438,120125.0
2025-01-03,16.980337142944336,22.24653434753418,10.041131019592285,6.66757345199585,37.75224685668945,3.2149577140808105,25.85887908935547,8.190949440002441,22.740379333496094,21.046810150146484,118533.0
2025-01-06,17.266469955444336,22.45269203186035,10.23836612701416,6.724422454833984,36.4088249206543,3.258053779602051,26.811012268066406,8.302215576171875,23.762248992919922,21.568035125732422,120022.0
2025-01-07,17.436365127563477,22.724451065063477,10.38181209564209,6.732542514801025,37.17788314819336,3.275291919708252,27.287870407104492,8.33645248413086,24.02152442932129,21.900545120239258,121163.0
2025-01-08,17.14128875732422,22.640113830566406,10.220437049865723,6.700058937072754,36.32120895385742,3.232196092605591,27.17108917236328,8.302215576171875,23.632612228393555,21.61297035217285,119625.0
2025-01-09,17.033987045288086,22.743196487426758,10.148714065551758,6.805634498596191,36.652198791503906,3.2149577140808105,27.832849502563477,8.250864028930664,23.693613052368164,21.61297035217285,119781.0
2025-01-10,17.025047302246094,22.686965942382812,10.023200035095215,6.740665435791016,36.22385787963867,3.2149577140808105,26.98618507385254,8.259422302246094,23.365705490112305,21.39729118347168,118856.0
2025-01-13,16.792560577392578,22.686965942382812,10.059061050415039,6.740665435791016,36.798221588134766,3.1891000270843506,27.56035804748535,8.208067893981934,23.533472061157227,21.460195541381836,119007.0
2025-01-14,17.051870346069336,23.099287033081055,10.247331619262695,6.683816909790039,36.06809997558594,3.154623508453369,27.754995346069336,8.387807846069336,23.548723220825195,21.65790367126465,119299.0
2025-01-15,17.597314834594727,23.68028450012207,10.605944633483887,6.724422454833984,36.652198791503906,3.20633864402771,29.351003646850586,8.516190528869629,24.570589065551758,22.421772003173828,122650.0
2025-01-16,17.454248428344727,23.783363342285156,10.516290664672852,6.7163004875183105,35.92207717895508,3.197719097137451,29.321809768676758,8.22518539428711,24.49432945251465,22.49366569519043,121234.0
2025-01-17,17.4810733795166,23.7552490234375,10.390778541564941,6.732542514801025,36.23359680175781,3.20633864402771,29.24395179748535,8.345011711120605,24.66972541809082,22.34089469909668,122350.0
2025-01-20,17.61520004272461,23.830215454101562,10.426637649536133,6.700058937072754,35.045928955078125,3.2149577140808105,29.409393310546875,8.362129211425781,24.906129837036133,22.439746856689453,122543.0
2025-01-21,17.66884994506836,24.045747756958008,10.435604095458984,6.732542514801025,36.11676788330078,3.2149577140808105,29.58456802368164,8.55898666381836,24.959508895874023,22.502649307250977,123338.0
2025-01-22,17.838743209838867,24.486181259155273,10.292159080505371,6.69193696975708,35.63002014160156,3.20633864402771,30.06142234802246,8.610339164733887,24.867996215820312,22.790225982666016,122972.0
2025-01-23,17.4453067779541,25.0390625,10.211470603942871,6.69193696975708,36.86636734008789,3.2149577140808105,30.090620040893555,8.481955528259277,24.814619064331055,22.445526123046875,122483.0
2025-01-24,17.4810733795166,24.945356369018555,10.130784034729004,6.675693988800049,37.080535888671875,3.2149577140808105,30.15873908996582,8.490513801574707,24.753612518310547,22.68294906616211,122447.0
2025-01-27,17.883451461791992,25.96678352355957,10.38181209564209,6.789392471313477,36.973453521728516,3.2666726112365723,30.810768127441406,8.78151798248291,25.348432540893555,22.92037010192871,124862.0
2025-01-28,17.749324798583984,25.798110961914062,10.426637649536133,6.635087013244629,37.1097412109375,3.20633864402771,30.567472457885742,8.78151798248291,25.394184112548828,22.801660537719727,124056.0
2025-01-29,17.71355628967285,25.71377182006836,10.31905460357666,6.635087013244629,36.72034454345703,3.1891000270843506,30.392303466796875,8.747283935546875,25.333181381225586,22.62816047668457,123432.0
2025-01-30,18.151702880859375,25.901187896728516,10.883869171142578,6.7163004875183105,36.72034454345703,3.232196092605591,31.1903076171875,8.944141387939453,25.950878143310547,23.495662689208984,126913.0
2025-01-31,18.03546142578125,25.938674926757812,10.83903980255127,6.7163004875183105,37.13895034790039,3.258053779602051,31.696361541748047,8.867108345031738,25.78310775756836,23.705690383911133,126135.0
2025-02-03,17.954984664916992,25.873075485229492,10.821112632751465,6.724422454833984,37.81066131591797,3.20633864402771,31.14164924621582,8.849990844726562,25.544788360595703,23.58698081970215,125970.0
2025-02-04,18.375246047973633,26.02301025390625,10.80223274230957,6.694889068603516,37.878807067871094,3.2149577140808105,30.771841049194336,8.867108345031738,25.636341094970703,23.285634994506836,125147.0
2025-02-05,18.867040634155273,26.079235076904297,11.053656578063965,6.719323635101318,36.944252014160156,3.2235772609710693,30.849699020385742,8.892786026000977,26.025466918945312,24.728431701660156,125534.0
2025-02-06,18.956459045410156,26.379104614257812,11.206305503845215,6.735612869262695,36.71060562133789,3.344245672225952,31.238964080810547,8.909904479980469,26.071247100830078,24.655378341674805,126225.0
2025-02-07,18.74185562133789,26.032381057739258,10.766314506530762,6.670455455780029,36.85663604736328,3.318387746810913,31.25843048095703,8.918462753295898,25.88050079345703,24.11661148071289,124619.0
2025-02-10,18.9117488861084,26.06986427307129,10.775293350219727,6.7030348777771,37.73779296875,3.258053779602051,30.703720092773438,9.089642524719238,26.162805557250977,23.87919044494629,125572.0
2025-02-11,17.883451461791992,26.294767379760742,11.026717185974121,6.719323635101318,37.503997802734375,3.2839112281799316,31.45306396484375,9.098200798034668,26.43747901916504,23.97050666809082,126522.0
2025-02-12,18.1248779296875,25.863704681396484,10.523873329162598,6.66231107711792,37.29943084716797,3.258053779602051,30.85942840576172,8.695929527282715,25.70501136779785,23.82440185546875,124380.0
2025-02-13,17.63308334350586,25.723142623901367,10.667539596557617,6.654166221618652,37.211761474609375,3.2666726112365723,30.762109756469727,8.61889934539795,25.84235191345215,23.431743621826172,124850.0
2025-02-14,18.089109420776367,26.941356658935547,10.945901870727539,6.678600311279297,37.581932067871094,3.395960569381714,32.15375518798828,8.815755844116211,26.529041290283203,24.326641082763672,128219.0
2025-02-17,18.205352783203125,27.32556915283203,10.963859558105469,6.66231107711792,37.591670989990234,3.4304373264312744,32.523555755615234,8.875667572021484,26.58245086669922,24.372297286987305,128869.0
2025-02-18,18.357362747192383,27.597322463989258,10.954882621765137,6.66231107711792,36.70521545410156,3.344245672225952,32.620880126953125,9.046847343444824,26.53798484802246,24.491010665893555,128532.0
2025-02-19,18.071226119995117,27.044437408447266,10.75733470916748,6.629733562469482,37.503997802734375,3.3356263637542725,31.998043060302734,9.029730796813965,26.290184020996094,24.016164779663086,127309.0
2025-02-20,18.044401168823242,26.23853874206543,10.730398178100586,6.637877464294434,37.503997802734375,3.3356263637542725,32.406776428222656,9.029730796813965,26.218244552612305,24.043561935424805,127601.0
2025-02-21,17.999692916870117,26.21980094909668,10.631623268127441,6.629733562469482,37.494258880615234,3.3097686767578125,32.41651153564453,9.132438659667969,26.138309478759766,23.87919044494629,127128.0
2025-02-24,17.856624603271484,26.06049156188965,10.443053245544434,6.613442897796631,37.2020149230957,3.2666726112365723,31.764480590820312,9.183792114257812,25.99443244934082,24.016164779663086,125401.0
2025-02-25,18.080167770385742,26.454071044921875,10.568768501281738,6.580864906311035,36.80262756347656,3.301149368286133,31.560115814208984,9.243703842163086,26.258214950561523,24.189666748046875,125980.0
2025-02-26,17.883451461791992,26.304134368896484,10.362238883972168,6.580864906311035,37.01693344116211,3.301149368286133,31.52118682861328,9.320734977722168,26.194263458251953,24.23532485961914,124769.0
2025-02-27,17.910276412963867,26.2010555267334,10.299383163452148,6.5890092849731445,36.67599105834961,3.301149368286133,31.18057632446289,9.466238975524902,26.1702823638916,23.988771438598633,124799.0
2025-02-28,17.63308334350586,25.59194564819336,10.092859268188477,6.646022319793701,36.539608001708984,3.3270070552825928,30.732913970947266,9.243703842163086,25.53081512451172,23.0025577545166,122799.0
2025-03-05,17.68673324584961,26.02301025390625,10.299383163452148,6.735612869262695,36.08177185058594,3.258053779602051,31.0832576751709,9.372090339660645,25.912826538085938,23.33129119873047,123047.0
2025-03-06,18.017576217651367,25.985523223876953,10.388758659362793,6.698087692260742,36.442195892333984,3.232196092605591,30.606403350830078,9.337851524353027,25.96082305908203,23.121267318725586,123358.0
2025-03-07,17.892393112182617,26.294767379760742,10.51468276977539,6.747097969055176,36.80262756347656,3.3097686767578125,31.21950340270996,9.50047492980957,26.072786331176758,23.687429428100586,125035.0
2025-03-10,17.63308334350586,26.210426330566406,10.361776351928711,6.714423656463623,36.062286376953125,3.275291919708252,31.024866104125977,9.243703842163086,26.304718017578125,23.34955406188965,124519.0
2025-03-11,17.53472328186035,25.97615623474121,10.298810958862305,6.65724515914917,36.33504104614258,3.2666726112365723,31.07352638244629,9.218027114868164,26.072786331176758,22.856449127197266,123507.0
2025-03-12,17.731441497802734,25.94778060913086,10.298810958862305,6.665414333343506,35.76030349731445,3.2149577140808105,31.462799072265625,9.50047492980957,26.152759552001953,22.88384437561035,123864.0
2025-03-13,17.96392822265625,26.36985206604004,10.478703498840332,6.698087692260742,36.529869079589844,3.232196092605591,32.4846305847168,9.483356475830078,26.57664680480957,23.139530181884766,125637.0
2025-03-14,18.723974227905273,26.743959426879883,10.910444259643555,6.714423656463623,36.23762893676758,3.2666726112365723,33.02960968017578,9.560386657714844,27.44040870666504,23.961376190185547,128957.0
2025-03-17,18.82233238220215,27.300329208374023,11.07235050201416,6.689919471740723,36.4129753112793,3.2925305366516113,33.963863372802734,9.639019966125488,28.26418113708496,24.500139236450195,130834.0
2025-03-18,18.58090591430664,27.338699340820312,11.06335163116455,6.681750297546387,36.91952133178711,3.2925305366516113,34.61589050292969,9.508056640625,28.416139602661133,24.381431579589844,131475.0
2025-03-19,18.285829544067383,27.23318099975586,11.16229248046875,6.681750297546387,37.09486389160156,3.301149368286133,34.85918426513672,9.717599868774414,28.48651885986328,24.62798500061035,132508.0
2025-03-20,18.160642623901367,27.098886489868164,11.108325004577637,6.665414333343506,36.85133361816406,3.275291919708252,34.61589050292969,9.700136184692383,28.222593307495117,24.23532485961914,131955.0
2025-03-21,18.330537796020508,27.213998794555664,11.261235237121582,6.665414333343506,36.72469711303711,3.2408151626586914,34.839717864990234,9.665212631225586,28.284177780151367,24.53666877746582,132345.0
2025-03-24,18.241119384765625,27.204402923583984,11.37816333770752,6.681750297546387,36.14021301269531,3.232196092605591,34.2752799987793,9.57790470123291,28.310565948486328,24.408823013305664,131321.0
2025-03-25,18.554080963134766,27.309921264648438,11.567049980163574,7.024823188781738,36.286338806152344,3.258053779602051,34.50883865356445,9.691407203674316,28.5393009185791,24.71929931640625,132068.0
2025-03-26,18.527254104614258,27.63606834411621,11.755938529968262,6.983982086181641,36.03306579589844,3.232196092605591,34.372596740722656,9.822372436523438,28.231388092041016,24.883668899536133,132520.0
2025-03-27,18.554080963134766,27.52095603942871,11.710963249206543,6.94313907623291,36.14021301269531,3.258053779602051,33.98332214355469,9.639019966125488,28.266578674316406,25.038908004760742,133149.0
2025-03-28,18.571964263916016,27.472993850708008,11.549062728881836,6.983982086181641,36.247371673583984,3.3614838123321533,33.963863372802734,9.551711082458496,27.87948989868164,24.774089813232422,131902.0
2025-03-31,18.330537796020508,27.041330337524414,11.39615249633789,7.016654968261719,34.58161163330078,3.275291919708252,32.796051025390625,9.377090454101562,27.63315200805664,24.399690628051758,130260.0
2025-04-01,18.008634567260742,27.17562484741211,11.41247844696045,6.877793788909912,34.41600799560547,3.3097686767578125,33.214515686035156,9.394553184509277,27.6398868560791,24.381431579589844,131147.0
2025-04-02,17.79403305053711,27.19481086730957,11.439056396484375,6.9709625244140625,33.9776496887207,3.3270070552825928,33.43834686279297,9.490593910217285,27.648691177368164,24.7923526763916,131190.0
2025-04-03,18.214296340942383,27.348289489746094,11.65921688079834,7.044686317443848,34.49393844604492,3.308021306991577,33.87627410888672,9.621560096740723,28.141630172729492,25.139354705810547,131141.0
2025-04-04,17.856624603271484,26.839887619018555,11.530791282653809,6.930005073547363,33.58799743652344,3.26379656791687,32.13429260253906,9.394553184509277,27.411026000976562,24.308380126953125,127256.0
2025-04-07,17.490013122558594,26.552112579345703,11.338152885437012,6.930005073547363,32.05861282348633,3.210726499557495,32.74739074707031,9.176278114318848,27.463838577270508,24.19879722595215,125588.0
2025-04-08,17.28435516357422,26.504148483276367,11.026262283325195,6.905430793762207,32.750247955322266,3.1841914653778076,32.69873046875,9.010388374328613,27.47264289855957,23.833532333374023,123932.0
2025-04-09,17.4095401763916,26.619258880615234,11.439056396484375,6.880855560302734,32.19498825073242,3.27264142036438,33.1171989440918,9.237394332885742,27.974384307861328,24.42708969116211,127796.0
2025-04-10,17.400596618652344,26.437000274658203,11.420709609985352,6.831707954406738,31.893014907836914,3.2018816471099854,32.67926788330078,8.984195709228516,27.859952926635742,24.06182289123535,126355.0
2025-04-11,17.239646911621094,26.667221069335938,11.576656341552734,6.839898586273193,31.493619918823242,3.2461066246032715,32.66953659057617,9.150083541870117,28.000791549682617,24.308380126953125,127682.0
2025-04-14,17.35588836669922,26.926218032836914,11.677562713623047,6.7907490730285645,31.02603530883789,3.2814862728118896,33.45780944824219,9.176278114318848,28.458524703979492,24.609724044799805,129454.0
2025-04-15,17.579431533813477,26.638444900512695,11.686735153198242,6.807132720947266,32.52619552612305,3.2814862728118896,33.37995147705078,9.211201667785645,28.819425582885742,24.59145736694336,129245.0
2025-04-16,17.516841888427734,26.523332595825195,11.668391227722168,6.807132720947266,32.30214309692383,3.2814862728118896,33.1171989440918,9.088967323303223,28.775413513183594,24.76496124267578,128317.0
2025-04-17,17.695676803588867,26.312299728393555,11.723426818847656,6.930005073547363,32.4580078125,3.308021306991577,33.79841995239258,9.307242393493652,28.828229904174805,24.71929931640625,129650.0
2025-04-22,17.919219970703125,26.64803695678711,11.677562713623047,6.921814441680908,33.21782684326172,3.2814862728118896,34.01252365112305,9.525517463684082,29.391592025756836,24.934268951416016,130464.0
2025-04-23,18.518312454223633,26.897443771362305,12.06283950805664,6.946389198303223,32.72102355957031,3.325711250305176,34.76186752319336,9.621560096740723,30.00776481628418,25.06403923034668,132216.0
2025-04-24,18.68820571899414,26.571298599243164,12.255477905273438,7.077451705932617,32.24369812011719,3.361091136932373,35.13166809082031,9.639019966125488,30.588726043701172,26.018770217895508,134580.0
2025-04-25,19.108469009399414,26.868663787841797,12.273825645446777,7.061069965362549,33.7828254699707,3.361091136932373,35.618255615234375,9.822372436523438,30.474292755126953,25.8426513671875,134739.0
2025-04-28,18.956459045410156,27.19481086730957,12.246307373046875,7.085644245147705,35.058937072753906,3.361091136932373,36.12430953979492,9.909682273864746,30.79999351501465,26.176349639892578,135016.0
2025-04-29,19.22471046447754,27.338699340820312,12.383903503417969,7.175748825073242,33.9289436340332,3.361091136932373,36.39680480957031,9.909682273864746,31.046464920043945,26.324655532836914,135093.0
2025-04-30,19.403545379638672,27.751178741455078,12.594888687133789,7.233089923858643,34.36730194091797,3.369935989379883,37.0877571105957,10.040645599365234,31.3193359375,27.362810134887695,135067.0
2025-05-02,19.34989356994629,27.722400665283203,12.328866004943848,7.241281986236572,34.1140251159668,3.40531587600708,36.7374153137207,10.267654418945312,31.23801040649414,26.75104331970215,135134.0
2025-05-05,19.305185317993164,27.93343734741211,12.217686653137207,7.227927207946777,34.377044677734375,3.3787810802459717,36.464927673339844,10.267654418945312,30.683176040649414,26.602733612060547,133491.0
2025-05-06,19.12635040283203,27.722400665283203,12.16257095336914,7.13757848739624,33.324981689453125,3.352246046066284,36.35787582397461,10.177096366882324,30.5246524810791,26.37100601196289,133516.0
2025-05-07,19.09058380126953,28.115694046020508,11.978848457336426,7.145791530609131,32.00016403198242,3.352246046066284,36.78607177734375,10.203484535217285,30.859310150146484,26.463693618774414,133398.0
2025-05-08,19.215768814086914,28.211620330810547,13.852837562561035,7.170431613922119,32.22421646118164,3.3434011936187744,39.0146484375,10.344223022460938,31.10590171813965,27.557466506958008,136232.0
2025-05-09,18.464662551879883,28.32672691345215,13.889581680297852,7.0965094566345215,33.315242767333984,3.361091136932373,39.71533966064453,10.616900444030762,32.78802490234375,27.798465728759766,136512.0
2025-05-12,18.7329158782959,27.885473251342773,13.687484741210938,7.030801773071289,33.558773040771484,3.352246046066284,38.68376922607422,10.775232315063477,32.12750244140625,27.594539642333984,136563.0
2025-05-13,19.14423370361328,28.451431274414062,13.981443405151367,7.02258825302124,34.289371490478516,3.423006057739258,39.46230697631836,10.775232315063477,32.52381134033203,28.09507942199707,138963.0
2025-05-14,19.19788360595703,28.5473575592041,13.96307373046875,7.01437520980835,37.650123596191406,3.4760758876800537,39.31633377075195,10.643290519714355,32.743980407714844,28.187774658203125,138423.0
2025-05-15,19.38566017150879,28.2020263671875,14.100866317749023,6.997946739196777,36.47142028808594,3.423006057739258,39.423377990722656,11.43493938446045,33.184326171875,28.206310272216797,139334.0
2025-05-16,19.609203338623047,24.624013900756836,14.146797180175781,7.145791530609131,37.591670989990234,3.352246046066284,38.86866760253906,11.065502166748047,33.378074645996094,27.90969467163086,139187.0
2025-05-19,19.42142677307129,24.019685745239258,14.275403022766113,7.01437520980835,40.7186279296875,3.361091136932373,39.41364669799805,10.696065902709961,33.77438735961914,28.326812744140625,139636.0
2025-05-20,19.69862174987793,24.4609432220459,14.413198471069336,7.121150016784668,39.06260681152344,3.2991764545440674,38.946529388427734,11.047910690307617,33.7303581237793,28.299007415771484,140110.0
2025-05-21,19.636028289794922,24.2307186126709,14.155983924865723,7.088296413421631,38.61450958251953,3.2814862728118896,38.479400634765625,10.828009605407715,33.05223083496094,27.733579635620117,137881.0
2025-05-22,19.519786834716797,24.029277801513672,14.192728996276855,7.203286170959473,38.48786926269531,3.26379656791687,38.557254791259766,10.757638931274414,32.82325744628906,27.511117935180664,137273.0
2025-05-23,19.14423370361328,23.42494773864746,14.367265701293945,7.203286170959473,38.44890594482422,3.316866159439087,38.62537384033203,10.7488431930542,33.21955871582031,27.742849349975586,137824.0
2025-05-26,19.671796798706055,23.66476058959961,14.440756797790527,7.112936019897461,38.49761199951172,3.2814862728118896,38.87840270996094,10.819211959838867,33.29001235961914,27.993118286132812,138136.0
2025-05-27,19.796979904174805,23.56883430480957,14.73471736907959,7.112936019897461,38.945709228515625,3.2991764545440674,39.94889450073242,10.740047454833984,33.554222106933594,28.030197143554688,139541.0
2025-05-28,19.796979904174805,23.09880256652832,14.835762977600098,7.063655376434326,38.96519470214844,3.2991764545440674,40.182456970214844,10.775232315063477,33.28120422363281,27.715042114257812,138888.0
2025-05-29,19.22471046447754,22.73428726196289,14.771458625793457,7.071868896484375,38.322269439697266,3.2814862728118896,39.52070236206055,10.68726921081543,33.016998291015625,27.63161849975586,138534.0
2025-05-30,18.7329158782959,22.465696334838867,14.881698608398438,7.0965094566345215,38.565799713134766,3.2814862728118896,38.489131927490234,10.56412410736084,32.96415710449219,27.557466506958008,137027.0
2025-06-02,18.723974227905273,22.331401824951172,14.918439865112305,7.162217617034912,38.283302307128906,3.2549514770507812,38.674034118652344,10.801619529724121,32.733001708984375,27.35354232788086,136787.0
2025-06-03,18.83127212524414,22.4532470703125,15.175013542175293,7.148826599121094,37.95209884643555,3.2814862728118896,39.46230697631836,10.775232315063477,32.62727355957031,27.557466506958008,137546.0
2025-06-04,19.15317726135254,21.83768653869629,15.129030227661133,7.115883827209473,38.38071823120117,3.2991764545440674,39.3260612487793,10.660881996154785,32.5479736328125,26.908618927001953,137002.0
2025-06-05,19.108469009399414,21.730209350585938,14.687572479248047,7.06646728515625,37.99106216430664,3.2814862728118896,39.12169647216797,10.370609283447266,32.15147018432617,26.825197219848633,136236.0
2025-06-06,19.17106056213379,21.212356567382812,14.678377151489258,7.049994945526123,38.653472900390625,3.2814862728118896,38.92706298828125,10.344223022460938,32.230777740478516,26.63054084777832,136102.0
2025-06-09,18.82233238220215,21.231897354125977,14.568014144897461,7.025287628173828,37.31891632080078,3.2903313636779785,38.732425689697266,10.194687843322754,32.0633659362793,26.649080276489258,135699.0
2025-06-10,18.715030670166016,21.046255111694336,14.558815956115723,7.033522605895996,37.46503448486328,3.2814862728118896,38.64483642578125,10.396997451782227,32.0136604309082,26.723234176635742,136436.0
2025-06-11,18.813392639160156,20.909461975097656,15.009467124938965,7.058231830596924,39.812686920166016,3.26379656791687,39.10223388671875,10.502552032470703,32.30711364746094,27.96531105041504,137128.0
2025-06-12,19.010107040405273,20.929006576538086,15.15661907196045,7.091174125671387,38.96519470214844,3.2549514770507812,40.1046028137207,10.484959602355957,32.55610656738281,27.724313735961914,137800.0
2025-06-13,18.83127212524414,21.095109939575195,14.981877326965332,7.06646728515625,39.5496711730957,3.2461066246032715,39.423377990722656,10.2520170211792,32.16482925415039,27.62234878540039,137213.0
2025-06-16,19.135292053222656,21.476167678833008,15.303772926330566,7.074703216552734,40.4263916015625,3.27264142036438,40.28950881958008,10.637362480163574,32.75175094604492,27.891155242919922,139256.0
2025-06-17,18.9832820892334,21.39800262451172,15.533692359924316,7.000578880310059,40.68940353393555,3.26379656791687,40.591190338134766,10.637362480163574,32.947383880615234,27.9467716217041,138840.0
2025-06-18,19.14423370361328,21.3100643157959,15.41413688659668,6.975872039794922,40.913455963134766,3.26379656791687,40.67877960205078,10.395401954650879,32.75175094604492,27.88188934326172,138717.0
2025-06-20,19.099525451660156,20.86060905456543,15.285380363464355,6.934691429138184,38.96519470214844,3.2372615337371826,40.6982421875,10.422286033630371,32.582786560058594,27.316463470458984,137116.0
2025-06-23,19.07270050048828,20.606569290161133,15.165814399719238,6.918219089508057,39.4522590637207,3.175346851348877,40.43548583984375,10.422286033630371,32.51164245605469,26.992040634155273,136551.0
2025-06-24,19.323068618774414,20.94854736328125,15.211803436279297,7.000578880310059,38.96519470214844,3.131121873855591,41.31134796142578,10.30578327178955,33.12523651123047,27.48331069946289,137165.0
2025-06-25,19.69862174987793,20.772672653198242,15.08304214477539,6.984107971191406,37.51374053955078,3.1399667263031006,41.01939392089844,10.359553337097168,32.52943420410156,27.103271484375,135767.0
2025-06-26,19.66285514831543,21.104877471923828,15.220996856689453,7.008814811706543,37.542964935302734,3.1045868396759033,41.02912139892578,10.287860870361328,32.289329528808594,27.158885955810547,137114.0
2025-06-27,19.850631713867188,21.231897354125977,15.239394187927246,6.992343425750732,38.97493362426758,3.2549514770507812,40.57172775268555,10.216169357299805,32.253753662109375,27.019845962524414,136866.0
2025-06-30,20.020523071289062,21.583646774291992,15.478514671325684,6.984107971191406,39.3938102722168,3.26379656791687,41.11670684814453,10.368515014648438,32.858455657958984,27.520387649536133,138855.0
2025-07-01,20.56650161743164,21.407772064208984,15.616290092468262,7.124118804931641,38.91648864746094,3.2549514770507812,41.72007751464844,10.467092514038086,33.00761413574219,28.0765438079834,139549.0
2025-07-02,20.46320152282715,21.485937118530273,15.334142684936523,7.176761150360107,39.44252014160156,3.2549514770507812,40.425750732421875,10.386439323425293,32.74070358276367,27.23303985595703,139051.0
2025-07-03,20.425636291503906,21.78883171081543,15.699684143066406,7.176761150360107,39.1113166809082,3.27264142036438,41.165367126464844,10.476053237915039,33.55032730102539,27.260848999023438,140928.0
2025-07-04,20.32233238220215,21.91585350036621,15.624701499938965,7.226561546325684,38.47813034057617,3.2903313636779785,41.301612854003906,10.458131790161133,33.568115234375,27.177425384521484,141478.0
2025-07-07,20.162683486938477,21.554332733154297,15.474738121032715,7.159571170806885,38.29304504394531,3.2991764545440674,40.863685607910156,10.377477645874023,33.12327575683594,26.8159236907959,139490.0
2025-07-08,20.172075271606445,21.49570655822754,15.512226104736328,7.1344499588012695,38.54631805419922,3.26379656791687,39.90023422241211,10.269939422607422,33.04319381713867,26.927156448364258,139303.0
2025-07-09,20.07816505432129,20.958316802978516,15.334142684936523,7.100954055786133,38.185890197753906,3.2549514770507812,40.055946350097656,10.081747055053711,32.35813522338867,26.510042190551758,137481.0
2025-07-10,19.815214157104492,20.723817825317383,15.127935409545898,7.067460060119629,38.185890197753906,3.2372615337371826,39.70560073852539,9.929399490356445,31.361677169799805,25.91680908203125,136743.0
2025-07-11,19.7025203704834,20.655420303344727,15.0435791015625,7.117702960968018,38.14692687988281,3.219571590423584,39.734798431396484,10.019015312194824,31.103668212890625,25.72215461730957,136187.0
2025-07-14,19.86216926574707,20.205968856811523,15.09981918334961,7.1344499588012695,37.52348327636719,3.1930365562438965,39.51096725463867,9.893552780151367,31.0502872467041,25.193809509277344,135299.0
2025-07-15,19.880952835083008,20.42092514038086,15.090447425842285,7.117702960968018,37.84494400024414,3.2372615337371826,39.1508903503418,9.902514457702637,31.15705108642578,25.76850128173828,135250.0
2025-07-16,19.758869171142578,20.401382446289062,15.052953720092773,7.16794490814209,37.79623794555664,3.27264142036438,39.94889450073242,9.67847728729248,31.30829429626465,25.675809860229492,135511.0
2025-07-17,19.636783599853516,20.264591217041016,15.024833679199219,7.117702960968018,37.79623794555664,3.2595436573028564,40.591190338134766,9.750167846679688,31.779829025268555,26.139270782470703,135565.0
2025-07-18,19.53348159790039,19.795595169067383,14.687407493591309,7.10932731628418,37.61115264892578,3.241924285888672,39.24821090698242,9.508207321166992,31.201528549194336,24.850341796875,133382.0
2025-07-21,19.12027359008789,19.40476417541504,14.696782112121582,7.084207534790039,37.38710403442383,3.2683534622192383,38.732425689697266,9.43651294708252,31.566307067871094,24.793649673461914,134167.0
2025-07-22,19.24235725402832,19.4340763092041,14.649916648864746,7.03396463394165,37.90339279174805,3.241924285888672,38.61564636230469,9.445476531982422,31.139257431030273,24.9448299407959,134036.0
2025-07-23,19.505308151245117,19.746742248535156,14.884241104125977,7.067460060119629,38.47813034057617,3.2331151962280273,39.306602478027344,9.750167846679688,31.48623275756836,25.05821418762207,135368.0
2025-07-24,19.317485809326172,19.609949111938477,14.696782112121582,7.000470161437988,37.542964935302734,3.241924285888672,38.401546478271484,9.642630577087402,31.192638397216797,24.9448299407959,133808.0
2025-07-25,19.345659255981445,19.776052474975586,14.584306716918945,7.0255913734436035,38.11770248413086,3.181617498397827,38.30422592163086,9.83082389831543,31.326099395751953,24.982624053955078,133524.0
2025-07-28,19.12027359008789,19.482929229736328,14.471830368041992,7.03396463394165,37.99106216430664,3.045262575149536,37.45756530761719,9.750167846679688,30.66771697998047,24.88813591003418,132129.0
2025-07-29,19.223573684692383,19.49270248413086,14.443711280822754,7.084207534790039,36.822105407714844,3.117985248565674,37.681396484375,9.67847728729248,30.84565544128418,24.916484832763672,132726.0
2025-07-30,19.984254837036133,19.44384765625,14.6780366897583,7.067460060119629,37.406585693359375,3.1361658573150635,38.07066345214844,9.803937911987305,31.201528549194336,25.133804321289062,133990.0
2025-07-31,20.27537727355957,19.248432159423828,14.55618667602539,7.0423383712768555,37.689083099365234,3.1361658573150635,38.08039855957031,9.83082389831543,31.281604766845703,24.973176956176758,133071.0
2025-08-01,19.94668960571289,17.92937660217285,14.584306716918945,7.017216205596924,40.4263916015625,3.117985248565674,38.022003173828125,9.660553932189941,31.09258460998535,24.396799087524414,132437.0
2025-08-04,19.618000030517578,18.2908935546875,14.695958137512207,7.045551300048828,37.80598068237305,3.1361658573150635,38.11932373046875,9.660553932189941,31.421937942504883,24.897586822509766,132971.0
2025-08-05,19.937297821044922,18.193187713623047,14.72410774230957,7.146320819854736,37.84494400024414,3.1361658573150635,38.15825271606445,9.642630577087402,31.769102096557617,24.65191650390625,133151.0
2025-08-06,20.247203826904297,18.27135467529297,14.705342292785645,7.1799116134643555,37.942359924316406,3.154346466064453,38.751888275146484,9.732244491577148,32.16965103149414,24.831443786621094,134538.0
2025-08-07,20.068775177001953,18.476539611816406,14.817954063415527,7.121128559112549,38.9554557800293,3.199798107147217,39.209285736083984,9.705361366271973,32.73934555053711,25.133804321289062,136528.0
2025-08-08,20.256595611572266,18.496082305908203,14.977489471435547,7.137923717498779,40.855003356933594,3.227069139480591,39.66667556762695,9.714322090148926,32.961875915527344,25.360578536987305,135913.0
2025-08-11,20.35989761352539,18.662185668945312,14.921181678771973,7.121128559112549,40.913455963134766,3.199798107147217,39.53234100341797,9.67847728729248,33.1666145324707,25.237741470336914,135623.0
2025-08-12,20.754323959350586,18.798974990844727,15.26840591430664,7.104333877563477,40.84526443481445,3.236159324645996,44.71836471557617,9.794977188110352,33.852020263671875,25.568449020385742,137914.0
2025-08-13,20.416244506835938,18.838058471679688,15.137020111083984,7.121128559112549,40.913455963134766,3.2816107273101807,43.76018524169922,9.875631332397461,33.53157424926758,25.511756896972656,136687.0
2025-08-14,20.162683486938477,19.394990921020508,15.024410247802734,7.104333877563477,40.6212158203125,3.263430595397949,43.96762466430664,9.812899589538574,33.487056732177734,25.379474639892578,136356.0
2025-08-15,20.594675064086914,20.176654815673828,15.043179512023926,7.171513557434082,41.8388786315918,3.263430595397949,43.90835952758789,10.592554092407227,33.371341705322266,25.445613861083984,136341.0
2025-08-18,20.585285186767578,20.58702850341797,15.343480110168457,7.171513557434082,41.40052032470703,3.290701389312744,44.52080154418945,10.700093269348145,33.6116828918457,25.766874313354492,137322.0
2025-08-19,20.134511947631836,19.34613800048828,14.817954063415527,7.238693714141846,39.96854782104492,3.236159324645996,42.969932556152344,10.15343952178955,32.63505935668945,24.51018524169922,134432.0
2025-08-20,20.106338500976562,19.40476417541504,14.864874839782715,7.221898078918457,40.03673553466797,3.227069139480591,42.495784759521484,10.036937713623047,32.653038024902344,25.02042007446289,134667.0
2025-08-21,19.90912628173828,19.238662719726562,14.817954063415527,7.2890801429748535,40.855003356933594,3.254340171813965,42.09077835083008,10.090707778930664,32.688987731933594,25.039318084716797,134511.0
2025-08-22,20.331724166870117,20.030094146728516,15.30594253540039,7.373055458068848,41.09853744506836,3.2997918128967285,42.772369384765625,10.198246002197266,33.60574722290039,25.625141143798828,137968.0
2025-08-25,20.425636291503906,19.590408325195312,15.343480110168457,7.566199779510498,41.5953483581543,3.336153507232666,42.72298049926758,10.126553535461426,33.434974670410156,25.804670333862305,138025.0
2025-08-26,20.378681182861328,19.912843704223633,15.30594253540039,7.557803153991699,43.96248245239258,3.2997918128967285,42.52541732788086,10.063822746276855,33.21027755737305,25.974748611450195,137771.0
2025-08-27,20.66041374206543,20.1571102142334,15.418557167053223,7.599788665771484,43.86506652832031,3.308882236480713,43.49347686767578,10.23409366607666,33.76753616333008,26.22986602783203,139206.0
2025-08-28,20.66041374206543,20.56748390197754,15.756399154663086,7.717355251312256,45.2191047668457,3.363424301147461,43.95774841308594,10.207207679748535,34.468597412109375,26.62671661376953,141049.0
2025-08-29,20.697978973388672,20.89969253540039,15.793931007385254,7.717355251312256,44.28394317626953,3.390695333480835,44.31336212158203,10.296823501586914,34.594417572021484,26.66451072692871,141422.0
2025-09-01,20.951536178588867,20.606569290161133,15.690701484680176,7.75934362411499,45.560054779052734,3.4543275833129883,43.87872314453125,10.296823501586914,34.871055603027344,26.655059814453125,141125.0
2025-09-02,21.2332706451416,19.951929092407227,15.51123332977295,7.716490268707275,45.394447326660156,3.4088759422302246,43.95774841308594,10.135516166687012,34.277591705322266,26.551124572753906,140335.0
2025-09-03,20.970319747924805,19.815135955810547,15.501836776733398,7.735019683837891,46.55366516113281,3.4361467361450195,43.76018524169922,10.162399291992188,33.98085403442383,26.532228469848633,139864.0
2025-09-04,21.06422996520996,19.951929092407227,15.811874389648438,7.735019683837891,46.32961654663086,3.4634177684783936,44.84678268432617,10.30578327178955,34.115726470947266,26.636167526245117,140993.0
2025-09-05,21.214487075805664,20.665193557739258,16.197071075439453,7.735019683837891,47.829776763916016,3.445237159729004,45.706180572509766,10.404361724853516,34.4933967590332,27.581045150756836,142640.0
2025-09-08,21.16753387451172,20.46977996826172,16.112516403198242,7.707229137420654,47.829776763916016,3.445237159729004,44.91592788696289,10.30578327178955,34.33154296875,27.108604431152344,141792.0
2025-09-09,21.411699295043945,20.909461975097656,15.96219253540039,7.679436683654785,48.33632278442383,3.4361467361450195,45.00483322143555,10.440208435058594,34.03480529785156,27.051910400390625,141618.0
2025-09-10,21.0830135345459,21.544565200805664,15.849454879760742,7.623856067657471,47.67391586303711,3.4361467361450195,45.05422592163086,10.628400802612305,34.061771392822266,27.089706420898438,142349.0
2025-09-11,21.129968643188477,21.71066665649414,15.999774932861328,7.596065521240234,46.90435791015625,3.4543275833129883,45.80495834350586,10.682169914245605,34.124717712402344,27.38262176513672,143151.0
2025-09-12,21.35535430908203,21.798603057861328,15.811874389648438,7.56827449798584,48.433738708496094,3.4543275833129883,44.99495315551758,10.583593368530273,33.61217498779297,27.080259323120117,142272.0
2025-09-15,21.599523544311523,21.368690490722656,15.999774932861328,7.577538967132568,49.135108947753906,3.472508192062378,45.31105422973633,10.637666702270508,34.1696891784668,27.212539672851562,143547.0
2025-09-16,21.36474609375,21.437088012695312,15.96219253540039,7.5219573974609375,48.60908126831055,3.5452311038970947,45.47898483276367,10.756880760192871,34.07975387573242,27.278682708740234,144062.0
2025-09-17,21.81551742553711,21.368690490722656,16.516502380371094,7.549749374389648,49.27149200439453,3.527050256729126,46.130943298339844,10.903608322143555,34.565330505371094,27.902305603027344,145594.0
2025-09-18,21.749780654907227,21.59341812133789,16.34739112854004,7.596065521240234,48.85261154174805,3.5088694095611572,46.18033218383789,10.802733421325684,34.610286712646484,27.66608428955078,145500.0
2025-09-19,21.89064598083496,21.124420166015625,16.63863754272461,7.6701741218566895,48.8818359375,3.5725018978118896,46.91131591796875,10.876096725463867,35.068885803222656,27.47710609436035,145865.0
2025-09-22,21.56195831298828,21.016942977905273,16.666826248168945,7.559010982513428,49.48579788208008,3.581592321395874,46.57545852661133,10.7293701171875,34.565330505371094,27.2314395904541,145109.0
2025-09-23,21.712217330932617,21.622730255126953,16.77016830444336,7.577538967132568,49.544246673583984,3.5997731685638428,47.2274169921875,10.766051292419434,35.11383819580078,27.599939346313477,146425.0
2025-09-24,21.73099708557129,21.60318946838379,16.63863754272461,7.549749374389648,51.58991622924805,3.6724958419799805,47.247169494628906,10.738539695739746,34.88005065917969,27.297578811645508,146492.0
2025-09-25,21.580739974975586,21.290525436401367,16.507108688354492,7.549749374389648,52.59326934814453,3.6452248096466064,46.77301788330078,10.646836280822754,34.601295471191406,27.004667282104492,145306.0
2025-09-26,21.87186622619629,21.60318946838379,16.591665267944336,7.549749374389648,53.84015655517578,3.6452248096466064,47.454612731933594,10.756880760192871,34.77214050292969,27.62828826904297,145447.0
2025-09-29,22.050294876098633,21.612960815429688,16.760774612426758,7.549749374389648,53.304386138916016,3.6724958419799805,48.25474166870117,10.866927146911621,34.969970703125,27.73222541809082,146337.0
2025-09-30,21.834300994873047,21.583646774291992,16.90137481689453,7.5404863357543945,52.710166931152344,3.6724958419799805,47.671932220458984,10.958629608154297,35.13182067871094,27.779468536376953,146237.0
2025-10-01,21.81551742553711,21.42731475830078,16.61474609375,7.642383575439453,52.06724166870117,3.6452248096466064,47.2372932434082,10.986141204833984,34.49999237060547,27.354272842407227,145517.0
2025-10-02,21.411699295043945,21.261211395263672,16.34596061706543,7.562248229980469,51.62887954711914,3.5543212890625,46.664363861083984,11.077844619750977,34.12215042114258,27.297578811645508,143950.0
2025-10-03,21.60891342163086,21.085338592529297,16.355525970458984,7.552957057952881,51.151554107666016,3.5634117126464844,47.217533111572266,11.18789005279541,34.37404251098633,27.240888595581055,144201.0
2025-10-06,21.007884979248047,20.919233322143555,16.25988006591797,7.534377098083496,51.2294921875,3.5725018978118896,47.04960632324219,10.995311737060547,33.978214263916016,27.014116287231445,143608.0
2025-10-07,20.78249740600586,20.723817825317383,15.992067337036133,7.515795707702637,49.826744079589844,3.5361406803131104,45.47898483276367,10.830245971679688,33.43844223022461,26.45663833618164,141356.0
2025-10-08,20.47258949279785,20.635881423950195,16.25031089782715,7.515795707702637,49.76829528808594,3.5361406803131104,46.86192321777344,10.876096725463867,33.50141525268555,26.39994239807129,142145.0
2025-10-09,20.44441795349121,20.70427894592285,16.336395263671875,7.413602828979492,48.31684112548828,3.5361406803131104,46.8322868347168,10.894437789916992,33.44744110107422,26.749549865722656,141708.0
2025-10-10,20.28476905822754,20.1375732421875,16.11640739440918,7.478635311126709,49.086402893066406,3.499779224395752,46.565574645996094,10.7293701171875,33.411460876464844,26.173175811767578,140680.0
2025-10-13,20.303552627563477,20.401382446289062,16.183361053466797,7.460054397583008,49.14485168457031,3.5088694095611572,46.7335090637207,10.848586082458496,33.54640579223633,26.210968017578125,141783.0
2025-10-14,20.265987396240234,20.225507736206055,16.412914276123047,7.404313564300537,47.732364654541016,3.527050256729126,45.834598541259766,10.784393310546875,33.690338134765625,25.936952590942383,141683.0
2025-10-15,20.538330078125,19.854217529296875,16.604204177856445,7.441474914550781,47.634952545166016,3.608863353729248,46.85204315185547,11.02282428741455,33.690338134765625,26.39049530029297,142604.0
2025-10-16,20.36928939819336,19.903072357177734,16.795495986938477,7.385732650756836,47.75184631347656,3.5906827449798584,45.21227264404297,11.050334930419922,33.609371185302734,26.46608543395996,142200.0
2025-10-17,20.07816505432129,20.42092514038086,16.910274505615234,7.385732650756836,48.46295928955078,3.5906827449798584,45.814842224121094,10.986141204833984,33.7263298034668,26.645612716674805,143399.0
2025-10-20,20.52893829345703,20.29390525817871,17.22590446472168,7.404313564300537,50.84958267211914,3.6179535388946533,46.111183166503906,11.481344223022461,34.32905960083008,27.307029724121094,144509.0
2025-10-21,20.47258949279785,20.069177627563477,16.996356964111328,7.422893047332764,52.01853561401367,3.627044200897217,46.308746337890625,11.334616661071777,34.00520324707031,27.174745559692383,144085.0
2025-10-22,20.632238388061523,20.21573829650879,17.015483856201172,7.3392815589904785,52.79783630371094,3.5725018978118896,46.723628997802734,11.52719497680664,34.28408432006836,27.392221450805664,144873.0
2025-10-23,20.56650161743164,20.176654815673828,17.197208404541016,7.35786247253418,51.716556549072266,3.5906827449798584,46.70387268066406,11.646410942077637,34.25708770751953,27.613672256469727,145721.0
2025-10-24,20.763715744018555,20.049636840820312,17.292858123779297,7.3764424324035645,52.70042419433594,3.5543212890625,47.069366455078125,11.683091163635254,34.21210861206055,28.02768325805664,146172.0
2025-10-27,20.98910140991211,20.3720703125,17.436325073242188,7.385732650756836,53.37257385253906,3.5725018978118896,47.17802429199219,11.866499900817871,34.49999237060547,28.306900024414062,146969.0
2025-10-28,20.78249740600586,20.47954750061035,17.445892333984375,7.3207011222839355,53.362831115722656,3.5634117126464844,47.36570739746094,11.894011497497559,34.61692810058594,28.268388748168945,147429.0
2025-10-29,21.16753387451172,20.733585357666016,18.010204315185547,7.3207011222839355,55.213680267333984,3.5906827449798584,48.95608901977539,12.269997596740723,35.390602111816406,28.72091293334961,148633.0
2025-10-30,21.590131759643555,21.134191513061523,17.311986923217773,7.348571300506592,55.5254020690918,3.608863353729248,48.521453857421875,12.581790924072266,35.34561538696289,29.471912384033203,148780.0
2025-10-31,21.60891342163086,21.39800262451172,17.369373321533203,7.404313564300537,55.54488754272461,3.663405418395996,48.22510528564453,12.600132942199707,35.48055648803711,29.982206344604492,149540.0
2025-11-03,21.665260314941406,21.57387351989746,17.5606689453125,7.404313564300537,55.5254020690918,3.6724958419799805,47.90900421142578,12.811052322387695,36.072444915771484,30.34807777404785,150454.0
2025-11-04,21.928211212158203,21.759521484375,17.61713218688965,7.389163494110107,56.06117248535156,3.6452248096466064,48.44242477416992,12.65515422821045,35.96445083618164,30.45398712158203,150704.0
2025-11-05,21.937602996826172,22.09172821044922,17.990543365478516,7.407799243927002,57.21064376831055,3.7270376682281494,49.77597427368164,12.930268287658691,36.11745071411133,31.291641235351562,153294.0
2025-11-06,21.749780654907227,22.335994720458984,17.9139404296875,7.370527744293213,56.98659896850586,3.7270376682281494,49.60804748535156,12.856903076171875,36.11745071411133,31.01242446899414,153339.0
2025-11-07,21.81551742553711,22.36530876159668,17.933090209960938,7.398481845855713,58.399085998535156,3.736128330230713,49.973541259765625,12.774369239807129,36.15345764160156,31.18572998046875,154064.0
2025-11-10,22.06907844543457,22.257831573486328,18.268199920654297,7.389163494110107,59.42192077636719,3.7270376682281494,50.58598327636719,12.746858596801758,36.396453857421875,31.436065673828125,155257.0
2025-11-11,22.050294876098633,22.93201446533203,18.660755157470703,7.370527744293213,60.81492614746094,3.763399124145508,51.7614860534668,12.99445915222168,37.09846878051758,32.167808532714844,157749.0
2025-11-12,22.144207000732422,22.277372360229492,18.612886428833008,7.351891040802002,60.39604949951172,3.7810280323028564,53.0160026550293,12.957777976989746,36.25244903564453,32.158180236816406,157633.0
2025-11-13,21.843690872192383,21.9842472076416,18.651185989379883,7.333253860473633,58.93485641479492,3.874156951904297,53.34198760986328,13.040310859680176,36.396453857421875,32.33148956298828,157162.0
2025-11-14,21.843690872192383,21.92562484741211,18.6416072845459,7.26802921295166,60.86363220214844,3.9207217693328857,52.739418029785156,12.966948509216309,36.540462493896484,32.5240478515625,157739.0
2025-11-17,21.86247444152832,21.9842472076416,18.497989654541016,7.26802921295166,61.038978576660156,4.051102161407471,52.334415435791016,12.847733497619629,36.27045440673828,32.24483108520508,156993.0
2025-11-18,22.06907844543457,21.37845802307129,18.27777671813965,7.305301189422607,61.49681854248047,4.013850212097168,51.75160598754883,13.168697357177734,36.09044647216797,32.177433013916016,156522.0
2025-11-19,21.843690872192383,21.085338592529297,18.09585952758789,7.295982837677002,63.32818603515625,3.948660135269165,51.484893798828125,12.829392433166504,35.865447998046875,31.94635772705078,155381.0
2025-11-21,22.209943771362305,21.49570655822754,17.990543365478516,7.323937892913818,63.318443298339844,3.9672861099243164,50.58598327636719,13.086164474487305,35.973445892333984,31.85007667541504,154770.0
2025-11-24,22.097251892089844,21.339378356933594,18.000112533569336,7.342573642730713,63.80550765991211,3.957973003387451,50.566226959228516,13.021970748901367,35.83844757080078,31.85970687866211,155278.0
2025-11-25,22.35080909729004,21.46639633178711,18.143733978271484,7.323937892913818,63.376888275146484,3.957973003387451,51.13916015625,13.021970748901367,35.91944885253906,32.34111404418945,155910.0
2025-11-26,22.660715103149414,21.71066665649414,18.689481735229492,7.342573642730713,63.2599983215332,4.004537582397461,52.02819061279297,13.251230239868164,36.76546096801758,32.91880416870117,158555.0
2025-11-27,22.670106887817383,21.652042388916016,18.651185989379883,7.389163494110107,61.11690902709961,4.051102161407471,52.01831817626953,13.205379486083984,36.63945388793945,32.94769287109375,158292.0
2025-11-28,22.961233139038086,21.95493507385254,18.813945770263672,7.389163494110107,59.90898513793945,4.153543472290039,53.34198760986328,13.416297912597656,37.476470947265625,32.928436279296875,159072.0
2025-12-01,22.820363998413086,21.74974822998047,18.526714324951172,7.361208438873291,60.57139587402344,4.1069793701171875,53.0160026550293,13.388786315917969,37.18622589111328,32.64921951293945,158611.0
2025-12-02,23.477741241455078,22.114328384399414,18.72699546813965,7.43012809753418,61.662418365478516,4.190794944763184,54.507606506347656,13.63638687133789,38.01458740234375,33.506126403808594,161092.0
2025-12-03,23.477741241455078,21.982545852661133,18.209461212158203,7.392744541168213,60.66880416870117,4.134917736053467,55.396644592285156,13.645557403564453,38.01458740234375,33.072853088378906,161755.0
2025-12-04,23.693737030029297,22.365617752075195,18.468229293823242,7.43012809753418,64.58480834960938,4.125604629516602,56.226402282714844,13.70975112915039,38.95100021362305,33.409847259521484,164456.0
2025-12-05,22.867321014404297,20.784212112426758,17.366077423095703,7.346014022827148,62.841121673583984,4.004537582397461,51.7812385559082,13.067822456359863,37.150211334228516,31.936731338500977,157369.0
2025-12-08,23.036361694335938,21.216400146484375,17.490665435791016,7.336667060852051,64.80885314941406,4.088353157043457,52.29490280151367,13.159526824951172,37.33028793334961,31.628629684448242,158187.0
2025-12-09,23.1490535736084,21.10835075378418,17.260652542114258,7.336667060852051,64.44843292236328,4.060414791107178,51.56392288208008,13.232889175415039,37.24925231933594,30.95465660095215,157981.0
2025-12-10,23.1490535736084,21.216400146484375,17.567337036132812,7.346014022827148,66.85453033447266,4.377052307128906,52.778934478759766,13.581366539001465,37.54240798950195,30.665807723999023,159075.0
2025-12-11,23.19601058959961,21.18692970275879,17.76860237121582,7.2899370193481445,67.4000473022461,4.1721696853637695,54.11248016357422,13.700579643249512,37.513858795166016,30.790973663330078,159189.0
2025-12-12,23.289918899536133,21.31462287902832,17.88360595703125,7.336667060852051,71.98819732666016,4.2282891273498535,54.616268157958984,13.737261772155762,37.847015380859375,30.7620906829834,160766.0
2025-12-15,23.524696350097656,21.619117736816406,18.132789611816406,7.346014022827148,75.49506378173828,4.304474353790283,55.77200698852539,13.903437614440918,38.418148040771484,31.715280532836914,162482.0
2025-12-16,23.289918899536133,21.324443817138672,17.63442611694336,7.467512130737305,72.9233627319336,4.304474353790283,52.85795593261719,13.959839820861816,37.42818069458008,30.57915496826172,158578.0
2025-12-17,22.93305778503418,21.167285919189453,17.490665435791016,7.523589134216309,73.15715026855469,4.39970588684082,51.11940383911133,13.837632179260254,37.09502029418945,30.396217346191406,157327.0
2025-12-18,23.261747360229492,21.206575393676758,17.567337036132812,7.532935619354248,76.46920013427734,4.361613750457764,52.117095947265625,13.903437614440918,37.285396575927734,30.85837173461914,157923.0
2025-12-19,22.65132713317871,21.059240341186523,17.73026466369629,7.7733612060546875,76.95626068115234,4.504461288452148,52.11213302612305,14.035045623779297,37.628082275390625,31.11833381652832,158473.0
2025-12-22,23.242963790893555,20.921724319458008,17.481082916259766,7.734494686126709,80.70665740966797,4.609216213226318,51.41411590576172,14.100849151611328,37.704227447509766,31.445693969726562,158142.0
2025-12-23,23.7125186920166,21.36373519897461,17.644006729125977,7.783078193664551,82.80104064941406,4.663636207580566,52.7104377746582,14.307662010192871,38.32295608520508,32.832149505615234,160456.0
2025-12-26,23.75947380065918,21.461959838867188,17.63442611694336,7.802510738372803,76.28411102294922,4.79127311706543,52.301597595214844,14.345263481140137,38.3353271484375,33.00545883178711,160897.0
2025-12-29,23.628000259399414,21.334264755249023,17.720680236816406,7.744210243225098,72.52396392822266,4.830545425415039,52.291622161865234,14.509866714477539,38.217674255371094,32.119667053222656,160490.0
2025-12-30,23.700000762939453,21.530715942382812,17.805164337158203,7.889961242675781,70.50752258300781,4.860000133514404,52.58000183105469,14.751859664916992,38.46278762817383,32.79364013671875,161125.0
2026-01-02,23.649999618530273,21.29497718811035,17.83452796936035,7.909395694732666,64.95745849609375,4.869818210601807,52.189998626708984,14.81961727142334,38.40215301513672,32.47591018676758,160539.0
2026-01-05,24.25,21.491424560546875,18.58802032470703,7.966709136962891,60.96007537841797,4.918909549713135,53.599998474121094,15.410079002380371,38.961265563964844,32.8398323059082,161870.0
2026-01-06,24.25,21.727163314819336,18.695804595947266,7.9179534912109375,56.81278991699219,5.134909152984619,54.310001373291016,15.671431541442871,39.196678161621094,32.82048416137695,163664.0
2026-01-07,24.020000457763672,21.31462287902832,18.46063804626465,7.956956386566162,58.54166030883789,4.9679999351501465,53.25,15.700469017028809,38.568904876708984,32.075443267822266,161975.0
2026-01-08,24.100000381469727,21.432491302490234,18.147083282470703,8.01546573638916,57.49234390258789,4.830545425415039,54.400001525878906,15.797266960144043,39.167259216308594,32.63664245605469,162937.0
2026-01-09,23.90999984741211,21.471782684326172,18.16668128967285,7.995962142944336,58.96138381958008,4.801090717315674,54.720001220703125,16.165096282958984,39.08877944946289,33.01400375366211,163370.0
2026-01-12,24.139999389648438,21.481603622436523,18.029497146606445,8.034967422485352,57.48235321044922,4.869818210601807,54.06999969482422,16.09733772277832,38.735660552978516,32.859188079833984,163150.0
2026-01-13,23.979999542236328,20.823503494262695,17.823726654052734,8.034967422485352,56.06327819824219,4.820727348327637,53.38999938964844,15.526235580444336,38.42177200317383,32.404422760009766,161973.0
2026-01-14,24.06999969482422,21.118173599243164,18.147083282470703,8.005715370178223,55.963348388671875,4.958181858062744,54.5,15.729508399963379,38.84355163574219,32.8785400390625,165146.0
2026-01-15,24.25,21.078882217407227,18.51943016052246,7.947206974029541,57.10260009765625,4.909090995788574,55.08000183105469,15.787586212158203,39.17706298828125,32.06576919555664,165568.0
2026-01-16,23.959999084472656,20.990482330322266,18.52922821044922,7.995962142944336,59.56098937988281,4.879636287689209,54.400001525878906,15.80694580078125,38.85336685180664,32.02706527709961,164800.0
2026-01-19,23.93000030517578,20.931547164916992,18.51943016052246,8.025215148925781,58.761512756347656,4.977818489074707,54.81999969482422,15.797266960144043,38.79450988769531,32.249610900878906,164849.0
2026-01-20,24.059999465942383,21.1574649810791,18.783994674682617,8.025215148925781,57.67222595214844,4.997454643249512,55.099998474121094,15.981180191040039,39.15744400024414,32.897891998291016,166277.0
2026-01-21,24.850000381469727,22.00218963623047,19.36211585998535,8.06422233581543,57.35243606567383,5.18683385848999,57.72999954223633,16.571643829345703,40.87401580810547,33.985042572021484,171817.0
2026-01-22,25.559999465942383,23.03354263305664,19.891239166259766,7.976461410522461,62.73890686035156,4.623470306396484,58.310001373291016,16.987869262695312,42.257083892822266,34.55522918701172,175589.0
2026-01-23,25.809999465942383,23.848804473876953,20.371374130249023,7.976461410522461,65.1573257446289,4.778880596160889,59.09000015258789,17.239540100097656,42.73772048950195,35.13524627685547,178859.0
2026-01-26,25.959999084472656,23.966670989990234,20.45956039428711,7.947206974029541,70.05411529541016,4.7303147315979,60.22999954223633,17.239540100097656,43.30664825439453,34.918968200683594,178721.0
2026-01-27,26.479999542236328,24.251522064208984,20.998485565185547,7.947206974029541,68.98481750488281,4.788593769073486,61.70000076293945,17.53961181640625,44.45429611206055,36.029850006103516,181919.0
2026-01-28,26.8700008392334,24.948911666870117,21.282644271850586,7.927703857421875,68.05542755126953,4.973143577575684,62.220001220703125,18.09135627746582,45.45480728149414,36.8654670715332,184691.0
2026-01-29,26.6200008392334,25.047136306762695,21.00828742980957,7.9374566078186035,74.02152252197266,4.914865016937256,60.970001220703125,18.188154220581055,45.26844024658203,36.324771881103516,183134.0
2026-01-30,26.81999969482422,24.77210807800293,20.880901336669922,8.005715370178223,75.53053283691406,4.918909549713135,59.95000076293945,17.433135986328125,44.630855560302734,35.7054328918457,181364.0
2026-02-02,27.18000030517578,24.85068702697754,21.145465850830078,8.01546573638916,75.35065460205078,4.860000133514404,61.119998931884766,18.00423812866211,45.02158737182617,36.19697189331055,182793.0
2026-02-03,27.239999771118164,25.233762741088867,21.262147903442383,8.08276653289795,78.6085205078125,4.8894548416137695,61.220001220703125,18.033275604248047,45.2767219543457,35.33185958862305,185674.0
2026-02-04,26.610000610351562,24.65424156188965,20.575637817382812,8.102336883544922,77.39930725097656,4.79127311706543,58.20000076293945,17.89776039123535,43.78515625,34.37827682495117,181708.0
2026-02-05,26.469999313354492,24.005962371826172,20.742361068725586,8.112123489379883,74.96090698242188,4.79127311706543,58.97999954223633,17.9461612701416,44.66832733154297,33.96538162231445,182127.0
2026-02-06,26.959999084472656,23.897916793823242,20.212770462036133,8.072980880737305,77.94894409179688,4.801090717315674,60.27000045776367,17.33633804321289,45.87530517578125,33.37553405761719,182950.0
2026-02-09,27.889999389648438,24.379213333129883,20.506986618041992,8.09255313873291,77.43927764892578,4.771636486053467,60.20000076293945,17.713844299316406,47.406124114990234,35.371185302734375,186241.0
2026-02-10,28.1200008392334,24.359567642211914,20.516796112060547,8.219761848449707,77.7091064453125,4.771636486053467,58.939998626708984,17.549291610717773,47.51406478881836,35.9118766784668,185929.0
2026-02-11,28.149999618530273,24.467613220214844,21.124847412109375,8.180621147155762,75.46057891845703,4.781454563140869,59.209999084472656,17.713844299316406,48.446285247802734,36.23629379272461,189699.0
2026-02-12,27.270000457763672,25.567724227905273,20.820819854736328,8.131693840026855,69.95418548583984,4.663636207580566,58.5,17.83000373840332,47.337432861328125,34.663368225097656,187766.0
2026-02-13,26.93000030517578,24.978378295898438,20.56583023071289,8.200191497802734,66.96614074707031,4.7127275466918945,59.59000015258789,17.85904312133789,46.876224517822266,33.916229248046875,186464.0
2026-02-18,26.950000762939453,25.361454010009766,20.506986618041992,8.180621147155762,67.46581268310547,4.781454563140869,60.31999969482422,17.888080596923828,47.09211349487305,34.5453987121582,186016.0
2026-02-19,27.420000076293945,25.990087509155273,20.91889190673828,8.161051750183105,69.45451354980469,4.810909271240234,61.849998474121094,18.294628143310547,47.64162826538086,34.98778533935547,188534.0
2026-02-20,27.889999389648438,26.510677337646484,21.340606689453125,8.219761848449707,73.44189453125,4.771636486053467,62.18000030517578,18.53662109375,48.30890655517578,36.079002380371094,190534.0
2026-02-23,27.360000610351562,26.353515625,20.820819854736328,8.376330375671387,77.23941040039062,4.7127275466918945,60.61000061035156,18.149433135986328,46.56221389770508,34.02436828613281,188854.0
2026-02-24,27.969999313354492,26.85912322998047,20.987545013427734,8.56225299835205,76.94960021972656,4.742181777954102,61.150001525878906,18.26559066772461,47.26873779296875,35.18440246582031,191490.0
2026-02-25,27.6200008392334,27.314697265625,20.761978149414062,8.503539085388184,76.3499984741211,4.722545623779297,61.79999923706055,18.139753341674805,46.89584732055664,33.79825973510742,191248.0
2026-02-26,27.93000030517578,27.01758575439453,20.575637817382812,8.581823348999023,81.64652252197266,4.850182056427002,62.040000915527344,18.052637100219727,46.77809524536133,33.847412109375,191005.0
2026-02-27,27.1299991607666,26.690759658813477,20.742361068725586,8.513324737548828,83.04560852050781,4.899272441864014,61.2599983215332,17.98487663269043,45.904747009277344,32.93314743041992,188787.0
2026-03-02,26.950000762939453,26.690759658813477,20.820819854736328,8.611181259155273,84.33476257324219,5.134909152984619,61.09000015258789,18.062314987182617,45.07835388183594,32.95281219482422,189307.0
2026-03-03,26.3799991607666,25.588708877563477,19.82839584350586,8.492169380187988,79.94763946533203,4.879636287689209,57.5099983215332,17.355697631835938,43.56658172607422,32.14668655395508,183105.0
2026-03-04,26.729999542236328,25.75751304626465,20.113059997558594,8.580525398254395,81.43666076660156,4.928727149963379,59.88999938964844,17.926801681518555,44.18503189086914,32.85449981689453,185366.0
2026-03-05,26.229999542236328,24.824125289916992,19.46520233154297,8.590344429016113,79.13816833496094,4.732363700866699,57.150001525878906,17.44281578063965,42.712528228759766,31.782947540283203,180464.0
2026-03-06,25.850000381469727,24.575883865356445,19.190349578857422,8.580525398254395,77.90897369384766,4.673454761505127,56.0,17.30729866027832,42.14316177368164,30.986652374267578,179365.0
2026-03-09,25.940000534057617,24.52623748779297,19.190349578857422,8.393993377685547,83.0,4.644000053405762,56.70000076293945,17.12338638305664,42.36894607543945,31.075130462646484,180915.0
2026-03-10,26.75,24.9631404876709,19.661523818969727,8.472533226013184,86.58999633789062,4.820727348327637,57.91999816894531,17.404098510742188,42.997215270996094,31.704299926757812,183447.0
2026-03-11,26.780000686645508,25.161733627319336,19.573179244995117,8.44308090209961,85.93000030517578,4.722545623779297,58.220001220703125,17.675127029418945,43.085567474365234,31.45853042602539,183969.0
2026-03-12,26.209999084472656,24.059541702270508,19.033294677734375,8.344904899597168,78.08999633789062,4.624363899230957,56.099998474121094,16.86203384399414,41.90755844116211,30.062557220458984,179285.0
2026-03-13,25.729999542236328,23.58292007446289,18.640653610229492,8.44308090209961,80.0,4.644000053405762,55.11000061035156,16.378049850463867,41.62287521362305,29.708648681640625,177653.0
2026-03-16,26.200000762939453,23.73186492919922,18.650468826293945,8.452898025512695,78.41000366210938,4.899272441864014,55.900001525878906,16.878278732299805,42.211875915527344,29.94458770751953,179875.0
2026-03-17,26.010000228881836,23.503482818603516,18.503231048583984,8.364540100097656,76.5999984741211,4.987636566162109,56.099998474121094,16.829242706298828,41.92719268798828,29.590681076049805,180410.0
2026-03-18,25.81999969482422,23.245311737060547,18.287273406982422,8.40381145477295,80.2300033569336,4.928727149963379,55.41999816894531,16.69194221496582,41.505069732666016,29.14829444885254,179640.0
2026-03-19,25.6299991607666,23.344608306884766,18.29709243774414,8.364540100097656,79.0199966430664,4.860000133514404,55.11000061035156,16.819435119628906,41.79957962036133,29.482542037963867,180271.0
2026-03-20,25.190000534057617,23.10629653930664,17.992795944213867,8.335088729858398,74.5999984741211,4.7618184089660645,52.7400016784668,16.40753173828125,41.12541580200195,28.755062103271484,176219.0
2026-03-23,25.670000076293945,23.791440963745117,18.650468826293945,8.511804580688477,77.38999938964844,4.977818489074707,55.22999954223633,17.074426651000977,42.34284210205078,29.6496639251709,181932.0
2026-03-24,25.219999313354492,23.483623504638672,18.591577529907227,8.384176254272461,75.06999969482422,4.879636287689209,55.630001068115234,16.9959659576416,42.10529327392578,29.462879180908203,182509.0
2026-03-25,25.65999984741211,23.69214630126953,18.925321578979492,8.521621704101562,76.7699966430664,4.9385457038879395,56.68000030517578,17.31960678100586,42.65957260131836,29.610342025756836,185424.0
2026-03-26,25.219999313354492,22.89777374267578,18.473783493041992,8.482351303100586,73.5999984741211,4.860000133514404,55.20000076293945,16.917509078979492,41.51142501831055,29.108972549438477,182733.0
2026-03-27,24.809999465942383,22.500587463378906,18.179302215576172,8.625429153442383,72.08999633789062,4.7618184089660645,53.529998779296875,16.417339324951172,41.02643966674805,28.81404685974121,181557.0
2026-03-30,24.719999313354492,22.242416381835938,18.130220413208008,8.655136108398438,72.0,4.742181777954102,53.400001525878906,16.221195220947266,41.17490005493164,29.02049446105957,182514.0
2026-03-31,25.399999618530273,22.83819580078125,18.817344665527344,8.635331153869629,74.1500015258789,4.909090995788574,56.290000915527344,16.917509078979492,43.03569412231445,30.12154197692871,187462.0
2026-04-01,26.219999313354492,23.463762283325195,19.072561264038086,8.684845924377441,76.41999816894531,5.184000492095947,57.599998474121094,17.47652244567871,43.400264739990234,30.672067642211914,187953.0
2026-04-02,26.030000686645508,23.225452423095703,18.786609649658203,8.773050308227539,76.7699966430664,5.203636646270752,57.27000045776367,17.505945205688477,42.87546157836914,30.70155906677246,188052.0
2026-04-06,26.229999542236328,23.26517105102539,18.992948532104492,8.723372459411621,78.5,5.203636646270752,57.709999084472656,17.496137619018555,43.063602447509766,30.534435272216797,188162.0
2026-04-07,26.1200008392334,23.275100708007812,19.1699161529541,8.653823852539062,79.98999786376953,5.233090877532959,58.209999084472656,17.349027633666992,43.03389358520508,30.239513397216797,188259.0
2026-04-08,26.489999771118164,24.317712783813477,20.127912521362305,8.763114929199219,81.4000015258789,5.478545665740967,62.119998931884766,17.868810653686523,44.53899002075195,30.87851333618164,192201.0
2026-04-09,27.149999618530273,24.54609489440918,20.247663497924805,8.723372459411621,77.95999908447266,5.586545467376709,63.04999923706055,18.290523529052734,45.30143737792969,31.438867568969727,195129.0
2026-04-10,27.049999237060547,24.5560245513916,20.397350311279297,8.773050308227539,82.30000305175781,5.557090759277344,62.779998779296875,18.339561462402344,45.61830139160156,31.57649803161621,197324.0
2026-04-13,27.40999984741211,24.575883865356445,20.54703712463379,8.763114929199219,82.1500015258789,5.782908916473389,63.79999923706055,18.545513153076172,45.38066101074219,31.488021850585938,198001.0
2026-04-14,27.309999465942383,25.201452255249023,20.73664093017578,9.001566886901855,82.30999755859375,5.665091037750244,63.25,16.476181030273438,46.073787689208984,31.527345657348633,198657.0
2026-04-15,27.3700008392334,24.22834587097168,20.7565975189209,9.031373023986816,79.5,5.517817974090576,64.33000183105469,16.436952590942383,46.578792572021484,31.143945693969727,197738.0
2026-04-16,26.700000762939453,24.10919189453125,20.806493759155273,9.130727767944336,80.30000305175781,5.429454803466797,64.33999633789062,16.280038833618164,46.51938247680664,30.917837142944336,196819.0
2026-04-17,26.709999084472656,24.22834587097168,21.21563720703125,9.190340995788574,78.62999725341797,5.449090957641602,63.599998474121094,16.32907485961914,46.34114456176758,31.05546760559082,195734.0
2026-04-20,26.209999084472656,24.10919189453125,20.98611831665039,9.140663146972656,76.70999908447266,5.488363742828369,64.12999725341797,15.789674758911133,45.91536331176758,31.06529998779297,196132.0
2026-04-22,25.690000534057617,23.235382080078125,20.36741065979004,9.041309356689453,76.0,5.360727310180664,62.029998779296875,15.87794017791748,44.588497161865234,30.110000610351562,192889.0
2026-04-23,25.15999984741211,22.83819580078125,19.928329467773438,9.130727767944336,73.93000030517578,5.301818370819092,60.959999084472656,15.917169570922852,43.74683380126953,29.860000610351562,191378.0
2026-04-24,25.280000686645508,22.540307998657227,19.878433227539062,9.240019798278809,73.87999725341797,5.291999816894531,60.880001068115234,15.642565727233887,43.93497085571289,29.68000030517578,190745.0
2026-04-27,24.93000030517578,22.351642608642578,19.68882942199707,9.08105182647705,72.69000244140625,5.311636447906494,60.5099983215332,15.456229209899902,43.55870056152344,29.670000076293945,189579.0
2026-04-28,25.06999969482422,22.381433486938477,19.529163360595703,8.991631507873535,71.08999633789062,5.272363662719727,60.18000030517578,15.524879455566406,43.66761779785156,29.420000076293945,188619.0
2026-04-29,24.799999237060547,21.557270050048828,19.07012367248535,8.82272720336914,71.98999786376953,5.184000492095947,58.56999969482422,15.152203559875488,42.449676513671875,28.639999389648438,184750.0
2026-04-30,25.059999465942383,22.053752899169922,19.279685974121094,9.061180114746094,72.8499984741211,5.252727508544922,59.34000015258789,15.318926811218262,42.766536712646484,29.040000915527344,187318.0
2026-05-04,24.719999313354492,21.755863189697266,18.870542526245117,8.932018280029297,70.83000183105469,5.272363662719727,58.11000061035156,15.06393814086914,42.00196838378906,28.559999465942383,185600.0
2026-05-05,24.940000534057617,21.76579475402832,19.169193267822266,8.870994567871094,73.05999755859375,5.350909233093262,57.939998626708984,15.123897552490234,42.061405181884766,28.770000457763672,186754.0
2026-05-06,25.309999465942383,21.914737701416016,19.249107360839844,8.920831680297852,72.41000366210938,5.350909233093262,59.02000045776367,15.320951461791992,41.387786865234375,29.329999923706055,187691.0
2026-05-07,24.100000381469727,21.537412643432617,18.499919891357422,8.910863876342773,72.0,5.301818370819092,57.20000076293945,14.966254234313965,40.40708541870117,28.420000076293945,183218.0
2026-05-08,24.309999465942383,21.646636962890625,18.569843292236328,9.000571250915527,71.30000305175781,5.341091156005859,58.650001525878906,15.035223960876465,40.8726692199707,28.549999237060547,184108.0
2026-05-11,24.149999618530273,21.38846778869629,18.070384979248047,8.920831680297852,68.66000366210938,5.400000095367432,56.959999084472656,14.710083961486816,39.95140075683594,27.829999923706055,181909.0
2026-05-12,23.989999771118164,21.170015335083008,17.94052505493164,8.89093017578125,68.7699966430664,5.289999961853027,57.0,14.552441596984863,39.4957160949707,27.649999618530273,180342.0
2026-05-13,23.899999618530273,20.613954544067383,17.630863189697266,8.89093017578125,65.94000244140625,5.230000019073486,54.93000030517578,14.325828552246094,39.257972717285156,27.020000457763672,177098.0
2026-05-14,23.889999389648438,20.613954544067383,17.82065773010254,8.89093017578125,69.58000183105469,5.199999809265137,55.38999938964844,14.286417961120605,40.02074432373047,27.139999389648438,178366.0
2026-05-15,24.06999969482422,20.55437660217285,17.670820236206055,8.731451034545898,67.18000030517578,5.159999847412109,54.5,14.187891006469727,39.32731246948242,26.920000076293945,177284.0
2026-05-18,23.670000076293945,20.27634620666504,17.640851974487305,8.601875305175781,66.9000015258789,5.150000095367432,54.18000030517578,14.306123733520508,39.24806594848633,26.850000381469727,176976.0
2026-05-19,23.389999389648438,20.087682723999023,17.371143341064453,8.472298622131348,67.52999877929688,5.059999942779541,53.06999969482422,14.217449188232422,38.415950775146484,26.75,174279.0
2026-05-20,24.389999389648438,20.55437660217285,17.840635299682617,8.512167930603027,71.5,5.210000038146973,54.20000076293945,14.57214641571045,39.29759216308594,27.450000762939453,177356.0
2026-05-21,24.5,20.673532485961914,17.880590438842773,8.581939697265625,74.56999969482422,5.260000228881836,54.369998931884766,14.601703643798828,39.743370056152344,27.59000015258789,177650.0
2026-05-22,24.3799991607666,20.792688369750977,17.60089683532715,8.562005043029785,74.80000305175781,5.170000076293945,53.93000030517578,14.434207916259766,39.059852600097656,27.100000381469727,176210.0
2026-05-25,24.799999237060547,21.497692108154297,18.05040740966797,8.571972846984863,82.0,5.380000114440918,55.900001525878906,14.710083961486816,39.94149398803711,27.639999389648438,177359.0
2026-05-26,24.559999465942383,20.96149253845215,17.82065773010254,8.581939697265625,80.69999694824219,5.289999961853027,55.5,14.601703643798828,39.683937072753906,27.31999969482422,176589.0
2026-05-27,24.510000228881836,20.92177391052246,17.980484008789062,8.591907501220703,85.6500015258789,5.170000076293945,54.9900016784668,14.542588233947754,39.94149398803711,27.469999313354492,175744.0
2026-05-28,24.459999084472656,20.465009689331055,17.880590438842773,8.671646118164062,85.72000122070312,5.099999904632568,54.29999923706055,14.394797325134277,39.6245002746582,27.219999313354492,175063.0
2026-05-29,24.5,20.157190322875977,17.680809020996094,8.811190605163574,85.26000213623047,5.03000020980835,53.75,14.41450309753418,39.66412353515625,27.15999984741211,173788.0
2026-06-01,24.3799991607666,19.938737869262695,17.48102569580078,8.801222801208496,74.51000213623047,5.019999980926514,52.75,14.355386734008789,39.00822067260742,27.209999084472656,172198.0
2026-06-02,24.5,19.889999389648438,17.75,8.789999961853027,76.55000305175781,5.090000152587891,53.25,14.503177642822266,39.2064323425293,27.360000610351562,174198.0
2026-06-03,23.709999084472656,19.530000686645508,17.3700008392334,8.75,77.37999725341797,5.03000020980835,50.709999084472656,13.961278915405273,38.373939514160156,26.719999313354492,170331.0
2026-06-05,23.829999923706055,19.170000076293945,17.469999313354492,8.619999885559082,77.69999694824219,5.0,50.650001525878906,14.099217414855957,38.48295593261719,26.729999542236328,169019.0
2026-06-08,23.600000381469727,19.100000381469727,17.200000762939453,8.550000190734863,79.0,4.989999771118164,50.5,14.069658279418945,38.17572784423828,26.780000686645508,168669.0
2026-06-09,24.43000030517578,19.110000610351562,17.43000030517578,8.579999923706055,76.86000061035156,5.039999961853027,50.849998474121094,14.276564598083496,38.86947250366211,27.170000076293945,169813.0
2026-06-10,24.079999923706055,19.0,17.260000228881836,8.579999923706055,73.9800033569336,4.96999979019165,49.20000076293945,14.217449188232422,39.00822067260742,27.0,168619.0
2026-06-11,24.6200008392334,19.40999984741211,17.68000030517578,8.699999809265137,73.16000366210938,5.110000133514404,50.47999954223633,14.798758506774902,40.138031005859375,27.170000076293945,171497.0
2026-06-12,24.8700008392334,19.459999084472656,17.799999237060547,8.760000228881836,73.62999725341797,5.070000171661377,50.38999938964844,14.71993637084961,40.23713302612305,27.1299991607666,171133.0
2026-06-15,24.729999542236328,19.389999389648438,17.649999618530273,8.789999961853027,72.58999633789062,5.159999847412109,50.880001068115234,14.65999984741211,40.03892517089844,27.09000015258789,170415.0
2026-06-16,24.309999465942383,19.399999618530273,17.65999984741211,8.720000267028809,73.01000213623047,5.170000076293945,50.70000076293945,14.390000343322754,40.088478088378906,27.09000015258789,169649.0
2026-06-17,24.149999618530273,19.40999984741211,17.549999237060547,8.699999809265137,70.97000122070312,5.300000190734863,50.38999938964844,14.40999984741211,40.43534851074219,27.079999923706055,168454.0
2026-06-18,24.170000076293945,19.530000686645508,17.469999313354492,8.6899995803833,69.25,5.380000114440918,50.849998474121094,14.380000114440918,40.12812042236328,26.719999313354492,168278.0
2026-06-19,24.239999771118164,19.420000076293945,17.469999313354492,8.600000381469727,69.5,5.150000095367432,50.63999938964844,13.710000038146973,39.869998931884766,26.8799991607666,168576.0
2026-06-22,24.110000610351562,19.579999923706055,17.68000030517578,8.5600004196167,68.19000244140625,5.239999771118164,52.209999084472656,13.869999885559082,40.939998626708984,26.950000762939453,170370.0
2026-06-23,24.0,19.860000610351562,17.84000015258789,8.600000381469727,66.72000122070312,5.360000133514404,52.79999923706055,13.550000190734863,41.04999923706055,26.75,171259.0
2026-06-24,24.030000686645508,19.729999542236328,17.649999618530273,8.710000038146973,67.5,5.21999979019165,53.65999984741211,13.300000190734863,40.970001220703125,26.3799991607666,170507.0
2026-06-25,25.06999969482422,20.049999237060547,17.6200008392334,8.550000190734863,69.4800033569336,5.25,54.29999923706055,13.300000190734863,41.70000076293945,26.200000762939453,171990.0
2026-06-26,25.190000534057617,20.34000015258789,17.920000076293945,8.5,68.0,5.300000190734863,54.65999984741211,13.819999694824219,42.2400016784668,26.350000381469727,173295.140625
