ano;trimestre;banco_bc;ticker;no_universo;eh_bdr;f1_solida;categoria;indice;recl_total;recl_procedentes;razao_procedente;clientes
2017;1;ABC-BRASIL;ABCB4;True;False;False;Menos de quatro milhões de clientes;;7.0;0.0;0.0;15653.0
2017;1;AGIPLAN;;False;False;False;Menos de quatro milhões de clientes;50.22;133.0;16.0;0.12030075187969924;318590.0
2017;1;ALFA;;False;False;False;Menos de quatro milhões de clientes;31.2;71.0;15.0;0.2112676056338028;480685.0
2017;1;ANDBANK;;False;False;False;Menos de quatro milhões de clientes;;2.0;0.0;0.0;6870.0
2017;1;BANCOOB;;False;False;False;Menos de quatro milhões de clientes;;58.0;4.0;0.06896551724137931;1770960.0
2017;1;BANESTES;BEES3;True;False;False;Menos de quatro milhões de clientes;;19.0;9.0;0.47368421052631576;1298766.0
2017;1;BANIF;;False;False;False;Menos de quatro milhões de clientes;;1.0;0.0;0.0;2583.0
2017;1;BANRISUL;BRSR6;True;False;True;Mais de quatro milhões de clientes;13.37;366.0;59.0;0.16120218579234974;4410257.0
2017;1;BARIGUI;;False;False;False;Menos de quatro milhões de clientes;;14.0;2.0;0.14285714285714285;32387.0
2017;1;BB;BBAS3;True;False;True;Mais de quatro milhões de clientes;25.84;9617.0;1536.0;0.15971716751585732;59432237.0
2017;1;BMG;BMGB4;True;False;True;Menos de quatro milhões de clientes;31.44;859.0;107.0;0.12456344586728754;3402623.0
2017;1;BMW;;False;False;False;Menos de quatro milhões de clientes;;1.0;0.0;0.0;18428.0
2017;1;BNP PARIBAS;;False;False;False;Menos de quatro milhões de clientes;49.42;1168.0;135.0;0.11558219178082192;2731519.0
2017;1;BRADESCO;BBDC4;True;False;True;Mais de quatro milhões de clientes;25.82;10844.0;2379.0;0.21938399114717816;92106865.0
2017;1;BRB;;False;False;False;Menos de quatro milhões de clientes;52.34;358.0;43.0;0.12011173184357542;821430.0
2017;1;BTG PACTUAL;;False;False;False;Menos de quatro milhões de clientes;;2.0;0.0;0.0;40663.0
2017;1;CAIXA ECONÔMICA FEDERAL;;False;False;False;Mais de quatro milhões de clientes;24.61;10804.0;2068.0;0.19141058867086264;84016461.0
2017;1;CCB;;False;False;False;Menos de quatro milhões de clientes;;284.0;11.0;0.03873239436619718;328050.0
2017;1;CITIBANK;;False;False;False;Menos de quatro milhões de clientes;46.64;350.0;61.0;0.1742857142857143;1307799.0
2017;1;DACASA FINANCEIRA;;False;False;False;Menos de quatro milhões de clientes;;15.0;2.0;0.13333333333333333;1198038.0
2017;1;DAYCOVAL;;False;False;False;Menos de quatro milhões de clientes;25.93;551.0;23.0;0.041742286751361164;886863.0
2017;1;DEUTSCHE;;False;False;False;Menos de quatro milhões de clientes;;1.0;0.0;0.0;4043.0
2017;1;FATOR;;False;False;False;Menos de quatro milhões de clientes;;1.0;0.0;0.0;10677.0
2017;1;FINAXIS;;False;False;False;Menos de quatro milhões de clientes;;1.0;0.0;0.0;3710.0
2017;1;GMAC;;False;False;False;Menos de quatro milhões de clientes;;59.0;4.0;0.06779661016949153;497344.0
2017;1;GRUPO ZEMA;;False;False;False;Menos de quatro milhões de clientes;;1.0;0.0;0.0;135955.0
2017;1;HERVAL - HS;;False;False;False;Menos de quatro milhões de clientes;;3.0;1.0;0.3333333333333333;235565.0
2017;1;HONDA;;False;False;False;Menos de quatro milhões de clientes;;24.0;2.0;0.08333333333333333;453144.0
2017;1;INDUSTRIAL DO BRASIL;;False;False;False;Menos de quatro milhões de clientes;;12.0;2.0;0.16666666666666666;56726.0
2017;1;INDUSVAL;;False;False;False;Menos de quatro milhões de clientes;;2.0;0.0;0.0;6911.0
2017;1;INTERMEDIUM;;False;False;False;Menos de quatro milhões de clientes;;210.0;10.0;0.047619047619047616;330435.0
2017;1;ITAU;ITUB4;True;False;True;Mais de quatro milhões de clientes;18.66;9275.0;1279.0;0.13789757412398923;68531765.0
2017;1;LECCA;;False;False;False;Menos de quatro milhões de clientes;;3.0;0.0;0.0;22383.0
2017;1;MERCANTIL DO BRASIL;BMEB4;True;False;True;Menos de quatro milhões de clientes;22.31;373.0;51.0;0.13672922252010725;2285143.0
2017;1;MERCEDES-BENZ;;False;False;False;Menos de quatro milhões de clientes;;4.0;0.0;0.0;26987.0
2017;1;MODAL;;False;False;False;Menos de quatro milhões de clientes;;4.0;0.0;0.0;5170.0
2017;1;OMNI;;False;False;False;Menos de quatro milhões de clientes;;88.0;6.0;0.06818181818181818;3183466.0
2017;1;ORIGINAL;;False;False;False;Menos de quatro milhões de clientes;;117.0;0.0;0.0;373893.0
2017;1;OURINVEST;;False;False;False;Menos de quatro milhões de clientes;;1.0;1.0;1.0;16543.0
2017;1;PAN;;False;False;False;Menos de quatro milhões de clientes;104.5;2017.0;316.0;0.15666831928606842;3023698.0
2017;1;PARANÁ BANCO;;False;False;False;Menos de quatro milhões de clientes;90.16;306.0;57.0;0.18627450980392157;632181.0
2017;1;PERNAMBUCANAS;;False;False;False;Mais de quatro milhões de clientes;0.91;45.0;4.0;0.08888888888888889;4374493.0
2017;1;PINE;;False;False;False;Menos de quatro milhões de clientes;;1.0;0.0;0.0;3954.0
2017;1;PORTO SEGURO;;False;False;False;Menos de quatro milhões de clientes;35.15;119.0;43.0;0.36134453781512604;1223017.0
2017;1;RENDIMENTO;;False;False;False;Menos de quatro milhões de clientes;;9.0;0.0;0.0;17439.0
2017;1;RODOBENS;;False;False;False;Menos de quatro milhões de clientes;;5.0;0.0;0.0;16847.0
2017;1;SAFRA;;False;False;False;Menos de quatro milhões de clientes;107.1;614.0;104.0;0.16938110749185667;971010.0
2017;1;SANTANDER;SANB11;True;False;True;Mais de quatro milhões de clientes;21.87;6206.0;821.0;0.13229133097002901;37527740.0
2017;1;SANTINVEST;;False;False;False;Menos de quatro milhões de clientes;;11.0;4.0;0.36363636363636365;11575.0
2017;1;SCANIA;;False;False;False;Menos de quatro milhões de clientes;;2.0;0.0;0.0;3866.0
2017;1;SICREDI;;False;False;False;Menos de quatro milhões de clientes;;1.0;0.0;0.0;2809169.0
2017;1;SOCIETE GENERALE;;False;False;False;Menos de quatro milhões de clientes;;25.0;3.0;0.12;1593953.0
2017;1;SOCOPA;;False;False;False;Menos de quatro milhões de clientes;;2.0;0.0;0.0;24946.0
2017;1;SOFISA;SFSA4;True;False;False;Menos de quatro milhões de clientes;;8.0;0.0;0.0;61599.0
2017;1;VOLKSWAGEN;;False;False;False;Menos de quatro milhões de clientes;;53.0;2.0;0.03773584905660377;494593.0
2017;1;VOLVO;;False;False;False;Menos de quatro milhões de clientes;;1.0;0.0;0.0;10259.0
2017;1;VOTORANTIM;;False;False;False;Mais de quatro milhões de clientes;7.78;562.0;32.0;0.05693950177935943;4109589.0
2017;1;WESTERN UNION;;False;False;False;Menos de quatro milhões de clientes;;5.0;1.0;0.2;3.0
2017;1;YAMAHA MOTOR;;False;False;False;Menos de quatro milhões de clientes;;14.0;0.0;0.0;105588.0
2017;2;ABC-BRASIL;ABCB4;True;False;False;Menos de quatro milhões de clientes;;2.0;0.0;0.0;15602.0
2017;2;AGIPLAN;;False;False;False;Menos de quatro milhões de clientes;130.84;169.0;47.0;0.2781065088757396;359217.0
2017;2;ALFA;;False;False;False;Menos de quatro milhões de clientes;50.99;89.0;24.0;0.2696629213483146;470652.0
2017;2;BANCOOB;;False;False;False;Menos de quatro milhões de clientes;;57.0;4.0;0.07017543859649122;1862163.0
2017;2;BANESTES;BEES3;True;False;False;Menos de quatro milhões de clientes;13.73;35.0;18.0;0.5142857142857142;1310617.0
2017;2;BANIF;;False;False;False;Menos de quatro milhões de clientes;;5.0;0.0;0.0;1306.0
2017;2;BANRISUL;BRSR6;True;False;True;Mais de quatro milhões de clientes;15.86;504.0;71.0;0.14087301587301587;4474462.0
2017;2;BARIGUI;;False;False;False;Menos de quatro milhões de clientes;;13.0;4.0;0.3076923076923077;32008.0
2017;2;BB;BBAS3;True;False;True;Mais de quatro milhões de clientes;21.71;8272.0;1298.0;0.15691489361702127;59776953.0
2017;2;BMG;BMGB4;True;False;True;Menos de quatro milhões de clientes;47.75;1057.0;167.0;0.15799432355723747;3496999.0
2017;2;BMW;;False;False;False;Menos de quatro milhões de clientes;;2.0;0.0;0.0;17244.0
2017;2;BNP PARIBAS;;False;False;False;Menos de quatro milhões de clientes;56.93;1103.0;159.0;0.1441523118766999;2792641.0
2017;2;BNY MELLON;;False;False;False;Menos de quatro milhões de clientes;;1.0;0.0;0.0;1709.0
2017;2;BOFA MERRILL LYNCH;;False;False;False;Menos de quatro milhões de clientes;;1.0;0.0;0.0;1396.0
2017;2;BRADESCO;BBDC4;True;False;True;Mais de quatro milhões de clientes;24.45;9855.0;2264.0;0.22973110096397767;92585594.0
2017;2;BRB;;False;False;False;Menos de quatro milhões de clientes;60.09;314.0;50.0;0.1592356687898089;832078.0
2017;2;BTG PACTUAL;;False;False;False;Menos de quatro milhões de clientes;;2.0;0.0;0.0;85937.0
2017;2;CAIXA ECONÔMICA FEDERAL;;False;False;False;Mais de quatro milhões de clientes;29.11;11962.0;2488.0;0.2079919745861896;85458741.0
2017;2;CCB;;False;False;False;Menos de quatro milhões de clientes;51.26;458.0;17.0;0.03711790393013101;331620.0
2017;2;CITIBANK;;False;False;False;Menos de quatro milhões de clientes;39.28;368.0;52.0;0.14130434782608695;1323821.0
2017;2;CREDIT AGRICOLE;;False;False;False;Menos de quatro milhões de clientes;;1.0;0.0;0.0;2519.0
2017;2;CREDIT SUISSE;;False;False;False;Menos de quatro milhões de clientes;;1.0;0.0;0.0;3607.0
2017;2;CREFISA;;False;False;False;Menos de quatro milhões de clientes;10.55;132.0;16.0;0.12121212121212122;1516424.0
2017;2;DACASA FINANCEIRA;;False;False;False;Menos de quatro milhões de clientes;;9.0;3.0;0.3333333333333333;1200776.0
2017;2;DAYCOVAL;;False;False;False;Menos de quatro milhões de clientes;;615.0;13.0;0.02113821138211382;927015.0
2017;2;DEUTSCHE;;False;False;False;Menos de quatro milhões de clientes;;1.0;0.0;0.0;3673.0
2017;2;GMAC;;False;False;False;Menos de quatro milhões de clientes;;70.0;5.0;0.07142857142857142;477470.0
2017;2;GRUPO ZEMA;;False;False;False;Menos de quatro milhões de clientes;;1.0;1.0;1.0;136244.0
2017;2;HERVAL - HS;;False;False;False;Menos de quatro milhões de clientes;;1.0;1.0;1.0;240350.0
2017;2;HONDA;;False;False;False;Menos de quatro milhões de clientes;;26.0;2.0;0.07692307692307693;454625.0
2017;2;INDUSTRIAL DO BRASIL;;False;False;False;Menos de quatro milhões de clientes;;6.0;3.0;0.5;57689.0
2017;2;INDUSVAL;;False;False;False;Menos de quatro milhões de clientes;;1.0;0.0;0.0;6929.0
2017;2;INTERMEDIUM;;False;False;False;Menos de quatro milhões de clientes;54.16;398.0;20.0;0.05025125628140704;369262.0
2017;2;ITAU;ITUB4;True;False;True;Mais de quatro milhões de clientes;21.33;9610.0;1468.0;0.15275754422476587;68821561.0
2017;2;JP MORGAN CHASE;;False;False;False;Menos de quatro milhões de clientes;;2.0;0.0;0.0;4181.0
2017;2;LECCA;;False;False;False;Menos de quatro milhões de clientes;;3.0;1.0;0.3333333333333333;21481.0
2017;2;MÁXIMA;;False;False;False;Menos de quatro milhões de clientes;;1.0;0.0;0.0;29238.0
2017;2;MERCANTIL DO BRASIL;BMEB4;True;False;True;Menos de quatro milhões de clientes;16.88;389.0;40.0;0.10282776349614396;2368432.0
2017;2;MERCEDES-BENZ;;False;False;False;Menos de quatro milhões de clientes;;1.0;0.0;0.0;24446.0
2017;2;MODAL;;False;False;False;Menos de quatro milhões de clientes;;5.0;1.0;0.2;5257.0
2017;2;OMNI;;False;False;False;Mais de quatro milhões de clientes;4.12;108.0;17.0;0.1574074074074074;4125165.0
2017;2;ORIGINAL;;False;False;False;Menos de quatro milhões de clientes;;139.0;6.0;0.04316546762589928;447763.0
2017;2;OURINVEST;;False;False;False;Menos de quatro milhões de clientes;;2.0;0.0;0.0;17104.0
2017;2;PAN;;False;False;False;Menos de quatro milhões de clientes;81.21;2196.0;236.0;0.10746812386156648;2905904.0
2017;2;PARANÁ BANCO;;False;False;False;Menos de quatro milhões de clientes;54.45;422.0;35.0;0.08293838862559241;642783.0
2017;2;PERNAMBUCANAS;;False;False;False;Mais de quatro milhões de clientes;2.86;60.0;13.0;0.21666666666666667;4532183.0
2017;2;PINE;;False;False;False;Menos de quatro milhões de clientes;;1.0;1.0;1.0;4138.0
2017;2;PORTO SEGURO;;False;False;False;Menos de quatro milhões de clientes;40.44;157.0;51.0;0.3248407643312102;1260965.0
2017;2;RENDIMENTO;;False;False;False;Menos de quatro milhões de clientes;;5.0;2.0;0.4;17101.0
2017;2;RODOBENS;;False;False;False;Menos de quatro milhões de clientes;;6.0;1.0;0.16666666666666666;15829.0
2017;2;SAFRA;;False;False;False;Menos de quatro milhões de clientes;44.12;676.0;46.0;0.06804733727810651;1042575.0
2017;2;SANTANDER;SANB11;True;False;True;Mais de quatro milhões de clientes;28.58;6700.0;1089.0;0.1625373134328358;38098966.0
2017;2;SANTINVEST;;False;False;False;Menos de quatro milhões de clientes;;3.0;1.0;0.3333333333333333;12748.0
2017;2;SICREDI;;False;False;False;Menos de quatro milhões de clientes;;1.0;0.0;0.0;2949569.0
2017;2;SOCIETE GENERALE;;False;False;False;Menos de quatro milhões de clientes;;23.0;4.0;0.17391304347826086;251132.0
2017;2;SOCOPA;;False;False;False;Menos de quatro milhões de clientes;;4.0;0.0;0.0;25307.0
2017;2;SOFISA;SFSA4;True;False;False;Menos de quatro milhões de clientes;;7.0;0.0;0.0;70159.0
2017;2;VOLKSWAGEN;;False;False;False;Menos de quatro milhões de clientes;;65.0;6.0;0.09230769230769231;470819.0
2017;2;VOLVO;;False;False;False;Menos de quatro milhões de clientes;;5.0;1.0;0.2;10123.0
2017;2;VOTORANTIM;;False;False;False;Mais de quatro milhões de clientes;14.98;517.0;61.0;0.11798839458413926;4069729.0
2017;2;WESTERN UNION;;False;False;False;Menos de quatro milhões de clientes;;5.0;0.0;0.0;3.0
2017;2;YAMAHA MOTOR;;False;False;False;Menos de quatro milhões de clientes;;15.0;0.0;0.0;108446.0
2017;3;ABC-BRASIL;ABCB4;True;False;False;Menos de quatro milhões de clientes;;1.0;0.0;0.0;15684.0
2017;3;AGIPLAN;;False;False;False;Menos de quatro milhões de clientes;56.08;214.0;23.0;0.10747663551401869;410110.0
2017;3;ALFA;;False;False;False;Menos de quatro milhões de clientes;47.75;90.0;22.0;0.24444444444444444;460731.0
2017;3;ANDBANK;;False;False;False;Menos de quatro milhões de clientes;;2.0;0.0;0.0;7117.0
2017;3;BANCOOB;;False;False;False;Menos de quatro milhões de clientes;;41.0;1.0;0.024390243902439025;1930034.0
2017;3;BANESTES;BEES3;True;False;False;Menos de quatro milhões de clientes;;32.0;8.0;0.25;1322844.0
2017;3;BANIF;;False;False;False;Menos de quatro milhões de clientes;;1.0;0.0;0.0;518.0
2017;3;BANRISUL;BRSR6;True;False;True;Mais de quatro milhões de clientes;15.97;492.0;72.0;0.14634146341463414;4506706.0
2017;3;BARIGUI;;False;False;False;Menos de quatro milhões de clientes;;25.0;9.0;0.36;32743.0
2017;3;BB;BBAS3;True;False;True;Mais de quatro milhões de clientes;22.0;8261.0;1315.0;0.15918169713109792;59756725.0
2017;3;BMG;BMGB4;True;False;True;Menos de quatro milhões de clientes;46.3;1054.0;168.0;0.15939278937381404;3628231.0
2017;3;BMW;;False;False;False;Menos de quatro milhões de clientes;;2.0;0.0;0.0;17409.0
2017;3;BNP PARIBAS;;False;False;False;Menos de quatro milhões de clientes;42.62;1123.0;123.0;0.10952804986642921;2885487.0
2017;3;BOCOM;;False;False;False;Menos de quatro milhões de clientes;;4.0;2.0;0.5;12479.0
2017;3;BRADESCO;BBDC4;True;False;True;Mais de quatro milhões de clientes;23.99;10063.0;2267.0;0.22528073139222896;94473132.0
2017;3;BRASIL PLURAL;;False;False;False;Menos de quatro milhões de clientes;;2.0;1.0;0.5;2943.0
2017;3;BRB;;False;False;False;Menos de quatro milhões de clientes;131.23;427.0;109.0;0.25526932084309134;830562.0
2017;3;BTG PACTUAL;;False;False;False;Menos de quatro milhões de clientes;;3.0;0.0;0.0;88582.0
2017;3;CAIXA ECONÔMICA FEDERAL;;False;False;False;Mais de quatro milhões de clientes;31.88;12974.0;2764.0;0.21304146755048559;86673233.0
2017;3;CCB;;False;False;False;Menos de quatro milhões de clientes;;379.0;11.0;0.029023746701846966;338144.0
2017;3;CITIBANK;;False;False;False;Menos de quatro milhões de clientes;61.23;388.0;83.0;0.21391752577319587;1355504.0
2017;3;CREDIT SUISSE;;False;False;False;Menos de quatro milhões de clientes;;1.0;0.0;0.0;3485.0
2017;3;CREFISA;;False;False;False;Menos de quatro milhões de clientes;11.47;131.0;18.0;0.13740458015267176;1568001.0
2017;3;DACASA FINANCEIRA;;False;False;False;Menos de quatro milhões de clientes;;10.0;0.0;0.0;1215584.0
2017;3;DAYCOVAL;;False;False;False;Menos de quatro milhões de clientes;;493.0;12.0;0.02434077079107505;913973.0
2017;3;GMAC;;False;False;False;Menos de quatro milhões de clientes;;69.0;3.0;0.043478260869565216;463229.0
2017;3;HERVAL - HS;;False;False;False;Menos de quatro milhões de clientes;;2.0;0.0;0.0;246527.0
2017;3;HONDA;;False;False;False;Menos de quatro milhões de clientes;;29.0;2.0;0.06896551724137931;456950.0
2017;3;INDUSTRIAL DO BRASIL;;False;False;False;Menos de quatro milhões de clientes;;20.0;2.0;0.1;57877.0
2017;3;INDUSVAL;;False;False;False;Menos de quatro milhões de clientes;;1.0;0.0;0.0;6855.0
2017;3;ING;;False;False;False;Menos de quatro milhões de clientes;;2.0;0.0;0.0;213.0
2017;3;INTERMEDIUM;;False;False;False;Menos de quatro milhões de clientes;76.35;558.0;34.0;0.06093189964157706;445291.0
2017;3;ITAU;ITUB4;True;False;True;Mais de quatro milhões de clientes;17.2;8983.0;1266.0;0.14093287320494266;73588791.0
2017;3;LECCA;;False;False;False;Menos de quatro milhões de clientes;;2.0;0.0;0.0;22511.0
2017;3;MÁXIMA;;False;False;False;Menos de quatro milhões de clientes;;1.0;0.0;0.0;4648.0
2017;3;MERCANTIL DO BRASIL;BMEB4;True;False;True;Menos de quatro milhões de clientes;33.89;508.0;83.0;0.16338582677165353;2448946.0
2017;3;MERCEDES-BENZ;;False;False;False;Menos de quatro milhões de clientes;;4.0;0.0;0.0;23789.0
2017;3;MODAL;;False;False;False;Menos de quatro milhões de clientes;;3.0;0.0;0.0;5346.0
2017;3;OMNI;;False;False;False;Menos de quatro milhões de clientes;;86.0;7.0;0.08139534883720931;3660582.0
2017;3;ORIGINAL;;False;False;False;Menos de quatro milhões de clientes;;161.0;7.0;0.043478260869565216;506253.0
2017;3;PAN;;False;False;False;Menos de quatro milhões de clientes;73.25;2261.0;213.0;0.09420610349402919;2907794.0
2017;3;PARANÁ BANCO;;False;False;False;Menos de quatro milhões de clientes;72.05;416.0;46.0;0.11057692307692307;638376.0
2017;3;PORTO SEGURO;;False;False;False;Menos de quatro milhões de clientes;35.82;152.0;48.0;0.3157894736842105;1339815.0
2017;3;RENDIMENTO;;False;False;False;Menos de quatro milhões de clientes;;8.0;1.0;0.125;17729.0
2017;3;RODOBENS;;False;False;False;Menos de quatro milhões de clientes;;5.0;1.0;0.2;15576.0
2017;3;SAFRA;;False;False;False;Menos de quatro milhões de clientes;52.08;541.0;59.0;0.10905730129390019;1132676.0
2017;3;SANTANDER;SANB11;True;False;True;Mais de quatro milhões de clientes;41.16;7681.0;1600.0;0.20830621012888947;38864588.0
2017;3;SANTINVEST;;False;False;False;Menos de quatro milhões de clientes;;27.0;13.0;0.48148148148148145;13612.0
2017;3;SICREDI;;False;False;False;Menos de quatro milhões de clientes;;3.0;0.0;0.0;3095691.0
2017;3;SOCIETE GENERALE;;False;False;False;Menos de quatro milhões de clientes;;21.0;3.0;0.14285714285714285;1148.0
2017;3;SOCOPA;;False;False;False;Menos de quatro milhões de clientes;;3.0;3.0;1.0;51135.0
2017;3;SOFISA;SFSA4;True;False;False;Menos de quatro milhões de clientes;;6.0;0.0;0.0;81639.0
2017;3;VOLKSWAGEN;;False;False;False;Menos de quatro milhões de clientes;;75.0;2.0;0.02666666666666667;444278.0
2017;3;VOLVO;;False;False;False;Menos de quatro milhões de clientes;;2.0;1.0;0.5;9949.0
2017;3;VOTORANTIM;;False;False;False;Mais de quatro milhões de clientes;32.05;744.0;130.0;0.17473118279569894;4055393.0
2017;3;WESTERN UNION;;False;False;False;Menos de quatro milhões de clientes;;8.0;1.0;0.125;3.0
2017;3;YAMAHA MOTOR;;False;False;False;Menos de quatro milhões de clientes;;8.0;2.0;0.25;112585.0
2017;4;AGIPLAN;;False;False;False;Menos de quatro milhões de clientes;;207.0;7.0;0.033816425120772944;473985.0
2017;4;ALFA;;False;False;False;Menos de quatro milhões de clientes;;62.0;9.0;0.14516129032258066;453229.0
2017;4;ANDBANK;;False;False;False;Menos de quatro milhões de clientes;;6.0;0.0;0.0;7180.0
2017;4;BANCOOB;;False;False;False;Menos de quatro milhões de clientes;;61.0;3.0;0.04918032786885246;2015382.0
2017;4;BANESTES;BEES3;True;False;False;Menos de quatro milhões de clientes;12.11;29.0;16.0;0.5517241379310345;1320559.0
2017;4;BANIF;;False;False;False;Menos de quatro milhões de clientes;;1.0;0.0;0.0;484.0
2017;4;BANRISUL;BRSR6;True;False;True;Mais de quatro milhões de clientes;25.06;570.0;114.0;0.2;4548099.0
2017;4;BARIGUI;;False;False;False;Menos de quatro milhões de clientes;;21.0;8.0;0.38095238095238093;32673.0
2017;4;BB;BBAS3;True;False;True;Mais de quatro milhões de clientes;24.5;7823.0;1524.0;0.1948101751246325;62181281.0
2017;4;BMG;BMGB4;True;False;True;Menos de quatro milhões de clientes;43.73;1281.0;164.0;0.12802498048399688;3750226.0
2017;4;BMW;;False;False;False;Menos de quatro milhões de clientes;;2.0;0.0;0.0;17157.0
2017;4;BNP PARIBAS;;False;False;False;Menos de quatro milhões de clientes;34.49;1152.0;100.0;0.08680555555555555;2898773.0
2017;4;BRADESCO;BBDC4;True;False;True;Mais de quatro milhões de clientes;25.63;9578.0;2438.0;0.25454165796617245;95112012.0
2017;4;BRB;;False;False;False;Menos de quatro milhões de clientes;68.04;286.0;57.0;0.1993006993006993;837641.0
2017;4;BTG PACTUAL;;False;False;False;Menos de quatro milhões de clientes;;1.0;0.0;0.0;92648.0
2017;4;CAIXA ECONÔMICA FEDERAL;;False;False;False;Mais de quatro milhões de clientes;33.24;11708.0;2913.0;0.2488042364195422;87613949.0
2017;4;CCB;;False;False;False;Menos de quatro milhões de clientes;;284.0;8.0;0.028169014084507043;326245.0
2017;4;CITIBANK;;False;False;False;Menos de quatro milhões de clientes;76.09;304.0;45.0;0.14802631578947367;591341.0
2017;4;CREDIT AGRICOLE;;False;False;False;Menos de quatro milhões de clientes;;1.0;0.0;0.0;2406.0
2017;4;CREFISA;;False;False;False;Menos de quatro milhões de clientes;9.31;136.0;15.0;0.11029411764705882;1610062.0
2017;4;DACASA FINANCEIRA;;False;False;False;Menos de quatro milhões de clientes;;13.0;3.0;0.23076923076923078;1228252.0
2017;4;DAYCOVAL;;False;False;False;Menos de quatro milhões de clientes;;368.0;8.0;0.021739130434782608;909504.0
2017;4;GMAC;;False;False;False;Menos de quatro milhões de clientes;;59.0;4.0;0.06779661016949153;446956.0
2017;4;HERVAL - HS;;False;False;False;Menos de quatro milhões de clientes;;2.0;0.0;0.0;245296.0
2017;4;HONDA;;False;False;False;Menos de quatro milhões de clientes;;24.0;2.0;0.08333333333333333;457201.0
2017;4;INDUSTRIAL DO BRASIL;;False;False;False;Menos de quatro milhões de clientes;;21.0;3.0;0.14285714285714285;56818.0
2017;4;INDUSVAL;;False;False;False;Menos de quatro milhões de clientes;;1.0;0.0;0.0;6923.0
2017;4;INTERMEDIUM;;False;False;False;Menos de quatro milhões de clientes;29.94;427.0;16.0;0.03747072599531616;534391.0
2017;4;ITAU;ITUB4;True;False;True;Mais de quatro milhões de clientes;15.65;7911.0;1165.0;0.1472633042598913;74422206.0
2017;4;LECCA;;False;False;False;Menos de quatro milhões de clientes;;5.0;1.0;0.2;21800.0
2017;4;MÁXIMA;;False;False;False;Menos de quatro milhões de clientes;;2.0;0.0;0.0;4669.0
2017;4;MERCANTIL DO BRASIL;BMEB4;True;False;True;Menos de quatro milhões de clientes;19.37;336.0;49.0;0.14583333333333334;2529108.0
2017;4;MERCEDES-BENZ;;False;False;False;Menos de quatro milhões de clientes;;3.0;0.0;0.0;23146.0
2017;4;MODAL;;False;False;False;Menos de quatro milhões de clientes;;7.0;1.0;0.14285714285714285;5368.0
2017;4;OMNI;;False;False;False;Menos de quatro milhões de clientes;;71.0;8.0;0.11267605633802817;3668703.0
2017;4;ORIGINAL;;False;False;False;Menos de quatro milhões de clientes;;136.0;3.0;0.022058823529411766;590019.0
2017;4;OURINVEST;;False;False;False;Menos de quatro milhões de clientes;;2.0;0.0;0.0;16940.0
2017;4;PAN;;False;False;False;Menos de quatro milhões de clientes;81.64;2333.0;237.0;0.10158594084869267;2902862.0
2017;4;PARANÁ BANCO;;False;False;False;Menos de quatro milhões de clientes;;319.0;11.0;0.034482758620689655;632966.0
2017;4;PINE;;False;False;False;Menos de quatro milhões de clientes;;1.0;0.0;0.0;5423.0
2017;4;PORTO SEGURO;;False;False;False;Menos de quatro milhões de clientes;14.98;106.0;21.0;0.19811320754716982;1401349.0
2017;4;RENDIMENTO;;False;False;False;Menos de quatro milhões de clientes;;10.0;2.0;0.2;17497.0
2017;4;RODOBENS;;False;False;False;Menos de quatro milhões de clientes;;5.0;0.0;0.0;15201.0
2017;4;SAFRA;;False;False;False;Menos de quatro milhões de clientes;71.72;602.0;89.0;0.1478405315614618;1240917.0
2017;4;SANTANDER;SANB11;True;False;True;Mais de quatro milhões de clientes;42.87;8700.0;1700.0;0.19540229885057472;39649999.0
2017;4;SANTINVEST;;False;False;False;Menos de quatro milhões de clientes;;12.0;4.0;0.3333333333333333;13696.0
2017;4;SICREDI;;False;False;False;Menos de quatro milhões de clientes;;3.0;0.0;0.0;3225631.0
2017;4;SINOSSERRA;;False;False;False;Menos de quatro milhões de clientes;;1.0;1.0;1.0;4524.0
2017;4;SOCIETE GENERALE;;False;False;False;Menos de quatro milhões de clientes;;1.0;0.0;0.0;1250.0
2017;4;SOCOPA;;False;False;False;Menos de quatro milhões de clientes;;3.0;0.0;0.0;52049.0
2017;4;SOFISA;SFSA4;True;False;False;Menos de quatro milhões de clientes;170.22;37.0;16.0;0.43243243243243246;93995.0
2017;4;VOLKSWAGEN;;False;False;False;Menos de quatro milhões de clientes;;83.0;3.0;0.03614457831325301;418638.0
2017;4;VOLVO;;False;False;False;Menos de quatro milhões de clientes;;4.0;0.0;0.0;9562.0
2017;4;VOTORANTIM;;False;False;False;Mais de quatro milhões de clientes;12.5;592.0;51.0;0.08614864864864864;4078779.0
2017;4;WESTERN UNION;;False;False;False;Menos de quatro milhões de clientes;;5.0;2.0;0.4;3.0
2017;4;YAMAHA MOTOR;;False;False;False;Menos de quatro milhões de clientes;;6.0;0.0;0.0;118495.0
2018;1;ABC-BRASIL;ABCB4;True;False;False;Menos de quatro milhões de clientes;;3.0;0.0;0.0;15734.0
2018;1;AGIPLAN;;False;False;False;Menos de quatro milhões de clientes;;309.0;7.0;0.022653721682847898;535631.0
2018;1;ALFA;;False;False;False;Menos de quatro milhões de clientes;;53.0;14.0;0.2641509433962264;433039.0
2018;1;ANDBANK;;False;False;False;Menos de quatro milhões de clientes;;3.0;0.0;0.0;7184.0
2018;1;BANCOOB;;False;False;False;Menos de quatro milhões de clientes;;46.0;2.0;0.043478260869565216;2091208.0
2018;1;BANESTES;BEES3;True;False;False;Menos de quatro milhões de clientes;;29.0;14.0;0.4827586206896552;1319406.0
2018;1;BANRISUL;BRSR6;True;False;True;Mais de quatro milhões de clientes;12.21;490.0;56.0;0.11428571428571428;4585763.0
2018;1;BARIGUI;;False;False;False;Menos de quatro milhões de clientes;;23.0;4.0;0.17391304347826086;32369.0
2018;1;BB;BBAS3;True;False;True;Mais de quatro milhões de clientes;24.2;7932.0;1504.0;0.18961169944528491;62141375.0
2018;1;BMG;BMGB4;True;False;True;Menos de quatro milhões de clientes;31.29;1327.0;119.0;0.08967596081386586;3802746.0
2018;1;BMW;;False;False;False;Menos de quatro milhões de clientes;;2.0;0.0;0.0;17598.0
2018;1;BNP PARIBAS;;False;False;False;Menos de quatro milhões de clientes;36.27;1059.0;106.0;0.10009442870632672;2922450.0
2018;1;BRADESCO;BBDC4;True;False;True;Mais de quatro milhões de clientes;20.05;9247.0;1886.0;0.2039580404455499;94058577.0
2018;1;BRASIL PLURAL;;False;False;False;Menos de quatro milhões de clientes;;1.0;0.0;0.0;3334.0
2018;1;BRB;;False;False;False;Menos de quatro milhões de clientes;311.77;497.0;262.0;0.5271629778672032;840363.0
2018;1;BTG PACTUAL;;False;False;False;Menos de quatro milhões de clientes;;3.0;0.0;0.0;52841.0
2018;1;CAIXA ECONÔMICA FEDERAL;;False;False;False;Mais de quatro milhões de clientes;27.62;11447.0;2444.0;0.21350572202323753;88470270.0
2018;1;CCB;;False;False;False;Menos de quatro milhões de clientes;;222.0;6.0;0.02702702702702703;311390.0
2018;1;CITIBANK;;False;False;False;Menos de quatro milhões de clientes;;13.0;2.0;0.15384615384615385;557615.0
2018;1;CREDIT SUISSE;;False;False;False;Menos de quatro milhões de clientes;;1.0;0.0;0.0;
2018;1;CREFISA;;False;False;False;Menos de quatro milhões de clientes;;144.0;14.0;0.09722222222222222;1453238.0
2018;1;DACASA FINANCEIRA;;False;False;False;Menos de quatro milhões de clientes;;9.0;2.0;0.2222222222222222;1244193.0
2018;1;DAYCOVAL;;False;False;False;Menos de quatro milhões de clientes;;359.0;10.0;0.027855153203342618;911707.0
2018;1;GMAC;;False;False;False;Menos de quatro milhões de clientes;;42.0;3.0;0.07142857142857142;429966.0
2018;1;GRUPO BONSUCESSO - BS2;;False;False;False;Menos de quatro milhões de clientes;;11.0;0.0;0.0;19005.0
2018;1;GRUPO ZEMA;;False;False;False;Menos de quatro milhões de clientes;;1.0;0.0;0.0;247171.0
2018;1;HERVAL - HS;;False;False;False;Menos de quatro milhões de clientes;;2.0;0.0;0.0;244433.0
2018;1;HONDA;;False;False;False;Menos de quatro milhões de clientes;;20.0;1.0;0.05;458031.0
2018;1;INDUSTRIAL DO BRASIL;;False;False;False;Menos de quatro milhões de clientes;;16.0;3.0;0.1875;56709.0
2018;1;INDUSVAL;;False;False;False;Menos de quatro milhões de clientes;;1.0;0.0;0.0;
2018;1;INTERMEDIUM;;False;False;False;Menos de quatro milhões de clientes;67.59;518.0;46.0;0.0888030888030888;680510.0
2018;1;ITAU;ITUB4;True;False;True;Mais de quatro milhões de clientes;14.58;8278.0;1091.0;0.13179511959410486;74816448.0
2018;1;JOHN DEERE;;False;False;False;Menos de quatro milhões de clientes;;1.0;0.0;0.0;13627.0
2018;1;MÁXIMA;;False;False;False;Menos de quatro milhões de clientes;;3.0;0.0;0.0;4790.0
2018;1;MERCANTIL DO BRASIL;BMEB4;True;False;True;Menos de quatro milhões de clientes;16.97;312.0;44.0;0.14102564102564102;2592156.0
2018;1;MERCEDES-BENZ;;False;False;False;Menos de quatro milhões de clientes;;5.0;0.0;0.0;22756.0
2018;1;MODAL;;False;False;False;Menos de quatro milhões de clientes;;11.0;4.0;0.36363636363636365;4969.0
2018;1;OMNI;;False;False;False;Menos de quatro milhões de clientes;;90.0;11.0;0.12222222222222222;3660025.0
2018;1;ORIGINAL;;False;False;False;Menos de quatro milhões de clientes;;136.0;4.0;0.029411764705882353;660593.0
2018;1;PAN;;False;False;False;Menos de quatro milhões de clientes;63.36;2170.0;192.0;0.08847926267281106;3029941.0
2018;1;PARANÁ BANCO;;False;False;False;Menos de quatro milhões de clientes;;238.0;11.0;0.046218487394957986;634891.0
2018;1;PORTO SEGURO;;False;False;False;Menos de quatro milhões de clientes;18.24;136.0;26.0;0.19117647058823528;1424955.0
2018;1;RENDIMENTO;;False;False;False;Menos de quatro milhões de clientes;;12.0;7.0;0.5833333333333334;17782.0
2018;1;RODOBENS;;False;False;False;Menos de quatro milhões de clientes;;7.0;0.0;0.0;14878.0
2018;1;SAFRA;;False;False;False;Menos de quatro milhões de clientes;73.56;607.0;101.0;0.16639209225700163;1372972.0
2018;1;SANTANDER;SANB11;True;False;True;Mais de quatro milhões de clientes;25.66;7756.0;1038.0;0.13383187209902012;40441975.0
2018;1;SANTINVEST;;False;False;False;Menos de quatro milhões de clientes;;3.0;1.0;0.3333333333333333;13757.0
2018;1;SICREDI;;False;False;False;Menos de quatro milhões de clientes;;4.0;0.0;0.0;3345777.0
2018;1;SOCIETE GENERALE;;False;False;False;Menos de quatro milhões de clientes;;9.0;2.0;0.2222222222222222;1174.0
2018;1;SOCOPA;;False;False;False;Menos de quatro milhões de clientes;;3.0;1.0;0.3333333333333333;52750.0
2018;1;SOFISA;SFSA4;True;False;False;Menos de quatro milhões de clientes;;13.0;7.0;0.5384615384615384;103132.0
2018;1;VOLKSWAGEN;;False;False;False;Menos de quatro milhões de clientes;;48.0;4.0;0.08333333333333333;394350.0
2018;1;VOLVO;;False;False;False;Menos de quatro milhões de clientes;;2.0;0.0;0.0;9273.0
2018;1;VOTORANTIM;;False;False;False;Mais de quatro milhões de clientes;6.38;543.0;26.0;0.04788213627992634;4071209.0
2018;1;WESTERN UNION;;False;False;False;Menos de quatro milhões de clientes;;7.0;0.0;0.0;3.0
2018;1;YAMAHA MOTOR;;False;False;False;Menos de quatro milhões de clientes;;7.0;0.0;0.0;123136.0
2018;2;ABC-BRASIL;ABCB4;True;False;False;Menos de quatro milhões de clientes;;2.0;0.0;0.0;15746.0
2018;2;AGIPLAN;;False;False;False;Menos de quatro milhões de clientes;143.57;477.0;100.0;0.20964360587002095;696523.0
2018;2;ALFA;;False;False;False;Menos de quatro milhões de clientes;;73.0;10.0;0.136986301369863;425588.0
2018;2;ANDBANK;;False;False;False;Menos de quatro milhões de clientes;;5.0;0.0;0.0;7307.0
2018;2;BANCOOB;;False;False;False;Menos de quatro milhões de clientes;;58.0;13.0;0.22413793103448276;2189432.0
2018;2;BANESTES;BEES3;True;False;False;Menos de quatro milhões de clientes;17.82;46.0;22.0;0.4782608695652174;1233897.0
2018;2;BANRISUL;BRSR6;True;False;True;Mais de quatro milhões de clientes;18.57;600.0;86.0;0.14333333333333334;4628899.0
2018;2;BARIGUI;;False;False;False;Menos de quatro milhões de clientes;;21.0;8.0;0.38095238095238093;32290.0
2018;2;BB;BBAS3;True;False;True;Mais de quatro milhões de clientes;20.85;8728.0;1301.0;0.14906049495875343;62371119.0
2018;2;BMG;BMGB4;True;False;True;Menos de quatro milhões de clientes;30.42;1391.0;112.0;0.08051761322789361;3680899.0
2018;2;BMW;;False;False;False;Menos de quatro milhões de clientes;;1.0;0.0;0.0;20377.0
2018;2;BNP PARIBAS;;False;False;False;Menos de quatro milhões de clientes;40.98;1289.0;122.0;0.09464701318851823;2976817.0
2018;2;BOCOM;;False;False;False;Menos de quatro milhões de clientes;;1.0;0.0;0.0;13984.0
2018;2;BRADESCO;BBDC4;True;False;True;Mais de quatro milhões de clientes;19.61;9418.0;1860.0;0.1974941601189212;94813604.0
2018;2;BRASIL PLURAL;;False;False;False;Menos de quatro milhões de clientes;;1.0;0.0;0.0;3460.0
2018;2;BRB;;False;False;False;Menos de quatro milhões de clientes;130.16;414.0;111.0;0.26811594202898553;852744.0
2018;2;BTG PACTUAL;;False;False;False;Menos de quatro milhões de clientes;;3.0;0.0;0.0;104582.0
2018;2;CAIXA ECONÔMICA FEDERAL;;False;False;False;Mais de quatro milhões de clientes;27.68;11615.0;2475.0;0.21308652604390874;89400030.0
2018;2;CAIXA GERAL;;False;False;False;Menos de quatro milhões de clientes;;1.0;0.0;0.0;1598.0
2018;2;CCB;;False;False;False;Menos de quatro milhões de clientes;;195.0;2.0;0.010256410256410256;297336.0
2018;2;CITIBANK;;False;False;False;Menos de quatro milhões de clientes;;15.0;1.0;0.06666666666666667;312172.0
2018;2;CREFISA;;False;False;False;Menos de quatro milhões de clientes;;160.0;4.0;0.025;1505745.0
2018;2;DACASA FINANCEIRA;;False;False;False;Menos de quatro milhões de clientes;;17.0;2.0;0.11764705882352941;1262583.0
2018;2;DAYCOVAL;;False;False;False;Menos de quatro milhões de clientes;;328.0;9.0;0.027439024390243903;906680.0
2018;2;GMAC;;False;False;False;Menos de quatro milhões de clientes;;78.0;2.0;0.02564102564102564;415584.0
2018;2;GOLCRED;;False;False;False;Menos de quatro milhões de clientes;;1.0;0.0;0.0;8423.0
2018;2;GRUPO BONSUCESSO - BS2;;False;False;False;Menos de quatro milhões de clientes;;4.0;0.0;0.0;18199.0
2018;2;GRUPO ZEMA;;False;False;False;Menos de quatro milhões de clientes;;2.0;0.0;0.0;258443.0
2018;2;HONDA;;False;False;False;Menos de quatro milhões de clientes;;27.0;0.0;0.0;460271.0
2018;2;INDUSTRIAL DO BRASIL;;False;False;False;Menos de quatro milhões de clientes;;16.0;2.0;0.125;56260.0
2018;2;INDUSVAL;;False;False;False;Menos de quatro milhões de clientes;;4.0;0.0;0.0;4825.0
2018;2;INTERMEDIUM;;False;False;False;Menos de quatro milhões de clientes;45.26;577.0;39.0;0.06759098786828423;861544.0
2018;2;ITAU;ITUB4;True;False;True;Mais de quatro milhões de clientes;18.61;8346.0;1409.0;0.16882338844955666;75682726.0
2018;2;JP MORGAN CHASE;;False;False;False;Menos de quatro milhões de clientes;;1.0;0.0;0.0;3768.0
2018;2;LECCA;;False;False;False;Menos de quatro milhões de clientes;;2.0;1.0;0.5;23004.0
2018;2;MERCANTIL DO BRASIL;BMEB4;True;False;True;Menos de quatro milhões de clientes;9.52;338.0;25.0;0.07396449704142012;2625460.0
2018;2;MERCEDES-BENZ;;False;False;False;Menos de quatro milhões de clientes;;2.0;0.0;0.0;22317.0
2018;2;MODAL;;False;False;False;Menos de quatro milhões de clientes;;6.0;1.0;0.16666666666666666;5086.0
2018;2;OMNI;;False;False;False;Menos de quatro milhões de clientes;;88.0;8.0;0.09090909090909091;3667584.0
2018;2;ORIGINAL;;False;False;False;Menos de quatro milhões de clientes;;115.0;14.0;0.12173913043478261;692442.0
2018;2;OURINVEST;;False;False;False;Menos de quatro milhões de clientes;;2.0;1.0;0.5;18958.0
2018;2;PAN;;False;False;False;Menos de quatro milhões de clientes;88.28;2401.0;274.0;0.11411911703456892;3103578.0
2018;2;PARANÁ BANCO;;False;False;False;Menos de quatro milhões de clientes;133.75;356.0;68.0;0.19101123595505617;508390.0
2018;2;PINE;;False;False;False;Menos de quatro milhões de clientes;;1.0;0.0;0.0;6132.0
2018;2;PORTO SEGURO;;False;False;False;Menos de quatro milhões de clientes;36.84;173.0;53.0;0.3063583815028902;1438338.0
2018;2;RENDIMENTO;;False;False;False;Menos de quatro milhões de clientes;;8.0;2.0;0.25;17587.0
2018;2;RODOBENS;;False;False;False;Menos de quatro milhões de clientes;;14.0;0.0;0.0;14593.0
2018;2;SAFRA;;False;False;False;Menos de quatro milhões de clientes;78.42;959.0;118.0;0.12304483837330553;1504563.0
2018;2;SANTANDER;SANB11;True;False;True;Mais de quatro milhões de clientes;38.14;8467.0;1576.0;0.18613440415731664;41311632.0
2018;2;SANTINVEST;;False;False;False;Menos de quatro milhões de clientes;;5.0;2.0;0.4;14082.0
2018;2;SCANIA;;False;False;False;Menos de quatro milhões de clientes;;1.0;0.0;0.0;3960.0
2018;2;SOCIETE GENERALE;;False;False;False;Menos de quatro milhões de clientes;;10.0;1.0;0.1;1094.0
2018;2;SOCOPA;;False;False;False;Menos de quatro milhões de clientes;;2.0;0.0;0.0;53495.0
2018;2;SOFISA;SFSA4;True;False;False;Menos de quatro milhões de clientes;;11.0;4.0;0.36363636363636365;113356.0
2018;2;VOLKSWAGEN;;False;False;False;Menos de quatro milhões de clientes;;63.0;0.0;0.0;379863.0
2018;2;VOLVO;;False;False;False;Menos de quatro milhões de clientes;;7.0;0.0;0.0;9174.0
2018;2;VOTORANTIM;;False;False;False;Mais de quatro milhões de clientes;14.1;699.0;63.0;0.09012875536480687;4465765.0
2018;2;WESTERN UNION;;False;False;False;Menos de quatro milhões de clientes;;32.0;13.0;0.40625;3.0
2018;2;YAMAHA MOTOR;;False;False;False;Menos de quatro milhões de clientes;;11.0;0.0;0.0;129081.0
2018;3;AGIPLAN;;False;False;False;Menos de quatro milhões de clientes;122.15;541.0;109.0;0.20147874306839186;892307.0
2018;3;ALFA;;False;False;False;Menos de quatro milhões de clientes;;96.0;12.0;0.125;415592.0
2018;3;ANDBANK;;False;False;False;Menos de quatro milhões de clientes;;9.0;2.0;0.2222222222222222;7900.0
2018;3;BANCOOB;;False;False;False;Menos de quatro milhões de clientes;;42.0;9.0;0.21428571428571427;2293999.0
2018;3;BANESTES;BEES3;True;False;False;Menos de quatro milhões de clientes;;40.0;8.0;0.2;1239517.0
2018;3;BANRISUL;BRSR6;True;False;True;Mais de quatro milhões de clientes;15.81;637.0;73.0;0.11459968602825746;4614851.0
2018;3;BARIGUI;;False;False;False;Menos de quatro milhões de clientes;;29.0;6.0;0.20689655172413793;32083.0
2018;3;BB;BBAS3;True;False;True;Mais de quatro milhões de clientes;25.22;8047.0;1590.0;0.19758916366347706;63027888.0
2018;3;BMG;BMGB4;True;False;True;Menos de quatro milhões de clientes;33.05;1116.0;125.0;0.11200716845878136;3781509.0
2018;3;BMW;;False;False;False;Menos de quatro milhões de clientes;;4.0;0.0;0.0;20034.0
2018;3;BNP PARIBAS;;False;False;False;Menos de quatro milhões de clientes;35.52;1174.0;108.0;0.0919931856899489;3040090.0
2018;3;BNY MELLON;;False;False;False;Menos de quatro milhões de clientes;;1.0;0.0;0.0;39785.0
2018;3;BOCOM;;False;False;False;Menos de quatro milhões de clientes;;1.0;1.0;1.0;12454.0
2018;3;BRADESCO;BBDC4;True;False;True;Mais de quatro milhões de clientes;22.55;9484.0;2151.0;0.2268030366933783;95352320.0
2018;3;BRASIL PLURAL;;False;False;False;Menos de quatro milhões de clientes;;1.0;0.0;0.0;3585.0
2018;3;BRB;;False;False;False;Menos de quatro milhões de clientes;91.51;332.0;79.0;0.23795180722891565;863203.0
2018;3;BTG PACTUAL;;False;False;False;Menos de quatro milhões de clientes;;3.0;0.0;0.0;108213.0
2018;3;CAIXA ECONÔMICA FEDERAL;;False;False;False;Mais de quatro milhões de clientes;21.64;10955.0;1950.0;0.17800091282519398;90088307.0
2018;3;CAIXA GERAL;;False;False;False;Menos de quatro milhões de clientes;;1.0;0.0;0.0;1378.0
2018;3;CCB;;False;False;False;Menos de quatro milhões de clientes;;173.0;1.0;0.005780346820809248;284363.0
2018;3;CITIBANK;;False;False;False;Menos de quatro milhões de clientes;;7.0;0.0;0.0;25345.0
2018;3;CREFISA;;False;False;False;Menos de quatro milhões de clientes;;172.0;8.0;0.046511627906976744;1539033.0
2018;3;DACASA FINANCEIRA;;False;False;False;Menos de quatro milhões de clientes;;16.0;1.0;0.0625;1289777.0
2018;3;DAYCOVAL;;False;False;False;Menos de quatro milhões de clientes;109.02;502.0;99.0;0.19721115537848605;908013.0
2018;3;GMAC;;False;False;False;Menos de quatro milhões de clientes;;62.0;1.0;0.016129032258064516;398259.0
2018;3;GRUPO BONSUCESSO - BS2;;False;False;False;Menos de quatro milhões de clientes;;4.0;0.0;0.0;16974.0
2018;3;HERVAL - HS;;False;False;False;Menos de quatro milhões de clientes;;1.0;1.0;1.0;235292.0
2018;3;HONDA;;False;False;False;Menos de quatro milhões de clientes;;31.0;3.0;0.0967741935483871;467505.0
2018;3;INDUSTRIAL DO BRASIL;;False;False;False;Menos de quatro milhões de clientes;;37.0;10.0;0.2702702702702703;57673.0
2018;3;INDUSVAL;;False;False;False;Menos de quatro milhões de clientes;;4.0;0.0;0.0;
2018;3;INTERMEDIUM;;False;False;False;Menos de quatro milhões de clientes;157.88;859.0;178.0;0.20721769499417927;1127388.0
2018;3;ITAU;ITUB4;True;False;True;Mais de quatro milhões de clientes;18.18;8798.0;1393.0;0.15833143896340077;76590668.0
2018;3;LECCA;;False;False;False;Menos de quatro milhões de clientes;;3.0;1.0;0.3333333333333333;23396.0
2018;3;MÁXIMA;;False;False;False;Menos de quatro milhões de clientes;;1.0;0.0;0.0;4674.0
2018;3;MERCANTIL DO BRASIL;BMEB4;True;False;True;Menos de quatro milhões de clientes;5.98;245.0;16.0;0.0653061224489796;2671375.0
2018;3;MERCEDES-BENZ;;False;False;False;Menos de quatro milhões de clientes;;1.0;0.0;0.0;21734.0
2018;3;MODAL;;False;False;False;Menos de quatro milhões de clientes;;3.0;0.0;0.0;5097.0
2018;3;OMNI;;False;False;False;Menos de quatro milhões de clientes;;135.0;12.0;0.08888888888888889;3677861.0
2018;3;ORIGINAL;;False;False;False;Menos de quatro milhões de clientes;31.96;192.0;23.0;0.11979166666666667;719512.0
2018;3;PAN;;False;False;False;Menos de quatro milhões de clientes;128.76;2705.0;403.0;0.14898336414048058;3129779.0
2018;3;PARANÁ BANCO;;False;False;False;Menos de quatro milhões de clientes;116.18;306.0;58.0;0.1895424836601307;499202.0
2018;3;PINE;;False;False;False;Menos de quatro milhões de clientes;;1.0;1.0;1.0;6541.0
2018;3;PORTO SEGURO;;False;False;False;Menos de quatro milhões de clientes;32.95;184.0;48.0;0.2608695652173913;1456481.0
2018;3;RENDIMENTO;;False;False;False;Menos de quatro milhões de clientes;;11.0;2.0;0.18181818181818182;18374.0
2018;3;RODOBENS;;False;False;False;Menos de quatro milhões de clientes;;10.0;0.0;0.0;14033.0
2018;3;SAFRA;;False;False;False;Menos de quatro milhões de clientes;90.93;972.0;148.0;0.1522633744855967;1627532.0
2018;3;SANTANDER;SANB11;True;False;True;Mais de quatro milhões de clientes;22.1;7950.0;933.0;0.11735849056603774;42206739.0
2018;3;SICREDI;;False;False;False;Menos de quatro milhões de clientes;;5.0;0.0;0.0;3647185.0
2018;3;SOCIETE GENERALE;;False;False;False;Menos de quatro milhões de clientes;;7.0;1.0;0.14285714285714285;1060.0
2018;3;SOCOPA;;False;False;False;Menos de quatro milhões de clientes;;2.0;1.0;0.5;54416.0
2018;3;SOFISA;SFSA4;True;False;False;Menos de quatro milhões de clientes;;26.0;7.0;0.2692307692307692;124732.0
2018;3;VOLKSWAGEN;;False;False;False;Menos de quatro milhões de clientes;;84.0;0.0;0.0;370813.0
2018;3;VOLVO;;False;False;False;Menos de quatro milhões de clientes;;2.0;0.0;0.0;8889.0
2018;3;VOTORANTIM;;False;False;False;Mais de quatro milhões de clientes;12.93;816.0;59.0;0.07230392156862746;4562852.0
2018;3;VR;;False;False;False;Menos de quatro milhões de clientes;;1.0;1.0;1.0;74.0
2018;3;WESTERN UNION;;False;False;False;Menos de quatro milhões de clientes;;9.0;4.0;0.4444444444444444;3.0
2018;3;YAMAHA MOTOR;;False;False;False;Menos de quatro milhões de clientes;;9.0;0.0;0.0;135010.0
2018;4;AGIBANK;;False;False;False;Menos de quatro milhões de clientes;119.0;484.0;128.0;0.2644628099173554;1075581.0
2018;4;ALFA;;False;False;False;Menos de quatro milhões de clientes;;87.0;14.0;0.16091954022988506;411710.0
2018;4;ANDBANK;;False;False;False;Menos de quatro milhões de clientes;;3.0;0.0;0.0;8203.0
2018;4;BANCOOB;;False;False;False;Menos de quatro milhões de clientes;9.94;74.0;24.0;0.32432432432432434;2412762.0
2018;4;BANESTES;BEES3;True;False;False;Menos de quatro milhões de clientes;;36.0;11.0;0.3055555555555556;1243939.0
2018;4;BANRISUL;BRSR6;True;False;True;Mais de quatro milhões de clientes;19.3;713.0;91.0;0.1276297335203366;4713393.0
2018;4;BARIGUI;;False;False;False;Menos de quatro milhões de clientes;;20.0;3.0;0.15;32086.0
2018;4;BB;BBAS3;True;False;True;Mais de quatro milhões de clientes;24.98;7830.0;1585.0;0.20242656449553;63432189.0
2018;4;BMG;BMGB4;True;False;True;Menos de quatro milhões de clientes;63.97;1096.0;249.0;0.2271897810218978;3892117.0
2018;4;BMW;;False;False;False;Menos de quatro milhões de clientes;;4.0;0.0;0.0;20052.0
2018;4;BNP PARIBAS;;False;False;False;Menos de quatro milhões de clientes;95.45;1274.0;288.0;0.2260596546310832;3017045.0
2018;4;BOFA MERRILL LYNCH;;False;False;False;Menos de quatro milhões de clientes;;2.0;0.0;0.0;1861.0
2018;4;BRADESCO;BBDC4;True;False;True;Mais de quatro milhões de clientes;23.52;10097.0;2262.0;0.22402693869466178;96142413.0
2018;4;BRASIL PLURAL;;False;False;False;Menos de quatro milhões de clientes;;1.0;0.0;0.0;3809.0
2018;4;BRB;;False;False;False;Menos de quatro milhões de clientes;137.02;397.0;119.0;0.29974811083123426;868443.0
2018;4;BTG PACTUAL;;False;False;False;Menos de quatro milhões de clientes;;2.0;0.0;0.0;123401.0
2018;4;CAIXA ECONÔMICA FEDERAL;;False;False;False;Mais de quatro milhões de clientes;18.92;9757.0;1721.0;0.1763861842779543;90926718.0
2018;4;CCB;;False;False;False;Menos de quatro milhões de clientes;;131.0;1.0;0.007633587786259542;275986.0
2018;4;CITIBANK;;False;False;False;Menos de quatro milhões de clientes;;8.0;0.0;0.0;26256.0
2018;4;CREFISA;;False;False;False;Menos de quatro milhões de clientes;;214.0;12.0;0.056074766355140186;1576122.0
2018;4;DACASA FINANCEIRA;;False;False;False;Menos de quatro milhões de clientes;;10.0;2.0;0.2;1031732.0
2018;4;DAYCOVAL;;False;False;False;Menos de quatro milhões de clientes;20.71;397.0;19.0;0.04785894206549118;917338.0
2018;4;FINAXIS;;False;False;False;Menos de quatro milhões de clientes;;1.0;0.0;0.0;4548.0
2018;4;GMAC;;False;False;False;Menos de quatro milhões de clientes;;76.0;2.0;0.02631578947368421;388008.0
2018;4;GOLDMAN SACHS;;False;False;False;Menos de quatro milhões de clientes;;2.0;0.0;0.0;270.0
2018;4;GRUPO BONSUCESSO - BS2;;False;False;False;Menos de quatro milhões de clientes;;12.0;1.0;0.08333333333333333;17810.0
2018;4;HERVAL - HS;;False;False;False;Menos de quatro milhões de clientes;;2.0;1.0;0.5;233856.0
2018;4;HONDA;;False;False;False;Menos de quatro milhões de clientes;;31.0;1.0;0.03225806451612903;473633.0
2018;4;INDUSTRIAL DO BRASIL;;False;False;False;Menos de quatro milhões de clientes;;23.0;4.0;0.17391304347826086;58692.0
2018;4;INDUSVAL;;False;False;False;Menos de quatro milhões de clientes;;1.0;1.0;1.0;4697.0
2018;4;INTERMEDIUM;;False;False;False;Menos de quatro milhões de clientes;198.61;898.0;295.0;0.3285077951002227;1485277.0
2018;4;ITAU;ITUB4;True;False;True;Mais de quatro milhões de clientes;17.33;9053.0;1339.0;0.14790677123605434;77253268.0
2018;4;JOHN DEERE;;False;False;False;Menos de quatro milhões de clientes;;1.0;0.0;0.0;14103.0
2018;4;LECCA;;False;False;False;Menos de quatro milhões de clientes;;6.0;2.0;0.3333333333333333;21369.0
2018;4;MÁXIMA;;False;False;False;Menos de quatro milhões de clientes;;6.0;1.0;0.16666666666666666;34130.0
2018;4;MERCANTIL DO BRASIL;BMEB4;True;False;True;Menos de quatro milhões de clientes;21.53;258.0;58.0;0.2248062015503876;2692880.0
2018;4;MERCEDES-BENZ;;False;False;False;Menos de quatro milhões de clientes;;3.0;0.0;0.0;21199.0
2018;4;MODAL;;False;False;False;Menos de quatro milhões de clientes;1827.79;87.0;56.0;0.6436781609195402;30638.0
2018;4;OMNI;;False;False;False;Mais de quatro milhões de clientes;12.42;172.0;51.0;0.29651162790697677;4105053.0
2018;4;ORIGINAL;;False;False;False;Menos de quatro milhões de clientes;49.05;212.0;37.0;0.17452830188679244;754184.0
2018;4;OURINVEST;;False;False;False;Menos de quatro milhões de clientes;;1.0;0.0;0.0;25178.0
2018;4;PAN;;False;False;False;Menos de quatro milhões de clientes;291.54;3246.0;941.0;0.28989525569932223;3227673.0
2018;4;PARANÁ BANCO;;False;False;False;Menos de quatro milhões de clientes;136.15;266.0;47.0;0.17669172932330826;345186.0
2018;4;PINE;;False;False;False;Menos de quatro milhões de clientes;;2.0;0.0;0.0;7965.0
2018;4;PORTO SEGURO;;False;False;False;Menos de quatro milhões de clientes;40.49;219.0;59.0;0.2694063926940639;1457127.0
2018;4;RENDIMENTO;;False;False;False;Menos de quatro milhões de clientes;;19.0;3.0;0.15789473684210525;18625.0
2018;4;RODOBENS;;False;False;False;Menos de quatro milhões de clientes;;5.0;0.0;0.0;13468.0
2018;4;SAFRA;;False;False;False;Menos de quatro milhões de clientes;95.92;924.0;165.0;0.17857142857142858;1720126.0
2018;4;SANTANDER;SANB11;True;False;True;Mais de quatro milhões de clientes;24.04;7078.0;1033.0;0.14594518225487427;42967534.0
2018;4;SICREDI;;False;False;False;Menos de quatro milhões de clientes;;3.0;1.0;0.3333333333333333;3803666.0
2018;4;SOCIETE GENERALE;;False;False;False;Menos de quatro milhões de clientes;;8.0;1.0;0.125;970.0
2018;4;SOCOPA;;False;False;False;Menos de quatro milhões de clientes;;4.0;0.0;0.0;55458.0
2018;4;SOFISA;SFSA4;True;False;False;Menos de quatro milhões de clientes;;31.0;11.0;0.3548387096774194;131848.0
2018;4;VOLKSWAGEN;;False;False;False;Menos de quatro milhões de clientes;;72.0;7.0;0.09722222222222222;367296.0
2018;4;VOLVO;;False;False;False;Menos de quatro milhões de clientes;;1.0;0.0;0.0;8589.0
2018;4;VOTORANTIM;;False;False;False;Mais de quatro milhões de clientes;12.15;648.0;59.0;0.09104938271604938;4853414.0
2018;4;WESTERN UNION;;False;False;False;Menos de quatro milhões de clientes;;9.0;8.0;0.8888888888888888;3.0
2018;4;YAMAHA MOTOR;;False;False;False;Menos de quatro milhões de clientes;;13.0;0.0;0.0;141441.0
2019;1;ABC-BRASIL;ABCB4;True;False;False;Menos de quatro milhões de clientes;;1.0;0.0;0.0;16463.0
2019;1;AGIBANK;;False;False;False;Menos de quatro milhões de clientes;118.44;475.0;135.0;0.28421052631578947;1139749.0
2019;1;ALFA;;False;False;False;Menos de quatro milhões de clientes;;56.0;9.0;0.16071428571428573;411522.0
2019;1;ANDBANK;;False;False;False;Menos de quatro milhões de clientes;;3.0;0.0;0.0;8359.0
2019;1;BANCOOB;;False;False;False;Menos de quatro milhões de clientes;7.14;65.0;18.0;0.27692307692307694;2520198.0
2019;1;BANESTES;BEES3;True;False;False;Menos de quatro milhões de clientes;;48.0;10.0;0.20833333333333334;1250039.0
2019;1;BANRISUL;BRSR6;True;False;True;Mais de quatro milhões de clientes;12.8;561.0;61.0;0.10873440285204991;4763306.0
2019;1;BARIGUI;;False;False;False;Menos de quatro milhões de clientes;;18.0;4.0;0.2222222222222222;31674.0
2019;1;BB;BBAS3;True;False;True;Mais de quatro milhões de clientes;20.77;6609.0;1337.0;0.2022998940838251;64363992.0
2019;1;BMG;BMGB4;True;False;True;Menos de quatro milhões de clientes;45.56;1023.0;180.0;0.17595307917888564;3949983.0
2019;1;BMW;;False;False;False;Menos de quatro milhões de clientes;;1.0;1.0;1.0;20622.0
2019;1;BNP PARIBAS;;False;False;False;Menos de quatro milhões de clientes;90.77;1062.0;270.0;0.2542372881355932;2974492.0
2019;1;BNY MELLON;;False;False;False;Menos de quatro milhões de clientes;;1.0;0.0;0.0;39271.0
2019;1;BRADESCO;BBDC4;True;False;True;Mais de quatro milhões de clientes;23.35;9718.0;2239.0;0.23039720107017905;95881367.0
2019;1;BRASIL PLURAL;;False;False;False;Menos de quatro milhões de clientes;;1.0;1.0;1.0;4105.0
2019;1;BRB;;False;False;False;Menos de quatro milhões de clientes;87.67;280.0;77.0;0.275;878252.0
2019;1;BTG PACTUAL;;False;False;False;Menos de quatro milhões de clientes;;9.0;1.0;0.1111111111111111;148800.0
2019;1;CAIXA ECONÔMICA FEDERAL;;False;False;False;Mais de quatro milhões de clientes;23.25;10329.0;2121.0;0.20534417659018298;91216358.0
2019;1;CCB;;False;False;False;Menos de quatro milhões de clientes;;119.0;6.0;0.05042016806722689;270485.0
2019;1;CITIBANK;;False;False;False;Menos de quatro milhões de clientes;;7.0;2.0;0.2857142857142857;26279.0
2019;1;CREFISA;;False;False;False;Menos de quatro milhões de clientes;13.6;171.0;22.0;0.1286549707602339;1617636.0
2019;1;DACASA FINANCEIRA;;False;False;False;Menos de quatro milhões de clientes;;15.0;2.0;0.13333333333333333;1047886.0
2019;1;DAYCOVAL;;False;False;False;Menos de quatro milhões de clientes;73.97;411.0;69.0;0.1678832116788321;932750.0
2019;1;FATOR;;False;False;False;Menos de quatro milhões de clientes;;5.0;0.0;0.0;16893.0
2019;1;GMAC;;False;False;False;Menos de quatro milhões de clientes;;74.0;3.0;0.04054054054054054;376352.0
2019;1;GRUPO BONSUCESSO - BS2;;False;False;False;Menos de quatro milhões de clientes;;4.0;0.0;0.0;19610.0
2019;1;GRUPO ZEMA;;False;False;False;Menos de quatro milhões de clientes;;2.0;0.0;0.0;319856.0
2019;1;HERVAL - HS;;False;False;False;Menos de quatro milhões de clientes;;1.0;0.0;0.0;228725.0
2019;1;HONDA;;False;False;False;Menos de quatro milhões de clientes;;25.0;4.0;0.16;473770.0
2019;1;INDUSTRIAL DO BRASIL;;False;False;False;Menos de quatro milhões de clientes;;25.0;12.0;0.48;59059.0
2019;1;INTER;INBR;True;True;False;Menos de quatro milhões de clientes;139.03;797.0;271.0;0.34002509410288584;1949145.0
2019;1;ITAU;ITUB4;True;False;True;Mais de quatro milhões de clientes;21.29;8565.0;1662.0;0.19404553415061296;78047957.0
2019;1;LECCA;;False;False;False;Menos de quatro milhões de clientes;;5.0;0.0;0.0;22971.0
2019;1;MÁXIMA;;False;False;False;Menos de quatro milhões de clientes;;10.0;3.0;0.3;41893.0
2019;1;MERCANTIL DO BRASIL;BMEB4;True;False;True;Menos de quatro milhões de clientes;17.58;212.0;48.0;0.22641509433962265;2729583.0
2019;1;MERCEDES-BENZ;;False;False;False;Menos de quatro milhões de clientes;;4.0;1.0;0.25;21180.0
2019;1;MODAL;;False;False;False;Menos de quatro milhões de clientes;833.65;190.0;130.0;0.6842105263157895;155940.0
2019;1;NUBANK;ROXO34;True;True;False;Mais de quatro milhões de clientes;0.0;2.0;0.0;0.0;4860954.0
2019;1;OMNI;;False;False;False;Mais de quatro milhões de clientes;12.38;149.0;51.0;0.3422818791946309;4119312.0
2019;1;ORIGINAL;;False;False;False;Menos de quatro milhões de clientes;90.93;258.0;74.0;0.2868217054263566;813795.0
2019;1;PAN;;False;False;False;Menos de quatro milhões de clientes;194.71;2545.0;683.0;0.2683693516699411;3507726.0
2019;1;PARANÁ BANCO;;False;False;False;Menos de quatro milhões de clientes;52.23;168.0;18.0;0.10714285714285714;344589.0
2019;1;PORTO SEGURO;;False;False;False;Menos de quatro milhões de clientes;33.05;179.0;48.0;0.2681564245810056;1452018.0
2019;1;RENDIMENTO;;False;False;False;Menos de quatro milhões de clientes;;5.0;1.0;0.2;19972.0
2019;1;RODOBENS;;False;False;False;Menos de quatro milhões de clientes;;11.0;3.0;0.2727272727272727;13330.0
2019;1;SAFRA;;False;False;False;Menos de quatro milhões de clientes;217.18;1431.0;402.0;0.2809224318658281;1850983.0
2019;1;SANTANDER;SANB11;True;False;True;Mais de quatro milhões de clientes;25.93;7018.0;1135.0;0.16172698774579652;43755213.0
2019;1;SICREDI;;False;False;False;Menos de quatro milhões de clientes;;1.0;0.0;0.0;3959826.0
2019;1;SOCIETE GENERALE;;False;False;False;Menos de quatro milhões de clientes;;8.0;3.0;0.375;909.0
2019;1;SOCOPA;;False;False;False;Menos de quatro milhões de clientes;;2.0;0.0;0.0;54537.0
2019;1;SOFISA;SFSA4;True;False;False;Menos de quatro milhões de clientes;;43.0;9.0;0.20930232558139536;140173.0
2019;1;VOLKSWAGEN;;False;False;False;Menos de quatro milhões de clientes;;87.0;3.0;0.034482758620689655;364367.0
2019;1;VOLVO;;False;False;False;Menos de quatro milhões de clientes;;3.0;3.0;1.0;8431.0
2019;1;VOTORANTIM;;False;False;False;Mais de quatro milhões de clientes;13.12;519.0;69.0;0.1329479768786127;5258099.0
2019;1;VR;;False;False;False;Menos de quatro milhões de clientes;;1.0;0.0;0.0;198.0
2019;1;WESTERN UNION;;False;False;False;Menos de quatro milhões de clientes;;6.0;3.0;0.5;3.0
2019;1;YAMAHA MOTOR;;False;False;False;Menos de quatro milhões de clientes;;16.0;2.0;0.125;147037.0
2019;2;ABC-BRASIL;ABCB4;True;False;False;Menos de quatro milhões de clientes;;3.0;2.0;0.6666666666666666;16555.0
2019;2;AGIBANK;;False;False;False;Menos de quatro milhões de clientes;97.53;470.0;114.0;0.2425531914893617;1168817.0
2019;2;ALFA;;False;False;False;Menos de quatro milhões de clientes;;81.0;10.0;0.12345679012345678;414955.0
2019;2;ANDBANK;;False;False;False;Menos de quatro milhões de clientes;;5.0;0.0;0.0;8519.0
2019;2;BANCOOB;;False;False;False;Menos de quatro milhões de clientes;6.18;72.0;20.0;0.2777777777777778;3234870.0
2019;2;BANESTES;BEES3;True;False;False;Menos de quatro milhões de clientes;;44.0;9.0;0.20454545454545456;1265428.0
2019;2;BANRISUL;BRSR6;True;False;True;Mais de quatro milhões de clientes;15.3;633.0;74.0;0.11690363349131122;4834328.0
2019;2;BARIGUI;;False;False;False;Menos de quatro milhões de clientes;;18.0;3.0;0.16666666666666666;29205.0
2019;2;BB;BBAS3;True;False;True;Mais de quatro milhões de clientes;20.63;6372.0;1342.0;0.2106089139987445;65038505.0
2019;2;BMG;BMGB4;True;False;True;Menos de quatro milhões de clientes;65.68;1286.0;259.0;0.20139968895800933;3943104.0
2019;2;BNP PARIBAS;;False;False;False;Menos de quatro milhões de clientes;118.17;1358.0;377.0;0.2776141384388807;3190216.0
2019;2;BNY MELLON;;False;False;False;Menos de quatro milhões de clientes;;1.0;0.0;0.0;2612.0
2019;2;BOCOM;;False;False;False;Menos de quatro milhões de clientes;;2.0;1.0;0.5;7507.0
2019;2;BOFA MERRILL LYNCH;;False;False;False;Menos de quatro milhões de clientes;;1.0;0.0;0.0;2051.0
2019;2;BRADESCO;BBDC4;True;False;True;Mais de quatro milhões de clientes;24.5;10232.0;2448.0;0.23924941360437843;99892903.0
2019;2;BRASIL PLURAL;;False;False;False;Menos de quatro milhões de clientes;;2.0;0.0;0.0;4319.0
2019;2;BRB;;False;False;False;Menos de quatro milhões de clientes;50.91;238.0;45.0;0.18907563025210083;883888.0
2019;2;BTG PACTUAL;;False;False;False;Menos de quatro milhões de clientes;;13.0;0.0;0.0;189281.0
2019;2;C6 BANK;;False;False;False;Menos de quatro milhões de clientes;;27.0;0.0;0.0;13889.0
2019;2;CAIXA ECONÔMICA FEDERAL;;False;False;False;Mais de quatro milhões de clientes;20.71;9177.0;1910.0;0.20812901819766808;92203404.0
2019;2;CCB;;False;False;False;Menos de quatro milhões de clientes;;140.0;5.0;0.03571428571428571;264983.0
2019;2;CITIBANK;;False;False;False;Menos de quatro milhões de clientes;;9.0;0.0;0.0;26216.0
2019;2;CREDIT AGRICOLE;;False;False;False;Menos de quatro milhões de clientes;;1.0;0.0;0.0;2251.0
2019;2;CREFISA;;False;False;False;Menos de quatro milhões de clientes;;206.0;10.0;0.04854368932038835;1662967.0
2019;2;DACASA FINANCEIRA;;False;False;False;Menos de quatro milhões de clientes;;17.0;2.0;0.11764705882352941;1106373.0
2019;2;DAYCOVAL;;False;False;False;Menos de quatro milhões de clientes;30.28;436.0;29.0;0.06651376146788991;957550.0
2019;2;FATOR;;False;False;False;Menos de quatro milhões de clientes;;2.0;0.0;0.0;16761.0
2019;2;GAZIN;;False;False;False;Menos de quatro milhões de clientes;;3.0;3.0;1.0;34619.0
2019;2;GMAC;;False;False;False;Menos de quatro milhões de clientes;;38.0;4.0;0.10526315789473684;366282.0
2019;2;GRUPO BONSUCESSO - BS2;;False;False;False;Menos de quatro milhões de clientes;;16.0;2.0;0.125;57679.0
2019;2;HERVAL - HS;;False;False;False;Menos de quatro milhões de clientes;;1.0;0.0;0.0;257328.0
2019;2;HONDA;;False;False;False;Menos de quatro milhões de clientes;;25.0;4.0;0.16;475912.0
2019;2;INDUSTRIAL DO BRASIL;;False;False;False;Menos de quatro milhões de clientes;;18.0;7.0;0.3888888888888889;59774.0
2019;2;ING;;False;False;False;Menos de quatro milhões de clientes;;1.0;0.0;0.0;252.0
2019;2;INTER;INBR;True;True;False;Menos de quatro milhões de clientes;367.73;2205.0;927.0;0.4204081632653061;2520832.0
2019;2;ITAU;ITUB4;True;False;True;Mais de quatro milhões de clientes;19.49;9285.0;1555.0;0.1674744211093161;79749731.0
2019;2;LECCA;;False;False;False;Menos de quatro milhões de clientes;;10.0;0.0;0.0;24243.0
2019;2;MÁXIMA;;False;False;False;Menos de quatro milhões de clientes;;5.0;0.0;0.0;46598.0
2019;2;MERCANTIL DO BRASIL;BMEB4;True;False;True;Menos de quatro milhões de clientes;19.54;246.0;55.0;0.22357723577235772;2813529.0
2019;2;MERCEDES-BENZ;;False;False;False;Menos de quatro milhões de clientes;;2.0;0.0;0.0;20644.0
2019;2;MODAL;;False;False;False;Menos de quatro milhões de clientes;415.59;219.0;104.0;0.4748858447488584;250246.0
2019;2;NUBANK;ROXO34;True;True;False;Menos de quatro milhões de clientes;;3.0;0.0;0.0;6443.0
2019;2;OMNI;;False;False;False;Mais de quatro milhões de clientes;11.47;126.0;51.0;0.40476190476190477;4442551.0
2019;2;ORIGINAL;;False;False;False;Menos de quatro milhões de clientes;50.97;257.0;60.0;0.23346303501945526;1177125.0
2019;2;PAN;;False;False;False;Mais de quatro milhões de clientes;168.45;2735.0;701.0;0.25630712979890313;4161391.0
2019;2;PARANÁ BANCO;;False;False;False;Menos de quatro milhões de clientes;80.26;232.0;28.0;0.1206896551724138;348853.0
2019;2;PORTO SEGURO;;False;False;False;Menos de quatro milhões de clientes;13.98;187.0;28.0;0.1497326203208556;2002821.0
2019;2;RENDIMENTO;;False;False;False;Menos de quatro milhões de clientes;;6.0;3.0;0.5;20567.0
2019;2;RODOBENS;;False;False;False;Menos de quatro milhões de clientes;;9.0;1.0;0.1111111111111111;13344.0
2019;2;SAFRA;;False;False;False;Menos de quatro milhões de clientes;302.98;1645.0;609.0;0.3702127659574468;2009991.0
2019;2;SANTANDER;SANB11;True;False;True;Mais de quatro milhões de clientes;23.75;7183.0;1080.0;0.1503550048726159;45459792.0
2019;2;SICREDI;;False;False;False;Mais de quatro milhões de clientes;0.0;2.0;0.0;0.0;4188644.0
2019;2;SOCIETE GENERALE;;False;False;False;Menos de quatro milhões de clientes;;5.0;1.0;0.2;708.0
2019;2;SOFISA;SFSA4;True;False;False;Menos de quatro milhões de clientes;;61.0;10.0;0.16393442622950818;161668.0
2019;2;VOLKSWAGEN;;False;False;False;Menos de quatro milhões de clientes;;83.0;4.0;0.04819277108433735;369007.0
2019;2;VOLVO;;False;False;False;Menos de quatro milhões de clientes;;3.0;0.0;0.0;8247.0
2019;2;VOTORANTIM;;False;False;False;Mais de quatro milhões de clientes;11.77;479.0;69.0;0.1440501043841336;5861754.0
2019;2;WESTERN UNION;;False;False;False;Menos de quatro milhões de clientes;;9.0;6.0;0.6666666666666666;1.0
2019;2;YAMAHA MOTOR;;False;False;False;Menos de quatro milhões de clientes;;14.0;1.0;0.07142857142857142;154345.0
2019;3;ABC-BRASIL;ABCB4;True;False;False;Menos de quatro milhões de clientes;;15.0;3.0;0.2;19524.0
2019;3;AGIBANK;;False;False;False;Menos de quatro milhões de clientes;52.89;304.0;62.0;0.20394736842105263;1172113.0
2019;3;ALFA;;False;False;False;Menos de quatro milhões de clientes;;61.0;8.0;0.13114754098360656;416651.0
2019;3;ANDBANK;;False;False;False;Menos de quatro milhões de clientes;;6.0;0.0;0.0;8714.0
2019;3;BANCOOB;;False;False;False;Menos de quatro milhões de clientes;4.43;61.0;15.0;0.2459016393442623;3382458.0
2019;3;BANESTES;BEES3;True;False;False;Menos de quatro milhões de clientes;11.77;40.0;15.0;0.375;1274425.0
2019;3;BANRISUL;BRSR6;True;False;True;Mais de quatro milhões de clientes;22.57;626.0;110.0;0.1757188498402556;4873088.0
2019;3;BARIGUI;;False;False;False;Menos de quatro milhões de clientes;;29.0;13.0;0.4482758620689655;28892.0
2019;3;BB;BBAS3;True;False;True;Mais de quatro milhões de clientes;19.13;6719.0;1264.0;0.18812323262390238;66072966.0
2019;3;BMG;BMGB4;True;False;True;Mais de quatro milhões de clientes;82.33;1689.0;376.0;0.22261693309650682;4566863.0
2019;3;BMW;;False;False;False;Menos de quatro milhões de clientes;;1.0;0.0;0.0;22174.0
2019;3;BNP PARIBAS;;False;False;False;Menos de quatro milhões de clientes;143.77;1155.0;455.0;0.3939393939393939;3164605.0
2019;3;BOCOM;;False;False;False;Menos de quatro milhões de clientes;;1.0;0.0;0.0;7534.0
2019;3;BOFA MERRILL LYNCH;;False;False;False;Menos de quatro milhões de clientes;;6.0;1.0;0.16666666666666666;2019.0
2019;3;BRADESCO;BBDC4;True;False;True;Mais de quatro milhões de clientes;24.16;10470.0;2409.0;0.23008595988538683;99684907.0
2019;3;BRB;;False;False;False;Menos de quatro milhões de clientes;49.54;161.0;44.0;0.2732919254658385;888085.0
2019;3;BTG PACTUAL;;False;False;False;Menos de quatro milhões de clientes;;8.0;1.0;0.125;295906.0
2019;3;C6 BANK;;False;False;False;Menos de quatro milhões de clientes;62.36;136.0;17.0;0.125;272600.0
2019;3;CAIXA ECONÔMICA FEDERAL;;False;False;False;Mais de quatro milhões de clientes;18.97;9598.0;1775.0;0.1849343613252761;93525623.0
2019;3;CCB;;False;False;False;Menos de quatro milhões de clientes;;144.0;3.0;0.020833333333333332;261348.0
2019;3;CITIBANK;;False;False;False;Menos de quatro milhões de clientes;;11.0;1.0;0.09090909090909091;21460.0
2019;3;CREDIT SUISSE;;False;False;False;Menos de quatro milhões de clientes;;1.0;0.0;0.0;4173.0
2019;3;CREFISA;;False;False;False;Menos de quatro milhões de clientes;;323.0;14.0;0.043343653250773995;1708404.0
2019;3;DACASA FINANCEIRA;;False;False;False;Menos de quatro milhões de clientes;;17.0;2.0;0.11764705882352941;1099050.0
2019;3;DAYCOVAL;;False;False;False;Menos de quatro milhões de clientes;75.87;522.0;74.0;0.1417624521072797;975274.0
2019;3;FATOR;;False;False;False;Menos de quatro milhões de clientes;;2.0;1.0;0.5;16737.0
2019;3;GAZIN;;False;False;False;Menos de quatro milhões de clientes;;2.0;1.0;0.5;37178.0
2019;3;GMAC;;False;False;False;Menos de quatro milhões de clientes;;33.0;6.0;0.18181818181818182;359861.0
2019;3;GRUPO BONSUCESSO - BS2;;False;False;False;Menos de quatro milhões de clientes;;35.0;7.0;0.2;127804.0
2019;3;GRUPO ZEMA;;False;False;False;Menos de quatro milhões de clientes;;3.0;0.0;0.0;357877.0
2019;3;HERVAL - HS;;False;False;False;Menos de quatro milhões de clientes;;3.0;2.0;0.6666666666666666;249251.0
2019;3;HONDA;;False;False;False;Menos de quatro milhões de clientes;;25.0;3.0;0.12;475800.0
2019;3;INDUSTRIAL DO BRASIL;;False;False;False;Menos de quatro milhões de clientes;;23.0;5.0;0.21739130434782608;61309.0
2019;3;INTER;INBR;True;True;False;Menos de quatro milhões de clientes;176.25;1753.0;559.0;0.31888191671420424;3171520.0
2019;3;ITAU;ITUB4;True;False;True;Mais de quatro milhões de clientes;14.46;9161.0;1169.0;0.12760615653312957;80803452.0
2019;3;LECCA;;False;False;False;Menos de quatro milhões de clientes;;8.0;0.0;0.0;26499.0
2019;3;MÁXIMA;;False;False;False;Menos de quatro milhões de clientes;;17.0;8.0;0.47058823529411764;50914.0
2019;3;MERCANTIL DO BRASIL;BMEB4;True;False;True;Menos de quatro milhões de clientes;17.57;210.0;51.0;0.24285714285714285;2902589.0
2019;3;MERCEDES-BENZ;;False;False;False;Menos de quatro milhões de clientes;;7.0;2.0;0.2857142857142857;20314.0
2019;3;MODAL;;False;False;False;Menos de quatro milhões de clientes;174.54;153.0;60.0;0.39215686274509803;343742.0
2019;3;NUBANK;ROXO34;True;True;False;Menos de quatro milhões de clientes;;10.0;1.0;0.1;19728.0
2019;3;OMNI;;False;False;False;Mais de quatro milhões de clientes;8.98;135.0;41.0;0.3037037037037037;4563367.0
2019;3;ORIGINAL;;False;False;False;Menos de quatro milhões de clientes;83.31;537.0;157.0;0.29236499068901306;1884400.0
2019;3;PAN;;False;False;False;Mais de quatro milhões de clientes;149.58;2808.0;646.0;0.23005698005698005;4318631.0
2019;3;PARANÁ BANCO;;False;False;False;Menos de quatro milhões de clientes;;214.0;14.0;0.06542056074766354;356510.0
2019;3;PINE;;False;False;False;Menos de quatro milhões de clientes;;5.0;5.0;1.0;10790.0
2019;3;PLURAL;;False;False;False;Menos de quatro milhões de clientes;;4.0;1.0;0.25;4424.0
2019;3;PORTO SEGURO;;False;False;False;Menos de quatro milhões de clientes;16.23;164.0;34.0;0.2073170731707317;2094664.0
2019;3;RENDIMENTO;;False;False;False;Menos de quatro milhões de clientes;;5.0;1.0;0.2;21041.0
2019;3;RODOBENS;;False;False;False;Menos de quatro milhões de clientes;;7.0;3.0;0.42857142857142855;13218.0
2019;3;SAFRA;;False;False;False;Menos de quatro milhões de clientes;730.68;4019.0;1660.0;0.4130380691714357;2271853.0
2019;3;SANTANDER;SANB11;True;False;True;Mais de quatro milhões de clientes;21.03;7424.0;976.0;0.1314655172413793;46395772.0
2019;3;SICREDI;;False;False;False;Mais de quatro milhões de clientes;0.0;1.0;0.0;0.0;4377135.0
2019;3;SOCIETE GENERALE;;False;False;False;Menos de quatro milhões de clientes;;2.0;0.0;0.0;663.0
2019;3;SOCOPA;;False;False;False;Menos de quatro milhões de clientes;;5.0;2.0;0.4;25739.0
2019;3;SOFISA;SFSA4;True;False;False;Menos de quatro milhões de clientes;133.65;141.0;27.0;0.19148936170212766;202010.0
2019;3;SOROCRED;;False;False;False;Menos de quatro milhões de clientes;;50.0;4.0;0.08;449778.0
2019;3;VOLKSWAGEN;;False;False;False;Menos de quatro milhões de clientes;;79.0;14.0;0.17721518987341772;381760.0
2019;3;VOLVO;;False;False;False;Menos de quatro milhões de clientes;;1.0;1.0;1.0;8003.0
2019;3;VOTORANTIM;;False;False;False;Mais de quatro milhões de clientes;14.83;815.0;91.0;0.1116564417177914;6133287.0
2019;3;VR;;False;False;False;Menos de quatro milhões de clientes;;1.0;1.0;1.0;94.0
2019;3;WESTERN UNION;;False;False;False;Menos de quatro milhões de clientes;;8.0;4.0;0.5;1.0
2019;3;YAMAHA MOTOR;;False;False;False;Menos de quatro milhões de clientes;;12.0;2.0;0.16666666666666666;162271.0
2019;4;ABC-BRASIL;ABCB4;True;False;False;Menos de quatro milhões de clientes;;19.0;4.0;0.21052631578947367;21838.0
2019;4;AGIBANK;;False;False;False;Menos de quatro milhões de clientes;84.98;312.0;103.0;0.3301282051282051;1211977.0
2019;4;ALFA;;False;False;False;Menos de quatro milhões de clientes;57.55;109.0;24.0;0.22018348623853212;416983.0
2019;4;ANDBANK;;False;False;False;Menos de quatro milhões de clientes;;7.0;0.0;0.0;3343.0
2019;4;BANCOOB;;False;False;False;Menos de quatro milhões de clientes;;52.0;9.0;0.17307692307692307;3558581.0
2019;4;BANESTES;BEES3;True;False;False;Menos de quatro milhões de clientes;11.67;45.0;15.0;0.3333333333333333;1284420.0
2019;4;BANRISUL;BRSR6;True;False;True;Mais de quatro milhões de clientes;23.3;593.0;115.0;0.19392917369308602;4935064.0
2019;4;BARIGUI;;False;False;False;Menos de quatro milhões de clientes;;30.0;11.0;0.36666666666666664;28528.0
2019;4;BB;BBAS3;True;False;True;Mais de quatro milhões de clientes;19.06;5588.0;1267.0;0.22673586256263423;66464386.0
2019;4;BMG;BMGB4;True;False;True;Mais de quatro milhões de clientes;68.66;1233.0;326.0;0.2643957826439578;4747780.0
2019;4;BMW;;False;False;False;Menos de quatro milhões de clientes;;3.0;1.0;0.3333333333333333;22944.0
2019;4;BNP PARIBAS;;False;False;False;Menos de quatro milhões de clientes;151.13;933.0;478.0;0.5123258306538049;3162634.0
2019;4;BOCOM;;False;False;False;Menos de quatro milhões de clientes;;1.0;0.0;0.0;7554.0
2019;4;BRADESCO;BBDC4;True;False;True;Mais de quatro milhões de clientes;19.36;8606.0;1910.0;0.22193818266325818;98653100.0
2019;4;BRB;;False;False;False;Menos de quatro milhões de clientes;52.38;183.0;47.0;0.2568306010928962;897143.0
2019;4;BTG PACTUAL;;False;False;False;Menos de quatro milhões de clientes;;15.0;2.0;0.13333333333333333;335616.0
2019;4;C6 BANK;;False;False;False;Menos de quatro milhões de clientes;39.49;168.0;29.0;0.17261904761904762;734239.0
2019;4;CAIXA ECONÔMICA FEDERAL;;False;False;False;Mais de quatro milhões de clientes;17.19;8387.0;1637.0;0.19518302134255394;95191144.0
2019;4;CCB;;False;False;False;Menos de quatro milhões de clientes;;169.0;3.0;0.01775147928994083;258090.0
2019;4;CITIBANK;;False;False;False;Menos de quatro milhões de clientes;;7.0;1.0;0.14285714285714285;23825.0
2019;4;CREFISA;;False;False;False;Menos de quatro milhões de clientes;12.63;169.0;22.0;0.1301775147928994;1741372.0
2019;4;DACASA FINANCEIRA;;False;False;False;Menos de quatro milhões de clientes;;11.0;5.0;0.45454545454545453;1081485.0
2019;4;DAYCOVAL;;False;False;False;Menos de quatro milhões de clientes;52.47;506.0;53.0;0.10474308300395258;1010041.0
2019;4;FINAXIS;;False;False;False;Menos de quatro milhões de clientes;;1.0;0.0;0.0;4615.0
2019;4;GAZIN;;False;False;False;Menos de quatro milhões de clientes;;5.0;3.0;0.6;38982.0
2019;4;GMAC;;False;False;False;Menos de quatro milhões de clientes;;23.0;2.0;0.08695652173913043;353463.0
2019;4;GRUPO BONSUCESSO - BS2;;False;False;False;Menos de quatro milhões de clientes;70.05;66.0;17.0;0.25757575757575757;242674.0
2019;4;GRUPO ZEMA;;False;False;False;Menos de quatro milhões de clientes;;1.0;0.0;0.0;375792.0
2019;4;HONDA;;False;False;False;Menos de quatro milhões de clientes;;30.0;4.0;0.13333333333333333;483656.0
2019;4;INDUSTRIAL DO BRASIL;;False;False;False;Menos de quatro milhões de clientes;336.21;63.0;21.0;0.3333333333333333;62460.0
2019;4;INDUSVAL;;False;False;False;Menos de quatro milhões de clientes;;1.0;0.0;0.0;4829.0
2019;4;INTER;INBR;True;True;False;Menos de quatro milhões de clientes;123.55;1437.0;489.0;0.34029227557411273;3957845.0
2019;4;ITAU;ITUB4;True;False;True;Mais de quatro milhões de clientes;16.85;8827.0;1377.0;0.155998640534723;81684646.0
2019;4;JP MORGAN CHASE;;False;False;False;Menos de quatro milhões de clientes;;1.0;0.0;0.0;3768.0
2019;4;LECCA;;False;False;False;Menos de quatro milhões de clientes;;5.0;0.0;0.0;25778.0
2019;4;MÁXIMA;;False;False;False;Menos de quatro milhões de clientes;;33.0;12.0;0.36363636363636365;55220.0
2019;4;MERCANTIL DO BRASIL;BMEB4;True;False;True;Menos de quatro milhões de clientes;27.23;217.0;82.0;0.3778801843317972;3010523.0
2019;4;MERCEDES-BENZ;;False;False;False;Menos de quatro milhões de clientes;;2.0;1.0;0.5;20092.0
2019;4;MODAL;;False;False;False;Menos de quatro milhões de clientes;150.15;118.0;65.0;0.5508474576271186;432873.0
2019;4;NUBANK;ROXO34;True;True;False;Menos de quatro milhões de clientes;;15.0;0.0;0.0;45018.0
2019;4;OMNI;;False;False;False;Mais de quatro milhões de clientes;7.57;132.0;35.0;0.26515151515151514;4623207.0
2019;4;ORIGINAL;;False;False;False;Menos de quatro milhões de clientes;111.92;685.0;271.0;0.3956204379562044;2421171.0
2019;4;OURINVEST;;False;False;False;Menos de quatro milhões de clientes;;1.0;0.0;0.0;64010.0
2019;4;PAN;;False;False;False;Mais de quatro milhões de clientes;126.47;2266.0;564.0;0.24889673433362755;4459480.0
2019;4;PARANÁ BANCO;;False;False;False;Menos de quatro milhões de clientes;;249.0;11.0;0.04417670682730924;369533.0
2019;4;PORTO SEGURO;;False;False;False;Menos de quatro milhões de clientes;17.21;178.0;37.0;0.20786516853932585;2149319.0
2019;4;RENDIMENTO;;False;False;False;Menos de quatro milhões de clientes;;14.0;7.0;0.5;21556.0
2019;4;RODOBENS;;False;False;False;Menos de quatro milhões de clientes;;14.0;7.0;0.5;12464.0
2019;4;SAFRA;;False;False;False;Menos de quatro milhões de clientes;629.65;4092.0;1573.0;0.3844086021505376;2498174.0
2019;4;SANTANDER;SANB11;True;False;True;Mais de quatro milhões de clientes;22.94;6560.0;1085.0;0.16539634146341464;47281933.0
2019;4;SICREDI;;False;False;False;Mais de quatro milhões de clientes;0.0;1.0;0.0;0.0;4564825.0
2019;4;SOCIETE GENERALE;;False;False;False;Menos de quatro milhões de clientes;;1.0;1.0;1.0;677.0
2019;4;SOFISA;SFSA4;True;False;False;Menos de quatro milhões de clientes;;57.0;13.0;0.22807017543859648;221280.0
2019;4;SOROCRED;;False;False;False;Menos de quatro milhões de clientes;;54.0;5.0;0.09259259259259259;483650.0
2019;4;VOLKSWAGEN;;False;False;False;Menos de quatro milhões de clientes;48.76;79.0;19.0;0.24050632911392406;389621.0
2019;4;VOTORANTIM;;False;False;False;Mais de quatro milhões de clientes;9.5;479.0;70.0;0.14613778705636743;7364173.0
2019;4;WESTERN UNION;;False;False;False;Menos de quatro milhões de clientes;;5.0;5.0;1.0;1.0
2019;4;YAMAHA MOTOR;;False;False;False;Menos de quatro milhões de clientes;;8.0;0.0;0.0;171174.0
2020;1;ABC-BRASIL;ABCB4;True;False;False;Menos de quatro milhões de clientes;;8.0;0.0;0.0;20209.0
2020;1;AGIBANK;;False;False;False;Menos de quatro milhões de clientes;67.19;360.0;74.0;0.20555555555555555;1101269.0
2020;1;ALFA;;False;False;False;Menos de quatro milhões de clientes;45.83;91.0;19.0;0.2087912087912088;414559.0
2020;1;ANDBANK;;False;False;False;Menos de quatro milhões de clientes;;7.0;0.0;0.0;3723.0
2020;1;BANCOOB;;False;False;False;Menos de quatro milhões de clientes;;48.0;11.0;0.22916666666666666;3711895.0
2020;1;BANESTES;BEES3;True;False;False;Menos de quatro milhões de clientes;12.34;57.0;16.0;0.2807017543859649;1295724.0
2020;1;BANRISUL;BRSR6;True;False;True;Mais de quatro milhões de clientes;21.8;573.0;109.0;0.19022687609075042;4998869.0
2020;1;BARIGUI;;False;False;False;Menos de quatro milhões de clientes;996.26;52.0;28.0;0.5384615384615384;28105.0
2020;1;BB;BBAS3;True;False;True;Mais de quatro milhões de clientes;19.07;6051.0;1258.0;0.2078995207403735;65965945.0
2020;1;BMG;BMGB4;True;False;True;Mais de quatro milhões de clientes;82.07;1414.0;407.0;0.28783592644978784;4958841.0
2020;1;BMW;;False;False;False;Menos de quatro milhões de clientes;;4.0;1.0;0.25;24006.0
2020;1;BNP PARIBAS;;False;False;False;Menos de quatro milhões de clientes;217.64;1139.0;684.0;0.6005267778753293;3142799.0
2020;1;BOFA MERRILL LYNCH;;False;False;False;Menos de quatro milhões de clientes;;3.0;0.0;0.0;1733.0
2020;1;BRADESCO;BBDC4;True;False;True;Mais de quatro milhões de clientes;20.54;9148.0;2045.0;0.22354613030170528;99546994.0
2020;1;BRB;;False;False;False;Menos de quatro milhões de clientes;83.58;234.0;76.0;0.3247863247863248;909295.0
2020;1;BTG PACTUAL;;False;False;False;Menos de quatro milhões de clientes;;16.0;3.0;0.1875;368553.0
2020;1;C6 BANK;;False;False;False;Menos de quatro milhões de clientes;41.43;390.0;59.0;0.15128205128205127;1423786.0
2020;1;CAIXA ECONÔMICA FEDERAL;;False;False;False;Mais de quatro milhões de clientes;21.97;9271.0;2116.0;0.2282385934634883;96303277.0
2020;1;CCB;;False;False;False;Menos de quatro milhões de clientes;69.26;197.0;18.0;0.09137055837563451;259864.0
2020;1;CITIBANK;;False;False;False;Menos de quatro milhões de clientes;;6.0;0.0;0.0;23775.0
2020;1;CREFISA;;False;False;False;Menos de quatro milhões de clientes;9.03;182.0;16.0;0.08791208791208792;1770650.0
2020;1;DAYCOVAL;;False;False;False;Menos de quatro milhões de clientes;64.93;619.0;80.0;0.12924071082390953;1232095.0
2020;1;FINAXIS;;False;False;False;Menos de quatro milhões de clientes;;1.0;0.0;0.0;4596.0
2020;1;GAZIN;;False;False;False;Menos de quatro milhões de clientes;;1.0;1.0;1.0;40721.0
2020;1;GM;;False;False;False;Menos de quatro milhões de clientes;;25.0;4.0;0.16;343782.0
2020;1;GRUPO BONSUCESSO - BS2;;False;False;False;Menos de quatro milhões de clientes;49.57;91.0;18.0;0.1978021978021978;363105.0
2020;1;GRUPO ZEMA;;False;False;False;Menos de quatro milhões de clientes;;3.0;0.0;0.0;406570.0
2020;1;HERVAL - HS;;False;False;False;Menos de quatro milhões de clientes;;5.0;2.0;0.4;106808.0
2020;1;HONDA;;False;False;False;Menos de quatro milhões de clientes;;32.0;5.0;0.15625;486564.0
2020;1;INDUSTRIAL DO BRASIL;;False;False;False;Menos de quatro milhões de clientes;255.51;35.0;16.0;0.45714285714285713;62618.0
2020;1;INDUSVAL;;False;False;False;Menos de quatro milhões de clientes;;1.0;0.0;0.0;4988.0
2020;1;INTER;INBR;True;True;False;Mais de quatro milhões de clientes;163.51;1870.0;780.0;0.41711229946524064;4770298.0
2020;1;ITAU;ITUB4;True;False;True;Mais de quatro milhões de clientes;21.66;9118.0;1785.0;0.19576661548585217;82378627.0
2020;1;LECCA;;False;False;False;Menos de quatro milhões de clientes;;14.0;7.0;0.5;27157.0
2020;1;MÁXIMA;;False;False;False;Menos de quatro milhões de clientes;;38.0;7.0;0.18421052631578946;68831.0
2020;1;MERCANTIL DO BRASIL;BMEB4;True;False;True;Menos de quatro milhões de clientes;27.6;237.0;86.0;0.3628691983122363;3115392.0
2020;1;MERCEDES-BENZ;;False;False;False;Menos de quatro milhões de clientes;;1.0;0.0;0.0;20676.0
2020;1;MODAL;;False;False;False;Menos de quatro milhões de clientes;48.7;105.0;28.0;0.26666666666666666;574846.0
2020;1;NUBANK;ROXO34;True;True;False;Menos de quatro milhões de clientes;;14.0;1.0;0.07142857142857142;2733789.0
2020;1;OMNI;;False;False;False;Mais de quatro milhões de clientes;7.7;134.0;36.0;0.26865671641791045;4670973.0
2020;1;ORIGINAL;;False;False;False;Menos de quatro milhões de clientes;159.83;1063.0;443.0;0.4167450611476952;2771671.0
2020;1;OURINVEST;;False;False;False;Menos de quatro milhões de clientes;;1.0;0.0;0.0;47344.0
2020;1;PAN;;False;False;False;Mais de quatro milhões de clientes;163.38;2841.0;792.0;0.2787750791974657;4847503.0
2020;1;PARANÁ BANCO;;False;False;False;Menos de quatro milhões de clientes;64.51;312.0;26.0;0.08333333333333333;403023.0
2020;1;PINE;;False;False;False;Menos de quatro milhões de clientes;;6.0;0.0;0.0;12036.0
2020;1;PORTO SEGURO;;False;False;False;Menos de quatro milhões de clientes;16.54;199.0;38.0;0.19095477386934673;2296267.0
2020;1;RENDIMENTO;;False;False;False;Menos de quatro milhões de clientes;;10.0;4.0;0.4;22276.0
2020;1;RODOBENS;;False;False;False;Menos de quatro milhões de clientes;;3.0;0.0;0.0;12767.0
2020;1;SAFRA;;False;False;False;Menos de quatro milhões de clientes;463.34;3320.0;1247.0;0.37560240963855424;2691273.0
2020;1;SANTANDER;SANB11;True;False;True;Mais de quatro milhões de clientes;26.32;7003.0;1283.0;0.1832071969156076;48737277.0
2020;1;SICREDI;;False;False;False;Mais de quatro milhões de clientes;0.42;2.0;2.0;1.0;4745257.0
2020;1;SOCIETE GENERALE;;False;False;False;Menos de quatro milhões de clientes;;4.0;0.0;0.0;703.0
2020;1;SOCOPA;;False;False;False;Menos de quatro milhões de clientes;;4.0;1.0;0.25;24738.0
2020;1;SOFISA;SFSA4;True;False;False;Menos de quatro milhões de clientes;84.31;84.0;20.0;0.23809523809523808;237213.0
2020;1;SOROCRED;;False;False;False;Menos de quatro milhões de clientes;;39.0;9.0;0.23076923076923078;538412.0
2020;1;VOLKSWAGEN;;False;False;False;Menos de quatro milhões de clientes;50.24;77.0;20.0;0.2597402597402597;398010.0
2020;1;VOTORANTIM;;False;False;False;Mais de quatro milhões de clientes;11.14;581.0;95.0;0.16351118760757316;8527116.0
2020;1;WESTERN UNION;;False;False;False;Menos de quatro milhões de clientes;;9.0;3.0;0.3333333333333333;1.0
2020;1;YAMAHA MOTOR;;False;False;False;Menos de quatro milhões de clientes;;15.0;0.0;0.0;181066.0
2020;2;ABC-BRASIL;ABCB4;True;False;False;Menos de quatro milhões de clientes;;2.0;1.0;0.5;21754.0
2020;2;AGIBANK;;False;False;False;Menos de quatro milhões de clientes;61.19;391.0;67.0;0.17135549872122763;1094818.0
2020;2;ALFA;;False;False;False;Menos de quatro milhões de clientes;;82.0;12.0;0.14634146341463414;412199.0
2020;2;ANDBANK;;False;False;False;Menos de quatro milhões de clientes;;3.0;0.0;0.0;3991.0
2020;2;BANCOOB;;False;False;False;Menos de quatro milhões de clientes;;40.0;8.0;0.2;3886472.0
2020;2;BANESTES;BEES3;True;False;False;Menos de quatro milhões de clientes;;38.0;10.0;0.2631578947368421;1303144.0
2020;2;BANRISUL;BRSR6;True;False;True;Mais de quatro milhões de clientes;19.83;645.0;100.0;0.15503875968992248;5042321.0
2020;2;BARIGUI;;False;False;False;Menos de quatro milhões de clientes;;19.0;7.0;0.3684210526315789;27474.0
2020;2;BB;BBAS3;True;False;True;Mais de quatro milhões de clientes;22.76;8522.0;1527.0;0.17918329030743957;67076893.0
2020;2;BMG;BMGB4;True;False;True;Mais de quatro milhões de clientes;99.8;1543.0;520.0;0.3370058327932599;5210230.0
2020;2;BMW;;False;False;False;Menos de quatro milhões de clientes;;6.0;1.0;0.16666666666666666;24426.0
2020;2;BNP PARIBAS;;False;False;False;Menos de quatro milhões de clientes;268.59;1267.0;719.0;0.5674822415153907;2676922.0
2020;2;BOFA MERRILL LYNCH;;False;False;False;Menos de quatro milhões de clientes;;1.0;1.0;1.0;1604.0
2020;2;BRADESCO;BBDC4;True;False;True;Mais de quatro milhões de clientes;24.35;11450.0;2408.0;0.21030567685589519;98855959.0
2020;2;BRB;;False;False;False;Menos de quatro milhões de clientes;69.12;393.0;64.0;0.1628498727735369;925870.0
2020;2;BTG PACTUAL;;False;False;False;Menos de quatro milhões de clientes;;26.0;8.0;0.3076923076923077;424827.0
2020;2;C6 BANK;;False;False;False;Menos de quatro milhões de clientes;64.37;347.0;118.0;0.3400576368876081;1833081.0
2020;2;CAIXA ECONÔMICA FEDERAL;;False;False;False;Mais de quatro milhões de clientes;26.45;23610.0;3053.0;0.1293096145700974;115407209.0
2020;2;CCB;;False;False;False;Menos de quatro milhões de clientes;;130.0;6.0;0.046153846153846156;253956.0
2020;2;CITIBANK;;False;False;False;Menos de quatro milhões de clientes;;5.0;0.0;0.0;19435.0
2020;2;CREFISA;;False;False;False;Menos de quatro milhões de clientes;17.3;248.0;31.0;0.125;1791322.0
2020;2;DAYCOVAL;;False;False;False;Menos de quatro milhões de clientes;41.06;654.0;50.0;0.0764525993883792;1217663.0
2020;2;FATOR;;False;False;False;Menos de quatro milhões de clientes;;1.0;0.0;0.0;16675.0
2020;2;GM;;False;False;False;Menos de quatro milhões de clientes;72.55;210.0;24.0;0.11428571428571428;330771.0
2020;2;GRUPO BONSUCESSO - BS2;;False;False;False;Menos de quatro milhões de clientes;44.63;75.0;20.0;0.26666666666666666;448029.0
2020;2;GRUPO ZEMA;;False;False;False;Menos de quatro milhões de clientes;;2.0;0.0;0.0;410773.0
2020;2;HERVAL - HS;;False;False;False;Menos de quatro milhões de clientes;;10.0;6.0;0.6;197488.0
2020;2;HONDA;;False;False;False;Menos de quatro milhões de clientes;;58.0;7.0;0.1206896551724138;478950.0
2020;2;INDUSTRIAL DO BRASIL;;False;False;False;Menos de quatro milhões de clientes;235.01;47.0;15.0;0.3191489361702128;63827.0
2020;2;INDUSVAL;;False;False;False;Menos de quatro milhões de clientes;;7.0;6.0;0.8571428571428571;5169.0
2020;2;INTER;INBR;True;True;False;Mais de quatro milhões de clientes;97.92;1401.0;557.0;0.3975731620271235;5688290.0
2020;2;ITAU;ITUB4;True;False;True;Mais de quatro milhões de clientes;21.09;9834.0;1750.0;0.1779540370144397;82959663.0
2020;2;LECCA;;False;False;False;Menos de quatro milhões de clientes;;19.0;9.0;0.47368421052631576;25656.0
2020;2;MÁXIMA;;False;False;False;Menos de quatro milhões de clientes;;25.0;9.0;0.36;83947.0
2020;2;MERCANTIL DO BRASIL;BMEB4;True;False;True;Menos de quatro milhões de clientes;30.73;256.0;99.0;0.38671875;3221087.0
2020;2;MERCEDES-BENZ;;False;False;False;Menos de quatro milhões de clientes;;15.0;5.0;0.3333333333333333;20615.0
2020;2;MODAL;;False;False;False;Menos de quatro milhões de clientes;35.7;120.0;26.0;0.21666666666666667;728248.0
2020;2;NUBANK;ROXO34;True;True;False;Mais de quatro milhões de clientes;0.18;11.0;1.0;0.09090909090909091;5367754.0
2020;2;OMNI;;False;False;False;Mais de quatro milhões de clientes;12.07;216.0;55.0;0.25462962962962965;4553588.0
2020;2;ORIGINAL;;False;False;False;Menos de quatro milhões de clientes;30.97;547.0;97.0;0.1773308957952468;3131942.0
2020;2;PAGBANK-PAGSEGURO;;False;False;False;Menos de quatro milhões de clientes;;3.0;0.0;0.0;935179.0
2020;2;PAN;;False;False;False;Mais de quatro milhões de clientes;158.89;4807.0;794.0;0.16517578531308508;4996952.0
2020;2;PARANÁ BANCO;;False;False;False;Menos de quatro milhões de clientes;122.22;340.0;53.0;0.15588235294117647;433617.0
2020;2;PINE;;False;False;False;Menos de quatro milhões de clientes;;2.0;1.0;0.5;11077.0
2020;2;PLURAL;;False;False;False;Menos de quatro milhões de clientes;;2.0;0.0;0.0;5003.0
2020;2;PORTO SEGURO;;False;False;False;Menos de quatro milhões de clientes;20.78;200.0;50.0;0.25;2405064.0
2020;2;RENDIMENTO;;False;False;False;Menos de quatro milhões de clientes;;5.0;1.0;0.2;22654.0
2020;2;RODOBENS;;False;False;False;Menos de quatro milhões de clientes;;6.0;1.0;0.16666666666666666;12852.0
2020;2;SAFRA;;False;False;False;Menos de quatro milhões de clientes;281.78;2926.0;771.0;0.26349965823650034;2736115.0
2020;2;SANTANDER;SANB11;True;False;True;Mais de quatro milhões de clientes;41.35;11006.0;2040.0;0.18535344357623115;49334145.0
2020;2;SCANIA;;False;False;False;Menos de quatro milhões de clientes;;1.0;0.0;0.0;4328.0
2020;2;SICREDI;;False;False;False;Mais de quatro milhões de clientes;0.0;2.0;0.0;0.0;4976262.0
2020;2;SOCIETE GENERALE;;False;False;False;Menos de quatro milhões de clientes;;4.0;2.0;0.5;699.0
2020;2;SOCOPA;;False;False;False;Menos de quatro milhões de clientes;;2.0;0.0;0.0;24627.0
2020;2;SOFISA;SFSA4;True;False;False;Menos de quatro milhões de clientes;;35.0;7.0;0.2;250294.0
2020;2;SOROCRED;;False;False;False;Menos de quatro milhões de clientes;;29.0;4.0;0.13793103448275862;492314.0
2020;2;VOLKSWAGEN;;False;False;False;Menos de quatro milhões de clientes;168.81;389.0;66.0;0.16966580976863754;390958.0
2020;2;VOLVO;;False;False;False;Menos de quatro milhões de clientes;;1.0;1.0;1.0;81.0
2020;2;VOTORANTIM;;False;False;False;Mais de quatro milhões de clientes;3.47;561.0;33.0;0.058823529411764705;9502980.0
2020;2;VR;;False;False;False;Menos de quatro milhões de clientes;;1.0;0.0;0.0;69.0
2020;2;WESTERN UNION;;False;False;False;Menos de quatro milhões de clientes;;14.0;7.0;0.5;1.0
2020;2;YAMAHA MOTOR;;False;False;False;Menos de quatro milhões de clientes;;54.0;5.0;0.09259259259259259;185004.0
2020;3;ABC-BRASIL;ABCB4;True;False;False;Menos de quatro milhões de clientes;;4.0;1.0;0.25;24119.0
2020;3;AGIBANK;;False;False;False;Menos de quatro milhões de clientes;62.34;347.0;63.0;0.18155619596541786;1010427.0
2020;3;ALFA;;False;False;False;Menos de quatro milhões de clientes;87.5;134.0;36.0;0.26865671641791045;411418.0
2020;3;ANDBANK;;False;False;False;Menos de quatro milhões de clientes;;16.0;0.0;0.0;4305.0
2020;3;BANCOOB;;False;False;False;Mais de quatro milhões de clientes;2.89;63.0;12.0;0.19047619047619047;4139244.0
2020;3;BANESTES;BEES3;True;False;False;Menos de quatro milhões de clientes;;84.0;22.0;0.2619047619047619;1312082.0
2020;3;BANRISUL;BRSR6;True;False;True;Mais de quatro milhões de clientes;27.15;866.0;138.0;0.15935334872979215;5081434.0
2020;3;BARIGUI;;False;False;False;Menos de quatro milhões de clientes;;45.0;24.0;0.5333333333333333;27533.0
2020;3;BB;BBAS3;True;False;True;Mais de quatro milhões de clientes;27.66;8611.0;1878.0;0.21809313668563465;67894151.0
2020;3;BMG;BMGB4;True;False;True;Mais de quatro milhões de clientes;236.73;2376.0;1325.0;0.5576599326599326;5597083.0
2020;3;BMW;;False;False;False;Menos de quatro milhões de clientes;;4.0;1.0;0.25;26598.0
2020;3;BNP PARIBAS;;False;False;False;Menos de quatro milhões de clientes;332.0;1392.0;864.0;0.6206896551724138;2602372.0
2020;3;BOCOM;;False;False;False;Menos de quatro milhões de clientes;;1.0;1.0;1.0;7711.0
2020;3;BOFA MERRILL LYNCH;;False;False;False;Menos de quatro milhões de clientes;;2.0;0.0;0.0;1663.0
2020;3;BRADESCO;BBDC4;True;False;True;Mais de quatro milhões de clientes;25.76;11620.0;2551.0;0.2195352839931153;99010417.0
2020;3;BRB;;False;False;False;Menos de quatro milhões de clientes;80.11;378.0;78.0;0.20634920634920634;973656.0
2020;3;BTG PACTUAL;;False;False;False;Menos de quatro milhões de clientes;;25.0;5.0;0.2;499329.0
2020;3;C6 BANK;;False;False;False;Menos de quatro milhões de clientes;220.48;1228.0;599.0;0.48778501628664495;2716769.0
2020;3;CAIXA ECONÔMICA FEDERAL;;False;False;False;Mais de quatro milhões de clientes;49.1;30074.0;6684.0;0.22225177894526835;136115003.0
2020;3;CCB;;False;False;False;Menos de quatro milhões de clientes;;236.0;15.0;0.0635593220338983;243070.0
2020;3;CITIBANK;;False;False;False;Menos de quatro milhões de clientes;;8.0;1.0;0.125;23698.0
2020;3;CREDIT SUISSE;;False;False;False;Menos de quatro milhões de clientes;;2.0;0.0;0.0;5105.0
2020;3;CREFISA;;False;False;False;Menos de quatro milhões de clientes;38.24;381.0;74.0;0.1942257217847769;1934829.0
2020;3;DAYCOVAL;;False;False;False;Menos de quatro milhões de clientes;115.83;813.0;137.0;0.16851168511685116;1182676.0
2020;3;GAZIN;;False;False;False;Menos de quatro milhões de clientes;;2.0;2.0;1.0;34889.0
2020;3;GM;;False;False;False;Menos de quatro milhões de clientes;;68.0;15.0;0.22058823529411764;320712.0
2020;3;GRUPO BONSUCESSO - BS2;;False;False;False;Menos de quatro milhões de clientes;74.51;223.0;43.0;0.19282511210762332;577035.0
2020;3;GRUPO ZEMA;;False;False;False;Menos de quatro milhões de clientes;;6.0;2.0;0.3333333333333333;421393.0
2020;3;HERVAL - HS;;False;False;False;Menos de quatro milhões de clientes;;10.0;8.0;0.8;197002.0
2020;3;HONDA;;False;False;False;Menos de quatro milhões de clientes;;53.0;25.0;0.4716981132075472;466565.0
2020;3;INDUSTRIAL DO BRASIL;;False;False;False;Menos de quatro milhões de clientes;;55.0;17.0;0.3090909090909091;62754.0
2020;3;INTER;INBR;True;True;False;Mais de quatro milhões de clientes;126.38;1699.0;869.0;0.5114773396115362;6875798.0
2020;3;ITAU;ITUB4;True;False;True;Mais de quatro milhões de clientes;32.3;10657.0;2687.0;0.25213474711457257;83164395.0
2020;3;LECCA;;False;False;False;Menos de quatro milhões de clientes;;12.0;6.0;0.5;25470.0
2020;3;MÁXIMA;;False;False;False;Menos de quatro milhões de clientes;313.36;85.0;38.0;0.4470588235294118;121263.0
2020;3;MERCANTIL DO BRASIL;BMEB4;True;False;True;Menos de quatro milhões de clientes;48.75;329.0;160.0;0.48632218844984804;3281816.0
2020;3;MERCEDES-BENZ;;False;False;False;Menos de quatro milhões de clientes;;7.0;2.0;0.2857142857142857;20996.0
2020;3;MODAL;;False;False;False;Menos de quatro milhões de clientes;119.26;289.0;108.0;0.3737024221453287;905571.0
2020;3;NUBANK;ROXO34;True;True;False;Mais de quatro milhões de clientes;0.25;17.0;2.0;0.11764705882352941;7935364.0
2020;3;OMNI;;False;False;False;Mais de quatro milhões de clientes;6.12;166.0;28.0;0.1686746987951807;4569483.0
2020;3;ORIGINAL;;False;False;False;Menos de quatro milhões de clientes;72.11;901.0;243.0;0.26970033296337403;3369592.0
2020;3;PAGBANK-PAGSEGURO;;False;False;False;Menos de quatro milhões de clientes;;3.0;3.0;1.0;1388670.0
2020;3;PAN;;False;False;False;Mais de quatro milhões de clientes;255.33;5095.0;1464.0;0.2873405299313052;5733561.0
2020;3;PARANÁ BANCO;;False;False;False;Menos de quatro milhões de clientes;176.42;530.0;82.0;0.15471698113207547;464786.0
2020;3;PINE;;False;False;False;Menos de quatro milhões de clientes;;5.0;1.0;0.2;11124.0
2020;3;PLURAL;;False;False;False;Menos de quatro milhões de clientes;;2.0;0.0;0.0;5196.0
2020;3;PORTO SEGURO;;False;False;False;Menos de quatro milhões de clientes;41.87;307.0;106.0;0.34527687296416937;2531276.0
2020;3;RENDIMENTO;;False;False;False;Menos de quatro milhões de clientes;;18.0;3.0;0.16666666666666666;23240.0
2020;3;RODOBENS;;False;False;False;Menos de quatro milhões de clientes;;4.0;2.0;0.5;12960.0
2020;3;SAFRA;;False;False;False;Menos de quatro milhões de clientes;362.4;2882.0;996.0;0.34559333795975017;2748317.0
2020;3;SANTANDER;SANB11;True;False;True;Mais de quatro milhões de clientes;34.33;9604.0;1723.0;0.17940441482715536;50180892.0
2020;3;SICREDI;;False;False;False;Mais de quatro milhões de clientes;0.19;3.0;1.0;0.3333333333333333;5197523.0
2020;3;SINOSSERRA;;False;False;False;Menos de quatro milhões de clientes;;2.0;0.0;0.0;7849.0
2020;3;SOCIETE GENERALE;;False;False;False;Menos de quatro milhões de clientes;;3.0;0.0;0.0;714.0
2020;3;SOFISA;SFSA4;True;False;False;Menos de quatro milhões de clientes;;80.0;17.0;0.2125;273589.0
2020;3;SOROCRED;;False;False;False;Menos de quatro milhões de clientes;;55.0;4.0;0.07272727272727272;491804.0
2020;3;VOLKSWAGEN;;False;False;False;Menos de quatro milhões de clientes;115.96;118.0;45.0;0.3813559322033898;388049.0
2020;3;VOLVO;;False;False;False;Menos de quatro milhões de clientes;;3.0;0.0;0.0;7713.0
2020;3;VOTORANTIM;;False;False;False;Mais de quatro milhões de clientes;6.1;890.0;67.0;0.07528089887640449;10966653.0
2020;3;WESTERN UNION;;False;False;False;Menos de quatro milhões de clientes;;3.0;1.0;0.3333333333333333;1.0
2020;3;YAMAHA MOTOR;;False;False;False;Menos de quatro milhões de clientes;;27.0;9.0;0.3333333333333333;190240.0
2020;4;ABC-BRASIL;ABCB4;True;False;False;Grupo Secundário;;2.0;0.0;0.0;25273.0
2020;4;AGIBANK;;False;False;False;Grupo Secundário;58.71;295.0;60.0;0.2033898305084746;1021954.0
2020;4;ALFA;;False;False;False;Grupo Secundário;;87.0;17.0;0.19540229885057472;413132.0
2020;4;ANDBANK;;False;False;False;Grupo Secundário;;1.0;0.0;0.0;4309.0
2020;4;BANCOOB;;False;False;False;Grupo Secundário;;42.0;12.0;0.2857142857142857;4382389.0
2020;4;BANESTES;BEES3;True;False;False;Grupo Secundário;;83.0;17.0;0.20481927710843373;1324663.0
2020;4;BANRISUL;BRSR6;True;False;True;Grupo Secundário;19.69;601.0;101.0;0.16805324459234608;5127105.0
2020;4;BARIGUI;;False;False;False;Grupo Secundário;;23.0;7.0;0.30434782608695654;29053.0
2020;4;BB;BBAS3;True;False;True;Top 10;22.63;7895.0;1562.0;0.19784673844205194;69012481.0
2020;4;BMG;BMGB4;True;False;True;Grupo Secundário;265.22;2879.0;1605.0;0.5574852379298367;6051361.0
2020;4;BMW;;False;False;False;Grupo Secundário;;4.0;3.0;0.75;27918.0
2020;4;BNP PARIBAS;;False;False;False;Grupo Secundário;274.08;1136.0;692.0;0.6091549295774648;2524748.0
2020;4;BRADESCO;BBDC4;True;False;True;Top 10;16.96;11456.0;1686.0;0.1471717877094972;99362077.0
2020;4;BRB;;False;False;False;Grupo Secundário;86.26;422.0;89.0;0.2109004739336493;1031692.0
2020;4;BTG PACTUAL;;False;False;False;Grupo Secundário;;25.0;2.0;0.08;577341.0
2020;4;C6 BANK;;False;False;False;Grupo Secundário;1779.55;8441.0;7802.0;0.9242980689491767;4384238.0
2020;4;CAIXA ECONÔMICA FEDERAL;;False;False;False;Top 10;30.85;22451.0;4442.0;0.19785310231170103;143971402.0
2020;4;CCB;;False;False;False;Grupo Secundário;;130.0;4.0;0.03076923076923077;233426.0
2020;4;CITIBANK;;False;False;False;Grupo Secundário;;10.0;0.0;0.0;18055.0
2020;4;CREFISA;;False;False;False;Grupo Secundário;18.53;326.0;39.0;0.1196319018404908;2103967.0
2020;4;DAYCOVAL;;False;False;False;Grupo Secundário;223.76;956.0;268.0;0.2803347280334728;1197696.0
2020;4;GAZIN;;False;False;False;Grupo Secundário;;4.0;0.0;0.0;34215.0
2020;4;GM;;False;False;False;Grupo Secundário;;32.0;4.0;0.125;315323.0
2020;4;GRUPO BONSUCESSO - BS2;;False;False;False;Grupo Secundário;;130.0;23.0;0.17692307692307693;671638.0
2020;4;GRUPO ZEMA;;False;False;False;Grupo Secundário;;7.0;1.0;0.14285714285714285;430720.0
2020;4;HERVAL - HS;;False;False;False;Grupo Secundário;;3.0;0.0;0.0;199008.0
2020;4;HONDA;;False;False;False;Grupo Secundário;;9.0;5.0;0.5555555555555556;457389.0
2020;4;INDUSTRIAL DO BRASIL;;False;False;False;Grupo Secundário;;39.0;20.0;0.5128205128205128;62334.0
2020;4;INTER;INBR;True;True;False;Top 10;111.52;1634.0;900.0;0.5507955936352509;8069837.0
2020;4;ITAU;ITUB4;True;False;True;Top 10;31.0;11713.0;2594.0;0.22146333134124477;83674760.0
2020;4;LECCA;;False;False;False;Grupo Secundário;;5.0;4.0;0.8;1112.0
2020;4;MÁXIMA;;False;False;False;Grupo Secundário;332.74;91.0;35.0;0.38461538461538464;105185.0
2020;4;MERCANTIL DO BRASIL;BMEB4;True;False;True;Grupo Secundário;50.14;266.0;168.0;0.631578947368421;3350261.0
2020;4;MODAL;;False;False;False;Grupo Secundário;;91.0;14.0;0.15384615384615385;980579.0
2020;4;NUBANK;ROXO34;True;True;False;Top 10;0.09;7.0;1.0;0.14285714285714285;10124543.0
2020;4;OMNI;;False;False;False;Grupo Secundário;;139.0;22.0;0.15827338129496402;4606413.0
2020;4;ORIGINAL;;False;False;False;Grupo Secundário;48.28;757.0;175.0;0.2311756935270806;3624293.0
2020;4;PAGBANK-PAGSEGURO;;False;False;False;Grupo Secundário;;5.0;1.0;0.2;1816868.0
2020;4;PAN;;False;False;False;Grupo Secundário;655.6;7614.0;4643.0;0.6097977410034148;7081960.0
2020;4;PARANÁ BANCO;;False;False;False;Grupo Secundário;467.08;793.0;225.0;0.2837326607818411;481712.0
2020;4;PINE;;False;False;False;Grupo Secundário;;3.0;0.0;0.0;11580.0
2020;4;PLURAL;;False;False;False;Grupo Secundário;;2.0;2.0;1.0;5391.0
2020;4;PORTO SEGURO;;False;False;False;Grupo Secundário;17.94;174.0;47.0;0.27011494252873564;2619755.0
2020;4;RENDIMENTO;;False;False;False;Grupo Secundário;;5.0;0.0;0.0;24387.0
2020;4;RODOBENS;;False;False;False;Grupo Secundário;;4.0;2.0;0.5;13380.0
2020;4;SAFRA;;False;False;False;Grupo Secundário;376.1;2905.0;1144.0;0.3938037865748709;3041720.0
2020;4;SANTANDER;SANB11;True;False;True;Top 10;29.91;8977.0;1524.0;0.16976718280049014;50947844.0
2020;4;SICREDI;;False;False;False;Grupo Secundário;;4.0;0.0;0.0;5384094.0
2020;4;SOFISA;SFSA4;True;False;False;Grupo Secundário;;47.0;13.0;0.2765957446808511;296505.0
2020;4;SOROCRED;;False;False;False;Grupo Secundário;;61.0;12.0;0.19672131147540983;635288.0
2020;4;UBS;;False;False;False;Grupo Secundário;;1.0;0.0;0.0;0.0
2020;4;VOLKSWAGEN;;False;False;False;Grupo Secundário;;56.0;11.0;0.19642857142857142;385252.0
2020;4;VOLVO;;False;False;False;Grupo Secundário;;2.0;1.0;0.5;7736.0
2020;4;VOTORANTIM;;False;False;False;Top 10;4.42;661.0;58.0;0.08774583963691376;13112975.0
2020;4;WESTERN UNION;;False;False;False;Grupo Secundário;;17.0;5.0;0.29411764705882354;1.0
2020;4;YAMAHA MOTOR;;False;False;False;Grupo Secundário;;15.0;7.0;0.4666666666666667;194991.0
2021;1;ABC-BRASIL;ABCB4;True;False;False;Grupo Secundário;;9.0;2.0;0.2222222222222222;26230.0
2021;1;AGIBANK;;False;False;False;Grupo Secundário;54.79;271.0;58.0;0.2140221402214022;1058431.0
2021;1;ALFA;;False;False;False;Grupo Secundário;;73.0;14.0;0.1917808219178082;412135.0
2021;1;ANDBANK;;False;False;False;Grupo Secundário;;3.0;0.0;0.0;4383.0
2021;1;BANCOOB;;False;False;False;Grupo Secundário;;68.0;19.0;0.27941176470588236;4576738.0
2021;1;BANESTES;BEES3;True;False;False;Grupo Secundário;;48.0;21.0;0.4375;1232727.0
2021;1;BANRISUL;BRSR6;True;False;True;Grupo Secundário;24.99;536.0;127.0;0.23694029850746268;5080031.0
2021;1;BARIGUI;;False;False;False;Grupo Secundário;;48.0;7.0;0.14583333333333334;42559.0
2021;1;BB;BBAS3;True;False;True;Top 10;21.25;6470.0;1463.0;0.22612055641421946;68844801.0
2021;1;BMG;BMGB4;True;False;True;Grupo Secundário;165.2;2085.0;1190.0;0.5707434052757794;7202992.0
2021;1;BNP PARIBAS;;False;False;False;Grupo Secundário;181.98;787.0;447.0;0.567979669631512;2456247.0
2021;1;BNY MELLON;;False;False;False;Grupo Secundário;;1.0;0.0;0.0;3744.0
2021;1;BRADESCO;BBDC4;True;False;True;Top 10;22.78;8752.0;2248.0;0.25685557586837293;98648524.0
2021;1;BRB;;False;False;False;Grupo Secundário;107.93;409.0;120.0;0.293398533007335;1111807.0
2021;1;BTG PACTUAL;;False;False;False;Grupo Secundário;;133.0;29.0;0.21804511278195488;766998.0
2021;1;C6 BANK;;False;False;False;Grupo Secundário;979.53;6745.0;5940.0;0.8806523350630097;6064085.0
2021;1;CAIXA ECONÔMICA FEDERAL;;False;False;False;Top 10;36.2;16524.0;5263.0;0.31850641491164366;145367310.0
2021;1;CCB;;False;False;False;Grupo Secundário;;151.0;10.0;0.06622516556291391;224649.0
2021;1;CITIBANK;;False;False;False;Grupo Secundário;;14.0;1.0;0.07142857142857142;17612.0
2021;1;COLOMBO;;False;False;False;Grupo Secundário;;4.0;0.0;0.0;331101.0
2021;1;CREFISA;;False;False;False;Grupo Secundário;;261.0;25.0;0.09578544061302682;2255383.0
2021;1;DAYCOVAL;;False;False;False;Grupo Secundário;274.48;844.0;331.0;0.3921800947867299;1205882.0
2021;1;FINAXIS;;False;False;False;Grupo Secundário;;1.0;0.0;0.0;4066.0
2021;1;GENIAL;;False;False;False;Grupo Secundário;;10.0;5.0;0.5;16008.0
2021;1;GM;;False;False;False;Grupo Secundário;;42.0;5.0;0.11904761904761904;309105.0
2021;1;GRUPO BONSUCESSO - BS2;;False;False;False;Grupo Secundário;105.42;327.0;82.0;0.25076452599388377;777801.0
2021;1;GRUPO ZEMA;;False;False;False;Grupo Secundário;;9.0;1.0;0.1111111111111111;439232.0
2021;1;HERVAL - HS;;False;False;False;Grupo Secundário;;10.0;3.0;0.3;213321.0
2021;1;HONDA;;False;False;False;Grupo Secundário;;9.0;0.0;0.0;443975.0
2021;1;INDUSTRIAL DO BRASIL;;False;False;False;Grupo Secundário;;46.0;17.0;0.3695652173913043;65443.0
2021;1;INDUSVAL;;False;False;False;Grupo Secundário;;4.0;1.0;0.25;5298.0
2021;1;INTER;INBR;True;True;False;Top 10;129.26;2189.0;1245.0;0.568752855185016;9631304.0
2021;1;ITAU;ITUB4;True;False;True;Top 10;19.72;6878.0;1636.0;0.23785984297760976;82955510.0
2021;1;JP MORGAN CHASE;;False;False;False;Grupo Secundário;;1.0;0.0;0.0;3931.0
2021;1;LECCA;;False;False;False;Grupo Secundário;;7.0;3.0;0.42857142857142855;26060.0
2021;1;MÁXIMA;;False;False;False;Grupo Secundário;568.89;119.0;57.0;0.4789915966386555;100194.0
2021;1;MERCANTIL DO BRASIL;BMEB4;True;False;True;Grupo Secundário;65.23;369.0;227.0;0.6151761517615176;3479596.0
2021;1;MERCEDES-BENZ;;False;False;False;Grupo Secundário;;5.0;1.0;0.2;20651.0
2021;1;MODAL;;False;False;False;Grupo Secundário;;112.0;25.0;0.22321428571428573;1064679.0
2021;1;NUBANK;ROXO34;True;True;False;Top 10;0.0;19.0;0.0;0.0;13774766.0
2021;1;OMNI;;False;False;False;Grupo Secundário;6.81;136.0;32.0;0.23529411764705882;4695792.0
2021;1;ORIGINAL;;False;False;False;Grupo Secundário;79.22;844.0;316.0;0.3744075829383886;3988641.0
2021;1;PAGBANK-PAGSEGURO;;False;False;False;Grupo Secundário;;6.0;0.0;0.0;2476342.0
2021;1;PAN;;False;False;False;Top 10;245.28;3953.0;2185.0;0.5527447508221603;8907890.0
2021;1;PARANÁ BANCO;;False;False;False;Grupo Secundário;228.46;382.0;111.0;0.2905759162303665;485854.0
2021;1;PINE;;False;False;False;Grupo Secundário;;1.0;0.0;0.0;12831.0
2021;1;PORTO SEGURO;;False;False;False;Grupo Secundário;29.12;258.0;80.0;0.31007751937984496;2747125.0
2021;1;RENDIMENTO;;False;False;False;Grupo Secundário;;6.0;4.0;0.6666666666666666;24379.0
2021;1;RODOBENS;;False;False;False;Grupo Secundário;;5.0;2.0;0.4;13539.0
2021;1;SAFRA;;False;False;False;Grupo Secundário;281.53;2088.0;896.0;0.42911877394636017;3182584.0
2021;1;SANTANDER;SANB11;True;False;True;Top 10;31.38;6596.0;1611.0;0.24423893268647665;51331984.0
2021;1;SICREDI;;False;False;False;Grupo Secundário;;1.0;0.0;0.0;5562671.0
2021;1;SOFISA;SFSA4;True;False;False;Grupo Secundário;;68.0;25.0;0.36764705882352944;314921.0
2021;1;SOROCRED;;False;False;False;Grupo Secundário;;54.0;12.0;0.2222222222222222;720886.0
2021;1;UBS;;False;False;False;Grupo Secundário;;4.0;0.0;0.0;0.0
2021;1;VOLKSWAGEN;;False;False;False;Grupo Secundário;;73.0;24.0;0.3287671232876712;377032.0
2021;1;VOLVO;;False;False;False;Grupo Secundário;;1.0;0.0;0.0;7736.0
2021;1;VOTORANTIM;;False;False;False;Top 10;4.57;703.0;69.0;0.09815078236130868;15074861.0
2021;1;WESTERN UNION;;False;False;False;Grupo Secundário;;3.0;3.0;1.0;1.0
2021;1;YAMAHA MOTOR;;False;False;False;Grupo Secundário;;17.0;6.0;0.35294117647058826;197837.0
2021;2;ABC-BRASIL;ABCB4;True;False;False;Demais bancos e financeiras;;2.0;0.0;0.0;28022.0
2021;2;AGIBANK;;False;False;False;Demais bancos e financeiras;59.49;357.0;68.0;0.19047619047619047;1142941.0
2021;2;ALFA;;False;False;False;Demais bancos e financeiras;;67.0;19.0;0.2835820895522388;416540.0
2021;2;ANDBANK;;False;False;False;Demais bancos e financeiras;;5.0;0.0;0.0;4320.0
2021;2;BANCO SICOOB;;False;False;False;Demais bancos e financeiras;;30.0;8.0;0.26666666666666666;4794630.0
2021;2;BANESTES;BEES3;True;False;False;Demais bancos e financeiras;;66.0;27.0;0.4090909090909091;1333666.0
2021;2;BANRISUL;BRSR6;True;False;True;Demais bancos e financeiras;37.2;660.0;188.0;0.28484848484848485;5052830.0
2021;2;BARIGUI;;False;False;False;Demais bancos e financeiras;;42.0;16.0;0.38095238095238093;99110.0
2021;2;BB;BBAS3;True;False;True;Top 10 - Bancos e Financeiras;21.09;5182.0;1456.0;0.28097259745272096;69010996.0
2021;2;BMG;BMGB4;True;False;True;Demais bancos e financeiras;101.86;1728.0;795.0;0.4600694444444444;7804650.0
2021;2;BMW;;False;False;False;Demais bancos e financeiras;;2.0;0.0;0.0;27683.0
2021;2;BNP PARIBAS;;False;False;False;Demais bancos e financeiras;192.1;818.0;456.0;0.5574572127139364;2373655.0
2021;2;BOFA MERRILL LYNCH;;False;False;False;Demais bancos e financeiras;;1.0;0.0;0.0;4484.0
2021;2;BRADESCO;BBDC4;True;False;True;Top 10 - Bancos e Financeiras;25.33;9639.0;2515.0;0.26091918248780993;99260817.0
2021;2;BRB;;False;False;False;Demais bancos e financeiras;103.7;802.0;182.0;0.22693266832917705;1754926.0
2021;2;BTG PACTUAL/BANCO PAN;BPAC11;True;False;True;Top 10 - Bancos e Financeiras;103.44;3630.0;1301.0;0.3584022038567493;12576773.0
2021;2;C6 BANK;;False;False;False;Demais bancos e financeiras;433.76;5770.0;3672.0;0.6363951473136915;8465478.0
2021;2;CAIXA ECONÔMICA FEDERAL;;False;False;False;Top 10 - Bancos e Financeiras;32.13;16006.0;4681.0;0.29245283018867924;145684233.0
2021;2;CCB;;False;False;False;Demais bancos e financeiras;;129.0;7.0;0.05426356589147287;216849.0
2021;2;CITIBANK;;False;False;False;Demais bancos e financeiras;;3.0;0.0;0.0;17853.0
2021;2;COLOMBO;;False;False;False;Demais bancos e financeiras;;2.0;0.0;0.0;339230.0
2021;2;CREFISA;;False;False;False;Demais bancos e financeiras;24.89;354.0;61.0;0.17231638418079095;2450772.0
2021;2;DAYCOVAL;;False;False;False;Demais bancos e financeiras;777.01;1656.0;1004.0;0.606280193236715;1292129.0
2021;2;GAZIN;;False;False;False;Demais bancos e financeiras;;1.0;0.0;0.0;35777.0
2021;2;GENIAL;;False;False;False;Demais bancos e financeiras;;23.0;16.0;0.6956521739130435;106974.0
2021;2;GM;;False;False;False;Demais bancos e financeiras;;41.0;8.0;0.1951219512195122;297112.0
2021;2;GRUPO BONSUCESSO - BS2;;False;False;False;Demais bancos e financeiras;155.9;377.0;132.0;0.35013262599469497;846668.0
2021;2;GRUPO ZEMA;;False;False;False;Demais bancos e financeiras;;7.0;1.0;0.14285714285714285;445945.0
2021;2;HERVAL - HS;;False;False;False;Demais bancos e financeiras;;13.0;5.0;0.38461538461538464;219304.0
2021;2;HONDA;;False;False;False;Demais bancos e financeiras;;20.0;6.0;0.3;436893.0
2021;2;INDUSTRIAL DO BRASIL;;False;False;False;Demais bancos e financeiras;;29.0;13.0;0.4482758620689655;64088.0
2021;2;INTER;INBR;True;True;False;Top 10 - Bancos e Financeiras;66.79;1786.0;766.0;0.42889137737961924;11467628.0
2021;2;ITAU;ITUB4;True;False;True;Top 10 - Bancos e Financeiras;17.59;6527.0;1508.0;0.23104029416270874;85710724.0
2021;2;LECCA;;False;False;False;Demais bancos e financeiras;;3.0;2.0;0.6666666666666666;26488.0
2021;2;MASTER;;False;False;False;Demais bancos e financeiras;811.55;168.0;80.0;0.47619047619047616;98576.0
2021;2;MERCADO CRÉDITO;;False;False;False;Demais bancos e financeiras;;1.0;0.0;0.0;24423.0
2021;2;MERCANTIL DO BRASIL;BMEB4;True;False;True;Demais bancos e financeiras;136.69;715.0;506.0;0.7076923076923077;3701652.0
2021;2;MERCEDES-BENZ;;False;False;False;Demais bancos e financeiras;;6.0;0.0;0.0;20275.0
2021;2;MODAL;;False;False;False;Demais bancos e financeiras;;67.0;6.0;0.08955223880597014;1153324.0
2021;2;NUBANK;ROXO34;True;True;False;Top 10 - Bancos e Financeiras;0.0;25.0;0.0;0.0;17916854.0
2021;2;OMNI;;False;False;False;Demais bancos e financeiras;;139.0;21.0;0.1510791366906475;4908486.0
2021;2;ORIGINAL;;False;False;False;Demais bancos e financeiras;67.64;956.0;320.0;0.33472803347280333;4730387.0
2021;2;PAGBANK-PAGSEGURO;;False;False;False;Demais bancos e financeiras;;13.0;7.0;0.5384615384615384;3013459.0
2021;2;PARANÁ BANCO;;False;False;False;Demais bancos e financeiras;181.0;386.0;88.0;0.22797927461139897;486166.0
2021;2;PINE;;False;False;False;Demais bancos e financeiras;;2.0;0.0;0.0;13502.0
2021;2;PORTO SEGURO;;False;False;False;Demais bancos e financeiras;20.57;204.0;59.0;0.28921568627450983;2867211.0
2021;2;RENDIMENTO;;False;False;False;Demais bancos e financeiras;;16.0;3.0;0.1875;25046.0
2021;2;RODOBENS;;False;False;False;Demais bancos e financeiras;;5.0;1.0;0.2;14012.0
2021;2;SAFRA;;False;False;False;Demais bancos e financeiras;188.09;1907.0;639.0;0.3350812794965915;3397199.0
2021;2;SANTANDER;SANB11;True;False;True;Top 10 - Bancos e Financeiras;28.88;6728.0;1514.0;0.22502972651605233;52415407.0
2021;2;SICREDI;;False;False;False;Demais bancos e financeiras;;4.0;0.0;0.0;5841394.0
2021;2;SIMPALA;;False;False;False;Demais bancos e financeiras;;1.0;1.0;1.0;2271.0
2021;2;SINOSSERRA;;False;False;False;Demais bancos e financeiras;;1.0;1.0;1.0;9729.0
2021;2;SOCIETE GENERALE;;False;False;False;Demais bancos e financeiras;;1.0;0.0;0.0;670.0
2021;2;SOFISA;SFSA4;True;False;False;Demais bancos e financeiras;119.21;70.0;41.0;0.5857142857142857;343924.0
2021;2;SOROCRED;;False;False;False;Demais bancos e financeiras;;58.0;7.0;0.1206896551724138;602379.0
2021;2;VOITER;;False;False;False;Demais bancos e financeiras;;4.0;0.0;0.0;5810.0
2021;2;VOLKSWAGEN;;False;False;False;Demais bancos e financeiras;95.31;112.0;35.0;0.3125;367195.0
2021;2;VOLVO;;False;False;False;Demais bancos e financeiras;;2.0;0.0;0.0;7220.0
2021;2;VOTORANTIM;;False;False;False;Top 10 - Bancos e Financeiras;4.64;749.0;78.0;0.1041388518024032;16774345.0
2021;2;VR;;False;False;False;Demais bancos e financeiras;;1.0;1.0;1.0;70.0
2021;2;WESTERN UNION;;False;False;False;Demais bancos e financeiras;;4.0;1.0;0.25;1.0
2021;2;XP;;False;False;False;Demais bancos e financeiras;;21.0;11.0;0.5238095238095238;
2021;2;YAMAHA MOTOR;;False;False;False;Demais bancos e financeiras;;15.0;4.0;0.26666666666666666;204014.0
2021;3;ABC-BRASIL;ABCB4;True;False;False;Demais bancos e financeiras;;4.0;1.0;0.25;29707.0
2021;3;AGIBANK;;False;False;False;Demais bancos e financeiras;82.54;512.0;109.0;0.212890625;1320447.0
2021;3;ALFA;;False;False;False;Demais bancos e financeiras;;85.0;13.0;0.15294117647058825;420486.0
2021;3;ANDBANK;;False;False;False;Demais bancos e financeiras;;6.0;0.0;0.0;4369.0
2021;3;BANCO SICOOB;;False;False;False;Demais bancos e financeiras;;53.0;21.0;0.39622641509433965;5047970.0
2021;3;BANESTES;BEES3;True;False;False;Demais bancos e financeiras;;73.0;17.0;0.2328767123287671;1345235.0
2021;3;BANRISUL;BRSR6;True;False;True;Demais bancos e financeiras;37.68;855.0;190.0;0.2222222222222222;5041288.0
2021;3;BARIGUI;;False;False;False;Demais bancos e financeiras;;72.0;19.0;0.2638888888888889;172348.0
2021;3;BB;BBAS3;True;False;True;Top 10 - Bancos e Financeiras;16.79;5829.0;1180.0;0.20243609538514326;70259170.0
2021;3;BMG;BMGB4;True;False;True;Demais bancos e financeiras;106.63;2398.0;868.0;0.36196830692243537;8140173.0
2021;3;BMW;;False;False;False;Demais bancos e financeiras;;1.0;0.0;0.0;28019.0
2021;3;BNP PARIBAS;;False;False;False;Demais bancos e financeiras;125.22;896.0;286.0;0.31919642857142855;2283925.0
2021;3;BOFA MERRILL LYNCH;;False;False;False;Demais bancos e financeiras;;2.0;0.0;0.0;4782.0
2021;3;BRADESCO;BBDC4;True;False;True;Top 10 - Bancos e Financeiras;36.03;10693.0;3613.0;0.33788459740016835;100264792.0
2021;3;BRB;;False;False;False;Demais bancos e financeiras;50.95;696.0;148.0;0.21264367816091953;2904792.0
2021;3;BTG PACTUAL/BANCO PAN;BPAC11;True;False;True;Top 10 - Bancos e Financeiras;65.83;3061.0;1004.0;0.32799738647500815;15250442.0
2021;3;C6 BANK;;False;False;False;Top 10 - Bancos e Financeiras;149.45;3825.0;1651.0;0.43163398692810456;11046743.0
2021;3;CAIXA ECONÔMICA FEDERAL;;False;False;False;Top 10 - Bancos e Financeiras;22.36;11872.0;3264.0;0.2749326145552561;145914729.0
2021;3;CCB;;False;False;False;Demais bancos e financeiras;;160.0;24.0;0.15;205490.0
2021;3;CITIBANK;;False;False;False;Demais bancos e financeiras;;12.0;1.0;0.08333333333333333;18294.0
2021;3;COLOMBO;;False;False;False;Demais bancos e financeiras;;6.0;2.0;0.3333333333333333;345089.0
2021;3;CREFISA;;False;False;False;Demais bancos e financeiras;24.02;254.0;64.0;0.25196850393700787;2663580.0
2021;3;DAYCOVAL;;False;False;False;Demais bancos e financeiras;255.32;947.0;332.0;0.3505807814149947;1300297.0
2021;3;FATOR;;False;False;False;Demais bancos e financeiras;;1.0;0.0;0.0;13744.0
2021;3;GENIAL;;False;False;False;Demais bancos e financeiras;;14.0;10.0;0.7142857142857143;208540.0
2021;3;GM;;False;False;False;Demais bancos e financeiras;;20.0;1.0;0.05;274480.0
2021;3;GRUPO BONSUCESSO - BS2;;False;False;False;Demais bancos e financeiras;95.86;277.0;86.0;0.3104693140794224;897134.0
2021;3;GRUPO ZEMA;;False;False;False;Demais bancos e financeiras;;9.0;1.0;0.1111111111111111;461496.0
2021;3;HERVAL - HS;;False;False;False;Demais bancos e financeiras;;14.0;10.0;0.7142857142857143;219957.0
2021;3;HONDA;;False;False;False;Demais bancos e financeiras;;19.0;5.0;0.2631578947368421;428225.0
2021;3;INDUSTRIAL DO BRASIL;;False;False;False;Demais bancos e financeiras;;32.0;10.0;0.3125;63911.0
2021;3;INTER;INBR;True;True;False;Top 10 - Bancos e Financeiras;55.99;1776.0;746.0;0.42004504504504503;13323223.0
2021;3;ITAU;ITUB4;True;False;True;Top 10 - Bancos e Financeiras;15.05;6850.0;1318.0;0.19240875912408759;87568455.0
2021;3;LECCA;;False;False;False;Demais bancos e financeiras;;9.0;3.0;0.3333333333333333;27668.0
2021;3;MASTER;;False;False;False;Demais bancos e financeiras;2055.01;317.0;223.0;0.7034700315457413;108515.0
2021;3;MERCADO CRÉDITO;;False;False;False;Demais bancos e financeiras;;1.0;0.0;0.0;47984.0
2021;3;MERCANTIL DO BRASIL;BMEB4;True;False;True;Demais bancos e financeiras;122.14;801.0;467.0;0.5830212234706617;3823232.0
2021;3;MERCEDES-BENZ;;False;False;False;Demais bancos e financeiras;;2.0;0.0;0.0;20203.0
2021;3;MODAL;;False;False;False;Demais bancos e financeiras;;60.0;21.0;0.35;1304283.0
2021;3;NUBANK;ROXO34;True;True;False;Top 10 - Bancos e Financeiras;0.13;38.0;3.0;0.07894736842105263;22267718.0
2021;3;OMNI;;False;False;False;Demais bancos e financeiras;;144.0;17.0;0.11805555555555555;5281196.0
2021;3;ORIGINAL;;False;False;False;Demais bancos e financeiras;47.03;846.0;265.0;0.3132387706855792;5634279.0
2021;3;PAGBANK-PAGSEGURO;;False;False;False;Demais bancos e financeiras;;11.0;5.0;0.45454545454545453;3342281.0
2021;3;PARANÁ BANCO;;False;False;False;Demais bancos e financeiras;193.45;526.0;94.0;0.17870722433460076;485895.0
2021;3;PINE;;False;False;False;Demais bancos e financeiras;;6.0;3.0;0.5;12869.0
2021;3;PORTO SEGURO;;False;False;False;Demais bancos e financeiras;18.21;186.0;55.0;0.2956989247311828;3019992.0
2021;3;RENDIMENTO;;False;False;False;Demais bancos e financeiras;;12.0;1.0;0.08333333333333333;26068.0
2021;3;RODOBENS;;False;False;False;Demais bancos e financeiras;;3.0;1.0;0.3333333333333333;14845.0
2021;3;SAFRA;;False;False;False;Demais bancos e financeiras;103.36;1782.0;442.0;0.24803591470258138;4276210.0
2021;3;SANTANDER;SANB11;True;False;True;Top 10 - Bancos e Financeiras;29.19;7235.0;1558.0;0.21534208707671043;53358153.0
2021;3;SICREDI;;False;False;False;Demais bancos e financeiras;;2.0;0.0;0.0;6101332.0
2021;3;SIMPALA;;False;False;False;Demais bancos e financeiras;;2.0;1.0;0.5;2883.0
2021;3;SOCIETE GENERALE;;False;False;False;Demais bancos e financeiras;;1.0;0.0;0.0;534.0
2021;3;SOFISA;SFSA4;True;False;False;Demais bancos e financeiras;90.68;77.0;37.0;0.4805194805194805;407986.0
2021;3;SOROCRED;;False;False;False;Demais bancos e financeiras;;52.0;14.0;0.2692307692307692;248801.0
2021;3;VOITER;;False;False;False;Demais bancos e financeiras;;5.0;1.0;0.2;5059.0
2021;3;VOLKSWAGEN;;False;False;False;Demais bancos e financeiras;;94.0;21.0;0.22340425531914893;358084.0
2021;3;VOLVO;;False;False;False;Demais bancos e financeiras;;1.0;0.0;0.0;7212.0
2021;3;VOTORANTIM;;False;False;False;Top 10 - Bancos e Financeiras;13.9;674.0;256.0;0.3798219584569733;18414652.0
2021;3;WESTERN UNION;;False;False;False;Demais bancos e financeiras;;4.0;2.0;0.5;1.0
2021;3;XP;;False;False;False;Demais bancos e financeiras;138.8;58.0;42.0;0.7241379310344828;302591.0
2021;3;YAMAHA MOTOR;;False;False;False;Demais bancos e financeiras;;15.0;2.0;0.13333333333333333;210964.0
2021;4;ABC-BRASIL;ABCB4;True;False;False;Demais Bancos, Financeiras e Instituições de Pagamento;;5.0;2.0;0.4;33095.0
2021;4;AGIBANK;;False;False;False;Demais Bancos, Financeiras e Instituições de Pagamento;195.92;719.0;309.0;0.4297635605006954;1577152.0
2021;4;ALFA;;False;False;False;Demais Bancos, Financeiras e Instituições de Pagamento;;82.0;16.0;0.1951219512195122;422572.0
2021;4;ANDBANK;;False;False;False;Demais Bancos, Financeiras e Instituições de Pagamento;;4.0;0.0;0.0;4376.0
2021;4;BANCO SICOOB;;False;False;False;Demais Bancos, Financeiras e Instituições de Pagamento;;60.0;21.0;0.35;5291486.0
2021;4;BANCO TOYOTA DO BRASIL S.A.;;False;False;False;Demais Bancos, Financeiras e Instituições de Pagamento;;13.0;2.0;0.15384615384615385;152990.0
2021;4;BANESTES;BEES3;True;False;False;Demais Bancos, Financeiras e Instituições de Pagamento;;46.0;11.0;0.2391304347826087;1354013.0
2021;4;BANRISUL;BRSR6;True;False;True;Demais Bancos, Financeiras e Instituições de Pagamento;22.86;556.0;116.0;0.20863309352517986;5073507.0
2021;4;BARIGUI;;False;False;False;Demais Bancos, Financeiras e Instituições de Pagamento;140.74;104.0;36.0;0.34615384615384615;255790.0
2021;4;BB;BBAS3;True;False;True;Top 15 - Bancos, Financeiras e Instituições de Pagamento;14.39;4686.0;1034.0;0.22065727699530516;71820761.0
2021;4;BBC;;False;False;False;Demais Bancos, Financeiras e Instituições de Pagamento;;1.0;1.0;1.0;5306.0
2021;4;BMG;BMGB4;True;False;True;Top 15 - Bancos, Financeiras e Instituições de Pagamento;67.87;1533.0;618.0;0.40313111545988256;9105226.0
2021;4;BMW;;False;False;False;Demais Bancos, Financeiras e Instituições de Pagamento;;1.0;1.0;1.0;29782.0
2021;4;BNP PARIBAS;;False;False;False;Demais Bancos, Financeiras e Instituições de Pagamento;134.9;748.0;302.0;0.4037433155080214;2238538.0
2021;4;BNQI - FINANCEIRO;;False;False;False;Demais Bancos, Financeiras e Instituições de Pagamento;;62.0;29.0;0.46774193548387094;
2021;4;BOFA MERRILL LYNCH;;False;False;False;Demais Bancos, Financeiras e Instituições de Pagamento;;1.0;0.0;0.0;4769.0
2021;4;BRADESCO;BBDC4;True;False;True;Top 15 - Bancos, Financeiras e Instituições de Pagamento;25.3;8104.0;2529.0;0.3120681145113524;99921260.0
2021;4;BRB;;False;False;False;Demais Bancos, Financeiras e Instituições de Pagamento;71.83;814.0;261.0;0.32063882063882065;3633478.0
2021;4;BTG PACTUAL/BANCO PAN;BPAC11;True;False;True;Top 15 - Bancos, Financeiras e Instituições de Pagamento;63.08;2756.0;1128.0;0.409288824383164;17880721.0
2021;4;C6 BANK;;False;False;False;Top 15 - Bancos, Financeiras e Instituições de Pagamento;106.22;3311.0;1444.0;0.43612201751736634;13594217.0
2021;4;CAIXA ECONÔMICA FEDERAL;;False;False;False;Top 15 - Bancos, Financeiras e Instituições de Pagamento;17.66;8650.0;2564.0;0.2964161849710983;145144708.0
2021;4;CCB;;False;False;False;Demais Bancos, Financeiras e Instituições de Pagamento;;124.0;15.0;0.12096774193548387;194385.0
2021;4;CITIBANK;;False;False;False;Demais Bancos, Financeiras e Instituições de Pagamento;;16.0;1.0;0.0625;18303.0
2021;4;COBUCCIO;;False;False;False;Demais Bancos, Financeiras e Instituições de Pagamento;;45.0;6.0;0.13333333333333333;
2021;4;COLOMBO;;False;False;False;Demais Bancos, Financeiras e Instituições de Pagamento;;13.0;2.0;0.15384615384615385;354942.0
2021;4;CRED-SYSTEM;;False;False;False;Demais Bancos, Financeiras e Instituições de Pagamento;;50.0;21.0;0.42;
2021;4;CREFISA;;False;False;False;Demais Bancos, Financeiras e Instituições de Pagamento;24.21;185.0;69.0;0.372972972972973;2849908.0
2021;4;DAYCOVAL;;False;False;False;Demais Bancos, Financeiras e Instituições de Pagamento;90.8;492.0;120.0;0.24390243902439024;1321554.0
2021;4;FINAXIS;;False;False;False;Demais Bancos, Financeiras e Instituições de Pagamento;;2.0;0.0;0.0;3981.0
2021;4;GAZIN;;False;False;False;Demais Bancos, Financeiras e Instituições de Pagamento;;2.0;0.0;0.0;40831.0
2021;4;GENIAL;;False;False;False;Demais Bancos, Financeiras e Instituições de Pagamento;;22.0;16.0;0.7272727272727273;325801.0
2021;4;GERENCIANET;;False;False;False;Demais Bancos, Financeiras e Instituições de Pagamento;;21.0;4.0;0.19047619047619047;260700.0
2021;4;GM;;False;False;False;Demais Bancos, Financeiras e Instituições de Pagamento;;31.0;1.0;0.03225806451612903;258368.0
2021;4;GRUPO BONSUCESSO - BS2;;False;False;False;Demais Bancos, Financeiras e Instituições de Pagamento;82.51;259.0;76.0;0.29343629343629346;921017.0
2021;4;GRUPO ZEMA;;False;False;False;Demais Bancos, Financeiras e Instituições de Pagamento;;8.0;1.0;0.125;463914.0
2021;4;HERVAL - HS;;False;False;False;Demais Bancos, Financeiras e Instituições de Pagamento;;13.0;7.0;0.5384615384615384;206484.0
2021;4;HONDA;;False;False;False;Demais Bancos, Financeiras e Instituições de Pagamento;;19.0;5.0;0.2631578947368421;417444.0
2021;4;INDUSTRIAL DO BRASIL;;False;False;False;Demais Bancos, Financeiras e Instituições de Pagamento;;33.0;7.0;0.21212121212121213;63656.0
2021;4;INTER;INBR;True;True;False;Top 15 - Bancos, Financeiras e Instituições de Pagamento;53.9;1832.0;818.0;0.4465065502183406;15174249.0
2021;4;ITAU;ITUB4;True;False;True;Top 15 - Bancos, Financeiras e Instituições de Pagamento;12.76;5636.0;1153.0;0.2045777146912704;90314397.0
2021;4;LECCA;;False;False;False;Demais Bancos, Financeiras e Instituições de Pagamento;;9.0;4.0;0.4444444444444444;29144.0
2021;4;MASTER;;False;False;False;Demais Bancos, Financeiras e Instituições de Pagamento;952.93;236.0;122.0;0.5169491525423728;128025.0
2021;4;MERCADO CRÉDITO;;False;False;False;Top 15 - Bancos, Financeiras e Instituições de Pagamento;21.45;1732.0;590.0;0.3406466512702079;27495743.0
2021;4;MERCANTIL DO BRASIL;BMEB4;True;False;True;Demais Bancos, Financeiras e Instituições de Pagamento;75.08;599.0;321.0;0.5358931552587646;4275418.0
2021;4;MERCEDES-BENZ;;False;False;False;Demais Bancos, Financeiras e Instituições de Pagamento;;2.0;2.0;1.0;19881.0
2021;4;MODAL;;False;False;False;Demais Bancos, Financeiras e Instituições de Pagamento;;63.0;21.0;0.3333333333333333;1489940.0
2021;4;NUBANK;ROXO34;True;True;False;Top 15 - Bancos, Financeiras e Instituições de Pagamento;5.26;1337.0;263.0;0.19670905011219147;49967783.0
2021;4;OMNI;;False;False;False;Demais Bancos, Financeiras e Instituições de Pagamento;;141.0;21.0;0.14893617021276595;5228860.0
2021;4;ORIGINAL;;False;False;False;Top 15 - Bancos, Financeiras e Instituições de Pagamento;17.7;1604.0;635.0;0.3958852867830424;35869197.0
2021;4;PAGBANK-PAGSEGURO;;False;False;False;Top 15 - Bancos, Financeiras e Instituições de Pagamento;15.78;1209.0;345.0;0.2853598014888337;21860165.0
2021;4;PARANÁ BANCO;;False;False;False;Demais Bancos, Financeiras e Instituições de Pagamento;95.47;302.0;47.0;0.15562913907284767;492284.0
2021;4;PINE;;False;False;False;Demais Bancos, Financeiras e Instituições de Pagamento;;5.0;3.0;0.6;12752.0
2021;4;PORTO SEGURO;;False;False;False;Demais Bancos, Financeiras e Instituições de Pagamento;28.8;224.0;92.0;0.4107142857142857;3193843.0
2021;4;RENDIMENTO;;False;False;False;Demais Bancos, Financeiras e Instituições de Pagamento;;27.0;2.0;0.07407407407407407;207634.0
2021;4;RODOBENS;;False;False;False;Demais Bancos, Financeiras e Instituições de Pagamento;;9.0;2.0;0.2222222222222222;15210.0
2021;4;SAFRA;;False;False;False;Demais Bancos, Financeiras e Instituições de Pagamento;58.24;1125.0;299.0;0.2657777777777778;5133500.0
2021;4;SANTANDER;SANB11;True;False;True;Top 15 - Bancos, Financeiras e Instituições de Pagamento;24.58;6121.0;1397.0;0.22823068126123183;56812607.0
2021;4;SCANIA;;False;False;False;Demais Bancos, Financeiras e Instituições de Pagamento;;1.0;1.0;1.0;5294.0
2021;4;SIMPALA;;False;False;False;Demais Bancos, Financeiras e Instituições de Pagamento;;1.0;1.0;1.0;3000.0
2021;4;SOFISA;SFSA4;True;False;False;Demais Bancos, Financeiras e Instituições de Pagamento;;59.0;26.0;0.4406779661016949;437525.0
2021;4;SOROCRED;;False;False;False;Demais Bancos, Financeiras e Instituições de Pagamento;;57.0;11.0;0.19298245614035087;715574.0
2021;4;STONE;;False;False;False;Demais Bancos, Financeiras e Instituições de Pagamento;21.55;133.0;40.0;0.3007518796992481;1855667.0
2021;4;VOLKSWAGEN;;False;False;False;Demais Bancos, Financeiras e Instituições de Pagamento;;101.0;13.0;0.12871287128712872;344355.0
2021;4;VOLVO;;False;False;False;Demais Bancos, Financeiras e Instituições de Pagamento;;3.0;0.0;0.0;7449.0
2021;4;VOTORANTIM;;False;False;False;Top 15 - Bancos, Financeiras e Instituições de Pagamento;9.33;512.0;188.0;0.3671875;20145553.0
2021;4;WESTERN UNION;;False;False;False;Demais Bancos, Financeiras e Instituições de Pagamento;;6.0;1.0;0.16666666666666666;1.0
2021;4;XP;;False;False;False;Demais Bancos, Financeiras e Instituições de Pagamento;184.34;90.0;70.0;0.7777777777777778;379732.0
2021;4;YAMAHA MOTOR;;False;False;False;Demais Bancos, Financeiras e Instituições de Pagamento;;23.0;0.0;0.0;213549.0
2022;1;ABC-BRASIL;ABCB4;True;False;False;Demais Bancos, Financeiras e Instituições de Pagamento;;8.0;3.0;0.375;38792.0
2022;1;AGIBANK;;False;False;False;Demais Bancos, Financeiras e Instituições de Pagamento;77.63;434.0;132.0;0.30414746543778803;1700228.0
2022;1;ALFA;;False;False;False;Demais Bancos, Financeiras e Instituições de Pagamento;;57.0;12.0;0.21052631578947367;418830.0
2022;1;ANDBANK;;False;False;False;Demais Bancos, Financeiras e Instituições de Pagamento;;1.0;0.0;0.0;4374.0
2022;1;BANCO SICOOB;;False;False;False;Demais Bancos, Financeiras e Instituições de Pagamento;;71.0;26.0;0.36619718309859156;5462202.0
2022;1;BANCO TOYOTA DO BRASIL S.A.;;False;False;False;Demais Bancos, Financeiras e Instituições de Pagamento;;13.0;2.0;0.15384615384615385;151938.0
2022;1;BANESTES;BEES3;True;False;False;Demais Bancos, Financeiras e Instituições de Pagamento;;65.0;24.0;0.36923076923076925;1367792.0
2022;1;BANRISUL;BRSR6;True;False;True;Demais Bancos, Financeiras e Instituições de Pagamento;14.72;403.0;75.0;0.18610421836228289;5091709.0
2022;1;BARIGUI;;False;False;False;Demais Bancos, Financeiras e Instituições de Pagamento;;93.0;26.0;0.27956989247311825;309334.0
2022;1;BB;BBAS3;True;False;True;Top 15 - Bancos, Financeiras e Instituições de Pagamento;12.32;3826.0;891.0;0.23288029273392577;72316273.0
2022;1;BMG;BMGB4;True;False;True;Top 15 - Bancos, Financeiras e Instituições de Pagamento;47.2;1184.0;489.0;0.41300675675675674;10358318.0
2022;1;BMW;;False;False;False;Demais Bancos, Financeiras e Instituições de Pagamento;;4.0;1.0;0.25;28673.0
2022;1;BNP PARIBAS;;False;False;False;Demais Bancos, Financeiras e Instituições de Pagamento;79.87;544.0;173.0;0.3180147058823529;2165958.0
2022;1;BNQI - FINANCEIRO;;False;False;False;Demais Bancos, Financeiras e Instituições de Pagamento;;108.0;29.0;0.26851851851851855;
2022;1;BOCOM;;False;False;False;Demais Bancos, Financeiras e Instituições de Pagamento;;1.0;1.0;1.0;8804.0
2022;1;BOFA MERRILL LYNCH;;False;False;False;Demais Bancos, Financeiras e Instituições de Pagamento;;1.0;0.0;0.0;4697.0
2022;1;BRADESCO;BBDC4;True;False;True;Top 15 - Bancos, Financeiras e Instituições de Pagamento;25.22;8047.0;2587.0;0.32148626817447495;102567618.0
2022;1;BRB;;False;False;False;Demais Bancos, Financeiras e Instituições de Pagamento;51.38;609.0;206.0;0.33825944170771755;4008721.0
2022;1;BTG PACTUAL/BANCO PAN;BPAC11;True;False;True;Top 15 - Bancos, Financeiras e Instituições de Pagamento;68.2;2851.0;1290.0;0.4524728165555945;18913034.0
2022;1;C6 BANK;;False;False;False;Top 15 - Bancos, Financeiras e Instituições de Pagamento;77.99;3045.0;1265.0;0.4154351395730706;16218908.0
2022;1;CAIXA ECONÔMICA FEDERAL;;False;False;False;Top 15 - Bancos, Financeiras e Instituições de Pagamento;13.17;6566.0;1911.0;0.291044776119403;145044033.0
2022;1;CCB;;False;False;False;Demais Bancos, Financeiras e Instituições de Pagamento;;83.0;5.0;0.060240963855421686;183466.0
2022;1;CITIBANK;;False;False;False;Demais Bancos, Financeiras e Instituições de Pagamento;;8.0;1.0;0.125;18222.0
2022;1;COBUCCIO;;False;False;False;Demais Bancos, Financeiras e Instituições de Pagamento;;40.0;8.0;0.2;
2022;1;COLOMBO;;False;False;False;Demais Bancos, Financeiras e Instituições de Pagamento;;6.0;0.0;0.0;374111.0
2022;1;CRED-SYSTEM;;False;False;False;Demais Bancos, Financeiras e Instituições de Pagamento;;66.0;22.0;0.3333333333333333;
2022;1;CREFISA;;False;False;False;Demais Bancos, Financeiras e Instituições de Pagamento;52.61;376.0;160.0;0.425531914893617;3040767.0
2022;1;DAYCOVAL;;False;False;False;Demais Bancos, Financeiras e Instituições de Pagamento;150.03;600.0;205.0;0.3416666666666667;1366381.0
2022;1;GENIAL;;False;False;False;Demais Bancos, Financeiras e Instituições de Pagamento;;14.0;11.0;0.7857142857142857;452120.0
2022;1;GERENCIANET;;False;False;False;Demais Bancos, Financeiras e Instituições de Pagamento;;20.0;6.0;0.3;296726.0
2022;1;GM;;False;False;False;Demais Bancos, Financeiras e Instituições de Pagamento;;21.0;3.0;0.14285714285714285;245739.0
2022;1;GRUPO BONSUCESSO - BS2;;False;False;False;Demais Bancos, Financeiras e Instituições de Pagamento;74.59;207.0;71.0;0.34299516908212563;951797.0
2022;1;GRUPO ZEMA;;False;False;False;Demais Bancos, Financeiras e Instituições de Pagamento;;12.0;4.0;0.3333333333333333;471569.0
2022;1;HERVAL - HS;;False;False;False;Demais Bancos, Financeiras e Instituições de Pagamento;;7.0;1.0;0.14285714285714285;203133.0
2022;1;HONDA;;False;False;False;Demais Bancos, Financeiras e Instituições de Pagamento;;11.0;3.0;0.2727272727272727;397644.0
2022;1;INDUSTRIAL DO BRASIL;;False;False;False;Demais Bancos, Financeiras e Instituições de Pagamento;;23.0;5.0;0.21739130434782608;65379.0
2022;1;INTER;INBR;True;True;False;Top 15 - Bancos, Financeiras e Instituições de Pagamento;48.85;1720.0;833.0;0.48430232558139535;17049709.0
2022;1;ITAU;ITUB4;True;False;True;Top 15 - Bancos, Financeiras e Instituições de Pagamento;12.26;5422.0;1136.0;0.20951678347473257;92631221.0
2022;1;JP MORGAN CHASE;;False;False;False;Demais Bancos, Financeiras e Instituições de Pagamento;;3.0;0.0;0.0;4029.0
2022;1;MASTER;;False;False;False;Demais Bancos, Financeiras e Instituições de Pagamento;601.71;185.0;88.0;0.4756756756756757;146248.0
2022;1;MERCADO CRÉDITO;;False;False;False;Top 15 - Bancos, Financeiras e Instituições de Pagamento;24.96;2202.0;800.0;0.36330608537693004;32050707.0
2022;1;MERCANTIL DO BRASIL;BMEB4;True;False;True;Demais Bancos, Financeiras e Instituições de Pagamento;53.16;503.0;255.0;0.5069582504970179;4796822.0
2022;1;MERCEDES-BENZ;;False;False;False;Demais Bancos, Financeiras e Instituições de Pagamento;;1.0;0.0;0.0;19627.0
2022;1;MODAL;;False;False;False;Demais Bancos, Financeiras e Instituições de Pagamento;;66.0;25.0;0.3787878787878788;1589489.0
2022;1;NEON;;False;False;False;Demais Bancos, Financeiras e Instituições de Pagamento;441.13;528.0;385.0;0.7291666666666666;872741.0
2022;1;NUBANK;ROXO34;True;True;False;Top 15 - Bancos, Financeiras e Instituições de Pagamento;7.48;1541.0;410.0;0.26606099935107075;54748336.0
2022;1;OMNI;;False;False;False;Demais Bancos, Financeiras e Instituições de Pagamento;;141.0;23.0;0.16312056737588654;5019455.0
2022;1;ORIGINAL;;False;False;False;Top 15 - Bancos, Financeiras e Instituições de Pagamento;21.59;1925.0;822.0;0.427012987012987;38069786.0
2022;1;PAGBANK-PAGSEGURO;;False;False;False;Top 15 - Bancos, Financeiras e Instituições de Pagamento;14.87;1268.0;345.0;0.27208201892744477;23191620.0
2022;1;PARANÁ BANCO;;False;False;False;Demais Bancos, Financeiras e Instituições de Pagamento;;194.0;21.0;0.10824742268041238;505065.0
2022;1;PINE;;False;False;False;Demais Bancos, Financeiras e Instituições de Pagamento;;3.0;1.0;0.3333333333333333;13027.0
2022;1;PORTO SEGURO;;False;False;False;Demais Bancos, Financeiras e Instituições de Pagamento;30.2;241.0;100.0;0.4149377593360996;3310348.0
2022;1;RECARGAPAY;;False;False;False;Demais Bancos, Financeiras e Instituições de Pagamento;;74.0;25.0;0.33783783783783783;
2022;1;RENDIMENTO;;False;False;False;Demais Bancos, Financeiras e Instituições de Pagamento;;21.0;3.0;0.14285714285714285;215526.0
2022;1;RODOBENS;;False;False;False;Demais Bancos, Financeiras e Instituições de Pagamento;;3.0;1.0;0.3333333333333333;15610.0
2022;1;SAFRA;;False;False;False;Demais Bancos, Financeiras e Instituições de Pagamento;33.93;873.0;189.0;0.21649484536082475;5570140.0
2022;1;SANTANDER;SANB11;True;False;True;Top 15 - Bancos, Financeiras e Instituições de Pagamento;27.37;6113.0;1589.0;0.2599378373957141;58048730.0
2022;1;SENFF;;False;False;False;Demais Bancos, Financeiras e Instituições de Pagamento;;4.0;1.0;0.25;193066.0
2022;1;SICREDI;;False;False;False;Demais Bancos, Financeiras e Instituições de Pagamento;;1.0;0.0;0.0;6566416.0
2022;1;SOCIETE GENERALE;;False;False;False;Demais Bancos, Financeiras e Instituições de Pagamento;;3.0;1.0;0.3333333333333333;480.0
2022;1;SOFISA;SFSA4;True;False;False;Demais Bancos, Financeiras e Instituições de Pagamento;;61.0;17.0;0.2786885245901639;465763.0
2022;1;SOROCRED;;False;False;False;Demais Bancos, Financeiras e Instituições de Pagamento;;53.0;14.0;0.2641509433962264;294357.0
2022;1;STONE;;False;False;False;Demais Bancos, Financeiras e Instituições de Pagamento;54.99;265.0;116.0;0.4377358490566038;2109401.0
2022;1;UBS;;False;False;False;Demais Bancos, Financeiras e Instituições de Pagamento;;1.0;0.0;0.0;0.0
2022;1;VOITER;;False;False;False;Demais Bancos, Financeiras e Instituições de Pagamento;;4.0;1.0;0.25;164166.0
2022;1;VOLKSWAGEN;;False;False;False;Demais Bancos, Financeiras e Instituições de Pagamento;;57.0;14.0;0.24561403508771928;327452.0
2022;1;VOLVO;;False;False;False;Demais Bancos, Financeiras e Instituições de Pagamento;;1.0;0.0;0.0;7774.0
2022;1;VOTORANTIM;;False;False;False;Top 15 - Bancos, Financeiras e Instituições de Pagamento;8.17;502.0;179.0;0.3565737051792829;21892612.0
2022;1;WESTERN UNION;;False;False;False;Demais Bancos, Financeiras e Instituições de Pagamento;;8.0;4.0;0.5;1.0
2022;1;XP;;False;False;False;Demais Bancos, Financeiras e Instituições de Pagamento;166.42;111.0;81.0;0.7297297297297297;486698.0
2022;1;YAMAHA MOTOR;;False;False;False;Demais Bancos, Financeiras e Instituições de Pagamento;;15.0;2.0;0.13333333333333333;213551.0
2022;3;ABC-BRASIL;ABCB4;True;False;False;Demais Bancos, Financeiras e Instituições de Pagamento;;14.0;4.0;0.2857142857142857;50720.0
2022;3;ABN AMRO;;False;False;False;Demais Bancos, Financeiras e Instituições de Pagamento;;1.0;0.0;0.0;0.0
2022;3;AGIBANK;;False;False;False;Demais Bancos, Financeiras e Instituições de Pagamento;96.0;539.0;182.0;0.33766233766233766;1895683.0
2022;3;ALFA;;False;False;False;Demais Bancos, Financeiras e Instituições de Pagamento;;80.0;23.0;0.2875;436746.0
2022;3;ANDBANK;;False;False;False;Demais Bancos, Financeiras e Instituições de Pagamento;;4.0;0.0;0.0;4302.0
2022;3;BANCO SICOOB;;False;False;False;Demais Bancos, Financeiras e Instituições de Pagamento;17.47;225.0;102.0;0.4533333333333333;5835765.0
2022;3;BANCO TOYOTA DO BRASIL S.A.;;False;False;False;Demais Bancos, Financeiras e Instituições de Pagamento;;28.0;4.0;0.14285714285714285;154520.0
2022;3;BANESTES;BEES3;True;False;False;Demais Bancos, Financeiras e Instituições de Pagamento;25.51;93.0;36.0;0.3870967741935484;1410675.0
2022;3;BANRISUL;BRSR6;True;False;True;Demais Bancos, Financeiras e Instituições de Pagamento;7.31;296.0;38.0;0.12837837837837837;5198088.0
2022;3;BARIGUI;;False;False;False;Demais Bancos, Financeiras e Instituições de Pagamento;;105.0;20.0;0.19047619047619047;349049.0
2022;3;BB;BBAS3;True;False;True;Top 15 - Bancos, Financeiras e Instituições de Pagamento;12.64;4309.0;930.0;0.2158273381294964;73557524.0
2022;3;BBC;;False;False;False;Demais Bancos, Financeiras e Instituições de Pagamento;;9.0;3.0;0.3333333333333333;5872.0
2022;3;BMG;BMGB4;True;False;True;Top 15 - Bancos, Financeiras e Instituições de Pagamento;46.87;1540.0;542.0;0.35194805194805195;11561565.0
2022;3;BMW;;False;False;False;Demais Bancos, Financeiras e Instituições de Pagamento;;4.0;0.0;0.0;31181.0
2022;3;BNP PARIBAS;;False;False;False;Demais Bancos, Financeiras e Instituições de Pagamento;42.48;440.0;87.0;0.19772727272727272;2047673.0
2022;3;BNQI - FINANCEIRO;;False;False;False;Demais Bancos, Financeiras e Instituições de Pagamento;;73.0;29.0;0.3972602739726027;
2022;3;BRADESCO;BBDC4;True;False;True;Top 15 - Bancos, Financeiras e Instituições de Pagamento;25.18;8722.0;2564.0;0.29396927310249943;101788328.0
2022;3;BRB;;False;False;False;Demais Bancos, Financeiras e Instituições de Pagamento;46.81;710.0;269.0;0.3788732394366197;5745833.0
2022;3;BTG PACTUAL/BANCO PAN;BPAC11;True;False;True;Top 15 - Bancos, Financeiras e Instituições de Pagamento;76.14;3075.0;1559.0;0.5069918699186992;20473165.0
2022;3;C6 BANK;;False;False;False;Top 15 - Bancos, Financeiras e Instituições de Pagamento;50.18;3330.0;1070.0;0.3213213213213213;21320772.0
2022;3;CAIXA ECONÔMICA FEDERAL;;False;False;False;Top 15 - Bancos, Financeiras e Instituições de Pagamento;17.19;8346.0;2550.0;0.3055355859094177;148308904.0
2022;3;CAIXA GERAL;;False;False;False;Demais Bancos, Financeiras e Instituições de Pagamento;;5.0;2.0;0.4;982.0
2022;3;CCB;;False;False;False;Demais Bancos, Financeiras e Instituições de Pagamento;;83.0;4.0;0.04819277108433735;160508.0
2022;3;CITIBANK;;False;False;False;Demais Bancos, Financeiras e Instituições de Pagamento;;25.0;4.0;0.16;18558.0
2022;3;COBUCCIO;;False;False;False;Demais Bancos, Financeiras e Instituições de Pagamento;;47.0;10.0;0.2127659574468085;
2022;3;COLOMBO;;False;False;False;Demais Bancos, Financeiras e Instituições de Pagamento;;9.0;1.0;0.1111111111111111;322307.0
2022;3;CREDIT SUISSE;;False;False;False;Demais Bancos, Financeiras e Instituições de Pagamento;;4.0;0.0;0.0;5997.0
2022;3;CREDSYSTEM;;False;False;False;Demais Bancos, Financeiras e Instituições de Pagamento;;95.0;18.0;0.18947368421052632;
2022;3;CREFISA;;False;False;False;Demais Bancos, Financeiras e Instituições de Pagamento;22.94;271.0;75.0;0.2767527675276753;3268995.0
2022;3;DAYCOVAL;;False;False;False;Demais Bancos, Financeiras e Instituições de Pagamento;110.61;680.0;173.0;0.25441176470588234;1564046.0
2022;3;GAZIN;;False;False;False;Demais Bancos, Financeiras e Instituições de Pagamento;;2.0;0.0;0.0;49647.0
2022;3;GENIAL;;False;False;False;Demais Bancos, Financeiras e Instituições de Pagamento;;20.0;9.0;0.45;657765.0
2022;3;GERENCIANET;;False;False;False;Demais Bancos, Financeiras e Instituições de Pagamento;;59.0;13.0;0.22033898305084745;334816.0
2022;3;GM;;False;False;False;Demais Bancos, Financeiras e Instituições de Pagamento;;30.0;4.0;0.13333333333333333;227309.0
2022;3;GRUPO BONSUCESSO - BS2;;False;False;False;Demais Bancos, Financeiras e Instituições de Pagamento;323.09;334.0;111.0;0.3323353293413174;343552.0
2022;3;GRUPO ZEMA;;False;False;False;Demais Bancos, Financeiras e Instituições de Pagamento;;26.0;1.0;0.038461538461538464;505005.0
2022;3;HERVAL - HS;;False;False;False;Demais Bancos, Financeiras e Instituições de Pagamento;;15.0;5.0;0.3333333333333333;211524.0
2022;3;HONDA;;False;False;False;Demais Bancos, Financeiras e Instituições de Pagamento;;35.0;9.0;0.2571428571428571;385212.0
2022;3;INDUSTRIAL DO BRASIL;;False;False;False;Demais Bancos, Financeiras e Instituições de Pagamento;;33.0;7.0;0.21212121212121213;69360.0
2022;3;INTER;INBR;True;True;False;Top 15 - Bancos, Financeiras e Instituições de Pagamento;36.81;2143.0;782.0;0.36490900606626225;21243511.0
2022;3;ITAU;ITUB4;True;False;True;Top 15 - Bancos, Financeiras e Instituições de Pagamento;14.4;5858.0;1375.0;0.23472174803687265;95481328.0
2022;3;JP MORGAN CHASE;;False;False;False;Demais Bancos, Financeiras e Instituições de Pagamento;;4.0;0.0;0.0;3672.0
2022;3;MASTER;;False;False;False;Demais Bancos, Financeiras e Instituições de Pagamento;373.13;207.0;98.0;0.47342995169082125;262641.0
2022;3;MERCADO CRÉDITO;;False;False;False;Top 15 - Bancos, Financeiras e Instituições de Pagamento;22.21;2363.0;875.0;0.37029200169276344;39392090.0
2022;3;MERCANTIL DO BRASIL;BMEB4;True;False;True;Demais Bancos, Financeiras e Instituições de Pagamento;58.42;624.0;323.0;0.5176282051282052;5528253.0
2022;3;MERCEDES-BENZ;;False;False;False;Demais Bancos, Financeiras e Instituições de Pagamento;;11.0;3.0;0.2727272727272727;19302.0
2022;3;MODAL;;False;False;False;Demais Bancos, Financeiras e Instituições de Pagamento;25.21;93.0;44.0;0.4731182795698925;1745259.0
2022;3;NACIONAL;;False;False;False;Demais Bancos, Financeiras e Instituições de Pagamento;;1.0;0.0;0.0;61.0
2022;3;NEON;;False;False;False;Top 15 - Bancos, Financeiras e Instituições de Pagamento;15.59;466.0;239.0;0.5128755364806867;15325349.0
2022;3;NUBANK;ROXO34;True;True;False;Top 15 - Bancos, Financeiras e Instituições de Pagamento;9.76;2378.0;633.0;0.2661900756938604;64841518.0
2022;3;OMNI;;False;False;False;Demais Bancos, Financeiras e Instituições de Pagamento;10.33;196.0;45.0;0.22959183673469388;4352219.0
2022;3;ORIGINAL;;False;False;False;Top 15 - Bancos, Financeiras e Instituições de Pagamento;17.35;2205.0;732.0;0.33197278911564626;42173653.0
2022;3;PAGBANK-PAGSEGURO;;False;False;False;Top 15 - Bancos, Financeiras e Instituições de Pagamento;19.73;1483.0;512.0;0.3452461227242077;25948408.0
2022;3;PARANÁ BANCO;;False;False;False;Demais Bancos, Financeiras e Instituições de Pagamento;;157.0;13.0;0.08280254777070063;534173.0
2022;3;PINE;;False;False;False;Demais Bancos, Financeiras e Instituições de Pagamento;;9.0;1.0;0.1111111111111111;50060.0
2022;3;PORTO SEGURO;;False;False;False;Demais Bancos, Financeiras e Instituições de Pagamento;41.51;318.0;123.0;0.3867924528301887;2962999.0
2022;3;RECARGAPAY;;False;False;False;Demais Bancos, Financeiras e Instituições de Pagamento;7.64;140.0;59.0;0.42142857142857143;7714549.0
2022;3;RENDIMENTO;;False;False;False;Demais Bancos, Financeiras e Instituições de Pagamento;;34.0;13.0;0.38235294117647056;242571.0
2022;3;RODOBENS;;False;False;False;Demais Bancos, Financeiras e Instituições de Pagamento;;15.0;2.0;0.13333333333333333;21663.0
2022;3;SAFRA;;False;False;False;Demais Bancos, Financeiras e Instituições de Pagamento;59.27;1087.0;332.0;0.30542778288868444;5601301.0
2022;3;SANTANDER;SANB11;True;False;True;Top 15 - Bancos, Financeiras e Instituições de Pagamento;28.54;6612.0;1740.0;0.2631578947368421;60961566.0
2022;3;SCANIA;;False;False;False;Demais Bancos, Financeiras e Instituições de Pagamento;;1.0;1.0;1.0;5399.0
2022;3;SENFF;;False;False;False;Demais Bancos, Financeiras e Instituições de Pagamento;;26.0;8.0;0.3076923076923077;263286.0
2022;3;SICREDI;;False;False;False;Demais Bancos, Financeiras e Instituições de Pagamento;;9.0;0.0;0.0;7148115.0
2022;3;SIMPALA;;False;False;False;Demais Bancos, Financeiras e Instituições de Pagamento;;1.0;1.0;1.0;4670.0
2022;3;SOCIETE GENERALE;;False;False;False;Demais Bancos, Financeiras e Instituições de Pagamento;;1.0;0.0;0.0;428.0
2022;3;SOFISA;SFSA4;True;False;False;Demais Bancos, Financeiras e Instituições de Pagamento;68.21;96.0;40.0;0.4166666666666667;586409.0
2022;3;SOROCRED;;False;False;False;Demais Bancos, Financeiras e Instituições de Pagamento;;88.0;16.0;0.18181818181818182;635124.0
2022;3;STONE;;False;False;False;Demais Bancos, Financeiras e Instituições de Pagamento;55.91;696.0;145.0;0.20833333333333334;2593141.0
2022;3;SUMUP;;False;False;False;Demais Bancos, Financeiras e Instituições de Pagamento;;2.0;0.0;0.0;
2022;3;UBS;;False;False;False;Demais Bancos, Financeiras e Instituições de Pagamento;;1.0;0.0;0.0;0.0
2022;3;VOITER;;False;False;False;Demais Bancos, Financeiras e Instituições de Pagamento;;7.0;0.0;0.0;201484.0
2022;3;VOLKSWAGEN;;False;False;False;Demais Bancos, Financeiras e Instituições de Pagamento;;110.0;14.0;0.12727272727272726;324006.0
2022;3;VOLVO;;False;False;False;Demais Bancos, Financeiras e Instituições de Pagamento;;1.0;0.0;0.0;8510.0
2022;3;VOTORANTIM;;False;False;False;Top 15 - Bancos, Financeiras e Instituições de Pagamento;20.82;861.0;293.0;0.3403019744483159;14072909.0
2022;3;VR;;False;False;False;Demais Bancos, Financeiras e Instituições de Pagamento;;4.0;3.0;0.75;77.0
2022;3;WESTERN UNION;;False;False;False;Demais Bancos, Financeiras e Instituições de Pagamento;;8.0;4.0;0.5;1.0
2022;3;WILL;;False;False;False;Demais Bancos, Financeiras e Instituições de Pagamento;60.5;489.0;200.0;0.40899795501022496;3305651.0
2022;3;XP;;False;False;False;Demais Bancos, Financeiras e Instituições de Pagamento;110.18;135.0;91.0;0.674074074074074;825881.0
2022;3;YAMAHA MOTOR;;False;False;False;Demais Bancos, Financeiras e Instituições de Pagamento;;39.0;2.0;0.05128205128205128;215003.0
2022;4;ABC-BRASIL;ABCB4;True;False;False;Demais Bancos, Financeiras e Instituições de Pagamento;;17.0;11.0;0.6470588235294118;55693.0
2022;4;AFINZ;;False;False;False;Demais Bancos, Financeiras e Instituições de Pagamento;;62.0;17.0;0.27419354838709675;483968.0
2022;4;AGIBANK;;False;False;False;Demais Bancos, Financeiras e Instituições de Pagamento;112.41;545.0;224.0;0.41100917431192663;1992640.0
2022;4;ALFA;;False;False;False;Demais Bancos, Financeiras e Instituições de Pagamento;;36.0;7.0;0.19444444444444445;439630.0
2022;4;ANDBANK;;False;False;False;Demais Bancos, Financeiras e Instituições de Pagamento;;5.0;0.0;0.0;31197.0
2022;4;ASAAS;;False;False;False;Demais Bancos, Financeiras e Instituições de Pagamento;;62.0;15.0;0.24193548387096775;0.0
2022;4;BANCO SICOOB;;False;False;False;Demais Bancos, Financeiras e Instituições de Pagamento;8.44;143.0;51.0;0.35664335664335667;6040091.0
2022;4;BANCO TOYOTA DO BRASIL S.A.;;False;False;False;Demais Bancos, Financeiras e Instituições de Pagamento;;10.0;0.0;0.0;155246.0
2022;4;BANESTES;BEES3;True;False;False;Demais Bancos, Financeiras e Instituições de Pagamento;;52.0;25.0;0.4807692307692308;1427677.0
2022;4;BANRISUL;BRSR6;True;False;True;Demais Bancos, Financeiras e Instituições de Pagamento;6.33;383.0;33.0;0.08616187989556136;5213189.0
2022;4;BARIGUI;;False;False;False;Demais Bancos, Financeiras e Instituições de Pagamento;84.3;76.0;30.0;0.39473684210526316;355853.0
2022;4;BB;BBAS3;True;False;True;Top 15 - Bancos, Financeiras e Instituições de Pagamento;8.22;3435.0;610.0;0.17758369723435224;74126665.0
2022;4;BBC;;False;False;False;Demais Bancos, Financeiras e Instituições de Pagamento;;10.0;1.0;0.1;6609.0
2022;4;BMG;BMGB4;True;False;True;Demais Bancos, Financeiras e Instituições de Pagamento;53.88;1693.0;661.0;0.390431187241583;12267412.0
2022;4;BMW;;False;False;False;Demais Bancos, Financeiras e Instituições de Pagamento;;3.0;1.0;0.3333333333333333;32997.0
2022;4;BNP PARIBAS;;False;False;False;Demais Bancos, Financeiras e Instituições de Pagamento;32.84;391.0;63.0;0.16112531969309463;1917938.0
2022;4;BNQI - FINANCEIRO;;False;False;False;Demais Bancos, Financeiras e Instituições de Pagamento;;77.0;29.0;0.37662337662337664;0.0
2022;4;BOFA MERRILL LYNCH;;False;False;False;Demais Bancos, Financeiras e Instituições de Pagamento;;2.0;0.0;0.0;4928.0
2022;4;BRADESCO;BBDC4;True;False;True;Top 15 - Bancos, Financeiras e Instituições de Pagamento;21.64;6878.0;2225.0;0.32349520209363186;102814534.0
2022;4;BRB;;False;False;False;Demais Bancos, Financeiras e Instituições de Pagamento;38.57;657.0;233.0;0.3546423135464231;6040929.0
2022;4;BTG PACTUAL/BANCO PAN;BPAC11;True;False;True;Top 15 - Bancos, Financeiras e Instituições de Pagamento;76.13;3093.0;1613.0;0.5215001616553508;21185674.0
2022;4;C6 BANK;;False;False;False;Top 15 - Bancos, Financeiras e Instituições de Pagamento;33.13;2678.0;759.0;0.2834204630321135;22905869.0
2022;4;CAIXA ECONÔMICA FEDERAL;;False;False;False;Top 15 - Bancos, Financeiras e Instituições de Pagamento;12.08;6142.0;1790.0;0.2914360143275806;148128348.0
2022;4;CAIXA GERAL;;False;False;False;Demais Bancos, Financeiras e Instituições de Pagamento;;2.0;1.0;0.5;1006.0
2022;4;CCB;;False;False;False;Demais Bancos, Financeiras e Instituições de Pagamento;;42.0;5.0;0.11904761904761904;153165.0
2022;4;CITIBANK;;False;False;False;Demais Bancos, Financeiras e Instituições de Pagamento;;19.0;2.0;0.10526315789473684;18935.0
2022;4;COBUCCIO;;False;False;False;Demais Bancos, Financeiras e Instituições de Pagamento;;69.0;16.0;0.2318840579710145;752805.0
2022;4;COLOMBO;;False;False;False;Demais Bancos, Financeiras e Instituições de Pagamento;;4.0;1.0;0.25;322448.0
2022;4;CREDSYSTEM;;False;False;False;Demais Bancos, Financeiras e Instituições de Pagamento;;34.0;5.0;0.14705882352941177;4235510.0
2022;4;CREFISA;;False;False;False;Demais Bancos, Financeiras e Instituições de Pagamento;23.81;312.0;84.0;0.2692307692307692;3526710.0
2022;4;DAYCOVAL;;False;False;False;Demais Bancos, Financeiras e Instituições de Pagamento;103.22;796.0;180.0;0.22613065326633167;1743806.0
2022;4;FINAXIS;;False;False;False;Demais Bancos, Financeiras e Instituições de Pagamento;;1.0;0.0;0.0;3907.0
2022;4;GAZIN;;False;False;False;Demais Bancos, Financeiras e Instituições de Pagamento;;1.0;0.0;0.0;52007.0
2022;4;GENIAL;;False;False;False;Demais Bancos, Financeiras e Instituições de Pagamento;;13.0;9.0;0.6923076923076923;734186.0
2022;4;GERENCIANET;;False;False;False;Demais Bancos, Financeiras e Instituições de Pagamento;;23.0;8.0;0.34782608695652173;345269.0
2022;4;GM;;False;False;False;Demais Bancos, Financeiras e Instituições de Pagamento;;15.0;1.0;0.06666666666666667;221613.0
2022;4;GRUPO BONSUCESSO - BS2;;False;False;False;Demais Bancos, Financeiras e Instituições de Pagamento;375.26;215.0;122.0;0.5674418604651162;325107.0
2022;4;GRUPO ZEMA;;False;False;False;Demais Bancos, Financeiras e Instituições de Pagamento;;17.0;1.0;0.058823529411764705;537686.0
2022;4;HERVAL - HS;;False;False;False;Demais Bancos, Financeiras e Instituições de Pagamento;;11.0;1.0;0.09090909090909091;218105.0
2022;4;HONDA;;False;False;False;Demais Bancos, Financeiras e Instituições de Pagamento;;21.0;6.0;0.2857142857142857;358758.0
2022;4;INDUSTRIAL DO BRASIL;;False;False;False;Demais Bancos, Financeiras e Instituições de Pagamento;;19.0;4.0;0.21052631578947367;69669.0
2022;4;INTER;INBR;True;True;False;Top 15 - Bancos, Financeiras e Instituições de Pagamento;36.9;1711.0;857.0;0.5008766803039159;23219194.0
2022;4;ITAU;ITUB4;True;False;True;Top 15 - Bancos, Financeiras e Instituições de Pagamento;15.26;6109.0;1492.0;0.24422982484858405;97712980.0
2022;4;JP MORGAN CHASE;;False;False;False;Demais Bancos, Financeiras e Instituições de Pagamento;;1.0;0.0;0.0;0.0
2022;4;MASTER;;False;False;False;Demais Bancos, Financeiras e Instituições de Pagamento;638.66;512.0;265.0;0.517578125;414928.0
2022;4;MERCADO CRÉDITO;;False;False;False;Top 15 - Bancos, Financeiras e Instituições de Pagamento;18.07;1924.0;779.0;0.40488565488565487;43102757.0
2022;4;MERCANTIL DO BRASIL;BMEB4;True;False;True;Demais Bancos, Financeiras e Instituições de Pagamento;48.4;557.0;279.0;0.5008976660682226;5764031.0
2022;4;MERCEDES-BENZ;;False;False;False;Demais Bancos, Financeiras e Instituições de Pagamento;;8.0;2.0;0.25;19240.0
2022;4;MODAL;;False;False;False;Demais Bancos, Financeiras e Instituições de Pagamento;;64.0;25.0;0.390625;1789775.0
2022;4;NEON;;False;False;False;Top 15 - Bancos, Financeiras e Instituições de Pagamento;11.75;412.0;195.0;0.4733009708737864;16586111.0
2022;4;NUBANK;ROXO34;True;True;False;Top 15 - Bancos, Financeiras e Instituições de Pagamento;6.9;1946.0;477.0;0.24511819116135664;69077761.0
2022;4;OMNI;;False;False;False;Demais Bancos, Financeiras e Instituições de Pagamento;;113.0;22.0;0.19469026548672566;4408458.0
2022;4;ORIGINAL;;False;False;False;Top 15 - Bancos, Financeiras e Instituições de Pagamento;14.35;1788.0;689.0;0.38534675615212527;47994411.0
2022;4;PAGBANK-PAGSEGURO;;False;False;False;Top 15 - Bancos, Financeiras e Instituições de Pagamento;23.52;1454.0;652.0;0.4484181568088033;27716605.0
2022;4;PARANÁ BANCO;;False;False;False;Demais Bancos, Financeiras e Instituições de Pagamento;;168.0;22.0;0.13095238095238096;546784.0
2022;4;PINE;;False;False;False;Demais Bancos, Financeiras e Instituições de Pagamento;;3.0;0.0;0.0;119595.0
2022;4;PORTO SEGURO;;False;False;False;Demais Bancos, Financeiras e Instituições de Pagamento;59.1;408.0;177.0;0.4338235294117647;2994558.0
2022;4;RECARGAPAY;;False;False;False;Demais Bancos, Financeiras e Instituições de Pagamento;7.01;100.0;53.0;0.53;7559390.0
2022;4;RENDIMENTO;;False;False;False;Demais Bancos, Financeiras e Instituições de Pagamento;;18.0;2.0;0.1111111111111111;259475.0
2022;4;RODOBENS;;False;False;False;Demais Bancos, Financeiras e Instituições de Pagamento;;17.0;2.0;0.11764705882352941;27298.0
2022;4;SAFRA;;False;False;False;Demais Bancos, Financeiras e Instituições de Pagamento;63.88;1052.0;369.0;0.35076045627376423;5775583.0
2022;4;SANTANDER;SANB11;True;False;True;Top 15 - Bancos, Financeiras e Instituições de Pagamento;21.05;6018.0;1306.0;0.21701561980724493;62028657.0
2022;4;SENFF;;False;False;False;Demais Bancos, Financeiras e Instituições de Pagamento;;22.0;5.0;0.22727272727272727;474751.0
2022;4;SICREDI;;False;False;False;Demais Bancos, Financeiras e Instituições de Pagamento;;1.0;0.0;0.0;7410928.0
2022;4;SINOSSERRA;;False;False;False;Demais Bancos, Financeiras e Instituições de Pagamento;;3.0;2.0;0.6666666666666666;9868.0
2022;4;SOFISA;SFSA4;True;False;False;Demais Bancos, Financeiras e Instituições de Pagamento;;67.0;23.0;0.34328358208955223;672226.0
2022;4;STONE;;False;False;False;Demais Bancos, Financeiras e Instituições de Pagamento;14.82;160.0;42.0;0.2625;2832151.0
2022;4;SUMUP;;False;False;False;Demais Bancos, Financeiras e Instituições de Pagamento;;20.0;10.0;0.5;113.0
2022;4;VOITER;;False;False;False;Demais Bancos, Financeiras e Instituições de Pagamento;;3.0;1.0;0.3333333333333333;265635.0
2022;4;VOLKSWAGEN;;False;False;False;Demais Bancos, Financeiras e Instituições de Pagamento;;84.0;14.0;0.16666666666666666;325412.0
2022;4;VOTORANTIM;;False;False;False;Top 15 - Bancos, Financeiras e Instituições de Pagamento;13.05;528.0;190.0;0.35984848484848486;14551717.0
2022;4;VR;;False;False;False;Demais Bancos, Financeiras e Instituições de Pagamento;;2.0;0.0;0.0;77.0
2022;4;WESTERN UNION;;False;False;False;Demais Bancos, Financeiras e Instituições de Pagamento;;9.0;5.0;0.5555555555555556;1.0
2022;4;WILL;;False;False;False;Demais Bancos, Financeiras e Instituições de Pagamento;36.34;280.0;134.0;0.4785714285714286;3686960.0
2022;4;XP;;False;False;False;Demais Bancos, Financeiras e Instituições de Pagamento;85.29;167.0;118.0;0.7065868263473054;1383442.0
2022;4;YAMAHA MOTOR;;False;False;False;Demais Bancos, Financeiras e Instituições de Pagamento;;12.0;1.0;0.08333333333333333;191613.0
2023;1;ABC-BRASIL;ABCB4;True;False;False;Demais Bancos, Financeiras e Instituições de Pagamento;;16.0;6.0;0.375;64343.0
2023;1;AFINZ;;False;False;False;Demais Bancos, Financeiras e Instituições de Pagamento;;82.0;16.0;0.1951219512195122;448382.0
2023;1;AGIBANK;;False;False;False;Demais Bancos, Financeiras e Instituições de Pagamento;87.85;634.0;184.0;0.2902208201892745;2094424.0
2023;1;ALFA;;False;False;False;Demais Bancos, Financeiras e Instituições de Pagamento;;33.0;10.0;0.30303030303030304;434430.0
2023;1;AME DIGITAL;;False;False;False;Top 15 - Bancos, Financeiras e Instituições de Pagamento;4.53;325.0;147.0;0.4523076923076923;32410096.0
2023;1;ANDBANK;;False;False;False;Demais Bancos, Financeiras e Instituições de Pagamento;;7.0;0.0;0.0;52096.0
2023;1;ASAAS;;False;False;False;Demais Bancos, Financeiras e Instituições de Pagamento;;61.0;12.0;0.19672131147540983;530769.0
2023;1;BANCO SICOOB;;False;False;False;Demais Bancos, Financeiras e Instituições de Pagamento;7.91;152.0;49.0;0.3223684210526316;6191619.0
2023;1;BANCO TOYOTA DO BRASIL S.A.;;False;False;False;Demais Bancos, Financeiras e Instituições de Pagamento;;13.0;1.0;0.07692307692307693;155619.0
2023;1;BANESTES;BEES3;True;False;False;Demais Bancos, Financeiras e Instituições de Pagamento;;47.0;17.0;0.3617021276595745;1393196.0
2023;1;BANRISUL;BRSR6;True;False;True;Demais Bancos, Financeiras e Instituições de Pagamento;6.68;315.0;35.0;0.1111111111111111;5232565.0
2023;1;BARIGUI;;False;False;False;Demais Bancos, Financeiras e Instituições de Pagamento;;58.0;19.0;0.3275862068965517;360181.0
2023;1;BB;BBAS3;True;False;True;Top 15 - Bancos, Financeiras e Instituições de Pagamento;8.59;3751.0;637.0;0.16982138096507599;74150080.0
2023;1;BBC;;False;False;False;Demais Bancos, Financeiras e Instituições de Pagamento;;9.0;4.0;0.4444444444444444;7061.0
2023;1;BMG;BMGB4;True;False;True;Demais Bancos, Financeiras e Instituições de Pagamento;63.04;1908.0;813.0;0.4261006289308176;12894925.0
2023;1;BMW;;False;False;False;Demais Bancos, Financeiras e Instituições de Pagamento;;7.0;2.0;0.2857142857142857;34135.0
2023;1;BNP PARIBAS;;False;False;False;Demais Bancos, Financeiras e Instituições de Pagamento;41.87;442.0;72.0;0.16289592760180996;1719497.0
2023;1;BNQI - FINANCEIRO;;False;False;False;Demais Bancos, Financeiras e Instituições de Pagamento;11.97;127.0;78.0;0.6141732283464567;6512048.0
2023;1;BRADESCO;BBDC4;True;False;True;Top 15 - Bancos, Financeiras e Instituições de Pagamento;23.05;7785.0;2390.0;0.30700064226075785;103666074.0
2023;1;BRB;;False;False;False;Demais Bancos, Financeiras e Instituições de Pagamento;44.83;746.0;279.0;0.3739946380697051;6222360.0
2023;1;BTG PACTUAL/BANCO PAN;BPAC11;True;False;True;Top 15 - Bancos, Financeiras e Instituições de Pagamento;71.87;3112.0;1608.0;0.5167095115681234;22371033.0
2023;1;C6 BANK;;False;False;False;Top 15 - Bancos, Financeiras e Instituições de Pagamento;29.09;2783.0;733.0;0.26338483650736616;25197319.0
2023;1;CAIXA ECONÔMICA FEDERAL;;False;False;False;Top 15 - Bancos, Financeiras e Instituições de Pagamento;11.25;6183.0;1687.0;0.27284489729904576;149855561.0
2023;1;CAIXA GERAL;;False;False;False;Demais Bancos, Financeiras e Instituições de Pagamento;;2.0;0.0;0.0;1064.0
2023;1;CCB;;False;False;False;Demais Bancos, Financeiras e Instituições de Pagamento;;32.0;2.0;0.0625;149473.0
2023;1;CITIBANK;;False;False;False;Demais Bancos, Financeiras e Instituições de Pagamento;;15.0;0.0;0.0;19096.0
2023;1;COBUCCIO;;False;False;False;Demais Bancos, Financeiras e Instituições de Pagamento;;67.0;11.0;0.16417910447761194;816368.0
2023;1;COLOMBO;;False;False;False;Demais Bancos, Financeiras e Instituições de Pagamento;;4.0;2.0;0.5;331344.0
2023;1;CREDSYSTEM;;False;False;False;Demais Bancos, Financeiras e Instituições de Pagamento;;68.0;16.0;0.23529411764705882;4331263.0
2023;1;CREFISA;;False;False;False;Demais Bancos, Financeiras e Instituições de Pagamento;24.13;415.0;90.0;0.21686746987951808;3728568.0
2023;1;DAYCOVAL;;False;False;False;Demais Bancos, Financeiras e Instituições de Pagamento;101.28;752.0;192.0;0.2553191489361702;1895613.0
2023;1;FISERV;;False;False;False;Demais Bancos, Financeiras e Instituições de Pagamento;;14.0;2.0;0.14285714285714285;118.0
2023;1;GAZIN;;False;False;False;Demais Bancos, Financeiras e Instituições de Pagamento;;1.0;0.0;0.0;57665.0
2023;1;GENIAL;;False;False;False;Demais Bancos, Financeiras e Instituições de Pagamento;;16.0;8.0;0.5;795982.0
2023;1;GERENCIANET;;False;False;False;Demais Bancos, Financeiras e Instituições de Pagamento;;41.0;5.0;0.12195121951219512;359266.0
2023;1;GM;;False;False;False;Demais Bancos, Financeiras e Instituições de Pagamento;;18.0;1.0;0.05555555555555555;216210.0
2023;1;GRUPO BONSUCESSO - BS2;;False;False;False;Demais Bancos, Financeiras e Instituições de Pagamento;152.99;115.0;50.0;0.43478260869565216;326810.0
2023;1;GRUPO ZEMA;;False;False;False;Demais Bancos, Financeiras e Instituições de Pagamento;;39.0;6.0;0.15384615384615385;336898.0
2023;1;HERVAL - HS;;False;False;False;Demais Bancos, Financeiras e Instituições de Pagamento;;11.0;5.0;0.45454545454545453;220208.0
2023;1;HONDA;;False;False;False;Demais Bancos, Financeiras e Instituições de Pagamento;;16.0;1.0;0.0625;347914.0
2023;1;INDUSTRIAL DO BRASIL;;False;False;False;Demais Bancos, Financeiras e Instituições de Pagamento;;11.0;1.0;0.09090909090909091;71959.0
2023;1;INTER;INBR;True;True;False;Top 15 - Bancos, Financeiras e Instituições de Pagamento;33.24;1871.0;825.0;0.4409406734366649;24813684.0
2023;1;ITAU;ITUB4;True;False;True;Top 15 - Bancos, Financeiras e Instituições de Pagamento;15.8;6716.0;1565.0;0.23302561048243;99015603.0
2023;1;JP MORGAN CHASE;;False;False;False;Demais Bancos, Financeiras e Instituições de Pagamento;;5.0;1.0;0.2;3803.0
2023;1;MASTER;;False;False;False;Demais Bancos, Financeiras e Instituições de Pagamento;647.82;530.0;296.0;0.5584905660377358;456914.0
2023;1;MERCADO CRÉDITO;;False;False;False;Top 15 - Bancos, Financeiras e Instituições de Pagamento;14.21;1726.0;648.0;0.37543453070683663;45574673.0
2023;1;MERCANTIL DO BRASIL;BMEB4;True;False;True;Demais Bancos, Financeiras e Instituições de Pagamento;61.46;768.0;381.0;0.49609375;6198860.0
2023;1;MERCEDES-BENZ;;False;False;False;Demais Bancos, Financeiras e Instituições de Pagamento;;9.0;4.0;0.4444444444444444;19060.0
2023;1;MODAL;;False;False;False;Demais Bancos, Financeiras e Instituições de Pagamento;;63.0;25.0;0.3968253968253968;1829058.0
2023;1;NEON;;False;False;False;Top 15 - Bancos, Financeiras e Instituições de Pagamento;12.2;487.0;227.0;0.46611909650924027;18595324.0
2023;1;NUBANK;ROXO34;True;True;False;Top 15 - Bancos, Financeiras e Instituições de Pagamento;6.58;2104.0;482.0;0.22908745247148288;73168970.0
2023;1;OMNI;;False;False;False;Demais Bancos, Financeiras e Instituições de Pagamento;;126.0;26.0;0.20634920634920634;4330468.0
2023;1;ORIGINAL;;False;False;False;Top 15 - Bancos, Financeiras e Instituições de Pagamento;10.96;1570.0;535.0;0.34076433121019106;48804853.0
2023;1;PAGBANK-PAGSEGURO;;False;False;False;Top 15 - Bancos, Financeiras e Instituições de Pagamento;27.23;1560.0;781.0;0.5006410256410256;28673310.0
2023;1;PARANÁ BANCO;;False;False;False;Demais Bancos, Financeiras e Instituições de Pagamento;;149.0;15.0;0.10067114093959731;570146.0
2023;1;PINE;;False;False;False;Demais Bancos, Financeiras e Instituições de Pagamento;;6.0;3.0;0.5;198006.0
2023;1;PORTO SEGURO;;False;False;False;Demais Bancos, Financeiras e Instituições de Pagamento;64.64;399.0;194.0;0.48621553884711777;3000851.0
2023;1;RECARGAPAY;;False;False;False;Demais Bancos, Financeiras e Instituições de Pagamento;7.55;121.0;58.0;0.4793388429752066;7673622.0
2023;1;RENDIMENTO;;False;False;False;Demais Bancos, Financeiras e Instituições de Pagamento;;10.0;2.0;0.2;277080.0
2023;1;RODOBENS;;False;False;False;Demais Bancos, Financeiras e Instituições de Pagamento;;13.0;0.0;0.0;29530.0
2023;1;SAFRA;;False;False;False;Demais Bancos, Financeiras e Instituições de Pagamento;51.08;1029.0;298.0;0.28960155490767736;5832922.0
2023;1;SANTANDER;SANB11;True;False;True;Top 15 - Bancos, Financeiras e Instituições de Pagamento;16.62;5859.0;1050.0;0.17921146953405018;63141189.0
2023;1;SCANIA;;False;False;False;Demais Bancos, Financeiras e Instituições de Pagamento;;7.0;1.0;0.14285714285714285;5790.0
2023;1;SENFF;;False;False;False;Demais Bancos, Financeiras e Instituições de Pagamento;;34.0;10.0;0.29411764705882354;520417.0
2023;1;SICREDI;;False;False;False;Demais Bancos, Financeiras e Instituições de Pagamento;;74.0;14.0;0.1891891891891892;7649988.0
2023;1;SOCIAL BANK;;False;False;False;Demais Bancos, Financeiras e Instituições de Pagamento;;10.0;4.0;0.4;242958.0
2023;1;SOCIETE GENERALE;;False;False;False;Demais Bancos, Financeiras e Instituições de Pagamento;;1.0;0.0;0.0;393.0
2023;1;SOFISA;SFSA4;True;False;False;Demais Bancos, Financeiras e Instituições de Pagamento;;54.0;26.0;0.48148148148148145;751292.0
2023;1;STONE;;False;False;False;Demais Bancos, Financeiras e Instituições de Pagamento;;154.0;26.0;0.16883116883116883;3547088.0
2023;1;SUMUP;;False;False;False;Demais Bancos, Financeiras e Instituições de Pagamento;;32.0;15.0;0.46875;125.0
2023;1;VOITER;;False;False;False;Demais Bancos, Financeiras e Instituições de Pagamento;;6.0;4.0;0.6666666666666666;264546.0
2023;1;VOLKSWAGEN;;False;False;False;Demais Bancos, Financeiras e Instituições de Pagamento;;76.0;20.0;0.2631578947368421;328709.0
2023;1;VOLVO;;False;False;False;Demais Bancos, Financeiras e Instituições de Pagamento;;1.0;0.0;0.0;8971.0
2023;1;VOTORANTIM;;False;False;False;Top 15 - Bancos, Financeiras e Instituições de Pagamento;17.59;634.0;243.0;0.3832807570977918;13813626.0
2023;1;VR;;False;False;False;Demais Bancos, Financeiras e Instituições de Pagamento;;9.0;7.0;0.7777777777777778;79.0
2023;1;WESTERN UNION;;False;False;False;Demais Bancos, Financeiras e Instituições de Pagamento;;9.0;3.0;0.3333333333333333;1.0
2023;1;WILL;;False;False;False;Demais Bancos, Financeiras e Instituições de Pagamento;30.91;241.0;125.0;0.5186721991701245;4043198.0
2023;1;XP;;False;False;False;Demais Bancos, Financeiras e Instituições de Pagamento;150.01;310.0;223.0;0.7193548387096774;1486516.0
2023;1;YAMAHA MOTOR;;False;False;False;Demais Bancos, Financeiras e Instituições de Pagamento;;13.0;1.0;0.07692307692307693;202665.0
2023;2;ABC-BRASIL;ABCB4;True;False;False;Demais Bancos, Financeiras e Instituições de Pagamento;;11.0;7.0;0.6363636363636364;72904.0
2023;2;ABN AMRO;;False;False;False;Demais Bancos, Financeiras e Instituições de Pagamento;;1.0;0.0;0.0;0.0
2023;2;AFINZ;;False;False;False;Demais Bancos, Financeiras e Instituições de Pagamento;;49.0;10.0;0.20408163265306123;461441.0
2023;2;AGIBANK;;False;False;False;Demais Bancos, Financeiras e Instituições de Pagamento;137.67;879.0;303.0;0.3447098976109215;2200784.0
2023;2;ALFA;;False;False;False;Demais Bancos, Financeiras e Instituições de Pagamento;;61.0;7.0;0.11475409836065574;440020.0
2023;2;AME DIGITAL;;False;False;False;Top 15 - Bancos, Financeiras e Instituições de Pagamento;2.44;199.0;80.0;0.4020100502512563;32678718.0
2023;2;ANDBANK;;False;False;False;Demais Bancos, Financeiras e Instituições de Pagamento;;6.0;0.0;0.0;57008.0
2023;2;ASAAS;;False;False;False;Demais Bancos, Financeiras e Instituições de Pagamento;;64.0;19.0;0.296875;599479.0
2023;2;BANCO SICOOB;;False;False;False;Demais Bancos, Financeiras e Instituições de Pagamento;;107.0;25.0;0.2336448598130841;6382543.0
2023;2;BANCO TOYOTA DO BRASIL S.A.;;False;False;False;Demais Bancos, Financeiras e Instituições de Pagamento;;11.0;3.0;0.2727272727272727;157427.0
2023;2;BANESTES;BEES3;True;False;False;Demais Bancos, Financeiras e Instituições de Pagamento;;54.0;19.0;0.35185185185185186;1409374.0
2023;2;BANRISUL;BRSR6;True;False;True;Demais Bancos, Financeiras e Instituições de Pagamento;;362.0;28.0;0.07734806629834254;5257422.0
2023;2;BARIGUI;;False;False;False;Demais Bancos, Financeiras e Instituições de Pagamento;;56.0;16.0;0.2857142857142857;357486.0
2023;2;BB;BBAS3;True;False;True;Top 15 - Bancos, Financeiras e Instituições de Pagamento;9.46;4599.0;706.0;0.15351163296368775;74579521.0
2023;2;BBC;;False;False;False;Demais Bancos, Financeiras e Instituições de Pagamento;;10.0;1.0;0.1;7407.0
2023;2;BMG;BMGB4;True;False;True;Demais Bancos, Financeiras e Instituições de Pagamento;49.01;1716.0;640.0;0.372960372960373;13057008.0
2023;2;BMW;;False;False;False;Demais Bancos, Financeiras e Instituições de Pagamento;;3.0;0.0;0.0;38311.0
2023;2;BNP PARIBAS;;False;False;False;Demais Bancos, Financeiras e Instituições de Pagamento;28.4;354.0;42.0;0.11864406779661017;1478371.0
2023;2;BNQI - FINANCEIRO;;False;False;False;Demais Bancos, Financeiras e Instituições de Pagamento;9.57;122.0;58.0;0.47540983606557374;6060439.0
2023;2;BOCOM;;False;False;False;Demais Bancos, Financeiras e Instituições de Pagamento;;1.0;0.0;0.0;8876.0
2023;2;BOFA MERRILL LYNCH;;False;False;False;Demais Bancos, Financeiras e Instituições de Pagamento;;1.0;0.0;0.0;4920.0
2023;2;BRADESCO;BBDC4;True;False;True;Top 15 - Bancos, Financeiras e Instituições de Pagamento;30.9;9098.0;3229.0;0.35491316772917125;104486688.0
2023;2;BRB;;False;False;False;Demais Bancos, Financeiras e Instituições de Pagamento;51.35;885.0;323.0;0.3649717514124294;6289968.0
2023;2;BTG PACTUAL/BANCO PAN;BPAC11;True;False;True;Top 15 - Bancos, Financeiras e Instituições de Pagamento;43.58;2275.0;1004.0;0.4413186813186813;23036225.0
2023;2;C6 BANK;;False;False;False;Top 15 - Bancos, Financeiras e Instituições de Pagamento;24.13;2507.0;649.0;0.2588751495811727;26886189.0
2023;2;CAIXA ECONÔMICA FEDERAL;;False;False;False;Top 15 - Bancos, Financeiras e Instituições de Pagamento;12.51;6482.0;1882.0;0.29034248688676334;150374233.0
2023;2;CAIXA GERAL;;False;False;False;Demais Bancos, Financeiras e Instituições de Pagamento;;1.0;0.0;0.0;1109.0
2023;2;CCB;;False;False;False;Demais Bancos, Financeiras e Instituições de Pagamento;;41.0;1.0;0.024390243902439025;145626.0
2023;2;CITIBANK;;False;False;False;Demais Bancos, Financeiras e Instituições de Pagamento;;13.0;0.0;0.0;18266.0
2023;2;COBUCCIO;;False;False;False;Demais Bancos, Financeiras e Instituições de Pagamento;;68.0;16.0;0.23529411764705882;880119.0
2023;2;COLOMBO;;False;False;False;Demais Bancos, Financeiras e Instituições de Pagamento;;12.0;3.0;0.25;336626.0
2023;2;CREDSYSTEM;;False;False;False;Demais Bancos, Financeiras e Instituições de Pagamento;;57.0;12.0;0.21052631578947367;4249731.0
2023;2;CREFISA;;False;False;False;Demais Bancos, Financeiras e Instituições de Pagamento;22.8;337.0;89.0;0.26409495548961426;3902345.0
2023;2;DAYCOVAL;;False;False;False;Demais Bancos, Financeiras e Instituições de Pagamento;100.79;703.0;199.0;0.283072546230441;1974273.0
2023;2;FISERV;;False;False;False;Demais Bancos, Financeiras e Instituições de Pagamento;;7.0;2.0;0.2857142857142857;123.0
2023;2;GAZIN;;False;False;False;Demais Bancos, Financeiras e Instituições de Pagamento;;1.0;0.0;0.0;68114.0
2023;2;GENIAL;;False;False;False;Demais Bancos, Financeiras e Instituições de Pagamento;;16.0;9.0;0.5625;889137.0
2023;2;GERENCIANET;;False;False;False;Demais Bancos, Financeiras e Instituições de Pagamento;;32.0;5.0;0.15625;375492.0
2023;2;GM;;False;False;False;Demais Bancos, Financeiras e Instituições de Pagamento;;22.0;2.0;0.09090909090909091;216876.0
2023;2;GRUPO BONSUCESSO - BS2;;False;False;False;Demais Bancos, Financeiras e Instituições de Pagamento;100.03;129.0;44.0;0.34108527131782945;439835.0
2023;2;GRUPO ZEMA;;False;False;False;Demais Bancos, Financeiras e Instituições de Pagamento;;21.0;3.0;0.14285714285714285;388102.0
2023;2;HERVAL - HS;;False;False;False;Demais Bancos, Financeiras e Instituições de Pagamento;;9.0;2.0;0.2222222222222222;220843.0
2023;2;HONDA;;False;False;False;Demais Bancos, Financeiras e Instituições de Pagamento;;22.0;8.0;0.36363636363636365;357314.0
2023;2;INDUSTRIAL DO BRASIL;;False;False;False;Demais Bancos, Financeiras e Instituições de Pagamento;;21.0;3.0;0.14285714285714285;74458.0
2023;2;INTER;INBR;True;True;False;Top 15 - Bancos, Financeiras e Instituições de Pagamento;29.38;1942.0;776.0;0.3995880535530381;26405463.0
2023;2;ITAU;ITUB4;True;False;True;Top 15 - Bancos, Financeiras e Instituições de Pagamento;20.27;8062.0;2026.0;0.25130240635078144;99936353.0
2023;2;JP MORGAN CHASE;;False;False;False;Demais Bancos, Financeiras e Instituições de Pagamento;;3.0;0.0;0.0;3859.0
2023;2;MASTER;;False;False;False;Demais Bancos, Financeiras e Instituições de Pagamento;496.22;557.0;267.0;0.4793536804308797;538062.0
2023;2;MERCADO CRÉDITO;;False;False;False;Top 15 - Bancos, Financeiras e Instituições de Pagamento;9.83;1474.0;466.0;0.31614654002713705;47390877.0
2023;2;MERCANTIL DO BRASIL;BMEB4;True;False;True;Demais Bancos, Financeiras e Instituições de Pagamento;45.39;738.0;304.0;0.41192411924119243;6697004.0
2023;2;MERCEDES-BENZ;;False;False;False;Demais Bancos, Financeiras e Instituições de Pagamento;;4.0;0.0;0.0;18568.0
2023;2;MODAL;;False;False;False;Demais Bancos, Financeiras e Instituições de Pagamento;;55.0;19.0;0.34545454545454546;1859696.0
2023;2;NEON;;False;False;False;Top 15 - Bancos, Financeiras e Instituições de Pagamento;11.88;574.0;239.0;0.4163763066202091;20103935.0
2023;2;NUBANK;ROXO34;True;True;False;Top 15 - Bancos, Financeiras e Instituições de Pagamento;7.82;2458.0;608.0;0.24735557363710334;77665209.0
2023;2;NVIO BRASIL;;False;False;False;Demais Bancos, Financeiras e Instituições de Pagamento;;1.0;0.0;0.0;0.0
2023;2;OMNI;;False;False;False;Demais Bancos, Financeiras e Instituições de Pagamento;;124.0;15.0;0.12096774193548387;4021173.0
2023;2;ORIGINAL;;False;False;False;Top 15 - Bancos, Financeiras e Instituições de Pagamento;7.51;1261.0;378.0;0.29976209357652656;50266862.0
2023;2;PAGBANK-PAGSEGURO;;False;False;False;Top 15 - Bancos, Financeiras e Instituições de Pagamento;22.47;1420.0;662.0;0.46619718309859154;29451137.0
2023;2;PARANÁ BANCO;;False;False;False;Demais Bancos, Financeiras e Instituições de Pagamento;;138.0;15.0;0.10869565217391304;607800.0
2023;2;PINBANK;;False;False;False;Demais Bancos, Financeiras e Instituições de Pagamento;;3.0;3.0;1.0;43066.0
2023;2;PINE;;False;False;False;Demais Bancos, Financeiras e Instituições de Pagamento;;9.0;2.0;0.2222222222222222;578845.0
2023;2;PORTO SEGURO;;False;False;False;Demais Bancos, Financeiras e Instituições de Pagamento;44.31;338.0;137.0;0.40532544378698226;3091473.0
2023;2;RECARGAPAY;;False;False;False;Demais Bancos, Financeiras e Instituições de Pagamento;10.66;142.0;63.0;0.44366197183098594;5909596.0
2023;2;RENDIMENTO;;False;False;False;Demais Bancos, Financeiras e Instituições de Pagamento;;14.0;6.0;0.42857142857142855;235286.0
2023;2;RODOBENS;;False;False;False;Demais Bancos, Financeiras e Instituições de Pagamento;;16.0;3.0;0.1875;30980.0
2023;2;SAFRA;;False;False;False;Demais Bancos, Financeiras e Instituições de Pagamento;42.86;966.0;250.0;0.2587991718426501;5831957.0
2023;2;SANTANDER;SANB11;True;False;True;Top 15 - Bancos, Financeiras e Instituições de Pagamento;18.27;6077.0;1176.0;0.19351653776534475;64360563.0
2023;2;SENFF;;False;False;False;Demais Bancos, Financeiras e Instituições de Pagamento;;48.0;11.0;0.22916666666666666;517476.0
2023;2;SICREDI;;False;False;False;Demais Bancos, Financeiras e Instituições de Pagamento;;60.0;18.0;0.3;7953919.0
2023;2;SIMPALA;;False;False;False;Demais Bancos, Financeiras e Instituições de Pagamento;;1.0;1.0;1.0;6176.0
2023;2;SINOSSERRA;;False;False;False;Demais Bancos, Financeiras e Instituições de Pagamento;;1.0;0.0;0.0;10393.0
2023;2;SOCIAL BANK;;False;False;False;Demais Bancos, Financeiras e Instituições de Pagamento;;13.0;8.0;0.6153846153846154;7277.0
2023;2;SOFISA;SFSA4;True;False;False;Demais Bancos, Financeiras e Instituições de Pagamento;45.5;93.0;37.0;0.3978494623655914;813068.0
2023;2;STONE;;False;False;False;Demais Bancos, Financeiras e Instituições de Pagamento;;150.0;25.0;0.16666666666666666;4614872.0
2023;2;SUMUP;;False;False;False;Demais Bancos, Financeiras e Instituições de Pagamento;;40.0;19.0;0.475;130.0
2023;2;VOITER;;False;False;False;Demais Bancos, Financeiras e Instituições de Pagamento;;8.0;1.0;0.125;101664.0
2023;2;VOLKSWAGEN;;False;False;False;Demais Bancos, Financeiras e Instituições de Pagamento;;100.0;28.0;0.28;339745.0
2023;2;VOLVO;;False;False;False;Demais Bancos, Financeiras e Instituições de Pagamento;;4.0;0.0;0.0;9224.0
2023;2;VOTORANTIM;;False;False;False;Top 15 - Bancos, Financeiras e Instituições de Pagamento;9.94;559.0;140.0;0.2504472271914132;14084175.0
2023;2;VR;;False;False;False;Demais Bancos, Financeiras e Instituições de Pagamento;;3.0;1.0;0.3333333333333333;81.0
2023;2;WESTERN UNION;;False;False;False;Demais Bancos, Financeiras e Instituições de Pagamento;;6.0;1.0;0.16666666666666666;1.0
2023;2;WILL;;False;False;False;Demais Bancos, Financeiras e Instituições de Pagamento;25.6;238.0;118.0;0.4957983193277311;4608664.0
2023;2;XP;;False;False;False;Demais Bancos, Financeiras e Instituições de Pagamento;54.0;286.0;204.0;0.7132867132867133;3777299.0
2023;2;YAMAHA MOTOR;;False;False;False;Demais Bancos, Financeiras e Instituições de Pagamento;;20.0;1.0;0.05;218248.0
2023;3;ABC-BRASIL;ABCB4;True;False;False;Demais Bancos, Financeiras e Instituições de Pagamento;;12.0;3.0;0.25;59729.0
2023;3;AFINZ;;False;False;False;Demais Bancos, Financeiras e Instituições de Pagamento;;83.0;24.0;0.2891566265060241;419782.0
2023;3;AGIBANK;;False;False;False;Demais Bancos, Financeiras e Instituições de Pagamento;154.31;1024.0;370.0;0.361328125;2397638.0
2023;3;ALFA;;False;False;False;Demais Bancos, Financeiras e Instituições de Pagamento;;72.0;15.0;0.20833333333333334;441009.0
2023;3;AME DIGITAL;;False;False;False;Top 15 - Bancos, Financeiras e Instituições de Pagamento;1.67;186.0;55.0;0.2956989247311828;32779759.0
2023;3;ANDBANK;;False;False;False;Demais Bancos, Financeiras e Instituições de Pagamento;;8.0;0.0;0.0;63627.0
2023;3;ASAAS;;False;False;False;Demais Bancos, Financeiras e Instituições de Pagamento;;82.0;18.0;0.21951219512195122;677938.0
2023;3;BANCO SICOOB;;False;False;False;Demais Bancos, Financeiras e Instituições de Pagamento;6.56;170.0;43.0;0.2529411764705882;6548532.0
2023;3;BANCO TOYOTA DO BRASIL S.A.;;False;False;False;Demais Bancos, Financeiras e Instituições de Pagamento;;19.0;4.0;0.21052631578947367;160314.0
2023;3;BANESTES;BEES3;True;False;False;Demais Bancos, Financeiras e Instituições de Pagamento;22.69;79.0;32.0;0.4050632911392405;1410038.0
2023;3;BANRISUL;BRSR6;True;False;True;Demais Bancos, Financeiras e Instituições de Pagamento;8.9;369.0;47.0;0.12737127371273713;5280863.0
2023;3;BARIGUI;;False;False;False;Demais Bancos, Financeiras e Instituições de Pagamento;;74.0;16.0;0.21621621621621623;349651.0
2023;3;BB;BBAS3;True;False;True;Top 15 - Bancos, Financeiras e Instituições de Pagamento;8.99;4538.0;675.0;0.1487439400617012;75080276.0
2023;3;BBC;;False;False;False;Demais Bancos, Financeiras e Instituições de Pagamento;;5.0;0.0;0.0;7895.0
2023;3;BLU - FINANCEIRO;;False;False;False;Demais Bancos, Financeiras e Instituições de Pagamento;;2.0;0.0;0.0;39218.0
2023;3;BMG;BMGB4;True;False;True;Demais Bancos, Financeiras e Instituições de Pagamento;34.23;1334.0;452.0;0.33883058470764615;13202229.0
2023;3;BMW;;False;False;False;Demais Bancos, Financeiras e Instituições de Pagamento;;2.0;2.0;1.0;41733.0
2023;3;BNP PARIBAS;;False;False;False;Demais Bancos, Financeiras e Instituições de Pagamento;;71.0;9.0;0.1267605633802817;1305617.0
2023;3;BNQI - FINANCEIRO;;False;False;False;Demais Bancos, Financeiras e Instituições de Pagamento;;77.0;28.0;0.36363636363636365;6243589.0
2023;3;BOCOM;;False;False;False;Demais Bancos, Financeiras e Instituições de Pagamento;;1.0;0.0;0.0;8946.0
2023;3;BOFA MERRILL LYNCH;;False;False;False;Demais Bancos, Financeiras e Instituições de Pagamento;;1.0;0.0;0.0;4957.0
2023;3;BRADESCO;BBDC4;True;False;True;Top 15 - Bancos, Financeiras e Instituições de Pagamento;29.02;8679.0;3052.0;0.35165341629219954;105159414.0
2023;3;BRB;;False;False;False;Demais Bancos, Financeiras e Instituições de Pagamento;71.76;947.0;461.0;0.48680042238648363;6423795.0
2023;3;BTG PACTUAL/BANCO PAN;BPAC11;True;False;True;Top 15 - Bancos, Financeiras e Instituições de Pagamento;38.41;2091.0;867.0;0.4146341463414634;22568804.0
2023;3;C6 BANK;;False;False;False;Top 15 - Bancos, Financeiras e Instituições de Pagamento;20.44;2279.0;573.0;0.25142606406318563;28029631.0
2023;3;CAIXA ECONÔMICA FEDERAL;;False;False;False;Top 15 - Bancos, Financeiras e Instituições de Pagamento;11.58;5643.0;1750.0;0.31011873117136274;151006762.0
2023;3;CCB;;False;False;False;Demais Bancos, Financeiras e Instituições de Pagamento;;33.0;5.0;0.15151515151515152;140415.0
2023;3;CITIBANK;;False;False;False;Demais Bancos, Financeiras e Instituições de Pagamento;;9.0;0.0;0.0;19341.0
2023;3;COBUCCIO;;False;False;False;Demais Bancos, Financeiras e Instituições de Pagamento;48.19;137.0;52.0;0.3795620437956204;1079010.0
2023;3;COLOMBO;;False;False;False;Demais Bancos, Financeiras e Instituições de Pagamento;;18.0;2.0;0.1111111111111111;328606.0
2023;3;CREDSYSTEM;;False;False;False;Demais Bancos, Financeiras e Instituições de Pagamento;;61.0;16.0;0.26229508196721313;4343050.0
2023;3;CREFISA;;False;False;False;Demais Bancos, Financeiras e Instituições de Pagamento;21.65;380.0;91.0;0.2394736842105263;4203058.0
2023;3;DAYCOVAL;;False;False;False;Demais Bancos, Financeiras e Instituições de Pagamento;90.26;646.0;188.0;0.29102167182662536;2082869.0
2023;3;DMCARD;;False;False;False;Demais Bancos, Financeiras e Instituições de Pagamento;;1.0;0.0;0.0;514.0
2023;3;FISERV;;False;False;False;Demais Bancos, Financeiras e Instituições de Pagamento;;3.0;0.0;0.0;124.0
2023;3;GAZIN;;False;False;False;Demais Bancos, Financeiras e Instituições de Pagamento;;3.0;0.0;0.0;126267.0
2023;3;GENIAL;;False;False;False;Demais Bancos, Financeiras e Instituições de Pagamento;;27.0;18.0;0.6666666666666666;1008891.0
2023;3;GERENCIANET;;False;False;False;Demais Bancos, Financeiras e Instituições de Pagamento;;29.0;9.0;0.3103448275862069;402762.0
2023;3;GM;;False;False;False;Demais Bancos, Financeiras e Instituições de Pagamento;;19.0;4.0;0.21052631578947367;222083.0
2023;3;GRUPO BONSUCESSO - BS2;;False;False;False;Demais Bancos, Financeiras e Instituições de Pagamento;;84.0;29.0;0.34523809523809523;443677.0
2023;3;GRUPO ZEMA;;False;False;False;Demais Bancos, Financeiras e Instituições de Pagamento;;32.0;4.0;0.125;429479.0
2023;3;HERVAL - HS;;False;False;False;Demais Bancos, Financeiras e Instituições de Pagamento;;17.0;4.0;0.23529411764705882;210401.0
2023;3;HONDA;;False;False;False;Demais Bancos, Financeiras e Instituições de Pagamento;;25.0;5.0;0.2;364711.0
2023;3;INDUSTRIAL DO BRASIL;;False;False;False;Demais Bancos, Financeiras e Instituições de Pagamento;;29.0;2.0;0.06896551724137931;78043.0
2023;3;INTER;INBR;True;True;False;Top 15 - Bancos, Financeiras e Instituições de Pagamento;24.91;1905.0;693.0;0.3637795275590551;27816541.0
2023;3;ITAU;ITUB4;True;False;True;Top 15 - Bancos, Financeiras e Instituições de Pagamento;15.47;7656.0;1553.0;0.20284743991640544;100350109.0
2023;3;JP MORGAN CHASE;;False;False;False;Demais Bancos, Financeiras e Instituições de Pagamento;;2.0;0.0;0.0;3974.0
2023;3;MASTER;;False;False;False;Demais Bancos, Financeiras e Instituições de Pagamento;258.47;380.0;157.0;0.4131578947368421;607402.0
2023;3;MERCADO CRÉDITO;;False;False;False;Top 15 - Bancos, Financeiras e Instituições de Pagamento;8.68;1335.0;426.0;0.31910112359550563;49070873.0
2023;3;MERCANTIL DO BRASIL;BMEB4;True;False;True;Demais Bancos, Financeiras e Instituições de Pagamento;26.83;521.0;190.0;0.3646833013435701;7080383.0
2023;3;MERCEDES-BENZ;;False;False;False;Demais Bancos, Financeiras e Instituições de Pagamento;;12.0;3.0;0.25;18343.0
2023;3;MORGAN STANLEY;;False;False;False;Demais Bancos, Financeiras e Instituições de Pagamento;;1.0;0.0;0.0;1412.0
2023;3;NEON;;False;False;False;Top 15 - Bancos, Financeiras e Instituições de Pagamento;14.03;609.0;297.0;0.4876847290640394;21163147.0
2023;3;NUBANK;ROXO34;True;True;False;Top 15 - Bancos, Financeiras e Instituições de Pagamento;8.44;3082.0;695.0;0.2255029201817002;82303144.0
2023;3;NVIO BRASIL;;False;False;False;Demais Bancos, Financeiras e Instituições de Pagamento;;3.0;2.0;0.6666666666666666;0.0
2023;3;OMNI;;False;False;False;Demais Bancos, Financeiras e Instituições de Pagamento;11.87;167.0;40.0;0.23952095808383234;3369083.0
2023;3;ORIGINAL;;False;False;False;Top 15 - Bancos, Financeiras e Instituições de Pagamento;14.6;1668.0;748.0;0.44844124700239807;51231101.0
2023;3;PAGBANK-PAGSEGURO;;False;False;False;Top 15 - Bancos, Financeiras e Instituições de Pagamento;22.28;1474.0;673.0;0.45658073270013566;30198974.0
2023;3;PARANÁ BANCO;;False;False;False;Demais Bancos, Financeiras e Instituições de Pagamento;;171.0;23.0;0.13450292397660818;650816.0
2023;3;PINBANK;;False;False;False;Demais Bancos, Financeiras e Instituições de Pagamento;;3.0;0.0;0.0;32398.0
2023;3;PINE;;False;False;False;Demais Bancos, Financeiras e Instituições de Pagamento;;50.0;28.0;0.56;838946.0
2023;3;PORTO SEGURO;;False;False;False;Demais Bancos, Financeiras e Instituições de Pagamento;26.17;303.0;82.0;0.2706270627062706;3132840.0
2023;3;RECARGAPAY;;False;False;False;Demais Bancos, Financeiras e Instituições de Pagamento;13.11;184.0;86.0;0.4673913043478261;6555254.0
2023;3;RENDIMENTO;;False;False;False;Demais Bancos, Financeiras e Instituições de Pagamento;;20.0;5.0;0.25;238062.0
2023;3;RODOBENS;;False;False;False;Demais Bancos, Financeiras e Instituições de Pagamento;;6.0;1.0;0.16666666666666666;30870.0
2023;3;SAFRA;;False;False;False;Demais Bancos, Financeiras e Instituições de Pagamento;31.46;774.0;182.0;0.2351421188630491;5783294.0
2023;3;SANTANDER;SANB11;True;False;True;Top 15 - Bancos, Financeiras e Instituições de Pagamento;15.59;5342.0;1020.0;0.19093972295020592;65403582.0
2023;3;SCANIA;;False;False;False;Demais Bancos, Financeiras e Instituições de Pagamento;;2.0;1.0;0.5;6323.0
2023;3;SENFF;;False;False;False;Demais Bancos, Financeiras e Instituições de Pagamento;;39.0;8.0;0.20512820512820512;546108.0
2023;3;SICREDI;;False;False;False;Demais Bancos, Financeiras e Instituições de Pagamento;;80.0;26.0;0.325;8248603.0
2023;3;SIMPALA;;False;False;False;Demais Bancos, Financeiras e Instituições de Pagamento;;7.0;0.0;0.0;7111.0
2023;3;SOCIAL BANK;;False;False;False;Demais Bancos, Financeiras e Instituições de Pagamento;;6.0;4.0;0.6666666666666666;9245.0
2023;3;SOFISA;SFSA4;True;False;False;Demais Bancos, Financeiras e Instituições de Pagamento;52.63;103.0;46.0;0.44660194174757284;873915.0
2023;3;STONE;;False;False;False;Demais Bancos, Financeiras e Instituições de Pagamento;;101.0;29.0;0.2871287128712871;5306908.0
2023;3;SUMUP;;False;False;False;Demais Bancos, Financeiras e Instituições de Pagamento;;28.0;11.0;0.39285714285714285;132.0
2023;3;VOITER;;False;False;False;Demais Bancos, Financeiras e Instituições de Pagamento;;14.0;8.0;0.5714285714285714;36998.0
2023;3;VOLKSWAGEN;;False;False;False;Demais Bancos, Financeiras e Instituições de Pagamento;;76.0;11.0;0.14473684210526316;357255.0
2023;3;VOLVO;;False;False;False;Demais Bancos, Financeiras e Instituições de Pagamento;;2.0;0.0;0.0;9430.0
2023;3;VOTORANTIM;;False;False;False;Top 15 - Bancos, Financeiras e Instituições de Pagamento;9.84;510.0;142.0;0.2784313725490196;14419732.0
2023;3;WESTERN UNION;;False;False;False;Demais Bancos, Financeiras e Instituições de Pagamento;;2.0;1.0;0.5;4.0
2023;3;WILL;;False;False;False;Demais Bancos, Financeiras e Instituições de Pagamento;22.75;277.0;121.0;0.4368231046931408;5316473.0
2023;3;XP;;False;False;False;Demais Bancos, Financeiras e Instituições de Pagamento;54.98;421.0;304.0;0.7220902612826603;5529277.0
2023;3;YAMAHA MOTOR;;False;False;False;Demais Bancos, Financeiras e Instituições de Pagamento;;20.0;7.0;0.35;230351.0
2023;4;ABC-BRASIL;ABCB4;True;False;False;Demais Bancos, Financeiras e Instituições de Pagamento;;6.0;1.0;0.16666666666666666;66502.0
2023;4;AFINZ;;False;False;False;Demais Bancos, Financeiras e Instituições de Pagamento;;48.0;9.0;0.1875;445174.0
2023;4;AGIBANK;;False;False;False;Demais Bancos, Financeiras e Instituições de Pagamento;145.87;1058.0;377.0;0.3563327032136106;2584483.0
2023;4;AME DIGITAL;;False;False;False;Top 15 - Bancos, Financeiras e Instituições de Pagamento;1.84;174.0;60.0;0.3448275862068966;32591542.0
2023;4;ANDBANK;;False;False;False;Demais Bancos, Financeiras e Instituições de Pagamento;;15.0;1.0;0.06666666666666667;65390.0
2023;4;ASAAS;;False;False;False;Demais Bancos, Financeiras e Instituições de Pagamento;;67.0;20.0;0.29850746268656714;736473.0
2023;4;B3;;False;False;False;Demais Bancos, Financeiras e Instituições de Pagamento;;3.0;0.0;0.0;1240.0
2023;4;BANCO SICOOB;;False;False;False;Demais Bancos, Financeiras e Instituições de Pagamento;9.84;192.0;66.0;0.34375;6701884.0
2023;4;BANCO TOYOTA DO BRASIL S.A.;;False;False;False;Demais Bancos, Financeiras e Instituições de Pagamento;;27.0;5.0;0.18518518518518517;161793.0
2023;4;BANESTES;BEES3;True;False;False;Demais Bancos, Financeiras e Instituições de Pagamento;;52.0;19.0;0.36538461538461536;1418483.0
2023;4;BANRISUL;BRSR6;True;False;True;Demais Bancos, Financeiras e Instituições de Pagamento;7.79;361.0;42.0;0.11634349030470914;5385323.0
2023;4;BARIGUI;;False;False;False;Demais Bancos, Financeiras e Instituições de Pagamento;;42.0;15.0;0.35714285714285715;348931.0
2023;4;BB;BBAS3;True;False;True;Top 15 - Bancos, Financeiras e Instituições de Pagamento;5.94;3564.0;449.0;0.12598204264870932;75467287.0
2023;4;BBC;;False;False;False;Demais Bancos, Financeiras e Instituições de Pagamento;;5.0;1.0;0.2;8535.0
2023;4;BLU - FINANCEIRO;;False;False;False;Demais Bancos, Financeiras e Instituições de Pagamento;;3.0;2.0;0.6666666666666666;40281.0
2023;4;BMG;BMGB4;True;False;True;Demais Bancos, Financeiras e Instituições de Pagamento;32.86;1126.0;341.0;0.302841918294849;10376912.0
2023;4;BMW;;False;False;False;Demais Bancos, Financeiras e Instituições de Pagamento;;7.0;6.0;0.8571428571428571;45389.0
2023;4;BNP PARIBAS;;False;False;False;Demais Bancos, Financeiras e Instituições de Pagamento;;239.0;17.0;0.07112970711297072;1177387.0
2023;4;BNQI - FINANCEIRO;;False;False;False;Demais Bancos, Financeiras e Instituições de Pagamento;;38.0;11.0;0.2894736842105263;6375721.0
2023;4;BOCOM;;False;False;False;Demais Bancos, Financeiras e Instituições de Pagamento;;1.0;1.0;1.0;9240.0
2023;4;BRADESCO;BBDC4;True;False;True;Top 15 - Bancos, Financeiras e Instituições de Pagamento;18.96;5992.0;2007.0;0.33494659546061417;105844674.0
2023;4;BRB;;False;False;False;Demais Bancos, Financeiras e Instituições de Pagamento;68.93;856.0;453.0;0.5292056074766355;6570990.0
2023;4;BTG PACTUAL/BANCO PAN;BPAC11;True;False;True;Top 15 - Bancos, Financeiras e Instituições de Pagamento;34.11;1914.0;791.0;0.41327063740856845;23184516.0
2023;4;C6 BANK;;False;False;False;Top 15 - Bancos, Financeiras e Instituições de Pagamento;15.23;1898.0;432.0;0.22760800842992623;28349422.0
2023;4;CAIXA ECONÔMICA FEDERAL;;False;False;False;Top 15 - Bancos, Financeiras e Instituições de Pagamento;11.52;5008.0;1745.0;0.34844249201277955;151431759.0
2023;4;CAIXA GERAL;;False;False;False;Demais Bancos, Financeiras e Instituições de Pagamento;;2.0;0.0;0.0;1062.0
2023;4;CCB;;False;False;False;Demais Bancos, Financeiras e Instituições de Pagamento;;26.0;1.0;0.038461538461538464;136066.0
2023;4;CITIBANK;;False;False;False;Demais Bancos, Financeiras e Instituições de Pagamento;;9.0;0.0;0.0;19809.0
2023;4;COBUCCIO;;False;False;False;Demais Bancos, Financeiras e Instituições de Pagamento;54.22;142.0;64.0;0.4507042253521127;1180313.0
2023;4;COLOMBO;;False;False;False;Demais Bancos, Financeiras e Instituições de Pagamento;;14.0;2.0;0.14285714285714285;269528.0
2023;4;CREDIT SUISSE;;False;False;False;Demais Bancos, Financeiras e Instituições de Pagamento;;1.0;0.0;0.0;5860.0
2023;4;CREDSYSTEM;;False;False;False;Demais Bancos, Financeiras e Instituições de Pagamento;;57.0;16.0;0.2807017543859649;5053641.0
2023;4;CREFISA;;False;False;False;Demais Bancos, Financeiras e Instituições de Pagamento;13.24;398.0;59.0;0.14824120603015076;4455516.0
2023;4;DAYCOVAL;;False;False;False;Demais Bancos, Financeiras e Instituições de Pagamento;87.48;656.0;189.0;0.28810975609756095;2160425.0
2023;4;FISERV;;False;False;False;Demais Bancos, Financeiras e Instituições de Pagamento;;7.0;2.0;0.2857142857142857;127.0
2023;4;GAZIN;;False;False;False;Demais Bancos, Financeiras e Instituições de Pagamento;;2.0;0.0;0.0;130044.0
2023;4;GENIAL;;False;False;False;Demais Bancos, Financeiras e Instituições de Pagamento;;19.0;13.0;0.6842105263157895;1144041.0
2023;4;GERENCIANET;;False;False;False;Demais Bancos, Financeiras e Instituições de Pagamento;;32.0;5.0;0.15625;433406.0
2023;4;GM;;False;False;False;Demais Bancos, Financeiras e Instituições de Pagamento;;21.0;2.0;0.09523809523809523;224742.0
2023;4;GRUPO BONSUCESSO - BS2;;False;False;False;Demais Bancos, Financeiras e Instituições de Pagamento;;69.0;16.0;0.2318840579710145;442222.0
2023;4;GRUPO ZEMA;;False;False;False;Demais Bancos, Financeiras e Instituições de Pagamento;;27.0;4.0;0.14814814814814814;436854.0
2023;4;HERVAL - HS;;False;False;False;Demais Bancos, Financeiras e Instituições de Pagamento;;10.0;2.0;0.2;207490.0
2023;4;HONDA;;False;False;False;Demais Bancos, Financeiras e Instituições de Pagamento;;29.0;7.0;0.2413793103448276;373239.0
2023;4;INDUSTRIAL DO BRASIL;;False;False;False;Demais Bancos, Financeiras e Instituições de Pagamento;;22.0;7.0;0.3181818181818182;80050.0
2023;4;INTER;INBR;True;True;False;Top 15 - Bancos, Financeiras e Instituições de Pagamento;18.61;1669.0;543.0;0.32534451767525463;29168040.0
2023;4;ITAU;ITUB4;True;False;True;Top 15 - Bancos, Financeiras e Instituições de Pagamento;10.19;6029.0;1027.0;0.17034334052081607;100715079.0
2023;4;JP MORGAN CHASE;;False;False;False;Demais Bancos, Financeiras e Instituições de Pagamento;;1.0;0.0;0.0;4064.0
2023;4;LOAN BRASIL;;False;False;False;Demais Bancos, Financeiras e Instituições de Pagamento;;14.0;4.0;0.2857142857142857;0.0
2023;4;MASTER;;False;False;False;Demais Bancos, Financeiras e Instituições de Pagamento;255.46;413.0;178.0;0.43099273607748184;696779.0
2023;4;MERCADO PAGO;;False;False;False;Top 15 - Bancos, Financeiras e Instituições de Pagamento;5.35;1189.0;274.0;0.2304457527333894;51149745.0
2023;4;MERCANTIL DO BRASIL;BMEB4;True;False;True;Demais Bancos, Financeiras e Instituições de Pagamento;49.57;757.0;366.0;0.48348745046235136;7382083.0
2023;4;MERCEDES-BENZ;;False;False;False;Demais Bancos, Financeiras e Instituições de Pagamento;;6.0;2.0;0.3333333333333333;18411.0
2023;4;NEON;;False;False;False;Top 15 - Bancos, Financeiras e Instituições de Pagamento;11.06;491.0;245.0;0.4989816700610998;22143179.0
2023;4;NUBANK;ROXO34;True;True;False;Top 15 - Bancos, Financeiras e Instituições de Pagamento;7.97;3145.0;687.0;0.21844197138314786;86110428.0
2023;4;NVIO BRASIL;;False;False;False;Demais Bancos, Financeiras e Instituições de Pagamento;;5.0;3.0;0.6;1190621.0
2023;4;OMNI;;False;False;False;Demais Bancos, Financeiras e Instituições de Pagamento;9.47;147.0;31.0;0.2108843537414966;3271775.0
2023;4;ORIGINAL;;False;False;False;Top 15 - Bancos, Financeiras e Instituições de Pagamento;10.22;1368.0;542.0;0.3961988304093567;53006870.0
2023;4;PAGBANK-PAGSEGURO;;False;False;False;Top 15 - Bancos, Financeiras e Instituições de Pagamento;20.35;1503.0;633.0;0.42115768463073855;31104813.0
2023;4;PARANÁ BANCO;;False;False;False;Demais Bancos, Financeiras e Instituições de Pagamento;;168.0;20.0;0.11904761904761904;699588.0
2023;4;PINBANK;;False;False;False;Demais Bancos, Financeiras e Instituições de Pagamento;;4.0;1.0;0.25;33685.0
2023;4;PINE;;False;False;False;Demais Bancos, Financeiras e Instituições de Pagamento;218.41;286.0;200.0;0.6993006993006993;915693.0
2023;4;PORTO SEGURO;;False;False;False;Demais Bancos, Financeiras e Instituições de Pagamento;24.02;310.0;78.0;0.25161290322580643;3247224.0
2023;4;RANDON;;False;False;False;Demais Bancos, Financeiras e Instituições de Pagamento;;2.0;2.0;1.0;6279.0
2023;4;RECARGAPAY;;False;False;False;Demais Bancos, Financeiras e Instituições de Pagamento;15.43;291.0;108.0;0.3711340206185567;6999177.0
2023;4;RENDIMENTO;;False;False;False;Demais Bancos, Financeiras e Instituições de Pagamento;;16.0;6.0;0.375;250016.0
2023;4;RODOBENS;;False;False;False;Demais Bancos, Financeiras e Instituições de Pagamento;;10.0;1.0;0.1;30657.0
2023;4;SAFRA;;False;False;False;Demais Bancos, Financeiras e Instituições de Pagamento;31.1;797.0;189.0;0.2371392722710163;6075577.0
2023;4;SANTANDER;SANB11;True;False;True;Top 15 - Bancos, Financeiras e Instituições de Pagamento;14.94;4884.0;991.0;0.2029074529074529;66304886.0
2023;4;SCANIA;;False;False;False;Demais Bancos, Financeiras e Instituições de Pagamento;;1.0;0.0;0.0;6615.0
2023;4;SENFF;;False;False;False;Demais Bancos, Financeiras e Instituições de Pagamento;;39.0;13.0;0.3333333333333333;538162.0
2023;4;SICREDI;;False;False;False;Demais Bancos, Financeiras e Instituições de Pagamento;;65.0;18.0;0.27692307692307694;8317686.0
2023;4;SIMPALA;;False;False;False;Demais Bancos, Financeiras e Instituições de Pagamento;;3.0;0.0;0.0;7361.0
2023;4;SOCIAL BANK;;False;False;False;Demais Bancos, Financeiras e Instituições de Pagamento;;1.0;1.0;1.0;702.0
2023;4;SOFISA;SFSA4;True;False;False;Demais Bancos, Financeiras e Instituições de Pagamento;37.35;77.0;35.0;0.45454545454545453;936992.0
2023;4;STELLANTIS;;False;False;False;Demais Bancos, Financeiras e Instituições de Pagamento;;9.0;2.0;0.2222222222222222;55221.0
2023;4;STONE;;False;False;False;Demais Bancos, Financeiras e Instituições de Pagamento;;88.0;28.0;0.3181818181818182;5884181.0
2023;4;SUMUP;;False;False;False;Demais Bancos, Financeiras e Instituições de Pagamento;;23.0;11.0;0.4782608695652174;133.0
2023;4;VOITER;;False;False;False;Demais Bancos, Financeiras e Instituições de Pagamento;;4.0;0.0;0.0;36141.0
2023;4;VOLKSWAGEN;;False;False;False;Demais Bancos, Financeiras e Instituições de Pagamento;;66.0;10.0;0.15151515151515152;371710.0
2023;4;VOLVO;;False;False;False;Demais Bancos, Financeiras e Instituições de Pagamento;;2.0;0.0;0.0;9541.0
2023;4;VOTORANTIM;;False;False;False;Top 15 - Bancos, Financeiras e Instituições de Pagamento;6.42;437.0;93.0;0.2128146453089245;14472751.0
2023;4;VR;;False;False;False;Demais Bancos, Financeiras e Instituições de Pagamento;;1.0;1.0;1.0;1436.0
2023;4;WESTERN UNION;;False;False;False;Demais Bancos, Financeiras e Instituições de Pagamento;;5.0;1.0;0.2;4.0
2023;4;WILL;;False;False;False;Demais Bancos, Financeiras e Instituições de Pagamento;25.82;254.0;155.0;0.610236220472441;6002444.0
2023;4;XP;;False;False;False;Demais Bancos, Financeiras e Instituições de Pagamento;85.09;553.0;403.0;0.72875226039783;4735741.0
2023;4;YAMAHA MOTOR;;False;False;False;Demais Bancos, Financeiras e Instituições de Pagamento;;17.0;1.0;0.058823529411764705;239950.0
2024;1;ABC-BRASIL;ABCB4;True;False;False;Demais Bancos, Financeiras e Instituições de Pagamento;;6.0;2.0;0.3333333333333333;71135.0
2024;1;AFINZ;;False;False;False;Demais Bancos, Financeiras e Instituições de Pagamento;;84.0;20.0;0.23809523809523808;433641.0
2024;1;AGIBANK;;False;False;False;Demais Bancos, Financeiras e Instituições de Pagamento;61.1;821.0;170.0;0.20706455542021923;2782207.0
2024;1;AME DIGITAL;;False;False;False;Top 15 - Bancos, Financeiras e Instituições de Pagamento;3.45;277.0;112.0;0.4043321299638989;32420910.0
2024;1;ANDBANK;;False;False;False;Demais Bancos, Financeiras e Instituições de Pagamento;;12.0;0.0;0.0;63994.0
2024;1;ASAAS;;False;False;False;Demais Bancos, Financeiras e Instituições de Pagamento;;71.0;12.0;0.16901408450704225;801217.0
2024;1;B3;;False;False;False;Demais Bancos, Financeiras e Instituições de Pagamento;;2.0;1.0;0.5;1235.0
2024;1;BANCO SICOOB;;False;False;False;Demais Bancos, Financeiras e Instituições de Pagamento;9.75;200.0;67.0;0.335;6865755.0
2024;1;BANCO TOYOTA DO BRASIL S.A.;;False;False;False;Demais Bancos, Financeiras e Instituições de Pagamento;;16.0;2.0;0.125;162629.0
2024;1;BANESTES;BEES3;True;False;False;Demais Bancos, Financeiras e Instituições de Pagamento;;67.0;24.0;0.3582089552238806;1428132.0
2024;1;BANRISUL;BRSR6;True;False;True;Demais Bancos, Financeiras e Instituições de Pagamento;7.22;295.0;39.0;0.13220338983050847;5399191.0
2024;1;BARIGUI;;False;False;False;Demais Bancos, Financeiras e Instituições de Pagamento;;40.0;9.0;0.225;349616.0
2024;1;BB;BBAS3;True;False;True;Top 15 - Bancos, Financeiras e Instituições de Pagamento;4.5;2753.0;342.0;0.12422811478387213;75849003.0
2024;1;BBC;;False;False;False;Demais Bancos, Financeiras e Instituições de Pagamento;;10.0;0.0;0.0;9589.0
2024;1;BLU - FINANCEIRO;;False;False;False;Demais Bancos, Financeiras e Instituições de Pagamento;;2.0;2.0;1.0;39264.0
2024;1;BMG;BMGB4;True;False;True;Demais Bancos, Financeiras e Instituições de Pagamento;30.01;1027.0;318.0;0.30963972736124634;10594890.0
2024;1;BMW;;False;False;False;Demais Bancos, Financeiras e Instituições de Pagamento;;6.0;3.0;0.5;48600.0
2024;1;BNP PARIBAS;;False;False;False;Demais Bancos, Financeiras e Instituições de Pagamento;;237.0;15.0;0.06329113924050633;1064282.0
2024;1;BNQI - FINANCEIRO;;False;False;False;Demais Bancos, Financeiras e Instituições de Pagamento;;44.0;18.0;0.4090909090909091;6509657.0
2024;1;BOCOM;;False;False;False;Demais Bancos, Financeiras e Instituições de Pagamento;;1.0;1.0;1.0;9238.0
2024;1;BRADESCO;BBDC4;True;False;True;Top 15 - Bancos, Financeiras e Instituições de Pagamento;15.43;5108.0;1644.0;0.32184808144087707;106523397.0
2024;1;BRB;;False;False;False;Demais Bancos, Financeiras e Instituições de Pagamento;178.77;1864.0;1179.0;0.6325107296137339;6594782.0
2024;1;BTG PACTUAL/BANCO PAN;BPAC11;True;False;True;Top 15 - Bancos, Financeiras e Instituições de Pagamento;22.25;1597.0;530.0;0.3318722604884158;23817509.0
2024;1;C6 BANK;;False;False;False;Top 15 - Bancos, Financeiras e Instituições de Pagamento;10.69;1539.0;314.0;0.20402858999350226;29361259.0
2024;1;CAIXA ECONÔMICA FEDERAL;;False;False;False;Top 15 - Bancos, Financeiras e Instituições de Pagamento;10.33;4309.0;1570.0;0.3643536783476445;151947846.0
2024;1;CCB;;False;False;False;Demais Bancos, Financeiras e Instituições de Pagamento;;22.0;1.0;0.045454545454545456;133411.0
2024;1;CITIBANK;;False;False;False;Demais Bancos, Financeiras e Instituições de Pagamento;;20.0;0.0;0.0;18845.0
2024;1;COBUCCIO;;False;False;False;Demais Bancos, Financeiras e Instituições de Pagamento;63.52;185.0;85.0;0.4594594594594595;1337983.0
2024;1;COLOMBO;;False;False;False;Demais Bancos, Financeiras e Instituições de Pagamento;;21.0;3.0;0.14285714285714285;271695.0
2024;1;CREDI-SHOP;;False;False;False;Demais Bancos, Financeiras e Instituições de Pagamento;;2.0;0.0;0.0;679838.0
2024;1;CREDSYSTEM;;False;False;False;Demais Bancos, Financeiras e Instituições de Pagamento;;69.0;13.0;0.18840579710144928;4799234.0
2024;1;CREFISA;;False;False;False;Demais Bancos, Financeiras e Instituições de Pagamento;17.96;992.0;86.0;0.08669354838709678;4786877.0
2024;1;DAYCOVAL;;False;False;False;Demais Bancos, Financeiras e Instituições de Pagamento;50.67;547.0;113.0;0.20658135283363802;2229705.0
2024;1;DMCARD;;False;False;False;Demais Bancos, Financeiras e Instituições de Pagamento;;3.0;0.0;0.0;518.0
2024;1;EDENRED;;False;False;False;Demais Bancos, Financeiras e Instituições de Pagamento;;6.0;4.0;0.6666666666666666;270891.0
2024;1;FISERV;;False;False;False;Demais Bancos, Financeiras e Instituições de Pagamento;;6.0;1.0;0.16666666666666666;130.0
2024;1;GAZIN;;False;False;False;Demais Bancos, Financeiras e Instituições de Pagamento;;1.0;1.0;1.0;132390.0
2024;1;GENIAL;;False;False;False;Demais Bancos, Financeiras e Instituições de Pagamento;;28.0;13.0;0.4642857142857143;1228379.0
2024;1;GERENCIANET;;False;False;False;Demais Bancos, Financeiras e Instituições de Pagamento;;35.0;12.0;0.34285714285714286;455981.0
2024;1;GM;;False;False;False;Demais Bancos, Financeiras e Instituições de Pagamento;;27.0;1.0;0.037037037037037035;226159.0
2024;1;GRUPO BONSUCESSO - BS2;;False;False;False;Demais Bancos, Financeiras e Instituições de Pagamento;;53.0;9.0;0.16981132075471697;447149.0
2024;1;GRUPO ZEMA;;False;False;False;Demais Bancos, Financeiras e Instituições de Pagamento;;29.0;1.0;0.034482758620689655;402402.0
2024;1;HAITONG;;False;False;False;Demais Bancos, Financeiras e Instituições de Pagamento;;1.0;0.0;0.0;267.0
2024;1;HERVAL - HS;;False;False;False;Demais Bancos, Financeiras e Instituições de Pagamento;;15.0;3.0;0.2;213269.0
2024;1;HONDA;;False;False;False;Demais Bancos, Financeiras e Instituições de Pagamento;;28.0;5.0;0.17857142857142858;385004.0
2024;1;INDUSTRIAL DO BRASIL;;False;False;False;Demais Bancos, Financeiras e Instituições de Pagamento;;33.0;6.0;0.18181818181818182;81006.0
2024;1;INTER;INBR;True;True;False;Top 15 - Bancos, Financeiras e Instituições de Pagamento;24.06;1554.0;741.0;0.4768339768339768;30795160.0
2024;1;ITAU;ITUB4;True;False;True;Top 15 - Bancos, Financeiras e Instituições de Pagamento;9.73;5107.0;980.0;0.19189347953788918;100630213.0
2024;1;JP MORGAN CHASE;;False;False;False;Demais Bancos, Financeiras e Instituições de Pagamento;;2.0;0.0;0.0;4035.0
2024;1;LOAN BRASIL;;False;False;False;Demais Bancos, Financeiras e Instituições de Pagamento;;9.0;3.0;0.3333333333333333;0.0
2024;1;MASTER;;False;False;False;Demais Bancos, Financeiras e Instituições de Pagamento;161.19;384.0;114.0;0.296875;707209.0
2024;1;MERCADO PAGO;;False;False;False;Top 15 - Bancos, Financeiras e Instituições de Pagamento;6.15;1099.0;325.0;0.29572338489535943;52787054.0
2024;1;MERCANTIL DO BRASIL;BMEB4;True;False;True;Demais Bancos, Financeiras e Instituições de Pagamento;30.11;597.0;228.0;0.38190954773869346;7571423.0
2024;1;MERCEDES-BENZ;;False;False;False;Demais Bancos, Financeiras e Instituições de Pagamento;;13.0;5.0;0.38461538461538464;18230.0
2024;1;NEON;;False;False;False;Top 15 - Bancos, Financeiras e Instituições de Pagamento;9.52;530.0;220.0;0.41509433962264153;23092289.0
2024;1;NUBANK;ROXO34;True;True;False;Top 15 - Bancos, Financeiras e Instituições de Pagamento;6.23;2950.0;560.0;0.18983050847457628;89797615.0
2024;1;NVIO BRASIL;;False;False;False;Demais Bancos, Financeiras e Instituições de Pagamento;;5.0;4.0;0.8;1236502.0
2024;1;OMNI;;False;False;False;Demais Bancos, Financeiras e Instituições de Pagamento;;140.0;28.0;0.2;3152862.0
2024;1;ORIGINAL;;False;False;False;Top 15 - Bancos, Financeiras e Instituições de Pagamento;5.56;1054.0;306.0;0.2903225806451613;54976186.0
2024;1;PAGBANK-PAGSEGURO;;False;False;False;Top 15 - Bancos, Financeiras e Instituições de Pagamento;21.65;1531.0;680.0;0.4441541476159373;31402324.0
2024;1;PARANÁ BANCO;;False;False;False;Demais Bancos, Financeiras e Instituições de Pagamento;;175.0;27.0;0.15428571428571428;783532.0
2024;1;PINBANK;;False;False;False;Demais Bancos, Financeiras e Instituições de Pagamento;;3.0;0.0;0.0;34088.0
2024;1;PINE;;False;False;False;Demais Bancos, Financeiras e Instituições de Pagamento;57.37;176.0;77.0;0.4375;1342161.0
2024;1;PORTO SEGURO;;False;False;False;Demais Bancos, Financeiras e Instituições de Pagamento;28.16;240.0;93.0;0.3875;3301953.0
2024;1;RECARGAPAY;;False;False;False;Demais Bancos, Financeiras e Instituições de Pagamento;11.48;199.0;86.0;0.4321608040201005;7485597.0
2024;1;RENDIMENTO;;False;False;False;Demais Bancos, Financeiras e Instituições de Pagamento;;19.0;3.0;0.15789473684210525;257765.0
2024;1;RODOBENS;;False;False;False;Demais Bancos, Financeiras e Instituições de Pagamento;;8.0;2.0;0.25;30696.0
2024;1;SAFRA;;False;False;False;Demais Bancos, Financeiras e Instituições de Pagamento;19.94;639.0;116.0;0.18153364632237873;5815607.0
2024;1;SANTANDER;SANB11;True;False;True;Top 15 - Bancos, Financeiras e Instituições de Pagamento;10.91;4017.0;732.0;0.18222554144884243;67078311.0
2024;1;SCANIA;;False;False;False;Demais Bancos, Financeiras e Instituições de Pagamento;;1.0;0.0;0.0;6866.0
2024;1;SENFF;;False;False;False;Demais Bancos, Financeiras e Instituições de Pagamento;;31.0;7.0;0.22580645161290322;635704.0
2024;1;SICREDI;;False;False;False;Demais Bancos, Financeiras e Instituições de Pagamento;;44.0;8.0;0.18181818181818182;8635649.0
2024;1;SIMPALA;;False;False;False;Demais Bancos, Financeiras e Instituições de Pagamento;;3.0;0.0;0.0;7739.0
2024;1;SOCIAL BANK;;False;False;False;Demais Bancos, Financeiras e Instituições de Pagamento;;5.0;2.0;0.4;230.0
2024;1;SOCIETE GENERALE;;False;False;False;Demais Bancos, Financeiras e Instituições de Pagamento;;1.0;0.0;0.0;419.0
2024;1;SOFISA;SFSA4;True;False;False;Demais Bancos, Financeiras e Instituições de Pagamento;;71.0;27.0;0.38028169014084506;1016803.0
2024;1;STELLANTIS;;False;False;False;Demais Bancos, Financeiras e Instituições de Pagamento;;7.0;1.0;0.14285714285714285;68822.0
2024;1;STONE;;False;False;False;Demais Bancos, Financeiras e Instituições de Pagamento;;115.0;23.0;0.2;6802283.0
2024;1;SUMUP;;False;False;False;Demais Bancos, Financeiras e Instituições de Pagamento;;22.0;12.0;0.5454545454545454;780.0
2024;1;VOLKSWAGEN;;False;False;False;Demais Bancos, Financeiras e Instituições de Pagamento;;74.0;15.0;0.20270270270270271;388981.0
2024;1;VOLVO;;False;False;False;Demais Bancos, Financeiras e Instituições de Pagamento;;3.0;1.0;0.3333333333333333;9582.0
2024;1;VOTORANTIM;;False;False;False;Top 15 - Bancos, Financeiras e Instituições de Pagamento;10.35;489.0;158.0;0.3231083844580777;15253850.0
2024;1;VR;;False;False;False;Demais Bancos, Financeiras e Instituições de Pagamento;;2.0;1.0;0.5;3807.0
2024;1;WESTERN UNION;;False;False;False;Demais Bancos, Financeiras e Instituições de Pagamento;;5.0;0.0;0.0;4.0
2024;1;WILL;;False;False;False;Demais Bancos, Financeiras e Instituições de Pagamento;16.36;250.0;107.0;0.428;6537169.0
2024;1;XP;;False;False;False;Demais Bancos, Financeiras e Instituições de Pagamento;45.03;366.0;240.0;0.6557377049180327;5328685.0
2024;1;YAMAHA MOTOR;;False;False;False;Demais Bancos, Financeiras e Instituições de Pagamento;;21.0;2.0;0.09523809523809523;248108.0
2024;2;ABC-BRASIL;ABCB4;True;False;False;Demais Bancos, Financeiras e Instituições de Pagamento;;9.0;2.0;0.2222222222222222;74780.0
2024;2;ABN AMRO;;False;False;False;Demais Bancos, Financeiras e Instituições de Pagamento;;5.0;0.0;0.0;0.0
2024;2;AFINZ;;False;False;False;Demais Bancos, Financeiras e Instituições de Pagamento;;118.0;21.0;0.17796610169491525;479980.0
2024;2;AGIBANK;;False;False;False;Demais Bancos, Financeiras e Instituições de Pagamento;383.58;4136.0;1160.0;0.2804642166344294;3023278.0
2024;2;AME DIGITAL;;False;False;False;Top 15 - Bancos, Financeiras e Instituições de Pagamento;53.55;2871.0;1732.0;0.6032741205154998;32339973.0
2024;2;ANDBANK;;False;False;False;Demais Bancos, Financeiras e Instituições de Pagamento;;15.0;2.0;0.13333333333333333;72561.0
2024;2;ASAAS;;False;False;False;Demais Bancos, Financeiras e Instituições de Pagamento;;136.0;25.0;0.18382352941176472;850876.0
2024;2;B3;;False;False;False;Demais Bancos, Financeiras e Instituições de Pagamento;;8.0;0.0;0.0;1235.0
2024;2;BANCO SICOOB;;False;False;False;Demais Bancos, Financeiras e Instituições de Pagamento;9.73;804.0;69.0;0.08582089552238806;7038598.0
2024;2;BANCO TOYOTA DO BRASIL S.A.;;False;False;False;Demais Bancos, Financeiras e Instituições de Pagamento;;45.0;10.0;0.2222222222222222;162132.0
2024;2;BANESTES;BEES3;True;False;False;Demais Bancos, Financeiras e Instituições de Pagamento;24.31;116.0;35.0;0.3017241379310345;1439381.0
2024;2;BANRISUL;BRSR6;True;False;True;Demais Bancos, Financeiras e Instituições de Pagamento;51.89;1614.0;280.0;0.1734820322180917;5394192.0
2024;2;BARIGUI;;False;False;False;Demais Bancos, Financeiras e Instituições de Pagamento;611.05;182.0;82.0;0.45054945054945056;133649.0
2024;2;BB;BBAS3;True;False;True;Top 15 - Bancos, Financeiras e Instituições de Pagamento;18.4;11305.0;1405.0;0.124281291463954;76283807.0
2024;2;BBC;;False;False;False;Demais Bancos, Financeiras e Instituições de Pagamento;;8.0;1.0;0.125;11098.0
2024;2;BLU - FINANCEIRO;;False;False;False;Demais Bancos, Financeiras e Instituições de Pagamento;;3.0;3.0;1.0;38900.0
2024;2;BMG;BMGB4;True;False;True;Demais Bancos, Financeiras e Instituições de Pagamento;104.06;3914.0;1067.0;0.27261113949923355;10247718.0
2024;2;BMW;;False;False;False;Demais Bancos, Financeiras e Instituições de Pagamento;;7.0;2.0;0.2857142857142857;51942.0
2024;2;BNP PARIBAS;;False;False;False;Demais Bancos, Financeiras e Instituições de Pagamento;42.12;624.0;42.0;0.0673076923076923;995337.0
2024;2;BNQI - FINANCEIRO;;False;False;False;Demais Bancos, Financeiras e Instituições de Pagamento;;110.0;27.0;0.24545454545454545;6624372.0
2024;2;BOCOM;;False;False;False;Demais Bancos, Financeiras e Instituições de Pagamento;;0.0;0.0;;9283.0
2024;2;BOFA MERRILL LYNCH;;False;False;False;Demais Bancos, Financeiras e Instituições de Pagamento;;2.0;0.0;0.0;5373.0
2024;2;BRADESCO;BBDC4;True;False;True;Top 15 - Bancos, Financeiras e Instituições de Pagamento;38.43;17143.0;4151.0;0.24213964883625969;107964923.0
2024;2;BRB;;False;False;False;Demais Bancos, Financeiras e Instituições de Pagamento;261.15;3417.0;1745.0;0.5106818846941762;6678622.0
2024;2;BTG PACTUAL/BANCO PAN;BPAC11;True;False;True;Top 15 - Bancos, Financeiras e Instituições de Pagamento;77.38;6250.0;1857.0;0.29712;23984977.0
2024;2;C6 BANK;;False;False;False;Top 15 - Bancos, Financeiras e Instituições de Pagamento;68.9;6695.0;2057.0;0.30724421209858105;29844827.0
2024;2;CAIXA ECONÔMICA FEDERAL;;False;False;False;Top 15 - Bancos, Financeiras e Instituições de Pagamento;35.52;16903.0;5508.0;0.3258593149145122;155039070.0
2024;2;CAIXA GERAL;;False;False;False;Demais Bancos, Financeiras e Instituições de Pagamento;;50.0;0.0;0.0;1050.0
2024;2;CCB;;False;False;False;Demais Bancos, Financeiras e Instituições de Pagamento;;66.0;2.0;0.030303030303030304;130621.0
2024;2;CITIBANK;;False;False;False;Demais Bancos, Financeiras e Instituições de Pagamento;;34.0;0.0;0.0;18412.0
2024;2;COBUCCIO;;False;False;False;Demais Bancos, Financeiras e Instituições de Pagamento;201.25;622.0;299.0;0.4807073954983923;1480709.0
2024;2;COLOMBO;;False;False;False;Demais Bancos, Financeiras e Instituições de Pagamento;;31.0;5.0;0.16129032258064516;266498.0
2024;2;CREDI-SHOP;;False;False;False;Demais Bancos, Financeiras e Instituições de Pagamento;;7.0;0.0;0.0;677551.0
2024;2;CREDSYSTEM;;False;False;False;Demais Bancos, Financeiras e Instituições de Pagamento;6.74;149.0;32.0;0.21476510067114093;4723663.0
2024;2;CREFISA;;False;False;False;Demais Bancos, Financeiras e Instituições de Pagamento;47.62;2124.0;249.0;0.1172316384180791;5215598.0
2024;2;DAYCOVAL;;False;False;False;Demais Bancos, Financeiras e Instituições de Pagamento;105.6;1795.0;241.0;0.13426183844011141;2276700.0
2024;2;DMCARD;;False;False;False;Demais Bancos, Financeiras e Instituições de Pagamento;;107.0;39.0;0.3644859813084112;2135513.0
2024;2;EDENRED;;False;False;False;Demais Bancos, Financeiras e Instituições de Pagamento;;6.0;4.0;0.6666666666666666;288669.0
2024;2;FISERV;;False;False;False;Demais Bancos, Financeiras e Instituições de Pagamento;;31.0;6.0;0.1935483870967742;132.0
2024;2;GAZIN;;False;False;False;Demais Bancos, Financeiras e Instituições de Pagamento;;9.0;1.0;0.1111111111111111;127609.0
2024;2;GENIAL;;False;False;False;Demais Bancos, Financeiras e Instituições de Pagamento;;93.0;40.0;0.43010752688172044;1330088.0
2024;2;GERENCIANET;;False;False;False;Demais Bancos, Financeiras e Instituições de Pagamento;;78.0;17.0;0.21794871794871795;472280.0
2024;2;GM;;False;False;False;Demais Bancos, Financeiras e Instituições de Pagamento;;49.0;6.0;0.12244897959183673;233141.0
2024;2;GRUPO BONSUCESSO - BS2;;False;False;False;Demais Bancos, Financeiras e Instituições de Pagamento;;115.0;16.0;0.1391304347826087;449700.0
2024;2;GRUPO ZEMA;;False;False;False;Demais Bancos, Financeiras e Instituições de Pagamento;;91.0;15.0;0.16483516483516483;411060.0
2024;2;HERVAL - HS;;False;False;False;Demais Bancos, Financeiras e Instituições de Pagamento;;26.0;9.0;0.34615384615384615;217271.0
2024;2;HONDA;;False;False;False;Demais Bancos, Financeiras e Instituições de Pagamento;;60.0;8.0;0.13333333333333333;410117.0
2024;2;INDUSTRIAL DO BRASIL;;False;False;False;Demais Bancos, Financeiras e Instituições de Pagamento;;80.0;10.0;0.125;82082.0
2024;2;INTER;INBR;True;True;False;Top 15 - Bancos, Financeiras e Instituições de Pagamento;82.16;5897.0;2659.0;0.45090724096998475;32352011.0
2024;2;ITAU;ITUB4;True;False;True;Top 15 - Bancos, Financeiras e Instituições de Pagamento;34.68;20036.0;3444.0;0.17189059692553404;99277343.0
2024;2;JP MORGAN CHASE;;False;False;False;Demais Bancos, Financeiras e Instituições de Pagamento;;2.0;0.0;0.0;4035.0
2024;2;LOAN BRASIL;;False;False;False;Demais Bancos, Financeiras e Instituições de Pagamento;;13.0;0.0;0.0;0.0
2024;2;MASTER;;False;False;False;Demais Bancos, Financeiras e Instituições de Pagamento;560.2;1594.0;397.0;0.2490589711417817;707209.0
2024;2;MERCADO PAGO;;False;False;False;Top 15 - Bancos, Financeiras e Instituições de Pagamento;25.87;4769.0;1388.0;0.29104634095198156;53626468.0
2024;2;MERCANTIL DO BRASIL;BMEB4;True;False;True;Demais Bancos, Financeiras e Instituições de Pagamento;259.43;3530.0;2023.0;0.5730878186968839;7797078.0
2024;2;MERCEDES-BENZ;;False;False;False;Demais Bancos, Financeiras e Instituições de Pagamento;;12.0;3.0;0.25;17969.0
2024;2;NEON;;False;False;False;Top 15 - Bancos, Financeiras e Instituições de Pagamento;24.34;1417.0;577.0;0.4071983062808751;23674141.0
2024;2;NUBANK;ROXO34;True;True;False;Top 15 - Bancos, Financeiras e Instituições de Pagamento;21.58;9977.0;2020.0;0.20246567104339983;93532277.0
2024;2;NVIO BRASIL;;False;False;False;Demais Bancos, Financeiras e Instituições de Pagamento;;4.0;2.0;0.5;1267941.0
2024;2;OMNI;;False;False;False;Demais Bancos, Financeiras e Instituições de Pagamento;;236.0;29.0;0.1228813559322034;2681435.0
2024;2;ORIGINAL;;False;False;False;Top 15 - Bancos, Financeiras e Instituições de Pagamento;25.48;4012.0;1452.0;0.36191425722831505;56958159.0
2024;2;PAGBANK-PAGSEGURO;;False;False;False;Top 15 - Bancos, Financeiras e Instituições de Pagamento;90.62;6977.0;2867.0;0.41092159954135016;31627035.0
2024;2;PARANÁ BANCO;;False;False;False;Demais Bancos, Financeiras e Instituições de Pagamento;455.9;1552.0;388.0;0.25;849046.0
2024;2;PINBANK;;False;False;False;Demais Bancos, Financeiras e Instituições de Pagamento;;4.0;3.0;0.75;34361.0
2024;2;PINE;;False;False;False;Demais Bancos, Financeiras e Instituições de Pagamento;510.71;1126.0;694.0;0.6163410301953819;1357536.0
2024;2;PORTO SEGURO;;False;False;False;Demais Bancos, Financeiras e Instituições de Pagamento;67.23;868.0;212.0;0.24423963133640553;3140740.0
2024;2;RANDON;;False;False;False;Demais Bancos, Financeiras e Instituições de Pagamento;;1.0;0.0;0.0;7548.0
2024;2;RECARGAPAY;;False;False;False;Demais Bancos, Financeiras e Instituições de Pagamento;11.49;348.0;95.0;0.27298850574712646;8182086.0
2024;2;RENDIMENTO;;False;False;False;Demais Bancos, Financeiras e Instituições de Pagamento;;27.0;4.0;0.14814814814814814;272907.0
2024;2;RODOBENS;;False;False;False;Demais Bancos, Financeiras e Instituições de Pagamento;;11.0;0.0;0.0;29865.0
2024;2;SAFRA;;False;False;False;Demais Bancos, Financeiras e Instituições de Pagamento;76.19;2353.0;416.0;0.17679558011049723;5457070.0
2024;2;SANTANDER;SANB11;True;False;True;Top 15 - Bancos, Financeiras e Instituições de Pagamento;52.63;16563.0;3608.0;0.2178349332850329;68541115.0
2024;2;SCANIA;;False;False;False;Demais Bancos, Financeiras e Instituições de Pagamento;;2.0;0.0;0.0;7210.0
2024;2;SENFF;;False;False;False;Demais Bancos, Financeiras e Instituições de Pagamento;;57.0;16.0;0.2807017543859649;634437.0
2024;2;SICREDI;;False;False;False;Demais Bancos, Financeiras e Instituições de Pagamento;;292.0;0.0;0.0;8953046.0
2024;2;SIMPALA;;False;False;False;Demais Bancos, Financeiras e Instituições de Pagamento;;3.0;0.0;0.0;8112.0
2024;2;SINOSSERRA;;False;False;False;Demais Bancos, Financeiras e Instituições de Pagamento;;4.0;0.0;0.0;9599.0
2024;2;SOCIAL BANK;;False;False;False;Demais Bancos, Financeiras e Instituições de Pagamento;;2.0;0.0;0.0;228.0
2024;2;SOCIETE GENERALE;;False;False;False;Demais Bancos, Financeiras e Instituições de Pagamento;;2.0;0.0;0.0;404.0
2024;2;SOFISA;SFSA4;True;False;False;Demais Bancos, Financeiras e Instituições de Pagamento;74.5;191.0;82.0;0.4293193717277487;1098178.0
2024;2;STELLANTIS;;False;False;False;Demais Bancos, Financeiras e Instituições de Pagamento;;19.0;4.0;0.21052631578947367;84132.0
2024;2;STONE;;False;False;False;Demais Bancos, Financeiras e Instituições de Pagamento;21.45;628.0;198.0;0.31528662420382164;9226432.0
2024;2;SUMUP;;False;False;False;Demais Bancos, Financeiras e Instituições de Pagamento;;58.0;14.0;0.2413793103448276;783.0
2024;2;UBS (BRASIL);;False;False;False;Demais Bancos, Financeiras e Instituições de Pagamento;;1.0;0.0;0.0;5846.0
2024;2;VOLKSWAGEN;;False;False;False;Demais Bancos, Financeiras e Instituições de Pagamento;;174.0;28.0;0.16091954022988506;409676.0
2024;2;VOLVO;;False;False;False;Demais Bancos, Financeiras e Instituições de Pagamento;;3.0;0.0;0.0;9460.0
2024;2;VOTORANTIM;;False;False;False;Demais Bancos, Financeiras e Instituições de Pagamento;24.91;1758.0;363.0;0.20648464163822525;14535941.0
2024;2;VR;;False;False;False;Demais Bancos, Financeiras e Instituições de Pagamento;;5.0;2.0;0.4;6796.0
2024;2;WESTERN UNION;;False;False;False;Demais Bancos, Financeiras e Instituições de Pagamento;;8.0;6.0;0.75;4.0
2024;2;WILL;;False;False;False;Demais Bancos, Financeiras e Instituições de Pagamento;68.78;950.0;505.0;0.531578947368421;7331736.0
2024;2;XP;;False;False;False;Demais Bancos, Financeiras e Instituições de Pagamento;96.68;847.0;540.0;0.6375442739079102;5577989.0
2024;2;YAMAHA MOTOR;;False;False;False;Demais Bancos, Financeiras e Instituições de Pagamento;;33.0;1.0;0.030303030303030304;258385.0
2024;3;ABC-BRASIL;ABCB4;True;False;False;Demais Bancos, Financeiras e Instituições de Pagamento;;3.0;1.0;0.3333333333333333;
2024;3;ABN AMRO;;False;False;False;Demais Bancos, Financeiras e Instituições de Pagamento;;2.0;0.0;0.0;
2024;3;AFINZ;;False;False;False;Demais Bancos, Financeiras e Instituições de Pagamento;;65.0;15.0;0.23076923076923078;
2024;3;AGIBANK;;False;False;False;Demais Bancos, Financeiras e Instituições de Pagamento;598.47;2015.0;914.0;0.45359801488833745;
2024;3;AME DIGITAL;;False;False;False;Top 15 - Bancos, Financeiras e Instituições de Pagamento;41.83;1483.0;802.0;0.5407956844234659;
2024;3;ANDBANK;;False;False;False;Demais Bancos, Financeiras e Instituições de Pagamento;;13.0;1.0;0.07692307692307693;
2024;3;ASAAS;;False;False;False;Demais Bancos, Financeiras e Instituições de Pagamento;51.18;96.0;39.0;0.40625;
2024;3;B3;;False;False;False;Demais Bancos, Financeiras e Instituições de Pagamento;;8.0;0.0;0.0;
2024;3;BANCO SICOOB;;False;False;False;Demais Bancos, Financeiras e Instituições de Pagamento;;568.0;28.0;0.04929577464788732;
2024;3;BANCO TOYOTA DO BRASIL S.A.;;False;False;False;Demais Bancos, Financeiras e Instituições de Pagamento;;40.0;9.0;0.225;
2024;3;BANESE;;False;False;False;Demais Bancos, Financeiras e Instituições de Pagamento;24.56;91.0;36.0;0.3956043956043956;
2024;3;BANESTES;BEES3;True;False;False;Demais Bancos, Financeiras e Instituições de Pagamento;;93.0;25.0;0.26881720430107525;
2024;3;BANRISUL;BRSR6;True;False;True;Demais Bancos, Financeiras e Instituições de Pagamento;83.52;1018.0;290.0;0.28487229862475444;
2024;3;BARIGUI;;False;False;False;Demais Bancos, Financeiras e Instituições de Pagamento;721.82;213.0;66.0;0.30985915492957744;
2024;3;BB;BBAS3;True;False;True;Top 15 - Bancos, Financeiras e Instituições de Pagamento;18.15;1528.0;201.0;0.13154450261780104;
2024;3;BBC;;False;False;False;Demais Bancos, Financeiras e Instituições de Pagamento;;12.0;0.0;0.0;
2024;3;BMG;BMGB4;True;False;True;Demais Bancos, Financeiras e Instituições de Pagamento;32.01;1141.0;130.0;0.11393514460999124;
2024;3;BMW;;False;False;False;Demais Bancos, Financeiras e Instituições de Pagamento;;5.0;3.0;0.6;
2024;3;BNP PARIBAS;;False;False;False;Demais Bancos, Financeiras e Instituições de Pagamento;;313.0;23.0;0.07348242811501597;
2024;3;BNQI - FINANCEIRO;;False;False;False;Demais Bancos, Financeiras e Instituições de Pagamento;;56.0;12.0;0.21428571428571427;
2024;3;BNY MELLON;;False;False;False;Demais Bancos, Financeiras e Instituições de Pagamento;;1.0;0.0;0.0;
2024;3;BOCOM;;False;False;False;Demais Bancos, Financeiras e Instituições de Pagamento;;1.0;0.0;0.0;
2024;3;BOFA MERRILL LYNCH;;False;False;False;Demais Bancos, Financeiras e Instituições de Pagamento;;4.0;0.0;0.0;
2024;3;BRADESCO;BBDC4;True;False;True;Top 15 - Bancos, Financeiras e Instituições de Pagamento;29.88;2851.0;528.0;0.18519817607856892;
2024;3;BRB;;False;False;False;Demais Bancos, Financeiras e Instituições de Pagamento;230.85;1789.0;757.0;0.42314141978759084;
2024;3;BTG PACTUAL/BANCO PAN;BPAC11;True;False;True;Top 15 - Bancos, Financeiras e Instituições de Pagamento;37.27;1612.0;288.0;0.17866004962779156;
2024;3;C6 BANK;;False;False;False;Top 15 - Bancos, Financeiras e Instituições de Pagamento;84.49;1756.0;745.0;0.42425968109339407;
2024;3;CAIXA ECONÔMICA FEDERAL;;False;False;False;Top 15 - Bancos, Financeiras e Instituições de Pagamento;25.29;1514.0;377.0;0.24900924702774108;
2024;3;CAIXA GERAL;;False;False;False;Demais Bancos, Financeiras e Instituições de Pagamento;;26.0;0.0;0.0;
2024;3;CCB;;False;False;False;Demais Bancos, Financeiras e Instituições de Pagamento;;49.0;1.0;0.02040816326530612;
2024;3;CITIBANK;;False;False;False;Demais Bancos, Financeiras e Instituições de Pagamento;;25.0;0.0;0.0;
2024;3;COBUCCIO;;False;False;False;Demais Bancos, Financeiras e Instituições de Pagamento;154.3;490.0;196.0;0.4;
2024;3;COLOMBO;;False;False;False;Demais Bancos, Financeiras e Instituições de Pagamento;;24.0;11.0;0.4583333333333333;
2024;3;CREDI-SHOP;;False;False;False;Demais Bancos, Financeiras e Instituições de Pagamento;;6.0;0.0;0.0;
2024;3;CREDSYSTEM;;False;False;False;Demais Bancos, Financeiras e Instituições de Pagamento;;125.0;24.0;0.192;
2024;3;CREFISA;;False;False;False;Demais Bancos, Financeiras e Instituições de Pagamento;43.98;1018.0;164.0;0.16110019646365423;
2024;3;DAYCOVAL;;False;False;False;Demais Bancos, Financeiras e Instituições de Pagamento;73.93;912.0;95.0;0.10416666666666667;
2024;3;DMCARD;;False;False;False;Demais Bancos, Financeiras e Instituições de Pagamento;66.33;235.0;110.0;0.46808510638297873;
2024;3;EAGLE;;False;False;False;Demais Bancos, Financeiras e Instituições de Pagamento;;6.0;1.0;0.16666666666666666;
2024;3;EDENRED;;False;False;False;Demais Bancos, Financeiras e Instituições de Pagamento;;5.0;3.0;0.6;
2024;3;FISERV;;False;False;False;Demais Bancos, Financeiras e Instituições de Pagamento;;5.0;2.0;0.4;
2024;3;GAZIN;;False;False;False;Demais Bancos, Financeiras e Instituições de Pagamento;;6.0;2.0;0.3333333333333333;
2024;3;GENIAL;;False;False;False;Demais Bancos, Financeiras e Instituições de Pagamento;65.19;172.0;88.0;0.5116279069767442;
2024;3;GERENCIANET;;False;False;False;Demais Bancos, Financeiras e Instituições de Pagamento;90.03;100.0;44.0;0.44;
2024;3;GM;;False;False;False;Demais Bancos, Financeiras e Instituições de Pagamento;;41.0;9.0;0.21951219512195122;
2024;3;GRUPO BONSUCESSO - BS2;;False;False;False;Demais Bancos, Financeiras e Instituições de Pagamento;79.87;110.0;37.0;0.33636363636363636;
2024;3;GRUPO ZEMA;;False;False;False;Demais Bancos, Financeiras e Instituições de Pagamento;;101.0;24.0;0.2376237623762376;
2024;3;HERVAL - HS;;False;False;False;Demais Bancos, Financeiras e Instituições de Pagamento;;27.0;13.0;0.48148148148148145;
2024;3;HONDA;;False;False;False;Demais Bancos, Financeiras e Instituições de Pagamento;;38.0;8.0;0.21052631578947367;
2024;3;INDUSTRIAL DO BRASIL;;False;False;False;Demais Bancos, Financeiras e Instituições de Pagamento;;51.0;13.0;0.2549019607843137;
2024;3;INTER;INBR;True;True;False;Top 15 - Bancos, Financeiras e Instituições de Pagamento;74.11;1407.0;488.0;0.3468372423596304;
2024;3;ITAU;ITUB4;True;False;True;Top 15 - Bancos, Financeiras e Instituições de Pagamento;49.97;4009.0;998.0;0.24893988525816912;
2024;3;JP MORGAN CHASE;;False;False;False;Demais Bancos, Financeiras e Instituições de Pagamento;;1.0;0.0;0.0;
2024;3;LOAN BRASIL;;False;False;False;Demais Bancos, Financeiras e Instituições de Pagamento;;10.0;2.0;0.2;
2024;3;MASTER;;False;False;False;Demais Bancos, Financeiras e Instituições de Pagamento;152.41;1575.0;797.0;0.506031746031746;
2024;3;MERCADO PAGO;;False;False;False;Top 15 - Bancos, Financeiras e Instituições de Pagamento;34.58;1788.0;653.0;0.36521252796420584;
2024;3;MERCANTIL DO BRASIL;BMEB4;True;False;True;Demais Bancos, Financeiras e Instituições de Pagamento;418.83;1710.0;1215.0;0.7105263157894737;
2024;3;MERCEDES-BENZ;;False;False;False;Demais Bancos, Financeiras e Instituições de Pagamento;;3.0;2.0;0.6666666666666666;
2024;3;NEON;;False;False;False;Top 15 - Bancos, Financeiras e Instituições de Pagamento;20.03;776.0;246.0;0.3170103092783505;
2024;3;NUBANK;ROXO34;True;True;False;Top 15 - Bancos, Financeiras e Instituições de Pagamento;15.26;2352.0;308.0;0.13095238095238096;
2024;3;NVIO BRASIL;;False;False;False;Demais Bancos, Financeiras e Instituições de Pagamento;;12.0;8.0;0.6666666666666666;
2024;3;OMNI;;False;False;False;Demais Bancos, Financeiras e Instituições de Pagamento;21.27;230.0;46.0;0.2;
2024;3;ORIGINAL;;False;False;False;Top 15 - Bancos, Financeiras e Instituições de Pagamento;19.45;2053.0;619.0;0.30150998538723817;
2024;3;PAGBANK-PAGSEGURO;;False;False;False;Top 15 - Bancos, Financeiras e Instituições de Pagamento;104.88;2142.0;1127.0;0.5261437908496732;
2024;3;PARANÁ BANCO;;False;False;False;Demais Bancos, Financeiras e Instituições de Pagamento;1638.2;1149.0;536.0;0.46649260226283723;
2024;3;PINE;;False;False;False;Demais Bancos, Financeiras e Instituições de Pagamento;580.42;936.0;360.0;0.38461538461538464;
2024;3;PORTO SEGURO;;False;False;False;Demais Bancos, Financeiras e Instituições de Pagamento;87.49;572.0;171.0;0.29895104895104896;
2024;3;RECARGAPAY;;False;False;False;Demais Bancos, Financeiras e Instituições de Pagamento;16.56;344.0;117.0;0.34011627906976744;
2024;3;RENDIMENTO;;False;False;False;Demais Bancos, Financeiras e Instituições de Pagamento;;25.0;5.0;0.2;
2024;3;RODOBENS;;False;False;False;Demais Bancos, Financeiras e Instituições de Pagamento;;7.0;0.0;0.0;
2024;3;SAFRA;;False;False;False;Demais Bancos, Financeiras e Instituições de Pagamento;85.03;1288.0;257.0;0.19953416149068323;
2024;3;SANTANDER;SANB11;True;False;True;Top 15 - Bancos, Financeiras e Instituições de Pagamento;34.59;2380.0;374.0;0.15714285714285714;
2024;3;SENFF;;False;False;False;Demais Bancos, Financeiras e Instituições de Pagamento;;54.0;21.0;0.3888888888888889;
2024;3;SHPP;;False;False;False;Demais Bancos, Financeiras e Instituições de Pagamento;;61.0;21.0;0.3442622950819672;
2024;3;SICREDI;;False;False;False;Demais Bancos, Financeiras e Instituições de Pagamento;;44.0;0.0;0.0;
2024;3;SIMPALA;;False;False;False;Demais Bancos, Financeiras e Instituições de Pagamento;;7.0;1.0;0.14285714285714285;
2024;3;SINOSSERRA;;False;False;False;Demais Bancos, Financeiras e Instituições de Pagamento;;2.0;0.0;0.0;
2024;3;SOCIETE GENERALE;;False;False;False;Demais Bancos, Financeiras e Instituições de Pagamento;;3.0;0.0;0.0;
2024;3;SOFISA;SFSA4;True;False;False;Demais Bancos, Financeiras e Instituições de Pagamento;90.75;190.0;101.0;0.531578947368421;
2024;3;STARK;;False;False;False;Demais Bancos, Financeiras e Instituições de Pagamento;69117.07;111.0;80.0;0.7207207207207207;
2024;3;STELLANTIS;;False;False;False;Demais Bancos, Financeiras e Instituições de Pagamento;;22.0;1.0;0.045454545454545456;
2024;3;STONE;;False;False;False;Demais Bancos, Financeiras e Instituições de Pagamento;9.21;375.0;49.0;0.13066666666666665;
2024;3;SUMUP;;False;False;False;Demais Bancos, Financeiras e Instituições de Pagamento;;22.0;6.0;0.2727272727272727;
2024;3;VOLKSWAGEN;;False;False;False;Demais Bancos, Financeiras e Instituições de Pagamento;112.31;194.0;45.0;0.23195876288659795;
2024;3;VOLVO;;False;False;False;Demais Bancos, Financeiras e Instituições de Pagamento;;3.0;0.0;0.0;
2024;3;VOTORANTIM;;False;False;False;Top 15 - Bancos, Financeiras e Instituições de Pagamento;20.72;1105.0;197.0;0.17828054298642534;
2024;3;VR;;False;False;False;Demais Bancos, Financeiras e Instituições de Pagamento;;2.0;0.0;0.0;
2024;3;WESTERN UNION;;False;False;False;Demais Bancos, Financeiras e Instituições de Pagamento;;8.0;4.0;0.5;
2024;3;XP;;False;False;False;Demais Bancos, Financeiras e Instituições de Pagamento;52.91;474.0;210.0;0.4430379746835443;
2024;3;YAMAHA MOTOR;;False;False;False;Demais Bancos, Financeiras e Instituições de Pagamento;;26.0;7.0;0.2692307692307692;
2024;4;99PAY;;False;False;False;Top 15 - Bancos, Financeiras e Instituições de Pagamento;46.15;813.0;372.0;0.4575645756457565;
2024;4;ABC-BRASIL;ABCB4;True;False;False;Demais Bancos, Financeiras e Instituições de Pagamento;;1.0;0.0;0.0;
2024;4;ABN AMRO;;False;False;False;Demais Bancos, Financeiras e Instituições de Pagamento;;2.0;0.0;0.0;
2024;4;AFINZ;;False;False;False;Demais Bancos, Financeiras e Instituições de Pagamento;71.46;195.0;42.0;0.2153846153846154;
2024;4;AGIBANK;;False;False;False;Demais Bancos, Financeiras e Instituições de Pagamento;868.53;1917.0;1082.0;0.5644235785080856;
2024;4;AME DIGITAL;;False;False;False;Top 15 - Bancos, Financeiras e Instituições de Pagamento;19.3;724.0;243.0;0.3356353591160221;
2024;4;ANDBANK;;False;False;False;Demais Bancos, Financeiras e Instituições de Pagamento;;2.0;0.0;0.0;
2024;4;ASAAS;;False;False;False;Demais Bancos, Financeiras e Instituições de Pagamento;48.87;93.0;35.0;0.3763440860215054;
2024;4;BANCO SICOOB;;False;False;False;Demais Bancos, Financeiras e Instituições de Pagamento;;469.0;19.0;0.04051172707889126;
2024;4;BANCO TOYOTA DO BRASIL S.A.;;False;False;False;Demais Bancos, Financeiras e Instituições de Pagamento;;27.0;8.0;0.2962962962962963;
2024;4;BANESE;;False;False;False;Demais Bancos, Financeiras e Instituições de Pagamento;;78.0;28.0;0.358974358974359;
2024;4;BANESTES;BEES3;True;False;False;Demais Bancos, Financeiras e Instituições de Pagamento;27.8;165.0;43.0;0.2606060606060606;
2024;4;BANRISUL;BRSR6;True;False;True;Demais Bancos, Financeiras e Instituições de Pagamento;17.36;595.0;51.0;0.08571428571428572;
2024;4;BARIGUI;;False;False;False;Demais Bancos, Financeiras e Instituições de Pagamento;633.85;136.0;54.0;0.39705882352941174;
2024;4;BB;BBAS3;True;False;True;Top 15 - Bancos, Financeiras e Instituições de Pagamento;18.17;1386.0;158.0;0.113997113997114;
2024;4;BBC;;False;False;False;Demais Bancos, Financeiras e Instituições de Pagamento;;5.0;1.0;0.2;
2024;4;BMG;BMGB4;True;False;True;Demais Bancos, Financeiras e Instituições de Pagamento;41.46;1272.0;152.0;0.11949685534591195;
2024;4;BMW;;False;False;False;Demais Bancos, Financeiras e Instituições de Pagamento;;1.0;1.0;1.0;
2024;4;BNP PARIBAS;;False;False;False;Demais Bancos, Financeiras e Instituições de Pagamento;70.2;292.0;31.0;0.10616438356164383;
2024;4;BNQI - FINANCEIRO;;False;False;False;Demais Bancos, Financeiras e Instituições de Pagamento;;61.0;17.0;0.2786885245901639;
2024;4;BRADESCO;BBDC4;True;False;True;Top 15 - Bancos, Financeiras e Instituições de Pagamento;35.89;3194.0;717.0;0.2244834063869756;
2024;4;BRB;;False;False;False;Demais Bancos, Financeiras e Instituições de Pagamento;230.03;1492.0;646.0;0.43297587131367293;
2024;4;BTG PACTUAL/BANCO PAN;BPAC11;True;False;True;Top 15 - Bancos, Financeiras e Instituições de Pagamento;36.27;1458.0;222.0;0.1522633744855967;
2024;4;BULLLA;;False;False;False;Demais Bancos, Financeiras e Instituições de Pagamento;;12.0;7.0;0.5833333333333334;
2024;4;C6 BANK;;False;False;False;Top 15 - Bancos, Financeiras e Instituições de Pagamento;67.18;1490.0;545.0;0.36577181208053694;
2024;4;CAIXA ECONÔMICA FEDERAL;;False;False;False;Top 15 - Bancos, Financeiras e Instituições de Pagamento;21.33;1445.0;315.0;0.2179930795847751;
2024;4;CAIXA GERAL;;False;False;False;Demais Bancos, Financeiras e Instituições de Pagamento;;25.0;0.0;0.0;
2024;4;CCB;;False;False;False;Demais Bancos, Financeiras e Instituições de Pagamento;;27.0;2.0;0.07407407407407407;
2024;4;CITIBANK;;False;False;False;Demais Bancos, Financeiras e Instituições de Pagamento;;5.0;0.0;0.0;
2024;4;COBUCCIO;;False;False;False;Demais Bancos, Financeiras e Instituições de Pagamento;212.6;818.0;337.0;0.4119804400977995;
2024;4;COLOMBO;;False;False;False;Demais Bancos, Financeiras e Instituições de Pagamento;;17.0;2.0;0.11764705882352941;
2024;4;CREDI-SHOP;;False;False;False;Demais Bancos, Financeiras e Instituições de Pagamento;;6.0;0.0;0.0;
2024;4;CREDSYSTEM;;False;False;False;Demais Bancos, Financeiras e Instituições de Pagamento;;119.0;10.0;0.08403361344537816;
2024;4;CREFISA;;False;False;False;Demais Bancos, Financeiras e Instituições de Pagamento;60.46;820.0;197.0;0.24024390243902438;
2024;4;DAYCOVAL;;False;False;False;Demais Bancos, Financeiras e Instituições de Pagamento;67.04;834.0;63.0;0.07553956834532374;
2024;4;DMCARD;;False;False;False;Demais Bancos, Financeiras e Instituições de Pagamento;86.85;296.0;113.0;0.38175675675675674;
2024;4;EAGLE;;False;False;False;Demais Bancos, Financeiras e Instituições de Pagamento;;1.0;0.0;0.0;
2024;4;FISERV;;False;False;False;Demais Bancos, Financeiras e Instituições de Pagamento;;4.0;2.0;0.5;
2024;4;GAZIN;;False;False;False;Demais Bancos, Financeiras e Instituições de Pagamento;;1.0;0.0;0.0;
2024;4;GENIAL;;False;False;False;Demais Bancos, Financeiras e Instituições de Pagamento;45.62;110.0;63.0;0.5727272727272728;
2024;4;GERENCIANET;;False;False;False;Demais Bancos, Financeiras e Instituições de Pagamento;95.96;56.0;32.0;0.5714285714285714;
2024;4;GM;;False;False;False;Demais Bancos, Financeiras e Instituições de Pagamento;;34.0;4.0;0.11764705882352941;
2024;4;GRUPO BONSUCESSO - BS2;;False;False;False;Demais Bancos, Financeiras e Instituições de Pagamento;;83.0;26.0;0.3132530120481928;
2024;4;GRUPO ZEMA;;False;False;False;Demais Bancos, Financeiras e Instituições de Pagamento;161.21;146.0;63.0;0.4315068493150685;
2024;4;HERVAL - HS;;False;False;False;Demais Bancos, Financeiras e Instituições de Pagamento;;14.0;5.0;0.35714285714285715;
2024;4;HONDA;;False;False;False;Demais Bancos, Financeiras e Instituições de Pagamento;;69.0;12.0;0.17391304347826086;
2024;4;INDUSTRIAL DO BRASIL;;False;False;False;Demais Bancos, Financeiras e Instituições de Pagamento;;77.0;21.0;0.2727272727272727;
2024;4;INTER;INBR;True;True;False;Top 15 - Bancos, Financeiras e Instituições de Pagamento;74.96;1181.0;459.0;0.388653683319221;
2024;4;ITAU;ITUB4;True;False;True;Top 15 - Bancos, Financeiras e Instituições de Pagamento;41.27;3728.0;681.0;0.1826716738197425;
2024;4;MASTER;;False;False;False;Demais Bancos, Financeiras e Instituições de Pagamento;154.13;1312.0;709.0;0.5403963414634146;
2024;4;MERCADO PAGO;;False;False;False;Top 15 - Bancos, Financeiras e Instituições de Pagamento;31.18;1746.0;505.0;0.28923253150057276;
2024;4;MERCANTIL DO BRASIL;BMEB4;True;False;True;Demais Bancos, Financeiras e Instituições de Pagamento;307.88;1065.0;700.0;0.6572769953051644;
2024;4;MERCEDES-BENZ;;False;False;False;Demais Bancos, Financeiras e Instituições de Pagamento;;2.0;0.0;0.0;
2024;4;NEON;;False;False;False;Top 15 - Bancos, Financeiras e Instituições de Pagamento;27.08;836.0;353.0;0.4222488038277512;
2024;4;NUBANK;ROXO34;True;True;False;Top 15 - Bancos, Financeiras e Instituições de Pagamento;12.22;2284.0;168.0;0.07355516637478109;
2024;4;NVIO BRASIL;;False;False;False;Demais Bancos, Financeiras e Instituições de Pagamento;;10.0;6.0;0.6;
2024;4;OMNI;;False;False;False;Demais Bancos, Financeiras e Instituições de Pagamento;;193.0;27.0;0.13989637305699482;
2024;4;PAGBANK-PAGSEGURO;;False;False;False;Top 15 - Bancos, Financeiras e Instituições de Pagamento;79.26;1350.0;715.0;0.5296296296296297;
2024;4;PARANÁ BANCO;;False;False;False;Demais Bancos, Financeiras e Instituições de Pagamento;1211.56;930.0;520.0;0.5591397849462365;
2024;4;PICPAY;;False;False;False;Top 15 - Bancos, Financeiras e Instituições de Pagamento;29.03;1529.0;651.0;0.42576847612818836;
2024;4;PINE;;False;False;False;Demais Bancos, Financeiras e Instituições de Pagamento;927.91;912.0;540.0;0.5921052631578947;
2024;4;PORTO SEGURO;;False;False;False;Demais Bancos, Financeiras e Instituições de Pagamento;88.59;475.0;143.0;0.30105263157894735;
2024;4;RECARGAPAY;;False;False;False;Demais Bancos, Financeiras e Instituições de Pagamento;27.6;297.0;126.0;0.42424242424242425;
2024;4;RENDIMENTO;;False;False;False;Demais Bancos, Financeiras e Instituições de Pagamento;;15.0;9.0;0.6;
2024;4;RODOBENS;;False;False;False;Demais Bancos, Financeiras e Instituições de Pagamento;;10.0;2.0;0.2;
2024;4;SAFRA;;False;False;False;Demais Bancos, Financeiras e Instituições de Pagamento;137.44;1044.0;309.0;0.2959770114942529;
2024;4;SANTANDER;SANB11;True;False;True;Top 15 - Bancos, Financeiras e Instituições de Pagamento;33.65;1973.0;305.0;0.15458692346680183;
2024;4;SENFF;;False;False;False;Demais Bancos, Financeiras e Instituições de Pagamento;;54.0;26.0;0.48148148148148145;
2024;4;SHPP;;False;False;False;Demais Bancos, Financeiras e Instituições de Pagamento;17.27;134.0;54.0;0.40298507462686567;
2024;4;SICREDI;;False;False;False;Demais Bancos, Financeiras e Instituições de Pagamento;;23.0;2.0;0.08695652173913043;
2024;4;SIMPALA;;False;False;False;Demais Bancos, Financeiras e Instituições de Pagamento;;5.0;3.0;0.6;
2024;4;SINOSSERRA;;False;False;False;Demais Bancos, Financeiras e Instituições de Pagamento;;1.0;0.0;0.0;
2024;4;SOFISA;SFSA4;True;False;False;Demais Bancos, Financeiras e Instituições de Pagamento;95.53;182.0;92.0;0.5054945054945055;
2024;4;STARK;;False;False;False;Demais Bancos, Financeiras e Instituições de Pagamento;41780.25;88.0;60.0;0.6818181818181818;
2024;4;STELLANTIS;;False;False;False;Demais Bancos, Financeiras e Instituições de Pagamento;;21.0;5.0;0.23809523809523808;
2024;4;STONE;;False;False;False;Demais Bancos, Financeiras e Instituições de Pagamento;11.83;309.0;60.0;0.1941747572815534;
2024;4;SUMUP;;False;False;False;Demais Bancos, Financeiras e Instituições de Pagamento;;49.0;27.0;0.5510204081632653;
2024;4;VOLKSWAGEN;;False;False;False;Demais Bancos, Financeiras e Instituições de Pagamento;140.72;177.0;49.0;0.2768361581920904;
2024;4;VOTORANTIM;;False;False;False;Demais Bancos, Financeiras e Instituições de Pagamento;30.92;1128.0;268.0;0.2375886524822695;
2024;4;WISE;;False;False;False;Demais Bancos, Financeiras e Instituições de Pagamento;;12.0;2.0;0.16666666666666666;
2024;4;XP;;False;False;False;Demais Bancos, Financeiras e Instituições de Pagamento;43.49;395.0;150.0;0.379746835443038;
2024;4;YAMAHA MOTOR;;False;False;False;Demais Bancos, Financeiras e Instituições de Pagamento;;26.0;6.0;0.23076923076923078;
2025;1;99PAY IP;;False;False;False;Top 15 - Bancos, Financeiras e Instituições de Pagamento;33.18;821.0;316.0;0.3848964677222899;
2025;1;ABC-BRASIL;ABCB4;True;False;False;Demais Bancos, Financeiras e Instituições de Pagamento;;5.0;3.0;0.6;
2025;1;ACG IP;;False;False;False;Demais Bancos, Financeiras e Instituições de Pagamento;;2.0;1.0;0.5;
2025;1;ADYEN DO BRASIL IP;;False;False;False;Demais Bancos, Financeiras e Instituições de Pagamento;;17.0;3.0;0.17647058823529413;
2025;1;AFINZ IP;;False;False;False;Demais Bancos, Financeiras e Instituições de Pagamento;;158.0;28.0;0.17721518987341772;
2025;1;AGIBANK;;False;False;False;Demais Bancos, Financeiras e Instituições de Pagamento;625.36;1892.0;917.0;0.4846723044397463;
2025;1;AGORACRED S/A SCFI;;False;False;False;Demais Bancos, Financeiras e Instituições de Pagamento;;29.0;2.0;0.06896551724137931;
2025;1;AL5 S.A. CFI;;False;False;False;Demais Bancos, Financeiras e Instituições de Pagamento;;4.0;1.0;0.25;
2025;1;ALELO IP;;False;False;False;Demais Bancos, Financeiras e Instituições de Pagamento;;56.0;16.0;0.2857142857142857;
2025;1;AME DIGITAL BRASIL IP;;False;False;False;Demais Bancos, Financeiras e Instituições de Pagamento;2767.99;376.0;96.0;0.2553191489361702;
2025;1;ANDBANK;;False;False;False;Demais Bancos, Financeiras e Instituições de Pagamento;;4.0;0.0;0.0;
2025;1;ASAAS GESTAO FINANCEIRA IP;;False;False;False;Demais Bancos, Financeiras e Instituições de Pagamento;50.45;124.0;49.0;0.3951612903225806;
2025;1;BANCO B3;;False;False;False;Demais Bancos, Financeiras e Instituições de Pagamento;;1.0;0.0;0.0;
2025;1;BANCO BARI DE INVESTIMENTO E FINANCI.;;False;False;False;Demais Bancos, Financeiras e Instituições de Pagamento;488.59;101.0;49.0;0.48514851485148514;
2025;1;BANCO C6;;False;False;False;Top 15 - Bancos, Financeiras e Instituições de Pagamento;58.44;1538.0;513.0;0.33355006501950585;
2025;1;BANCO DIGIMAIS;;False;False;False;Demais Bancos, Financeiras e Instituições de Pagamento;526.21;190.0;63.0;0.33157894736842103;
2025;1;BANCO MASTER;;False;False;False;Demais Bancos, Financeiras e Instituições de Pagamento;226.4;1781.0;957.0;0.5373385738349242;
2025;1;BANCO PAULISTA;;False;False;False;Demais Bancos, Financeiras e Instituições de Pagamento;;14.0;6.0;0.42857142857142855;
2025;1;BANCO SEMEAR;;False;False;False;Demais Bancos, Financeiras e Instituições de Pagamento;;9.0;1.0;0.1111111111111111;
2025;1;BANCO TOPÁZIO S.A.;;False;False;False;Demais Bancos, Financeiras e Instituições de Pagamento;;14.0;5.0;0.35714285714285715;
2025;1;BANCOOB;;False;False;False;Demais Bancos, Financeiras e Instituições de Pagamento;18.66;524.0;31.0;0.05916030534351145;
2025;1;BANESTES;BEES3;True;False;False;Demais Bancos, Financeiras e Instituições de Pagamento;;100.0;28.0;0.28;
2025;1;BANK OF CHINA (BRASIL);;False;False;False;Demais Bancos, Financeiras e Instituições de Pagamento;;110.0;0.0;0.0;
2025;1;BANQI IP;;False;False;False;Demais Bancos, Financeiras e Instituições de Pagamento;8.38;109.0;34.0;0.3119266055045872;
2025;1;BANRISUL;BRSR6;True;False;True;Demais Bancos, Financeiras e Instituições de Pagamento;20.59;694.0;61.0;0.08789625360230548;
2025;1;BB;BBAS3;True;False;True;Top 15 - Bancos, Financeiras e Instituições de Pagamento;20.55;1276.0;154.0;0.1206896551724138;
2025;1;BBC S.A.;;False;False;False;Demais Bancos, Financeiras e Instituições de Pagamento;;16.0;1.0;0.0625;
2025;1;BCO ABN AMRO CLEARING;;False;False;False;Demais Bancos, Financeiras e Instituições de Pagamento;;1.0;0.0;0.0;
2025;1;BCO ARBI S.A.;;False;False;False;Demais Bancos, Financeiras e Instituições de Pagamento;86.25;85.0;50.0;0.5882352941176471;
2025;1;BCO COOPERATIVO SICREDI;;False;False;False;Demais Bancos, Financeiras e Instituições de Pagamento;;25.0;0.0;0.0;
2025;1;BCO CSF S.A.;;False;False;False;Demais Bancos, Financeiras e Instituições de Pagamento;19.63;641.0;98.0;0.15288611544461778;
2025;1;BCO DA AMAZONIA S.A.;;False;False;False;Demais Bancos, Financeiras e Instituições de Pagamento;;20.0;3.0;0.15;
2025;1;BCO DAYCOVAL S.A;;False;False;False;Demais Bancos, Financeiras e Instituições de Pagamento;35.9;759.0;43.0;0.05665349143610013;
2025;1;BCO DE LAGE LANDEN BRASIL S.A.;;False;False;False;Demais Bancos, Financeiras e Instituições de Pagamento;;3.0;1.0;0.3333333333333333;
2025;1;BCO DO EST. DE SE S.A.;;False;False;False;Demais Bancos, Financeiras e Instituições de Pagamento;46.06;116.0;38.0;0.3275862068965517;
2025;1;BCO DO EST. DO PA S.A.;;False;False;False;Demais Bancos, Financeiras e Instituições de Pagamento;98.88;172.0;76.0;0.4418604651162791;
2025;1;BCO DO NORDESTE DO BRASIL S.A.;;False;False;False;Demais Bancos, Financeiras e Instituições de Pagamento;;111.0;6.0;0.05405405405405406;
2025;1;BCO FIBRA S.A.;;False;False;False;Demais Bancos, Financeiras e Instituições de Pagamento;;6.0;4.0;0.6666666666666666;
2025;1;BCO INBURSA S.A.;;False;False;False;Demais Bancos, Financeiras e Instituições de Pagamento;899.34;674.0;264.0;0.3916913946587537;
2025;1;BCO TOYOTA DO BRASIL S.A.;;False;False;False;Demais Bancos, Financeiras e Instituições de Pagamento;;25.0;9.0;0.36;
2025;1;BCO TRIANGULO S.A.;;False;False;False;Demais Bancos, Financeiras e Instituições de Pagamento;;83.0;10.0;0.12048192771084337;
2025;1;BK IP;;False;False;False;Demais Bancos, Financeiras e Instituições de Pagamento;;1.0;1.0;1.0;
2025;1;BMG;BMGB4;True;False;True;Demais Bancos, Financeiras e Instituições de Pagamento;60.14;1453.0;251.0;0.17274604267033725;
2025;1;BMW;;False;False;False;Demais Bancos, Financeiras e Instituições de Pagamento;;2.0;0.0;0.0;
2025;1;BNP PARIBAS;;False;False;False;Demais Bancos, Financeiras e Instituições de Pagamento;61.66;218.0;38.0;0.1743119266055046;
2025;1;BRADESCO;BBDC4;True;False;True;Top 15 - Bancos, Financeiras e Instituições de Pagamento;69.63;2767.0;759.0;0.2743043006866643;
2025;1;BRB;;False;False;False;Demais Bancos, Financeiras e Instituições de Pagamento;161.68;1278.0;557.0;0.43583724569640064;
2025;1;BS2;;False;False;False;Demais Bancos, Financeiras e Instituições de Pagamento;95.22;112.0;40.0;0.35714285714285715;
2025;1;BTG PACTUAL/BANCO PAN;BPAC11;True;False;True;Top 15 - Bancos, Financeiras e Instituições de Pagamento;38.32;1499.0;274.0;0.1827885256837892;
2025;1;BULLLA IP;;False;False;False;Demais Bancos, Financeiras e Instituições de Pagamento;;21.0;7.0;0.3333333333333333;
2025;1;CAIXA ECONÔMICA FEDERAL;;False;False;False;Top 15 - Bancos, Financeiras e Instituições de Pagamento;22.91;1190.0;244.0;0.20504201680672268;
2025;1;CAIXA GERAL;;False;False;False;Demais Bancos, Financeiras e Instituições de Pagamento;;31.0;0.0;0.0;
2025;1;CALCARD IP;;False;False;False;Demais Bancos, Financeiras e Instituições de Pagamento;;27.0;9.0;0.3333333333333333;
2025;1;CELCOIN IP;;False;False;False;Demais Bancos, Financeiras e Instituições de Pagamento;17.38;227.0;109.0;0.4801762114537445;
2025;1;CIELO IP;;False;False;False;Demais Bancos, Financeiras e Instituições de Pagamento;;45.0;1.0;0.022222222222222223;
2025;1;CITIBANK;;False;False;False;Demais Bancos, Financeiras e Instituições de Pagamento;;10.0;1.0;0.1;
2025;1;CLOUDWALK IP;;False;False;False;Demais Bancos, Financeiras e Instituições de Pagamento;6.32;505.0;36.0;0.07128712871287128;
2025;1;COBUCCIO SCFI;;False;False;False;Demais Bancos, Financeiras e Instituições de Pagamento;302.68;928.0;444.0;0.47844827586206895;
2025;1;COOPER CARD IP;;False;False;False;Demais Bancos, Financeiras e Instituições de Pagamento;;10.0;3.0;0.3;
2025;1;CORA SCFI;;False;False;False;Demais Bancos, Financeiras e Instituições de Pagamento;;193.0;27.0;0.13989637305699482;
2025;1;CREDI SHOP S.A.;;False;False;False;Demais Bancos, Financeiras e Instituições de Pagamento;;10.0;0.0;0.0;
2025;1;CREDIARE CFI;;False;False;False;Demais Bancos, Financeiras e Instituições de Pagamento;;23.0;9.0;0.391304347826087;
2025;1;CREDSYSTEM IP;;False;False;False;Demais Bancos, Financeiras e Instituições de Pagamento;4.91;224.0;31.0;0.13839285714285715;
2025;1;CREFISA S.A. CFI;;False;False;False;Demais Bancos, Financeiras e Instituições de Pagamento;88.28;1001.0;261.0;0.26073926073926074;
2025;1;DLOCAL BRASIL INSTITUIÇÃO DE PAGAMENTO - PRUDENCIA;;False;False;False;Demais Bancos, Financeiras e Instituições de Pagamento;;12.0;3.0;0.25;
2025;1;DM FINANCEIRA CFI;;False;False;False;Demais Bancos, Financeiras e Instituições de Pagamento;78.32;333.0;152.0;0.45645645645645644;
2025;1;DOCK IP;;False;False;False;Demais Bancos, Financeiras e Instituições de Pagamento;19.24;197.0;61.0;0.3096446700507614;
2025;1;EAGLE SCD;;False;False;False;Demais Bancos, Financeiras e Instituições de Pagamento;;3.0;0.0;0.0;
2025;1;EBANX IP;;False;False;False;Demais Bancos, Financeiras e Instituições de Pagamento;29.82;131.0;95.0;0.7251908396946565;
2025;1;EDENRED SOLUCOES E IP AHA;;False;False;False;Demais Bancos, Financeiras e Instituições de Pagamento;;10.0;3.0;0.3;
2025;1;EFI S.A. IP;;False;False;False;Demais Bancos, Financeiras e Instituições de Pagamento;97.19;107.0;49.0;0.45794392523364486;
2025;1;FACTA S.A. CFI;;False;False;False;Demais Bancos, Financeiras e Instituições de Pagamento;519.91;995.0;569.0;0.5718592964824121;
2025;1;FISERV DO BRASIL IP;;False;False;False;Demais Bancos, Financeiras e Instituições de Pagamento;;1.0;0.0;0.0;
2025;1;FITBANK IP;;False;False;False;Demais Bancos, Financeiras e Instituições de Pagamento;318.31;62.0;33.0;0.532258064516129;
2025;1;FLAGSHIP IP;;False;False;False;Demais Bancos, Financeiras e Instituições de Pagamento;;5.0;1.0;0.2;
2025;1;FLASH TECNOLOGIA IP;;False;False;False;Demais Bancos, Financeiras e Instituições de Pagamento;;11.0;4.0;0.36363636363636365;
2025;1;FORIS GFS BR IP;;False;False;False;Demais Bancos, Financeiras e Instituições de Pagamento;;7.0;1.0;0.14285714285714285;
2025;1;GAZINCRED SCFI;;False;False;False;Demais Bancos, Financeiras e Instituições de Pagamento;;6.0;1.0;0.16666666666666666;
2025;1;GENIAL;;False;False;False;Demais Bancos, Financeiras e Instituições de Pagamento;22.48;119.0;43.0;0.36134453781512604;
2025;1;GM;;False;False;False;Demais Bancos, Financeiras e Instituições de Pagamento;;46.0;15.0;0.32608695652173914;
2025;1;GOLCRED;;False;False;False;Demais Bancos, Financeiras e Instituições de Pagamento;;6.0;1.0;0.16666666666666666;
2025;1;HONDA;;False;False;False;Demais Bancos, Financeiras e Instituições de Pagamento;;64.0;13.0;0.203125;
2025;1;HS FINANCEIRA;;False;False;False;Demais Bancos, Financeiras e Instituições de Pagamento;;16.0;5.0;0.3125;
2025;1;INDUSTRIAL DO BRASIL;;False;False;False;Demais Bancos, Financeiras e Instituições de Pagamento;;82.0;15.0;0.18292682926829268;
2025;1;INTER;INBR;True;True;False;Top 15 - Bancos, Financeiras e Instituições de Pagamento;62.14;1071.0;347.0;0.3239962651727358;
2025;1;ITAU;ITUB4;True;False;True;Top 15 - Bancos, Financeiras e Instituições de Pagamento;34.11;3118.0;577.0;0.18505452212957024;
2025;1;IUGU IP;;False;False;False;Demais Bancos, Financeiras e Instituições de Pagamento;606.79;230.0;172.0;0.7478260869565218;
2025;1;JBCRED S.A. SCFI;;False;False;False;Demais Bancos, Financeiras e Instituições de Pagamento;;22.0;3.0;0.13636363636363635;
2025;1;JP MORGAN CHASE;;False;False;False;Demais Bancos, Financeiras e Instituições de Pagamento;;1.0;0.0;0.0;
2025;1;KANASTRA FINANCEIRA CFI;;False;False;False;Demais Bancos, Financeiras e Instituições de Pagamento;;1.0;1.0;1.0;
2025;1;KREDILIG S.A. - CFI;;False;False;False;Demais Bancos, Financeiras e Instituições de Pagamento;;15.0;6.0;0.4;
2025;1;MAGALUPAY IP;;False;False;False;Demais Bancos, Financeiras e Instituições de Pagamento;;65.0;20.0;0.3076923076923077;
2025;1;MERCADO BITCOIN IP;;False;False;False;Demais Bancos, Financeiras e Instituições de Pagamento;;9.0;1.0;0.1111111111111111;
2025;1;MERCADO PAGO IP;;False;False;False;Top 15 - Bancos, Financeiras e Instituições de Pagamento;36.88;1687.0;522.0;0.3094250148192057;
2025;1;MERCANTIL DO BRASIL;BMEB4;True;False;True;Demais Bancos, Financeiras e Instituições de Pagamento;226.96;1107.0;618.0;0.5582655826558266;
2025;1;MERCEDES-BENZ;;False;False;False;Demais Bancos, Financeiras e Instituições de Pagamento;;2.0;0.0;0.0;
2025;1;MIDWAY S.A. - SCFI;;False;False;False;Demais Bancos, Financeiras e Instituições de Pagamento;7.32;523.0;36.0;0.06883365200764818;
2025;1;NEON PAGAMENTOS IP;;False;False;False;Top 15 - Bancos, Financeiras e Instituições de Pagamento;27.05;865.0;349.0;0.40346820809248557;
2025;1;NOVO BCO CONTINENTAL S.A. - BM;;False;False;False;Demais Bancos, Financeiras e Instituições de Pagamento;;55.0;23.0;0.41818181818181815;
2025;1;NU PAGAMENTOS;;False;False;False;Top 15 - Bancos, Financeiras e Instituições de Pagamento;10.6;2179.0;135.0;0.06195502524093621;
2025;1;NVIO BRASIL BITSO IP;;False;False;False;Demais Bancos, Financeiras e Instituições de Pagamento;;26.0;13.0;0.5;
2025;1;OKTO IP;;False;False;False;Demais Bancos, Financeiras e Instituições de Pagamento;;12.0;6.0;0.5;
2025;1;OMNI;;False;False;False;Demais Bancos, Financeiras e Instituições de Pagamento;;207.0;19.0;0.09178743961352658;
2025;1;ONEKEY PAYMENTS IP;;False;False;False;Demais Bancos, Financeiras e Instituições de Pagamento;;7.0;4.0;0.5714285714285714;
2025;1;ORIGINAL;;False;False;False;Demais Bancos, Financeiras e Instituições de Pagamento;40.04;427.0;73.0;0.17096018735362997;
2025;1;OURIBANK;;False;False;False;Demais Bancos, Financeiras e Instituições de Pagamento;;35.0;2.0;0.05714285714285714;
2025;1;PAGARE IP;;False;False;False;Demais Bancos, Financeiras e Instituições de Pagamento;;13.0;9.0;0.6923076923076923;
2025;1;PAGSEGURO;;False;False;False;Top 15 - Bancos, Financeiras e Instituições de Pagamento;58.84;1323.0;518.0;0.3915343915343915;
2025;1;PAGUEVELOZ IP;;False;False;False;Demais Bancos, Financeiras e Instituições de Pagamento;11.51;143.0;36.0;0.2517482517482518;
2025;1;PARANÁ BANCO;;False;False;False;Demais Bancos, Financeiras e Instituições de Pagamento;157.68;444.0;170.0;0.38288288288288286;
2025;1;PAY4FUN IP S.A.;;False;False;False;Demais Bancos, Financeiras e Instituições de Pagamento;670.07;105.0;63.0;0.6;
2025;1;PAYPAL DO BRASIL IP;;False;False;False;Demais Bancos, Financeiras e Instituições de Pagamento;;22.0;2.0;0.09090909090909091;
2025;1;PEFISA S.A.;;False;False;False;Top 15 - Bancos, Financeiras e Instituições de Pagamento;25.39;460.0;211.0;0.45869565217391306;
2025;1;PICPAY;;False;False;False;Top 15 - Bancos, Financeiras e Instituições de Pagamento;36.42;1941.0;879.0;0.4528593508500773;
2025;1;PINBANK BRASIL IP;;False;False;False;Demais Bancos, Financeiras e Instituições de Pagamento;;3.0;1.0;0.3333333333333333;
2025;1;PINE;;False;False;False;Demais Bancos, Financeiras e Instituições de Pagamento;460.9;596.0;379.0;0.6359060402684564;
2025;1;PLUXEE IP;;False;False;False;Demais Bancos, Financeiras e Instituições de Pagamento;;15.0;11.0;0.7333333333333333;
2025;1;PORTO SEGURO;;False;False;False;Demais Bancos, Financeiras e Instituições de Pagamento;107.89;603.0;188.0;0.3117744610281924;
2025;1;QISTA S.A. CFI;;False;False;False;Demais Bancos, Financeiras e Instituições de Pagamento;;46.0;19.0;0.41304347826086957;
2025;1;QUERO-QUERO VERDECARD IP;;False;False;False;Demais Bancos, Financeiras e Instituições de Pagamento;;76.0;13.0;0.17105263157894737;
2025;1;REALIZE CFI;;False;False;False;Demais Bancos, Financeiras e Instituições de Pagamento;10.86;412.0;45.0;0.10922330097087378;
2025;1;RECARGAPAY IP;;False;False;False;Demais Bancos, Financeiras e Instituições de Pagamento;27.24;448.0;176.0;0.39285714285714285;
2025;1;RENDIMENTO;;False;False;False;Demais Bancos, Financeiras e Instituições de Pagamento;;8.0;1.0;0.125;
2025;1;RODOBENS;;False;False;False;Demais Bancos, Financeiras e Instituições de Pagamento;;2.0;0.0;0.0;
2025;1;SAFRA;;False;False;False;Demais Bancos, Financeiras e Instituições de Pagamento;106.4;1087.0;293.0;0.26954921803127874;
2025;1;SANTANDER;SANB11;True;False;True;Top 15 - Bancos, Financeiras e Instituições de Pagamento;37.5;1994.0;300.0;0.15045135406218657;
2025;1;SENFFNET IP;;False;False;False;Demais Bancos, Financeiras e Instituições de Pagamento;56.89;99.0;39.0;0.3939393939393939;
2025;1;SF3 CFI;;False;False;False;Demais Bancos, Financeiras e Instituições de Pagamento;;1.0;1.0;1.0;
2025;1;SHPP BRASIL IP;;False;False;False;Demais Bancos, Financeiras e Instituições de Pagamento;19.15;180.0;81.0;0.45;
2025;1;SIMPALA CFI;;False;False;False;Demais Bancos, Financeiras e Instituições de Pagamento;;5.0;1.0;0.2;
2025;1;SOCIETE GENERALE;;False;False;False;Demais Bancos, Financeiras e Instituições de Pagamento;;1.0;0.0;0.0;
2025;1;SOCINAL S.A. CFI;;False;False;False;Demais Bancos, Financeiras e Instituições de Pagamento;;77.0;15.0;0.19480519480519481;
2025;1;SOFISA;SFSA4;True;False;False;Demais Bancos, Financeiras e Instituições de Pagamento;180.25;259.0;175.0;0.6756756756756757;
2025;1;STARK SCD;;False;False;False;Demais Bancos, Financeiras e Instituições de Pagamento;;31.0;16.0;0.5161290322580645;
2025;1;STELLANTIS;;False;False;False;Demais Bancos, Financeiras e Instituições de Pagamento;;24.0;6.0;0.25;
2025;1;STONE IP;;False;False;False;Demais Bancos, Financeiras e Instituições de Pagamento;11.7;485.0;77.0;0.15876288659793814;
2025;1;SUMUP IP;;False;False;False;Demais Bancos, Financeiras e Instituições de Pagamento;;27.0;7.0;0.25925925925925924;
2025;1;SUPERBID PAY IP;;False;False;False;Demais Bancos, Financeiras e Instituições de Pagamento;;5.0;4.0;0.8;
2025;1;SWAP IP;;False;False;False;Demais Bancos, Financeiras e Instituições de Pagamento;;45.0;21.0;0.4666666666666667;
2025;1;TRANSFEERA IP;;False;False;False;Demais Bancos, Financeiras e Instituições de Pagamento;;38.0;27.0;0.7105263157894737;
2025;1;TRANSFERO IP;;False;False;False;Demais Bancos, Financeiras e Instituições de Pagamento;;9.0;3.0;0.3333333333333333;
2025;1;VALOR CFI;;False;False;False;Demais Bancos, Financeiras e Instituições de Pagamento;;14.0;6.0;0.42857142857142855;
2025;1;VOLKSWAGEN;;False;False;False;Demais Bancos, Financeiras e Instituições de Pagamento;132.13;244.0;54.0;0.22131147540983606;
2025;1;VOTORANTIM;;False;False;False;Demais Bancos, Financeiras e Instituições de Pagamento;30.73;1255.0;212.0;0.16892430278884463;
2025;1;WESTERN UNION;;False;False;False;Demais Bancos, Financeiras e Instituições de Pagamento;;1.0;0.0;0.0;
2025;1;WISE BRASIL CC;;False;False;False;Demais Bancos, Financeiras e Instituições de Pagamento;;40.0;20.0;0.5;
2025;1;XP;;False;False;False;Demais Bancos, Financeiras e Instituições de Pagamento;35.26;502.0;167.0;0.33266932270916333;
2025;1;YAMAHA MOTOR;;False;False;False;Demais Bancos, Financeiras e Instituições de Pagamento;;37.0;9.0;0.24324324324324326;
2025;1;ZEMA CFI;;False;False;False;Demais Bancos, Financeiras e Instituições de Pagamento;;69.0;25.0;0.36231884057971014;
2025;1;ZOOP TECNOLOGIA IP;;False;False;False;Demais Bancos, Financeiras e Instituições de Pagamento;;68.0;15.0;0.22058823529411764;
2025;2;99PAY IP;;False;False;False;Top 15 - Bancos, Financeiras e Instituições de Pagamento;22.74;682.0;219.0;0.32111436950146627;
2025;2;ABC-BRASIL;ABCB4;True;False;False;Demais Bancos, Financeiras e Instituições de Pagamento;;8.0;2.0;0.25;
2025;2;ACG IP;;False;False;False;Demais Bancos, Financeiras e Instituições de Pagamento;;2.0;0.0;0.0;
2025;2;ADYEN DO BRASIL IP;;False;False;False;Demais Bancos, Financeiras e Instituições de Pagamento;;19.0;6.0;0.3157894736842105;
2025;2;AFINZ IP;;False;False;False;Demais Bancos, Financeiras e Instituições de Pagamento;73.54;286.0;41.0;0.14335664335664336;
2025;2;AGIBANK;;False;False;False;Demais Bancos, Financeiras e Instituições de Pagamento;1030.58;1822.0;1057.0;0.5801317233809001;
2025;2;AGORACRED S/A SCFI;;False;False;False;Demais Bancos, Financeiras e Instituições de Pagamento;;20.0;0.0;0.0;
2025;2;ALELO IP;;False;False;False;Demais Bancos, Financeiras e Instituições de Pagamento;;36.0;11.0;0.3055555555555556;
2025;2;AME DIGITAL BRASIL IP;;False;False;False;Demais Bancos, Financeiras e Instituições de Pagamento;12283.31;418.0;123.0;0.2942583732057416;
2025;2;ANDBANK;;False;False;False;Demais Bancos, Financeiras e Instituições de Pagamento;;24.0;0.0;0.0;
2025;2;ASAAS GESTAO FINANCEIRA IP;;False;False;False;Demais Bancos, Financeiras e Instituições de Pagamento;72.02;137.0;66.0;0.48175182481751827;
2025;2;BANCO BARI DE INVESTIMENTO E FINANCI.;;False;False;False;Demais Bancos, Financeiras e Instituições de Pagamento;;68.0;22.0;0.3235294117647059;
2025;2;BANCO C6;;False;False;False;Top 15 - Bancos, Financeiras e Instituições de Pagamento;48.67;1293.0;340.0;0.262954369682908;
2025;2;BANCO DIGIMAIS;;False;False;False;Demais Bancos, Financeiras e Instituições de Pagamento;887.62;279.0;94.0;0.33691756272401435;
2025;2;BANCO MASTER;;False;False;False;Demais Bancos, Financeiras e Instituições de Pagamento;220.74;1773.0;770.0;0.43429216018048505;
2025;2;BANCO PAULISTA;;False;False;False;Demais Bancos, Financeiras e Instituições de Pagamento;;3.0;0.0;0.0;
2025;2;BANCO RIBEIRÃO PRETO;;False;False;False;Demais Bancos, Financeiras e Instituições de Pagamento;47187.78;231.0;195.0;0.8441558441558441;
2025;2;BANCO SEMEAR;;False;False;False;Demais Bancos, Financeiras e Instituições de Pagamento;;9.0;0.0;0.0;
2025;2;BANCO SICOOB;;False;False;False;Demais Bancos, Financeiras e Instituições de Pagamento;;663.0;15.0;0.02262443438914027;
2025;2;BANCO TOPÁZIO S.A.;;False;False;False;Demais Bancos, Financeiras e Instituições de Pagamento;;13.0;4.0;0.3076923076923077;
2025;2;BANESTES;BEES3;True;False;False;Demais Bancos, Financeiras e Instituições de Pagamento;37.69;178.0;52.0;0.29213483146067415;
2025;2;BANK OF CHINA (BRASIL);;False;False;False;Demais Bancos, Financeiras e Instituições de Pagamento;;122.0;5.0;0.040983606557377046;
2025;2;BANQI IP;;False;False;False;Demais Bancos, Financeiras e Instituições de Pagamento;;79.0;20.0;0.25316455696202533;
2025;2;BANRISUL;BRSR6;True;False;True;Demais Bancos, Financeiras e Instituições de Pagamento;30.85;778.0;80.0;0.10282776349614396;
2025;2;BB;BBAS3;True;False;True;Top 15 - Bancos, Financeiras e Instituições de Pagamento;22.2;1271.0;119.0;0.0936270653029111;
2025;2;BBC S.A.;;False;False;False;Demais Bancos, Financeiras e Instituições de Pagamento;;24.0;1.0;0.041666666666666664;
2025;2;BCO ABN AMRO CLEARING;;False;False;False;Demais Bancos, Financeiras e Instituições de Pagamento;;5.0;0.0;0.0;
2025;2;BCO ARBI S.A.;;False;False;False;Demais Bancos, Financeiras e Instituições de Pagamento;;42.0;15.0;0.35714285714285715;
2025;2;BCO COOPERATIVO SICREDI;;False;False;False;Demais Bancos, Financeiras e Instituições de Pagamento;;24.0;1.0;0.041666666666666664;
2025;2;BCO CSF S.A.;;False;False;False;Demais Bancos, Financeiras e Instituições de Pagamento;25.73;636.0;108.0;0.16981132075471697;
2025;2;BCO DA AMAZONIA S.A.;;False;False;False;Demais Bancos, Financeiras e Instituições de Pagamento;;30.0;5.0;0.16666666666666666;
2025;2;BCO DAYCOVAL S.A;;False;False;False;Demais Bancos, Financeiras e Instituições de Pagamento;38.54;673.0;36.0;0.05349182763744428;
2025;2;BCO DO EST. DE SE S.A.;;False;False;False;Demais Bancos, Financeiras e Instituições de Pagamento;;106.0;29.0;0.27358490566037735;
2025;2;BCO DO EST. DO PA S.A.;;False;False;False;Demais Bancos, Financeiras e Instituições de Pagamento;107.29;242.0;86.0;0.35537190082644626;
2025;2;BCO DO NORDESTE DO BRASIL S.A.;;False;False;False;Demais Bancos, Financeiras e Instituições de Pagamento;;153.0;12.0;0.0784313725490196;
2025;2;BCO FIBRA S.A.;;False;False;False;Demais Bancos, Financeiras e Instituições de Pagamento;;7.0;2.0;0.2857142857142857;
2025;2;BCO INBURSA S.A.;;False;False;False;Demais Bancos, Financeiras e Instituições de Pagamento;500.03;533.0;188.0;0.3527204502814259;
2025;2;BCO TOYOTA DO BRASIL S.A.;;False;False;False;Demais Bancos, Financeiras e Instituições de Pagamento;;49.0;7.0;0.14285714285714285;
2025;2;BCO TRIANGULO S.A.;;False;False;False;Demais Bancos, Financeiras e Instituições de Pagamento;;67.0;15.0;0.22388059701492538;
2025;2;BK IP;;False;False;False;Demais Bancos, Financeiras e Instituições de Pagamento;;5.0;5.0;1.0;
2025;2;BMG;BMGB4;True;False;True;Demais Bancos, Financeiras e Instituições de Pagamento;79.44;1377.0;230.0;0.16702977487291212;
2025;2;BNP PARIBAS;;False;False;False;Demais Bancos, Financeiras e Instituições de Pagamento;;129.0;18.0;0.13953488372093023;
2025;2;BRADESCO;BBDC4;True;False;True;Top 15 - Bancos, Financeiras e Instituições de Pagamento;60.58;2837.0;648.0;0.2284102925625661;
2025;2;BRB;;False;False;False;Demais Bancos, Financeiras e Instituições de Pagamento;171.97;1155.0;511.0;0.44242424242424244;
2025;2;BS2;;False;False;False;Demais Bancos, Financeiras e Instituições de Pagamento;96.38;111.0;43.0;0.38738738738738737;
2025;2;BTG PACTUAL/BANCO PAN;BPAC11;True;False;True;Top 15 - Bancos, Financeiras e Instituições de Pagamento;36.89;1466.0;226.0;0.15416098226466576;
2025;2;BULLLA IP;;False;False;False;Demais Bancos, Financeiras e Instituições de Pagamento;;19.0;9.0;0.47368421052631576;
2025;2;CAIXA ECONÔMICA FEDERAL;;False;False;False;Top 15 - Bancos, Financeiras e Instituições de Pagamento;24.82;1284.0;256.0;0.19937694704049844;
2025;2;CAIXA GERAL;;False;False;False;Demais Bancos, Financeiras e Instituições de Pagamento;;45.0;0.0;0.0;
2025;2;CALCARD IP;;False;False;False;Demais Bancos, Financeiras e Instituições de Pagamento;;52.0;14.0;0.2692307692307692;
2025;2;CELCOIN IP;;False;False;False;Demais Bancos, Financeiras e Instituições de Pagamento;65.62;423.0;273.0;0.6453900709219859;
2025;2;CIELO IP;;False;False;False;Demais Bancos, Financeiras e Instituições de Pagamento;;32.0;4.0;0.125;
2025;2;CITIBANK;;False;False;False;Demais Bancos, Financeiras e Instituições de Pagamento;;12.0;0.0;0.0;
2025;2;CLARO PAY IP;;False;False;False;Demais Bancos, Financeiras e Instituições de Pagamento;;61.0;29.0;0.47540983606557374;
2025;2;CLOUDWALK IP;;False;False;False;Demais Bancos, Financeiras e Instituições de Pagamento;8.32;586.0;46.0;0.07849829351535836;
2025;2;COBUCCIO SCFI;;False;False;False;Demais Bancos, Financeiras e Instituições de Pagamento;338.73;943.0;388.0;0.41145281018027574;
2025;2;COOPER CARD IP;;False;False;False;Demais Bancos, Financeiras e Instituições de Pagamento;;6.0;1.0;0.16666666666666666;
2025;2;CORA SCFI;;False;False;False;Demais Bancos, Financeiras e Instituições de Pagamento;20.77;244.0;38.0;0.1557377049180328;
2025;2;CREDI SHOP S.A.;;False;False;False;Demais Bancos, Financeiras e Instituições de Pagamento;;2.0;0.0;0.0;
2025;2;CREDIARE CFI;;False;False;False;Demais Bancos, Financeiras e Instituições de Pagamento;;18.0;5.0;0.2777777777777778;
2025;2;CREDSYSTEM IP;;False;False;False;Demais Bancos, Financeiras e Instituições de Pagamento;24.66;271.0;68.0;0.25092250922509224;
2025;2;CREFISA S.A. CFI;;False;False;False;Demais Bancos, Financeiras e Instituições de Pagamento;122.53;1176.0;357.0;0.30357142857142855;
2025;2;DLOCAL BRASIL INSTITUIÇÃO DE PAGAMENTO - PRUDENCIA;;False;False;False;Demais Bancos, Financeiras e Instituições de Pagamento;;28.0;13.0;0.4642857142857143;
2025;2;DM FINANCEIRA CFI;;False;False;False;Demais Bancos, Financeiras e Instituições de Pagamento;98.99;382.0;162.0;0.42408376963350786;
2025;2;DOCK IP;;False;False;False;Demais Bancos, Financeiras e Instituições de Pagamento;19.19;210.0;62.0;0.29523809523809524;
2025;2;EAGLE SCD;;False;False;False;Demais Bancos, Financeiras e Instituições de Pagamento;;16.0;4.0;0.25;
2025;2;EBANX IP;;False;False;False;Demais Bancos, Financeiras e Instituições de Pagamento;21.59;101.0;57.0;0.5643564356435643;
2025;2;EDENRED SOLUCOES E IP AHA;;False;False;False;Demais Bancos, Financeiras e Instituições de Pagamento;;6.0;1.0;0.16666666666666666;
2025;2;EFI S.A. IP;;False;False;False;Demais Bancos, Financeiras e Instituições de Pagamento;102.81;127.0;52.0;0.4094488188976378;
2025;2;FACTA S.A. CFI;;False;False;False;Demais Bancos, Financeiras e Instituições de Pagamento;1032.26;856.0;386.0;0.45093457943925236;
2025;2;FISERV DO BRASIL IP;;False;False;False;Demais Bancos, Financeiras e Instituições de Pagamento;;7.0;1.0;0.14285714285714285;
2025;2;FITBANK IP;;False;False;False;Demais Bancos, Financeiras e Instituições de Pagamento;;57.0;23.0;0.40350877192982454;
2025;2;FLAGSHIP IP;;False;False;False;Demais Bancos, Financeiras e Instituições de Pagamento;;5.0;1.0;0.2;
2025;2;FORIS GFS BR IP;;False;False;False;Demais Bancos, Financeiras e Instituições de Pagamento;;9.0;6.0;0.6666666666666666;
2025;2;GAZINCRED SCFI;;False;False;False;Demais Bancos, Financeiras e Instituições de Pagamento;;3.0;0.0;0.0;
2025;2;GENIAL;;False;False;False;Demais Bancos, Financeiras e Instituições de Pagamento;;71.0;26.0;0.36619718309859156;
2025;2;GM;;False;False;False;Demais Bancos, Financeiras e Instituições de Pagamento;;60.0;13.0;0.21666666666666667;
2025;2;HONDA;;False;False;False;Demais Bancos, Financeiras e Instituições de Pagamento;;85.0;16.0;0.18823529411764706;
2025;2;HS FINANCEIRA;;False;False;False;Demais Bancos, Financeiras e Instituições de Pagamento;;21.0;7.0;0.3333333333333333;
2025;2;INDUSTRIAL DO BRASIL;;False;False;False;Demais Bancos, Financeiras e Instituições de Pagamento;;64.0;12.0;0.1875;
2025;2;INTER;INBR;True;True;False;Top 15 - Bancos, Financeiras e Instituições de Pagamento;84.87;1146.0;398.0;0.3472949389179756;
2025;2;ITAU;ITUB4;True;False;True;Top 15 - Bancos, Financeiras e Instituições de Pagamento;39.35;3260.0;567.0;0.17392638036809815;
2025;2;IUGU IP;;False;False;False;Demais Bancos, Financeiras e Instituições de Pagamento;225.04;154.0;65.0;0.42207792207792205;
2025;2;JBCRED S.A. SCFI;;False;False;False;Demais Bancos, Financeiras e Instituições de Pagamento;;34.0;4.0;0.11764705882352941;
2025;2;JP MORGAN CHASE;;False;False;False;Demais Bancos, Financeiras e Instituições de Pagamento;;2.0;0.0;0.0;
2025;2;KANASTRA FINANCEIRA CFI;;False;False;False;Demais Bancos, Financeiras e Instituições de Pagamento;;3.0;1.0;0.3333333333333333;
2025;2;KREDILIG S.A. - CFI;;False;False;False;Demais Bancos, Financeiras e Instituições de Pagamento;;10.0;1.0;0.1;
2025;2;LECCA;;False;False;False;Demais Bancos, Financeiras e Instituições de Pagamento;;78.0;21.0;0.2692307692307692;
2025;2;MAGALUPAY IP;;False;False;False;Demais Bancos, Financeiras e Instituições de Pagamento;;72.0;18.0;0.25;
2025;2;MERCADO BITCOIN IP;;False;False;False;Demais Bancos, Financeiras e Instituições de Pagamento;;2.0;1.0;0.5;
2025;2;MERCADO PAGO IP;;False;False;False;Top 15 - Bancos, Financeiras e Instituições de Pagamento;54.05;1871.0;606.0;0.3238909673971138;
2025;2;MERCANTIL DO BRASIL;BMEB4;True;False;True;Demais Bancos, Financeiras e Instituições de Pagamento;260.88;1020.0;554.0;0.5431372549019607;
2025;2;MERCEDES-BENZ;;False;False;False;Demais Bancos, Financeiras e Instituições de Pagamento;;2.0;0.0;0.0;
2025;2;MIDWAY S.A. - SCFI;;False;False;False;Demais Bancos, Financeiras e Instituições de Pagamento;7.64;483.0;35.0;0.07246376811594203;
2025;2;NEON PAGAMENTOS IP;;False;False;False;Top 15 - Bancos, Financeiras e Instituições de Pagamento;31.75;1012.0;387.0;0.3824110671936759;
2025;2;NOVO BCO CONTINENTAL S.A. - BM;;False;False;False;Demais Bancos, Financeiras e Instituições de Pagamento;;58.0;15.0;0.25862068965517243;
2025;2;NU PAGAMENTOS;;False;False;False;Top 15 - Bancos, Financeiras e Instituições de Pagamento;12.96;2191.0;121.0;0.0552259242355089;
2025;2;NVIO BRASIL BITSO IP;;False;False;False;Demais Bancos, Financeiras e Instituições de Pagamento;;21.0;6.0;0.2857142857142857;
2025;2;OKTO IP;;False;False;False;Demais Bancos, Financeiras e Instituições de Pagamento;;11.0;2.0;0.18181818181818182;
2025;2;OMNI;;False;False;False;Demais Bancos, Financeiras e Instituições de Pagamento;18.97;263.0;32.0;0.12167300380228137;
2025;2;ONEKEY PAYMENTS IP;;False;False;False;Demais Bancos, Financeiras e Instituições de Pagamento;;1.0;0.0;0.0;
2025;2;ORIGINAL;;False;False;False;Demais Bancos, Financeiras e Instituições de Pagamento;32.38;328.0;42.0;0.12804878048780488;
2025;2;OURIBANK;;False;False;False;Demais Bancos, Financeiras e Instituições de Pagamento;;39.0;0.0;0.0;
2025;2;PAGARE IP;;False;False;False;Demais Bancos, Financeiras e Instituições de Pagamento;;9.0;7.0;0.7777777777777778;
2025;2;PAGCERTO IP;;False;False;False;Demais Bancos, Financeiras e Instituições de Pagamento;;9.0;2.0;0.2222222222222222;
2025;2;PAGSEGURO;;False;False;False;Top 15 - Bancos, Financeiras e Instituições de Pagamento;48.47;1105.0;389.0;0.35203619909502265;
2025;2;PAGUEVELOZ IP;;False;False;False;Demais Bancos, Financeiras e Instituições de Pagamento;;112.0;22.0;0.19642857142857142;
2025;2;PARANÁ BANCO;;False;False;False;Demais Bancos, Financeiras e Instituições de Pagamento;77.18;368.0;98.0;0.266304347826087;
2025;2;PAY4FUN IP S.A.;;False;False;False;Demais Bancos, Financeiras e Instituições de Pagamento;;25.0;17.0;0.68;
2025;2;PAYPAL DO BRASIL IP;;False;False;False;Demais Bancos, Financeiras e Instituições de Pagamento;;51.0;10.0;0.19607843137254902;
2025;2;PEFISA S.A.;;False;False;False;Demais Bancos, Financeiras e Instituições de Pagamento;32.88;418.0;188.0;0.44976076555023925;
2025;2;PICPAY;;False;False;False;Top 15 - Bancos, Financeiras e Instituições de Pagamento;40.83;1920.0;760.0;0.3958333333333333;
2025;2;PINBANK BRASIL IP;;False;False;False;Demais Bancos, Financeiras e Instituições de Pagamento;;4.0;1.0;0.25;
2025;2;PINE;;False;False;False;Demais Bancos, Financeiras e Instituições de Pagamento;584.63;757.0;576.0;0.760898282694848;
2025;2;PLUXEE IP;;False;False;False;Demais Bancos, Financeiras e Instituições de Pagamento;;31.0;9.0;0.2903225806451613;
2025;2;PORTO SEGURO;;False;False;False;Demais Bancos, Financeiras e Instituições de Pagamento;138.22;608.0;195.0;0.3207236842105263;
2025;2;QISTA S.A. CFI;;False;False;False;Demais Bancos, Financeiras e Instituições de Pagamento;;44.0;18.0;0.4090909090909091;
2025;2;QUERO-QUERO VERDECARD IP;;False;False;False;Demais Bancos, Financeiras e Instituições de Pagamento;;97.0;17.0;0.17525773195876287;
2025;2;REALIZE CFI;;False;False;False;Demais Bancos, Financeiras e Instituições de Pagamento;18.14;446.0;68.0;0.15246636771300448;
2025;2;RECARGAPAY IP;;False;False;False;Demais Bancos, Financeiras e Instituições de Pagamento;31.02;542.0;213.0;0.3929889298892989;
2025;2;RENDIMENTO;;False;False;False;Demais Bancos, Financeiras e Instituições de Pagamento;;23.0;7.0;0.30434782608695654;
2025;2;RODOBENS;;False;False;False;Demais Bancos, Financeiras e Instituições de Pagamento;;3.0;0.0;0.0;
2025;2;SAFRA;;False;False;False;Demais Bancos, Financeiras e Instituições de Pagamento;140.45;1113.0;266.0;0.2389937106918239;
2025;2;SANTANDER;SANB11;True;False;True;Top 15 - Bancos, Financeiras e Instituições de Pagamento;29.96;1717.0;191.0;0.11124053581828772;
2025;2;SENFFNET IP;;False;False;False;Demais Bancos, Financeiras e Instituições de Pagamento;;49.0;19.0;0.3877551020408163;
2025;2;SHPP BRASIL IP;;False;False;False;Demais Bancos, Financeiras e Instituições de Pagamento;12.9;178.0;61.0;0.34269662921348315;
2025;2;SIMPALA CFI;;False;False;False;Demais Bancos, Financeiras e Instituições de Pagamento;;24.0;5.0;0.20833333333333334;
2025;2;SOCINAL S.A. CFI;;False;False;False;Demais Bancos, Financeiras e Instituições de Pagamento;;55.0;10.0;0.18181818181818182;
2025;2;SOFISA;SFSA4;True;False;False;Demais Bancos, Financeiras e Instituições de Pagamento;174.14;327.0;191.0;0.5840978593272171;
2025;2;STARK SCD;;False;False;False;Demais Bancos, Financeiras e Instituições de Pagamento;;43.0;14.0;0.32558139534883723;
2025;2;STELLANTIS;;False;False;False;Demais Bancos, Financeiras e Instituições de Pagamento;;44.0;7.0;0.1590909090909091;
2025;2;STONE IP;;False;False;False;Top 15 - Bancos, Financeiras e Instituições de Pagamento;17.76;544.0;99.0;0.18198529411764705;
2025;2;SUMUP IP;;False;False;False;Demais Bancos, Financeiras e Instituições de Pagamento;;41.0;25.0;0.6097560975609756;
2025;2;SUPERBID PAY IP;;False;False;False;Demais Bancos, Financeiras e Instituições de Pagamento;;5.0;3.0;0.6;
2025;2;SWAP IP;;False;False;False;Demais Bancos, Financeiras e Instituições de Pagamento;;44.0;20.0;0.45454545454545453;
2025;2;TRANSFEERA IP;;False;False;False;Demais Bancos, Financeiras e Instituições de Pagamento;;6.0;2.0;0.3333333333333333;
2025;2;TRANSFERO IP;;False;False;False;Demais Bancos, Financeiras e Instituições de Pagamento;;1.0;1.0;1.0;
2025;2;VALOR CFI;;False;False;False;Demais Bancos, Financeiras e Instituições de Pagamento;;27.0;16.0;0.5925925925925926;
2025;2;VOLKSWAGEN;;False;False;False;Demais Bancos, Financeiras e Instituições de Pagamento;180.57;299.0;71.0;0.23745819397993312;
2025;2;VOTORANTIM;;False;False;False;Demais Bancos, Financeiras e Instituições de Pagamento;38.39;1138.0;196.0;0.17223198594024605;
2025;2;WESTERN UNION;;False;False;False;Demais Bancos, Financeiras e Instituições de Pagamento;;1.0;0.0;0.0;
2025;2;WISE BRASIL CC;;False;False;False;Demais Bancos, Financeiras e Instituições de Pagamento;;43.0;17.0;0.3953488372093023;
2025;2;XP;;False;False;False;Demais Bancos, Financeiras e Instituições de Pagamento;38.2;529.0;156.0;0.2948960302457467;
2025;2;YAMAHA MOTOR;;False;False;False;Demais Bancos, Financeiras e Instituições de Pagamento;;57.0;11.0;0.19298245614035087;
2025;2;ZEMA CFI;;False;False;False;Demais Bancos, Financeiras e Instituições de Pagamento;;89.0;24.0;0.2696629213483146;
2025;2;ZERO IP;;False;False;False;Demais Bancos, Financeiras e Instituições de Pagamento;;5.0;2.0;0.4;
2025;2;ZOOP TECNOLOGIA IP;;False;False;False;Demais Bancos, Financeiras e Instituições de Pagamento;;84.0;17.0;0.20238095238095238;
2025;3;99PAY IP;;False;False;False;Top 15 - Bancos, Financeiras e Instituições de Pagamento;18.21;749.0;136.0;0.18157543391188252;
2025;3;ABC-BRASIL;ABCB4;True;False;False;Demais Bancos, Financeiras e Instituições de Pagamento;;22.0;6.0;0.2727272727272727;
2025;3;ADYEN DO BRASIL IP;;False;False;False;Demais Bancos, Financeiras e Instituições de Pagamento;;9.0;2.0;0.2222222222222222;
2025;3;AGIBANK;;False;False;False;Demais Bancos, Financeiras e Instituições de Pagamento;614.12;1683.0;990.0;0.5882352941176471;
2025;3;AGORACRED S/A SCFI;;False;False;False;Demais Bancos, Financeiras e Instituições de Pagamento;;28.0;2.0;0.07142857142857142;
2025;3;AL5 S.A. SCFI;;False;False;False;Demais Bancos, Financeiras e Instituições de Pagamento;;9.0;4.0;0.4444444444444444;
2025;3;ALELO IP;;False;False;False;Demais Bancos, Financeiras e Instituições de Pagamento;;62.0;27.0;0.43548387096774194;
2025;3;AME DIGITAL BRASIL IP;;False;False;False;Demais Bancos, Financeiras e Instituições de Pagamento;8305.63;457.0;165.0;0.3610503282275711;
2025;3;ANDBANK;;False;False;False;Demais Bancos, Financeiras e Instituições de Pagamento;;30.0;3.0;0.1;
2025;3;ASAAS GESTAO FINANCEIRA IP;;False;False;False;Demais Bancos, Financeiras e Instituições de Pagamento;70.04;173.0;66.0;0.3815028901734104;
2025;3;ASTRO IP;;False;False;False;Demais Bancos, Financeiras e Instituições de Pagamento;1257.69;96.0;65.0;0.6770833333333334;
2025;3;BANCO AFINZ BM;;False;False;False;Demais Bancos, Financeiras e Instituições de Pagamento;;294.0;23.0;0.0782312925170068;
2025;3;BANCO B3;;False;False;False;Demais Bancos, Financeiras e Instituições de Pagamento;;1.0;0.0;0.0;
2025;3;BANCO BARI DE INVESTIMENTO E FINANCI.;;False;False;False;Demais Bancos, Financeiras e Instituições de Pagamento;502.85;129.0;42.0;0.32558139534883723;
2025;3;BANCO C6;;False;False;False;Top 15 - Bancos, Financeiras e Instituições de Pagamento;53.03;1383.0;351.0;0.25379609544468545;
2025;3;BANCO CNH INDUSTRIAL CAPITAL S.A;;False;False;False;Demais Bancos, Financeiras e Instituições de Pagamento;;15.0;5.0;0.3333333333333333;
2025;3;BANCO DIGIMAIS;;False;False;False;Demais Bancos, Financeiras e Instituições de Pagamento;1552.43;407.0;165.0;0.40540540540540543;
2025;3;BANCO MASTER;;False;False;False;Demais Bancos, Financeiras e Instituições de Pagamento;232.86;1812.0;656.0;0.3620309050772627;
2025;3;BANCO PAULISTA;;False;False;False;Demais Bancos, Financeiras e Instituições de Pagamento;;16.0;1.0;0.0625;
2025;3;BANCO RIBEIRÃO PRETO;;False;False;False;Demais Bancos, Financeiras e Instituições de Pagamento;25308.57;174.0;93.0;0.5344827586206896;
2025;3;BANCO RNX S.A.;;False;False;False;Demais Bancos, Financeiras e Instituições de Pagamento;;5.0;1.0;0.2;
2025;3;BANCO SEMEAR;;False;False;False;Demais Bancos, Financeiras e Instituições de Pagamento;;29.0;1.0;0.034482758620689655;
2025;3;BANCO SICOOB;;False;False;False;Demais Bancos, Financeiras e Instituições de Pagamento;11.67;572.0;30.0;0.05244755244755245;
2025;3;BANCO TOPÁZIO S.A.;;False;False;False;Demais Bancos, Financeiras e Instituições de Pagamento;;20.0;5.0;0.25;
2025;3;BANCO TRATON BRASIL S.A.;;False;False;False;Demais Bancos, Financeiras e Instituições de Pagamento;;2.0;2.0;1.0;
2025;3;BANESTES;BEES3;True;False;False;Demais Bancos, Financeiras e Instituições de Pagamento;51.33;214.0;63.0;0.29439252336448596;
2025;3;BANK OF CHINA (BRASIL);;False;False;False;Demais Bancos, Financeiras e Instituições de Pagamento;;53.0;0.0;0.0;
2025;3;BANQI IP;;False;False;False;Demais Bancos, Financeiras e Instituições de Pagamento;;126.0;20.0;0.15873015873015872;
2025;3;BANRISUL;BRSR6;True;False;True;Demais Bancos, Financeiras e Instituições de Pagamento;37.18;714.0;80.0;0.11204481792717087;
2025;3;BB;BBAS3;True;False;True;Top 15 - Bancos, Financeiras e Instituições de Pagamento;25.85;1014.0;93.0;0.09171597633136094;
2025;3;BBC S.A.;;False;False;False;Demais Bancos, Financeiras e Instituições de Pagamento;;25.0;3.0;0.12;
2025;3;BCO ABN AMRO CLEARING;;False;False;False;Demais Bancos, Financeiras e Instituições de Pagamento;;21.0;0.0;0.0;
2025;3;BCO ARBI S.A.;;False;False;False;Demais Bancos, Financeiras e Instituições de Pagamento;45.99;67.0;34.0;0.5074626865671642;
2025;3;BCO COOPERATIVO SICREDI;;False;False;False;Demais Bancos, Financeiras e Instituições de Pagamento;;16.0;0.0;0.0;
2025;3;BCO CSF S.A.;;False;False;False;Demais Bancos, Financeiras e Instituições de Pagamento;30.22;631.0;95.0;0.15055467511885895;
2025;3;BCO DA AMAZONIA S.A.;;False;False;False;Demais Bancos, Financeiras e Instituições de Pagamento;;35.0;9.0;0.2571428571428571;
2025;3;BCO DAYCOVAL S.A;;False;False;False;Demais Bancos, Financeiras e Instituições de Pagamento;39.19;753.0;32.0;0.04249667994687915;
2025;3;BCO DE LAGE LANDEN BRASIL S.A.;;False;False;False;Demais Bancos, Financeiras e Instituições de Pagamento;;9.0;1.0;0.1111111111111111;
2025;3;BCO DO EST. DE SE S.A.;;False;False;False;Demais Bancos, Financeiras e Instituições de Pagamento;57.66;151.0;42.0;0.2781456953642384;
2025;3;BCO DO EST. DO PA S.A.;;False;False;False;Demais Bancos, Financeiras e Instituições de Pagamento;124.4;235.0;89.0;0.37872340425531914;
2025;3;BCO DO NORDESTE DO BRASIL S.A.;;False;False;False;Demais Bancos, Financeiras e Instituições de Pagamento;;170.0;9.0;0.052941176470588235;
2025;3;BCO FIBRA S.A.;;False;False;False;Demais Bancos, Financeiras e Instituições de Pagamento;;4.0;3.0;0.75;
2025;3;BCO INBURSA S.A.;;False;False;False;Demais Bancos, Financeiras e Instituições de Pagamento;276.34;525.0;111.0;0.21142857142857144;
2025;3;BCO TOYOTA DO BRASIL S.A.;;False;False;False;Demais Bancos, Financeiras e Instituições de Pagamento;;52.0;12.0;0.23076923076923078;
2025;3;BCO TRIANGULO S.A.;;False;False;False;Demais Bancos, Financeiras e Instituições de Pagamento;;59.0;11.0;0.1864406779661017;
2025;3;BECKER FINANCEIRA S.A. - CFI;;False;False;False;Demais Bancos, Financeiras e Instituições de Pagamento;;7.0;1.0;0.14285714285714285;
2025;3;BEES IP;;False;False;False;Demais Bancos, Financeiras e Instituições de Pagamento;;3.0;1.0;0.3333333333333333;
2025;3;BK IP;;False;False;False;Demais Bancos, Financeiras e Instituições de Pagamento;;9.0;6.0;0.6666666666666666;
2025;3;BMG;BMGB4;True;False;True;Demais Bancos, Financeiras e Instituições de Pagamento;122.91;1293.0;239.0;0.1848414539829853;
2025;3;BMW;;False;False;False;Demais Bancos, Financeiras e Instituições de Pagamento;;7.0;1.0;0.14285714285714285;
2025;3;BNP PARIBAS;;False;False;False;Demais Bancos, Financeiras e Instituições de Pagamento;;197.0;22.0;0.1116751269035533;
2025;3;BRADESCO;BBDC4;True;False;True;Top 15 - Bancos, Financeiras e Instituições de Pagamento;51.74;2688.0;474.0;0.17633928571428573;
2025;3;BRB;;False;False;False;Demais Bancos, Financeiras e Instituições de Pagamento;136.73;1114.0;409.0;0.36714542190305205;
2025;3;BS2;;False;False;False;Demais Bancos, Financeiras e Instituições de Pagamento;;100.0;28.0;0.28;
2025;3;BTG PACTUAL/BANCO PAN;BPAC11;True;False;True;Top 15 - Bancos, Financeiras e Instituições de Pagamento;32.23;1473.0;169.0;0.11473183978275628;
2025;3;BULLLA IP;;False;False;False;Demais Bancos, Financeiras e Instituições de Pagamento;;57.0;28.0;0.49122807017543857;
2025;3;CAIXA ECONÔMICA FEDERAL;;False;False;False;Top 15 - Bancos, Financeiras e Instituições de Pagamento;25.87;992.0;187.0;0.18850806451612903;
2025;3;CAIXA GERAL;;False;False;False;Demais Bancos, Financeiras e Instituições de Pagamento;;64.0;0.0;0.0;
2025;3;CALCARD IP;;False;False;False;Demais Bancos, Financeiras e Instituições de Pagamento;;67.0;24.0;0.3582089552238806;
2025;3;CELCOIN IP;;False;False;False;Demais Bancos, Financeiras e Instituições de Pagamento;34.9;353.0;198.0;0.5609065155807366;
2025;3;CIELO IP;;False;False;False;Demais Bancos, Financeiras e Instituições de Pagamento;;47.0;4.0;0.0851063829787234;
2025;3;CITIBANK;;False;False;False;Demais Bancos, Financeiras e Instituições de Pagamento;;12.0;0.0;0.0;
2025;3;CLARA IP;;False;False;False;Demais Bancos, Financeiras e Instituições de Pagamento;;4.0;2.0;0.5;
2025;3;CLARO PAY IP;;False;False;False;Demais Bancos, Financeiras e Instituições de Pagamento;43.3;95.0;38.0;0.4;
2025;3;CLOUDWALK IP;;False;False;False;Top 15 - Bancos, Financeiras e Instituições de Pagamento;9.55;525.0;53.0;0.10095238095238095;
2025;3;COBUCCIO SCFI;;False;False;False;Demais Bancos, Financeiras e Instituições de Pagamento;359.31;1036.0;331.0;0.3194980694980695;
2025;3;COOPER CARD IP;;False;False;False;Demais Bancos, Financeiras e Instituições de Pagamento;;28.0;2.0;0.07142857142857142;
2025;3;CORA SCFI;;False;False;False;Demais Bancos, Financeiras e Instituições de Pagamento;;199.0;19.0;0.09547738693467336;
2025;3;CREDI SHOP S.A.;;False;False;False;Demais Bancos, Financeiras e Instituições de Pagamento;;14.0;1.0;0.07142857142857142;
2025;3;CREDIARE CFI;;False;False;False;Demais Bancos, Financeiras e Instituições de Pagamento;;23.0;7.0;0.30434782608695654;
2025;3;CREDSYSTEM IP;;False;False;False;Demais Bancos, Financeiras e Instituições de Pagamento;25.19;309.0;63.0;0.20388349514563106;
2025;3;CREFISA S.A. CFI;;False;False;False;Demais Bancos, Financeiras e Instituições de Pagamento;115.68;1297.0;309.0;0.2382420971472629;
2025;3;DLOCAL BRASIL INSTITUIÇÃO DE PAGAMENTO - PRUDENCIA;;False;False;False;Demais Bancos, Financeiras e Instituições de Pagamento;;18.0;5.0;0.2777777777777778;
2025;3;DM FINANCEIRA CFI;;False;False;False;Demais Bancos, Financeiras e Instituições de Pagamento;135.21;432.0;179.0;0.41435185185185186;
2025;3;DOCK IP;;False;False;False;Demais Bancos, Financeiras e Instituições de Pagamento;12.19;166.0;41.0;0.2469879518072289;
2025;3;EAGLE SCD;;False;False;False;Demais Bancos, Financeiras e Instituições de Pagamento;;27.0;9.0;0.3333333333333333;
2025;3;EBANX IP;;False;False;False;Demais Bancos, Financeiras e Instituições de Pagamento;29.75;123.0;63.0;0.5121951219512195;
2025;3;EDENRED SOLUCOES E IP AHA;;False;False;False;Demais Bancos, Financeiras e Instituições de Pagamento;;14.0;6.0;0.42857142857142855;
2025;3;EFI S.A. IP;;False;False;False;Demais Bancos, Financeiras e Instituições de Pagamento;135.76;161.0;80.0;0.4968944099378882;
2025;3;EMPRESA BRASILEIRA DE BENEFICIOS E PAGAMENTOS IP -;;False;False;False;Demais Bancos, Financeiras e Instituições de Pagamento;;9.0;7.0;0.7777777777777778;
2025;3;EWALLY IP;;False;False;False;Demais Bancos, Financeiras e Instituições de Pagamento;;8.0;2.0;0.25;
2025;3;FACTA S.A. CFI;;False;False;False;Demais Bancos, Financeiras e Instituições de Pagamento;2660.2;942.0;502.0;0.5329087048832272;
2025;3;FINAMAX S.A. CFI;;False;False;False;Demais Bancos, Financeiras e Instituições de Pagamento;;9.0;3.0;0.3333333333333333;
2025;3;FISERV DO BRASIL IP;;False;False;False;Demais Bancos, Financeiras e Instituições de Pagamento;;4.0;4.0;1.0;
2025;3;FITBANK IP;;False;False;False;Demais Bancos, Financeiras e Instituições de Pagamento;235.69;60.0;30.0;0.5;
2025;3;FLAGSHIP IP;;False;False;False;Demais Bancos, Financeiras e Instituições de Pagamento;;3.0;1.0;0.3333333333333333;
2025;3;FLASH TECNOLOGIA IP;;False;False;False;Demais Bancos, Financeiras e Instituições de Pagamento;;13.0;2.0;0.15384615384615385;
2025;3;FORIS GFS BR IP;;False;False;False;Demais Bancos, Financeiras e Instituições de Pagamento;;4.0;1.0;0.25;
2025;3;GAZINCRED SCFI;;False;False;False;Demais Bancos, Financeiras e Instituições de Pagamento;;7.0;0.0;0.0;
2025;3;GENIAL;;False;False;False;Demais Bancos, Financeiras e Instituições de Pagamento;;79.0;27.0;0.34177215189873417;
2025;3;GM;;False;False;False;Demais Bancos, Financeiras e Instituições de Pagamento;;71.0;10.0;0.14084507042253522;
2025;3;GOOGLE PAY BRASIL IP;;False;False;False;Demais Bancos, Financeiras e Instituições de Pagamento;;9.0;1.0;0.1111111111111111;
2025;3;GRAZZIOTIN FINANCEIRA;;False;False;False;Demais Bancos, Financeiras e Instituições de Pagamento;;8.0;4.0;0.5;
2025;3;HONDA;;False;False;False;Demais Bancos, Financeiras e Instituições de Pagamento;;116.0;24.0;0.20689655172413793;
2025;3;HS FINANCEIRA;;False;False;False;Demais Bancos, Financeiras e Instituições de Pagamento;;26.0;8.0;0.3076923076923077;
2025;3;INDUSTRIAL DO BRASIL;;False;False;False;Demais Bancos, Financeiras e Instituições de Pagamento;;75.0;9.0;0.12;
2025;3;INTER;INBR;True;True;False;Top 15 - Bancos, Financeiras e Instituições de Pagamento;96.37;1014.0;353.0;0.34812623274161736;
2025;3;ITAU;ITUB4;True;False;True;Top 15 - Bancos, Financeiras e Instituições de Pagamento;45.13;3437.0;520.0;0.15129473377945882;
2025;3;IUGU IP;;False;False;False;Demais Bancos, Financeiras e Instituições de Pagamento;171.45;82.0;38.0;0.4634146341463415;
2025;3;JBCRED S.A. SCFI;;False;False;False;Demais Bancos, Financeiras e Instituições de Pagamento;;47.0;6.0;0.1276595744680851;
2025;3;JP MORGAN CHASE;;False;False;False;Demais Bancos, Financeiras e Instituições de Pagamento;;3.0;0.0;0.0;
2025;3;KIWIFY IP;;False;False;False;Demais Bancos, Financeiras e Instituições de Pagamento;;1.0;1.0;1.0;
2025;3;KREDILIG S.A. - CFI;;False;False;False;Demais Bancos, Financeiras e Instituições de Pagamento;;15.0;3.0;0.2;
2025;3;LEBES FINANCEIRA S.A. - CFI;;False;False;False;Demais Bancos, Financeiras e Instituições de Pagamento;;20.0;1.0;0.05;
2025;3;LECCA;;False;False;False;Demais Bancos, Financeiras e Instituições de Pagamento;2146.64;134.0;55.0;0.41044776119402987;
2025;3;MAGALUPAY IP;;False;False;False;Demais Bancos, Financeiras e Instituições de Pagamento;9.03;131.0;31.0;0.2366412213740458;
2025;3;MERCADO BITCOIN IP;;False;False;False;Demais Bancos, Financeiras e Instituições de Pagamento;;13.0;1.0;0.07692307692307693;
2025;3;MERCADO PAGO IP;;False;False;False;Top 15 - Bancos, Financeiras e Instituições de Pagamento;51.58;1748.0;512.0;0.2929061784897025;
2025;3;MERCANTIL DO BRASIL;BMEB4;True;False;True;Demais Bancos, Financeiras e Instituições de Pagamento;306.6;1034.0;503.0;0.4864603481624758;
2025;3;MERCEDES-BENZ;;False;False;False;Demais Bancos, Financeiras e Instituições de Pagamento;;5.0;0.0;0.0;
2025;3;MÊNTORE IP;;False;False;False;Demais Bancos, Financeiras e Instituições de Pagamento;238.44;219.0;153.0;0.6986301369863014;
2025;3;MIDWAY S.A. - SCFI;;False;False;False;Demais Bancos, Financeiras e Instituições de Pagamento;;546.0;22.0;0.040293040293040296;
2025;3;NEGRESCO S.A. - CFI;;False;False;False;Demais Bancos, Financeiras e Instituições de Pagamento;;23.0;1.0;0.043478260869565216;
2025;3;NEON PAGAMENTOS IP;;False;False;False;Top 15 - Bancos, Financeiras e Instituições de Pagamento;34.58;1064.0;363.0;0.34116541353383456;
2025;3;NG CASH IP;;False;False;False;Demais Bancos, Financeiras e Instituições de Pagamento;12.43;59.0;30.0;0.5084745762711864;
2025;3;NOVO BCO CONTINENTAL S.A. - BM;;False;False;False;Demais Bancos, Financeiras e Instituições de Pagamento;;47.0;7.0;0.14893617021276595;
2025;3;NU PAGAMENTOS;;False;False;False;Top 15 - Bancos, Financeiras e Instituições de Pagamento;12.67;1977.0;78.0;0.03945371775417299;
2025;3;NVIO BRASIL BITSO IP;;False;False;False;Demais Bancos, Financeiras e Instituições de Pagamento;;19.0;7.0;0.3684210526315789;
2025;3;OKTO IP;;False;False;False;Demais Bancos, Financeiras e Instituições de Pagamento;;6.0;1.0;0.16666666666666666;
2025;3;OMNI;;False;False;False;Demais Bancos, Financeiras e Instituições de Pagamento;23.08;317.0;33.0;0.10410094637223975;
2025;3;ONEKEY PAYMENTS IP;;False;False;False;Demais Bancos, Financeiras e Instituições de Pagamento;;12.0;1.0;0.08333333333333333;
2025;3;ORIGINAL;;False;False;False;Demais Bancos, Financeiras e Instituições de Pagamento;74.0;445.0;63.0;0.14157303370786517;
2025;3;OURIBANK;;False;False;False;Demais Bancos, Financeiras e Instituições de Pagamento;;62.0;14.0;0.22580645161290322;
2025;3;PAGARE IP;;False;False;False;Demais Bancos, Financeiras e Instituições de Pagamento;;4.0;2.0;0.5;
2025;3;PAGBRASIL IP;;False;False;False;Demais Bancos, Financeiras e Instituições de Pagamento;;21.0;0.0;0.0;
2025;3;PAGCERTO IP;;False;False;False;Demais Bancos, Financeiras e Instituições de Pagamento;;3.0;1.0;0.3333333333333333;
2025;3;PAGSEGURO;;False;False;False;Top 15 - Bancos, Financeiras e Instituições de Pagamento;47.31;1173.0;355.0;0.30264279624893436;
2025;3;PAGUEVELOZ IP;;False;False;False;Demais Bancos, Financeiras e Instituições de Pagamento;;116.0;25.0;0.21551724137931033;
2025;3;PARANÁ BANCO;;False;False;False;Demais Bancos, Financeiras e Instituições de Pagamento;72.43;344.0;86.0;0.25;
2025;3;PAY4FUN IP S.A.;;False;False;False;Demais Bancos, Financeiras e Instituições de Pagamento;;2.0;1.0;0.5;
2025;3;PAYPAL DO BRASIL IP;;False;False;False;Demais Bancos, Financeiras e Instituições de Pagamento;;40.0;5.0;0.125;
2025;3;PEFISA S.A.;;False;False;False;Demais Bancos, Financeiras e Instituições de Pagamento;88.9;475.0;238.0;0.5010526315789474;
2025;3;PICPAY;;False;False;False;Top 15 - Bancos, Financeiras e Instituições de Pagamento;50.06;1981.0;702.0;0.35436648157496214;
2025;3;PINBANK BRASIL IP;;False;False;False;Demais Bancos, Financeiras e Instituições de Pagamento;;15.0;1.0;0.06666666666666667;
2025;3;PINE;;False;False;False;Demais Bancos, Financeiras e Instituições de Pagamento;943.01;813.0;577.0;0.7097170971709718;
2025;3;PLUXEE IP;;False;False;False;Demais Bancos, Financeiras e Instituições de Pagamento;;29.0;9.0;0.3103448275862069;
2025;3;PORTO SEGURO;;False;False;False;Demais Bancos, Financeiras e Instituições de Pagamento;108.22;623.0;144.0;0.23113964686998395;
2025;3;PROVER PROMOCAO DE VENDAS IP;;False;False;False;Demais Bancos, Financeiras e Instituições de Pagamento;;11.0;4.0;0.36363636363636365;
2025;3;QISTA S.A. CFI;;False;False;False;Demais Bancos, Financeiras e Instituições de Pagamento;;35.0;8.0;0.22857142857142856;
2025;3;QUERO-QUERO VERDECARD IP;;False;False;False;Demais Bancos, Financeiras e Instituições de Pagamento;;91.0;19.0;0.2087912087912088;
2025;3;REALIZE SCFI;;False;False;False;Demais Bancos, Financeiras e Instituições de Pagamento;14.95;446.0;45.0;0.10089686098654709;
2025;3;RECARGAPAY IP;;False;False;False;Demais Bancos, Financeiras e Instituições de Pagamento;27.92;497.0;160.0;0.32193158953722334;
2025;3;RENDIMENTO;;False;False;False;Demais Bancos, Financeiras e Instituições de Pagamento;;20.0;2.0;0.1;
2025;3;RODOBENS;;False;False;False;Demais Bancos, Financeiras e Instituições de Pagamento;;13.0;1.0;0.07692307692307693;
2025;3;RPW S/A SCFI;;False;False;False;Demais Bancos, Financeiras e Instituições de Pagamento;;5.0;1.0;0.2;
2025;3;SAFRA;;False;False;False;Demais Bancos, Financeiras e Instituições de Pagamento;137.54;1208.0;274.0;0.22682119205298013;
2025;3;SANTANDER;SANB11;True;False;True;Top 15 - Bancos, Financeiras e Instituições de Pagamento;29.25;1809.0;176.0;0.09729132117191819;
2025;3;SANTINVEST;;False;False;False;Demais Bancos, Financeiras e Instituições de Pagamento;;5.0;2.0;0.4;
2025;3;SEM PARAR IP;;False;False;False;Demais Bancos, Financeiras e Instituições de Pagamento;;74.0;5.0;0.06756756756756757;
2025;3;SENFFNET IP;;False;False;False;Demais Bancos, Financeiras e Instituições de Pagamento;87.56;116.0;46.0;0.39655172413793105;
2025;3;SERVNET IP;;False;False;False;Demais Bancos, Financeiras e Instituições de Pagamento;;3.0;1.0;0.3333333333333333;
2025;3;SHPP BRASIL IP;;False;False;False;Demais Bancos, Financeiras e Instituições de Pagamento;13.04;271.0;73.0;0.2693726937269373;
2025;3;SIMPALA CFI;;False;False;False;Demais Bancos, Financeiras e Instituições de Pagamento;;14.0;2.0;0.14285714285714285;
2025;3;SOCINAL S.A. CFI;;False;False;False;Demais Bancos, Financeiras e Instituições de Pagamento;;84.0;19.0;0.2261904761904762;
2025;3;SOFISA;SFSA4;True;False;False;Demais Bancos, Financeiras e Instituições de Pagamento;198.2;291.0;157.0;0.5395189003436426;
2025;3;STARK SCD;;False;False;False;Demais Bancos, Financeiras e Instituições de Pagamento;;26.0;1.0;0.038461538461538464;
2025;3;STELLANTIS;;False;False;False;Demais Bancos, Financeiras e Instituições de Pagamento;;41.0;6.0;0.14634146341463414;
2025;3;STONE IP;;False;False;False;Demais Bancos, Financeiras e Instituições de Pagamento;13.03;538.0;67.0;0.12453531598513011;
2025;3;STRIPE BRASIL IP PRUDENCIAL;;False;False;False;Demais Bancos, Financeiras e Instituições de Pagamento;;8.0;1.0;0.125;
2025;3;SUMUP IP;;False;False;False;Demais Bancos, Financeiras e Instituições de Pagamento;;33.0;2.0;0.06060606060606061;
2025;3;SUPERBID PAY IP;;False;False;False;Demais Bancos, Financeiras e Instituições de Pagamento;;5.0;4.0;0.8;
2025;3;SWAP IP;;False;False;False;Demais Bancos, Financeiras e Instituições de Pagamento;;43.0;11.0;0.2558139534883721;
2025;3;SWILE IP;;False;False;False;Demais Bancos, Financeiras e Instituições de Pagamento;;6.0;2.0;0.3333333333333333;
2025;3;TODESCREDI S/A - CFI;;False;False;False;Demais Bancos, Financeiras e Instituições de Pagamento;;9.0;0.0;0.0;
2025;3;TRANSFEERA IP;;False;False;False;Demais Bancos, Financeiras e Instituições de Pagamento;;19.0;13.0;0.6842105263157895;
2025;3;V3 IP;;False;False;False;Demais Bancos, Financeiras e Instituições de Pagamento;;10.0;4.0;0.4;
2025;3;VALOR CFI;;False;False;False;Demais Bancos, Financeiras e Instituições de Pagamento;;17.0;6.0;0.35294117647058826;
2025;3;VIA CERTA CFI;;False;False;False;Demais Bancos, Financeiras e Instituições de Pagamento;;17.0;0.0;0.0;
2025;3;VOLKSWAGEN;;False;False;False;Demais Bancos, Financeiras e Instituições de Pagamento;197.55;307.0;71.0;0.23127035830618892;
2025;3;VOLVO;;False;False;False;Demais Bancos, Financeiras e Instituições de Pagamento;;5.0;1.0;0.2;
2025;3;VOTORANTIM;;False;False;False;Demais Bancos, Financeiras e Instituições de Pagamento;53.95;1329.0;237.0;0.17832957110609482;
2025;3;WE PAY OUT IP;;False;False;False;Demais Bancos, Financeiras e Instituições de Pagamento;;5.0;2.0;0.4;
2025;3;WESTERN UNION;;False;False;False;Demais Bancos, Financeiras e Instituições de Pagamento;;6.0;2.0;0.3333333333333333;
2025;3;WISE BRASIL CC;;False;False;False;Demais Bancos, Financeiras e Instituições de Pagamento;10.92;96.0;37.0;0.3854166666666667;
2025;3;WOOVI IP;;False;False;False;Demais Bancos, Financeiras e Instituições de Pagamento;;7.0;3.0;0.42857142857142855;
2025;3;XP;;False;False;False;Demais Bancos, Financeiras e Instituições de Pagamento;27.83;479.0;105.0;0.21920668058455114;
2025;3;YAMAHA MOTOR;;False;False;False;Demais Bancos, Financeiras e Instituições de Pagamento;;68.0;5.0;0.07352941176470588;
2025;3;Z1 INSTITUIÇÃO DE PAGAMENTO;;False;False;False;Demais Bancos, Financeiras e Instituições de Pagamento;;4.0;2.0;0.5;
2025;3;ZEMA CFI;;False;False;False;Demais Bancos, Financeiras e Instituições de Pagamento;135.07;109.0;34.0;0.3119266055045872;
2025;3;ZERO IP;;False;False;False;Demais Bancos, Financeiras e Instituições de Pagamento;;4.0;1.0;0.25;
2025;3;ZOOP TECNOLOGIA IP;;False;False;False;Demais Bancos, Financeiras e Instituições de Pagamento;;81.0;25.0;0.30864197530864196;
2025;4;99PAY IP;;False;False;False;Top 15 - Bancos, Financeiras e Instituições de Pagamento;16.0;570.0;134.0;0.23508771929824562;
2025;4;ABC-BRASIL;ABCB4;True;False;False;Demais Bancos, Financeiras e Instituições de Pagamento;;8.0;1.0;0.125;
2025;4;ACG IP;;False;False;False;Demais Bancos, Financeiras e Instituições de Pagamento;;1.0;1.0;1.0;
2025;4;ADYEN DO BRASIL IP;;False;False;False;Demais Bancos, Financeiras e Instituições de Pagamento;;28.0;5.0;0.17857142857142858;
2025;4;AGIBANK;;False;False;False;Demais Bancos, Financeiras e Instituições de Pagamento;362.43;1262.0;654.0;0.5182250396196514;
2025;4;AGORACRED S/A SCFI;;False;False;False;Demais Bancos, Financeiras e Instituições de Pagamento;;35.0;5.0;0.14285714285714285;
2025;4;AL5 S.A. SCFI;;False;False;False;Demais Bancos, Financeiras e Instituições de Pagamento;;2.0;0.0;0.0;
2025;4;ANDBANK;;False;False;False;Demais Bancos, Financeiras e Instituições de Pagamento;;30.0;3.0;0.1;
2025;4;ASAAS GESTAO FINANCEIRA IP;;False;False;False;Demais Bancos, Financeiras e Instituições de Pagamento;60.73;109.0;41.0;0.3761467889908257;
2025;4;ASTRO IP;;False;False;False;Demais Bancos, Financeiras e Instituições de Pagamento;953.71;68.0;45.0;0.6617647058823529;
2025;4;BANCO AFINZ BM;;False;False;False;Demais Bancos, Financeiras e Instituições de Pagamento;213.39;483.0;124.0;0.2567287784679089;
2025;4;BANCO B3;;False;False;False;Demais Bancos, Financeiras e Instituições de Pagamento;;3.0;0.0;0.0;
2025;4;BANCO BARI DE INVESTIMENTO E FINANCI.;;False;False;False;Demais Bancos, Financeiras e Instituições de Pagamento;902.77;121.0;51.0;0.4214876033057851;
2025;4;BANCO C6;;False;False;False;Top 15 - Bancos, Financeiras e Instituições de Pagamento;51.92;1421.0;384.0;0.27023223082336384;
2025;4;BANCO CNH INDUSTRIAL CAPITAL S.A;;False;False;False;Demais Bancos, Financeiras e Instituições de Pagamento;;9.0;1.0;0.1111111111111111;
2025;4;BANCO DIGIMAIS;;False;False;False;Demais Bancos, Financeiras e Instituições de Pagamento;1464.12;389.0;157.0;0.40359897172236503;
2025;4;BANCO HSBC;;False;False;False;Demais Bancos, Financeiras e Instituições de Pagamento;;12.0;1.0;0.08333333333333333;
2025;4;BANCO PAULISTA;;False;False;False;Demais Bancos, Financeiras e Instituições de Pagamento;;23.0;5.0;0.21739130434782608;
2025;4;BANCO PLENO;;False;False;False;Demais Bancos, Financeiras e Instituições de Pagamento;;18.0;14.0;0.7777777777777778;
2025;4;BANCO PORTO REAL DE INVEST.S.A;;False;False;False;Demais Bancos, Financeiras e Instituições de Pagamento;;1.0;0.0;0.0;
2025;4;BANCO RIBEIRÃO PRETO;;False;False;False;Demais Bancos, Financeiras e Instituições de Pagamento;33146.6;198.0;112.0;0.5656565656565656;
2025;4;BANCO SEMEAR;;False;False;False;Demais Bancos, Financeiras e Instituições de Pagamento;;18.0;1.0;0.05555555555555555;
2025;4;BANCO SICOOB;;False;False;False;Demais Bancos, Financeiras e Instituições de Pagamento;;513.0;20.0;0.03898635477582846;
2025;4;BANCO TOPÁZIO S.A.;;False;False;False;Demais Bancos, Financeiras e Instituições de Pagamento;;19.0;5.0;0.2631578947368421;
2025;4;BANESTES;BEES3;True;False;False;Demais Bancos, Financeiras e Instituições de Pagamento;61.26;211.0;68.0;0.3222748815165877;
2025;4;BANK OF CHINA (BRASIL);;False;False;False;Demais Bancos, Financeiras e Instituições de Pagamento;;24.0;1.0;0.041666666666666664;
2025;4;BANQI IP;;False;False;False;Demais Bancos, Financeiras e Instituições de Pagamento;;104.0;21.0;0.20192307692307693;
2025;4;BANRISUL;BRSR6;True;False;True;Demais Bancos, Financeiras e Instituições de Pagamento;33.35;565.0;61.0;0.1079646017699115;
2025;4;BB;BBAS3;True;False;True;Top 15 - Bancos, Financeiras e Instituições de Pagamento;16.22;963.0;51.0;0.0529595015576324;
2025;4;BBC S.A.;;False;False;False;Demais Bancos, Financeiras e Instituições de Pagamento;;42.0;6.0;0.14285714285714285;
2025;4;BCO ABN AMRO CLEARING;;False;False;False;Demais Bancos, Financeiras e Instituições de Pagamento;;8.0;0.0;0.0;
2025;4;BCO ARBI S.A.;;False;False;False;Demais Bancos, Financeiras e Instituições de Pagamento;;36.0;21.0;0.5833333333333334;
2025;4;BCO CEDULA S.A.;;False;False;False;Demais Bancos, Financeiras e Instituições de Pagamento;;1.0;1.0;1.0;
2025;4;BCO COOPERATIVO SICREDI;;False;False;False;Demais Bancos, Financeiras e Instituições de Pagamento;;24.0;1.0;0.041666666666666664;
2025;4;BCO CSF S.A.;;False;False;False;Demais Bancos, Financeiras e Instituições de Pagamento;24.51;750.0;85.0;0.11333333333333333;
2025;4;BCO DA AMAZONIA S.A.;;False;False;False;Demais Bancos, Financeiras e Instituições de Pagamento;;43.0;10.0;0.23255813953488372;
2025;4;BCO DAYCOVAL S.A;;False;False;False;Demais Bancos, Financeiras e Instituições de Pagamento;41.35;611.0;30.0;0.049099836333878884;
2025;4;BCO DO EST. DE SE S.A.;;False;False;False;Demais Bancos, Financeiras e Instituições de Pagamento;90.01;193.0;70.0;0.3626943005181347;
2025;4;BCO DO EST. DO PA S.A.;;False;False;False;Demais Bancos, Financeiras e Instituições de Pagamento;143.15;254.0;96.0;0.3779527559055118;
2025;4;BCO DO NORDESTE DO BRASIL S.A.;;False;False;False;Demais Bancos, Financeiras e Instituições de Pagamento;;204.0;3.0;0.014705882352941176;
2025;4;BCO FIBRA S.A.;;False;False;False;Demais Bancos, Financeiras e Instituições de Pagamento;;10.0;2.0;0.2;
2025;4;BCO INBURSA S.A.;;False;False;False;Demais Bancos, Financeiras e Instituições de Pagamento;187.54;415.0;70.0;0.1686746987951807;
2025;4;BCO KDB BRASIL S.A.;;False;False;False;Demais Bancos, Financeiras e Instituições de Pagamento;;3.0;0.0;0.0;
2025;4;BCO TOYOTA DO BRASIL S.A.;;False;False;False;Demais Bancos, Financeiras e Instituições de Pagamento;;43.0;11.0;0.2558139534883721;
2025;4;BCO TRIANGULO S.A.;;False;False;False;Demais Bancos, Financeiras e Instituições de Pagamento;;92.0;21.0;0.22826086956521738;
2025;4;BK IP;;False;False;False;Demais Bancos, Financeiras e Instituições de Pagamento;;5.0;4.0;0.8;
2025;4;BMG;BMGB4;True;False;True;Demais Bancos, Financeiras e Instituições de Pagamento;83.18;1279.0;198.0;0.15480844409695074;
2025;4;BMW;;False;False;False;Demais Bancos, Financeiras e Instituições de Pagamento;;8.0;2.0;0.25;
2025;4;BNP PARIBAS;;False;False;False;Demais Bancos, Financeiras e Instituições de Pagamento;;161.0;20.0;0.12422360248447205;
2025;4;BRADESCO;BBDC4;True;False;True;Top 15 - Bancos, Financeiras e Instituições de Pagamento;43.89;2846.0;420.0;0.14757554462403374;
2025;4;BRB;;False;False;False;Demais Bancos, Financeiras e Instituições de Pagamento;190.49;987.0;395.0;0.4002026342451874;
2025;4;BS2;;False;False;False;Demais Bancos, Financeiras e Instituições de Pagamento;137.29;73.0;30.0;0.410958904109589;
2025;4;BTG PACTUAL/BANCO PAN;BPAC11;True;False;True;Top 15 - Bancos, Financeiras e Instituições de Pagamento;33.67;1724.0;181.0;0.10498839907192575;
2025;4;BULLLA IP;;False;False;False;Demais Bancos, Financeiras e Instituições de Pagamento;109.36;102.0;41.0;0.4019607843137255;
2025;4;CAIXA ECONÔMICA FEDERAL;;False;False;False;Top 15 - Bancos, Financeiras e Instituições de Pagamento;17.23;961.0;130.0;0.13527575442247658;
2025;4;CAIXA GERAL;;False;False;False;Demais Bancos, Financeiras e Instituições de Pagamento;;69.0;0.0;0.0;
2025;4;CALCARD IP;;False;False;False;Demais Bancos, Financeiras e Instituições de Pagamento;;57.0;20.0;0.3508771929824561;
2025;4;CELCOIN IP;;False;False;False;Demais Bancos, Financeiras e Instituições de Pagamento;19.23;239.0;99.0;0.41422594142259417;
2025;4;CIELO IP;;False;False;False;Demais Bancos, Financeiras e Instituições de Pagamento;;56.0;5.0;0.08928571428571429;
2025;4;CITIBANK;;False;False;False;Demais Bancos, Financeiras e Instituições de Pagamento;;23.0;1.0;0.043478260869565216;
2025;4;CLARA IP;;False;False;False;Demais Bancos, Financeiras e Instituições de Pagamento;;2.0;0.0;0.0;
2025;4;CLARO PAY IP;;False;False;False;Demais Bancos, Financeiras e Instituições de Pagamento;;62.0;12.0;0.1935483870967742;
2025;4;CLOUDWALK IP;;False;False;False;Top 15 - Bancos, Financeiras e Instituições de Pagamento;6.43;535.0;38.0;0.07102803738317758;
2025;4;COBUCCIO SCFI;;False;False;False;Demais Bancos, Financeiras e Instituições de Pagamento;288.14;1236.0;375.0;0.30339805825242716;
2025;4;CONTAAZUL IP;;False;False;False;Demais Bancos, Financeiras e Instituições de Pagamento;;2.0;1.0;0.5;
2025;4;COOPER CARD IP;;False;False;False;Demais Bancos, Financeiras e Instituições de Pagamento;;15.0;2.0;0.13333333333333333;
2025;4;CORA SCFI;;False;False;False;Demais Bancos, Financeiras e Instituições de Pagamento;;158.0;10.0;0.06329113924050633;
2025;4;CREDI SHOP S.A.;;False;False;False;Demais Bancos, Financeiras e Instituições de Pagamento;;9.0;1.0;0.1111111111111111;
2025;4;CREDIARE CFI;;False;False;False;Demais Bancos, Financeiras e Instituições de Pagamento;;17.0;4.0;0.23529411764705882;
2025;4;CREDSYSTEM IP;;False;False;False;Demais Bancos, Financeiras e Instituições de Pagamento;33.76;313.0;76.0;0.24281150159744408;
2025;4;CREFISA S.A. CFI;;False;False;False;Demais Bancos, Financeiras e Instituições de Pagamento;111.48;1277.0;308.0;0.24119028974158183;
2025;4;DLOCAL BRASIL INSTITUIÇÃO DE PAGAMENTO - PRUDENCIA;;False;False;False;Demais Bancos, Financeiras e Instituições de Pagamento;;12.0;5.0;0.4166666666666667;
2025;4;DM SCFI;;False;False;False;Demais Bancos, Financeiras e Instituições de Pagamento;87.39;454.0;171.0;0.3766519823788546;
2025;4;DOCK IP;;False;False;False;Demais Bancos, Financeiras e Instituições de Pagamento;11.5;123.0;31.0;0.25203252032520324;
2025;4;EAGLE SCD;;False;False;False;Demais Bancos, Financeiras e Instituições de Pagamento;;16.0;6.0;0.375;
2025;4;EBANX IP;;False;False;False;Demais Bancos, Financeiras e Instituições de Pagamento;24.31;83.0;47.0;0.5662650602409639;
2025;4;EDENRED SOLUCOES E IP AHA;;False;False;False;Demais Bancos, Financeiras e Instituições de Pagamento;;5.0;1.0;0.2;
2025;4;EFI S.A. IP;;False;False;False;Demais Bancos, Financeiras e Instituições de Pagamento;107.87;99.0;47.0;0.47474747474747475;
2025;4;EMPRESA BRASILEIRA DE BENEFICIOS E PAGAMENTOS IP -;;False;False;False;Demais Bancos, Financeiras e Instituições de Pagamento;;10.0;3.0;0.3;
2025;4;FACTA S.A. CFI;;False;False;False;Demais Bancos, Financeiras e Instituições de Pagamento;2167.37;808.0;440.0;0.5445544554455446;
2025;4;FINAMAX S.A. CFI;;False;False;False;Demais Bancos, Financeiras e Instituições de Pagamento;;16.0;1.0;0.0625;
2025;4;FITBANK IP;;False;False;False;Demais Bancos, Financeiras e Instituições de Pagamento;;35.0;22.0;0.6285714285714286;
2025;4;FLAGSHIP IP;;False;False;False;Demais Bancos, Financeiras e Instituições de Pagamento;;5.0;1.0;0.2;
2025;4;FLASH TECNOLOGIA IP;;False;False;False;Demais Bancos, Financeiras e Instituições de Pagamento;;1.0;1.0;1.0;
2025;4;FORIS GFS BR IP;;False;False;False;Demais Bancos, Financeiras e Instituições de Pagamento;;3.0;2.0;0.6666666666666666;
2025;4;GAZINCRED SCFI;;False;False;False;Demais Bancos, Financeiras e Instituições de Pagamento;;6.0;1.0;0.16666666666666666;
2025;4;GENIAL;;False;False;False;Demais Bancos, Financeiras e Instituições de Pagamento;20.21;77.0;32.0;0.4155844155844156;
2025;4;GM;;False;False;False;Demais Bancos, Financeiras e Instituições de Pagamento;;66.0;8.0;0.12121212121212122;
2025;4;GOLCRED;;False;False;False;Demais Bancos, Financeiras e Instituições de Pagamento;;3.0;1.0;0.3333333333333333;
2025;4;GOOGLE PAY BRASIL IP;;False;False;False;Demais Bancos, Financeiras e Instituições de Pagamento;;2.0;0.0;0.0;
2025;4;HONDA;;False;False;False;Demais Bancos, Financeiras e Instituições de Pagamento;;136.0;17.0;0.125;
2025;4;HS FINANCEIRA;;False;False;False;Demais Bancos, Financeiras e Instituições de Pagamento;;31.0;20.0;0.6451612903225806;
2025;4;IFOOD PAGO IP;;False;False;False;Demais Bancos, Financeiras e Instituições de Pagamento;;79.0;21.0;0.26582278481012656;
2025;4;INDUSTRIAL DO BRASIL;;False;False;False;Demais Bancos, Financeiras e Instituições de Pagamento;;41.0;6.0;0.14634146341463414;
2025;4;INOVANTI IP;;False;False;False;Demais Bancos, Financeiras e Instituições de Pagamento;;1.0;1.0;1.0;
2025;4;INTER;INBR;True;True;False;Top 15 - Bancos, Financeiras e Instituições de Pagamento;39.23;882.0;171.0;0.19387755102040816;
2025;4;ITAU;ITUB4;True;False;True;Top 15 - Bancos, Financeiras e Instituições de Pagamento;36.24;3703.0;401.0;0.10829057520928977;
2025;4;IUGU IP;;False;False;False;Demais Bancos, Financeiras e Instituições de Pagamento;;54.0;23.0;0.42592592592592593;
2025;4;JBCRED S.A. SCFI;;False;False;False;Demais Bancos, Financeiras e Instituições de Pagamento;;45.0;4.0;0.08888888888888889;
2025;4;JP MORGAN CHASE;;False;False;False;Demais Bancos, Financeiras e Instituições de Pagamento;;2.0;0.0;0.0;
2025;4;KREDILIG S.A. - CFI;;False;False;False;Demais Bancos, Financeiras e Instituições de Pagamento;;9.0;4.0;0.4444444444444444;
2025;4;LEBES FINANCEIRA SCFI;;False;False;False;Demais Bancos, Financeiras e Instituições de Pagamento;;19.0;0.0;0.0;
2025;4;LECCA;;False;False;False;Demais Bancos, Financeiras e Instituições de Pagamento;;92.0;22.0;0.2391304347826087;
2025;4;MAGALUPAY IP;;False;False;False;Demais Bancos, Financeiras e Instituições de Pagamento;;84.0;15.0;0.17857142857142858;
2025;4;MAX IP;;False;False;False;Demais Bancos, Financeiras e Instituições de Pagamento;;10.0;0.0;0.0;
2025;4;MERCADO BITCOIN IP;;False;False;False;Demais Bancos, Financeiras e Instituições de Pagamento;;6.0;1.0;0.16666666666666666;
2025;4;MERCADO PAGO IP;;False;False;False;Top 15 - Bancos, Financeiras e Instituições de Pagamento;38.66;1821.0;441.0;0.24217462932454695;
2025;4;MERCANTIL DO BRASIL;BMEB4;True;False;True;Demais Bancos, Financeiras e Instituições de Pagamento;221.12;878.0;403.0;0.45899772209567197;
2025;4;MÊNTORE IP;;False;False;False;Demais Bancos, Financeiras e Instituições de Pagamento;211.75;198.0;105.0;0.5303030303030303;
2025;4;MIDWAY S.A. - SCFI;;False;False;False;Demais Bancos, Financeiras e Instituições de Pagamento;;485.0;22.0;0.04536082474226804;
2025;4;NAIP IP;;False;False;False;Demais Bancos, Financeiras e Instituições de Pagamento;;16.0;7.0;0.4375;
2025;4;NEGRESCO S.A. - CFI;;False;False;False;Demais Bancos, Financeiras e Instituições de Pagamento;;30.0;2.0;0.06666666666666667;
2025;4;NEON PAGAMENTOS IP;;False;False;False;Top 15 - Bancos, Financeiras e Instituições de Pagamento;39.59;1023.0;360.0;0.3519061583577713;
2025;4;NG CASH IP;;False;False;False;Demais Bancos, Financeiras e Instituições de Pagamento;15.63;40.0;30.0;0.75;
2025;4;NOVO BCO CONTINENTAL S.A. - BM;;False;False;False;Demais Bancos, Financeiras e Instituições de Pagamento;54.3;108.0;34.0;0.3148148148148148;
2025;4;NU PAGAMENTOS;;False;False;False;Top 15 - Bancos, Financeiras e Instituições de Pagamento;12.04;1714.0;64.0;0.03733955659276546;
2025;4;NVIO BRASIL BITSO IP;;False;False;False;Demais Bancos, Financeiras e Instituições de Pagamento;;31.0;7.0;0.22580645161290322;
2025;4;OKTO IP;;False;False;False;Demais Bancos, Financeiras e Instituições de Pagamento;;2.0;0.0;0.0;
2025;4;OMNI;;False;False;False;Demais Bancos, Financeiras e Instituições de Pagamento;;303.0;27.0;0.0891089108910891;
2025;4;ONEKEY PAYMENTS IP;;False;False;False;Demais Bancos, Financeiras e Instituições de Pagamento;;1.0;1.0;1.0;
2025;4;ORIGINAL;;False;False;False;Demais Bancos, Financeiras e Instituições de Pagamento;71.72;420.0;38.0;0.09047619047619047;
2025;4;OURIBANK;;False;False;False;Demais Bancos, Financeiras e Instituições de Pagamento;;47.0;7.0;0.14893617021276595;
2025;4;PAGBRASIL TECNOLOGIA IP;;False;False;False;Demais Bancos, Financeiras e Instituições de Pagamento;;13.0;0.0;0.0;
2025;4;PAGCERTO IP;;False;False;False;Demais Bancos, Financeiras e Instituições de Pagamento;;8.0;1.0;0.125;
2025;4;PAGSEGURO;;False;False;False;Top 15 - Bancos, Financeiras e Instituições de Pagamento;32.09;889.0;223.0;0.2508436445444319;
2025;4;PAGSMILE IP;;False;False;False;Demais Bancos, Financeiras e Instituições de Pagamento;;8.0;1.0;0.125;
2025;4;PAGUEVELOZ IP;;False;False;False;Demais Bancos, Financeiras e Instituições de Pagamento;;111.0;22.0;0.1981981981981982;
2025;4;PARANÁ BANCO;;False;False;False;Demais Bancos, Financeiras e Instituições de Pagamento;41.78;287.0;57.0;0.1986062717770035;
2025;4;PARATI CFI;;False;False;False;Demais Bancos, Financeiras e Instituições de Pagamento;44470.72;380.0;188.0;0.49473684210526314;
2025;4;PAY2ALL IP;;False;False;False;Demais Bancos, Financeiras e Instituições de Pagamento;;1.0;1.0;1.0;
2025;4;PAY4FUN IP S.A.;;False;False;False;Demais Bancos, Financeiras e Instituições de Pagamento;;1.0;0.0;0.0;
2025;4;PAYPAL DO BRASIL IP;;False;False;False;Demais Bancos, Financeiras e Instituições de Pagamento;;24.0;4.0;0.16666666666666666;
2025;4;PEFISA S.A.;;False;False;False;Demais Bancos, Financeiras e Instituições de Pagamento;75.47;476.0;196.0;0.4117647058823529;
2025;4;PICPAY;;False;False;False;Top 15 - Bancos, Financeiras e Instituições de Pagamento;55.52;1716.0;609.0;0.3548951048951049;
2025;4;PINBANK BRASIL IP;;False;False;False;Demais Bancos, Financeiras e Instituições de Pagamento;;4.0;1.0;0.25;
2025;4;PINE;;False;False;False;Demais Bancos, Financeiras e Instituições de Pagamento;491.47;644.0;382.0;0.593167701863354;
2025;4;PLUXEE IP;;False;False;False;Demais Bancos, Financeiras e Instituições de Pagamento;;11.0;3.0;0.2727272727272727;
2025;4;PORTO SEGURO;;False;False;False;Demais Bancos, Financeiras e Instituições de Pagamento;139.2;647.0;170.0;0.26275115919629055;
2025;4;PROTOTYPE IP;;False;False;False;Demais Bancos, Financeiras e Instituições de Pagamento;176253.14;133.0;97.0;0.7293233082706767;
2025;4;PROVER PROMOCAO DE VENDAS IP;;False;False;False;Demais Bancos, Financeiras e Instituições de Pagamento;;3.0;1.0;0.3333333333333333;
2025;4;QISTA S.A. CFI;;False;False;False;Demais Bancos, Financeiras e Instituições de Pagamento;;47.0;18.0;0.3829787234042553;
2025;4;QUERO-QUERO VERDECARD IP;;False;False;False;Demais Bancos, Financeiras e Instituições de Pagamento;;95.0;14.0;0.14736842105263157;
2025;4;RANDON;;False;False;False;Demais Bancos, Financeiras e Instituições de Pagamento;;2.0;0.0;0.0;
2025;4;REALIZE SCFI;;False;False;False;Demais Bancos, Financeiras e Instituições de Pagamento;13.23;474.0;34.0;0.07172995780590717;
2025;4;RECARGAPAY IP;;False;False;False;Demais Bancos, Financeiras e Instituições de Pagamento;17.55;379.0;84.0;0.22163588390501318;
2025;4;RENDIMENTO;;False;False;False;Demais Bancos, Financeiras e Instituições de Pagamento;;17.0;3.0;0.17647058823529413;
2025;4;RODOBENS;;False;False;False;Demais Bancos, Financeiras e Instituições de Pagamento;;9.0;0.0;0.0;
2025;4;RPW S/A SCFI;;False;False;False;Demais Bancos, Financeiras e Instituições de Pagamento;;47.0;8.0;0.1702127659574468;
2025;4;SAFRA;;False;False;False;Demais Bancos, Financeiras e Instituições de Pagamento;132.05;1067.0;238.0;0.22305529522024367;
2025;4;SANTANDER;SANB11;True;False;True;Top 15 - Bancos, Financeiras e Instituições de Pagamento;27.29;1556.0;144.0;0.09254498714652956;
2025;4;SANTINVEST;;False;False;False;Demais Bancos, Financeiras e Instituições de Pagamento;;4.0;0.0;0.0;
2025;4;SEM PARAR IP;;False;False;False;Demais Bancos, Financeiras e Instituições de Pagamento;;95.0;15.0;0.15789473684210525;
2025;4;SENFFNET IP;;False;False;False;Demais Bancos, Financeiras e Instituições de Pagamento;144.89;164.0;78.0;0.47560975609756095;
2025;4;SHPP BRASIL IP;;False;False;False;Demais Bancos, Financeiras e Instituições de Pagamento;10.09;218.0;45.0;0.20642201834862386;
2025;4;SIMPALA CFI;;False;False;False;Demais Bancos, Financeiras e Instituições de Pagamento;;11.0;1.0;0.09090909090909091;
2025;4;SOCINAL S.A. CFI;;False;False;False;Demais Bancos, Financeiras e Instituições de Pagamento;;89.0;6.0;0.06741573033707865;
2025;4;SOFISA;SFSA4;True;False;False;Demais Bancos, Financeiras e Instituições de Pagamento;153.41;208.0;126.0;0.6057692307692307;
2025;4;STARK SCD;;False;False;False;Demais Bancos, Financeiras e Instituições de Pagamento;;34.0;2.0;0.058823529411764705;
2025;4;STELLANTIS;;False;False;False;Demais Bancos, Financeiras e Instituições de Pagamento;;48.0;7.0;0.14583333333333334;
2025;4;STONE IP;;False;False;False;Demais Bancos, Financeiras e Instituições de Pagamento;19.06;462.0;78.0;0.16883116883116883;
2025;4;SUMUP IP;;False;False;False;Demais Bancos, Financeiras e Instituições de Pagamento;;27.0;0.0;0.0;
2025;4;SUPERBID PAY IP;;False;False;False;Demais Bancos, Financeiras e Instituições de Pagamento;;5.0;2.0;0.4;
2025;4;SWAP IP;;False;False;False;Demais Bancos, Financeiras e Instituições de Pagamento;;31.0;11.0;0.3548387096774194;
2025;4;SWILE IP;;False;False;False;Demais Bancos, Financeiras e Instituições de Pagamento;;5.0;3.0;0.6;
2025;4;TODESCREDI S/A - CFI;;False;False;False;Demais Bancos, Financeiras e Instituições de Pagamento;;2.0;0.0;0.0;
2025;4;TRANSFEERA IP;;False;False;False;Demais Bancos, Financeiras e Instituições de Pagamento;;1.0;1.0;1.0;
2025;4;TRANSFERO IP;;False;False;False;Demais Bancos, Financeiras e Instituições de Pagamento;;1.0;0.0;0.0;
2025;4;TRIO IP;;False;False;False;Demais Bancos, Financeiras e Instituições de Pagamento;;17.0;10.0;0.5882352941176471;
2025;4;TYCOON TECHNOLOGY IP;;False;False;False;Demais Bancos, Financeiras e Instituições de Pagamento;;24.0;17.0;0.7083333333333334;
2025;4;UBS (BRASIL);;False;False;False;Demais Bancos, Financeiras e Instituições de Pagamento;;1.0;0.0;0.0;
2025;4;V3 IP;;False;False;False;Demais Bancos, Financeiras e Instituições de Pagamento;;11.0;11.0;1.0;
2025;4;VALOR CFI;;False;False;False;Demais Bancos, Financeiras e Instituições de Pagamento;;38.0;19.0;0.5;
2025;4;VIA CERTA CFI;;False;False;False;Demais Bancos, Financeiras e Instituições de Pagamento;;21.0;0.0;0.0;
2025;4;VISA CONECTA IP;;False;False;False;Demais Bancos, Financeiras e Instituições de Pagamento;;30.0;0.0;0.0;
2025;4;VOLKSWAGEN;;False;False;False;Demais Bancos, Financeiras e Instituições de Pagamento;212.63;308.0;83.0;0.2694805194805195;
2025;4;VOLVO;;False;False;False;Demais Bancos, Financeiras e Instituições de Pagamento;;2.0;0.0;0.0;
2025;4;VOTORANTIM;;False;False;False;Demais Bancos, Financeiras e Instituições de Pagamento;59.55;1087.0;196.0;0.18031278748850046;
2025;4;VOX IP;;False;False;False;Demais Bancos, Financeiras e Instituições de Pagamento;;2.0;2.0;1.0;
2025;4;VR;;False;False;False;Demais Bancos, Financeiras e Instituições de Pagamento;;1.0;1.0;1.0;
2025;4;WISE BRASIL CC;;False;False;False;Demais Bancos, Financeiras e Instituições de Pagamento;;96.0;27.0;0.28125;
2025;4;WOOVI IP;;False;False;False;Demais Bancos, Financeiras e Instituições de Pagamento;;16.0;7.0;0.4375;
2025;4;XP;;False;False;False;Demais Bancos, Financeiras e Instituições de Pagamento;33.89;405.0;108.0;0.26666666666666666;
2025;4;YAMAHA MOTOR;;False;False;False;Demais Bancos, Financeiras e Instituições de Pagamento;;77.0;9.0;0.11688311688311688;
2025;4;Z1 INSTITUIÇÃO DE PAGAMENTO;;False;False;False;Demais Bancos, Financeiras e Instituições de Pagamento;;4.0;0.0;0.0;
2025;4;ZEMA CFI;;False;False;False;Demais Bancos, Financeiras e Instituições de Pagamento;;108.0;25.0;0.23148148148148148;
2025;4;ZERO IP;;False;False;False;Demais Bancos, Financeiras e Instituições de Pagamento;;10.0;2.0;0.2;
2026;1;99PAY IP;;False;False;False;Top 15 - Bancos, Financeiras e Instituições de Pagamento;9.51;568.0;100.0;0.176056338028169;
2026;1;ABC-BRASIL;ABCB4;True;False;False;Demais Bancos, Financeiras e Instituições de Pagamento;;11.0;4.0;0.36363636363636365;
2026;1;ACG IP;;False;False;False;Demais Bancos, Financeiras e Instituições de Pagamento;;1.0;1.0;1.0;
2026;1;ADYEN DO BRASIL IP;;False;False;False;Demais Bancos, Financeiras e Instituições de Pagamento;;37.0;4.0;0.10810810810810811;
2026;1;AGIBANK;;False;False;False;Demais Bancos, Financeiras e Instituições de Pagamento;218.64;805.0;369.0;0.4583850931677019;
2026;1;AGORACRED S/A SCFI;;False;False;False;Demais Bancos, Financeiras e Instituições de Pagamento;;49.0;4.0;0.08163265306122448;
2026;1;AL5 S.A. SCFI;;False;False;False;Demais Bancos, Financeiras e Instituições de Pagamento;;5.0;0.0;0.0;
2026;1;ANDBANK;;False;False;False;Demais Bancos, Financeiras e Instituições de Pagamento;;49.0;6.0;0.12244897959183673;
2026;1;ASAAS GESTAO FINANCEIRA IP;;False;False;False;Demais Bancos, Financeiras e Instituições de Pagamento;69.7;156.0;60.0;0.38461538461538464;
2026;1;ASTRO IP;;False;False;False;Demais Bancos, Financeiras e Instituições de Pagamento;836.13;75.0;44.0;0.5866666666666667;
2026;1;AVANCARD PROVER IP;;False;False;False;Demais Bancos, Financeiras e Instituições de Pagamento;;2.0;2.0;1.0;
2026;1;BANCO AFINZ BM;;False;False;False;Demais Bancos, Financeiras e Instituições de Pagamento;150.5;419.0;99.0;0.23627684964200477;
2026;1;BANCO BARI DE INVESTIMENTO E FINANCI.;;False;False;False;Demais Bancos, Financeiras e Instituições de Pagamento;519.74;106.0;37.0;0.3490566037735849;
2026;1;BANCO C6;;False;False;False;Top 15 - Bancos, Financeiras e Instituições de Pagamento;55.3;1356.0;371.0;0.27359882005899705;
2026;1;BANCO CNH INDUSTRIAL CAPITAL S.A;;False;False;False;Demais Bancos, Financeiras e Instituições de Pagamento;;5.0;0.0;0.0;
2026;1;BANCO DIGIMAIS;;False;False;False;Demais Bancos, Financeiras e Instituições de Pagamento;1665.06;353.0;166.0;0.4702549575070821;
2026;1;BANCO HSBC;;False;False;False;Demais Bancos, Financeiras e Instituições de Pagamento;;2.0;1.0;0.5;
2026;1;BANCO PACCAR;;False;False;False;Demais Bancos, Financeiras e Instituições de Pagamento;;1.0;0.0;0.0;
2026;1;BANCO PAULISTA;;False;False;False;Demais Bancos, Financeiras e Instituições de Pagamento;;14.0;4.0;0.2857142857142857;
2026;1;BANCO RIBEIRÃO PRETO;;False;False;False;Demais Bancos, Financeiras e Instituições de Pagamento;42318.23;288.0;149.0;0.5173611111111112;
2026;1;BANCO SEMEAR;;False;False;False;Demais Bancos, Financeiras e Instituições de Pagamento;;40.0;6.0;0.15;
2026;1;BANCO SICOOB;;False;False;False;Demais Bancos, Financeiras e Instituições de Pagamento;11.58;551.0;30.0;0.0544464609800363;
2026;1;BANCO TOPÁZIO S.A.;;False;False;False;Demais Bancos, Financeiras e Instituições de Pagamento;;10.0;4.0;0.4;
2026;1;BANESTES;BEES3;True;False;False;Demais Bancos, Financeiras e Instituições de Pagamento;61.07;190.0;68.0;0.35789473684210527;
2026;1;BANK OF CHINA (BRASIL);;False;False;False;Demais Bancos, Financeiras e Instituições de Pagamento;;9.0;0.0;0.0;
2026;1;BANQI IP;;False;False;False;Demais Bancos, Financeiras e Instituições de Pagamento;;128.0;19.0;0.1484375;
2026;1;BANRISUL;BRSR6;True;False;True;Demais Bancos, Financeiras e Instituições de Pagamento;36.59;591.0;85.0;0.14382402707275804;
2026;1;BARU SCFI;;False;False;False;Demais Bancos, Financeiras e Instituições de Pagamento;;1.0;1.0;1.0;
2026;1;BB;BBAS3;True;False;True;Top 15 - Bancos, Financeiras e Instituições de Pagamento;19.36;940.0;64.0;0.06808510638297872;
2026;1;BBC S.A.;;False;False;False;Demais Bancos, Financeiras e Instituições de Pagamento;;42.0;6.0;0.14285714285714285;
2026;1;BCO ABN AMRO CLEARING;;False;False;False;Demais Bancos, Financeiras e Instituições de Pagamento;;4.0;0.0;0.0;
2026;1;BCO ARBI S.A.;;False;False;False;Demais Bancos, Financeiras e Instituições de Pagamento;;69.0;29.0;0.42028985507246375;
2026;1;BCO COOPERATIVO SICREDI;;False;False;False;Demais Bancos, Financeiras e Instituições de Pagamento;;14.0;0.0;0.0;
2026;1;BCO CSF S.A.;;False;False;False;Demais Bancos, Financeiras e Instituições de Pagamento;12.78;612.0;41.0;0.06699346405228758;
2026;1;BCO DA AMAZONIA S.A.;;False;False;False;Demais Bancos, Financeiras e Instituições de Pagamento;;69.0;17.0;0.2463768115942029;
2026;1;BCO DAYCOVAL S.A;;False;False;False;Demais Bancos, Financeiras e Instituições de Pagamento;42.99;654.0;35.0;0.053516819571865444;
2026;1;BCO DE LAGE LANDEN BRASIL S.A.;;False;False;False;Demais Bancos, Financeiras e Instituições de Pagamento;;2.0;1.0;0.5;
2026;1;BCO DO EST. DE SE S.A.;;False;False;False;Demais Bancos, Financeiras e Instituições de Pagamento;52.1;161.0;41.0;0.2546583850931677;
2026;1;BCO DO EST. DO PA S.A.;;False;False;False;Demais Bancos, Financeiras e Instituições de Pagamento;197.9;317.0;153.0;0.48264984227129337;
2026;1;BCO DO NORDESTE DO BRASIL S.A.;;False;False;False;Demais Bancos, Financeiras e Instituições de Pagamento;;210.0;13.0;0.06190476190476191;
2026;1;BCO FIBRA S.A.;;False;False;False;Demais Bancos, Financeiras e Instituições de Pagamento;;14.0;3.0;0.21428571428571427;
2026;1;BCO INBURSA S.A.;;False;False;False;Demais Bancos, Financeiras e Instituições de Pagamento;166.04;333.0;79.0;0.23723723723723725;
2026;1;BCO INDUSCRED DE INVESTIM. S/A;;False;False;False;Demais Bancos, Financeiras e Instituições de Pagamento;;3.0;0.0;0.0;
2026;1;BCO KDB BRASIL S.A.;;False;False;False;Demais Bancos, Financeiras e Instituições de Pagamento;;1.0;0.0;0.0;
2026;1;BCO TOYOTA DO BRASIL S.A.;;False;False;False;Demais Bancos, Financeiras e Instituições de Pagamento;;48.0;17.0;0.3541666666666667;
2026;1;BCO TRIANGULO S.A.;;False;False;False;Demais Bancos, Financeiras e Instituições de Pagamento;38.66;143.0;34.0;0.23776223776223776;
2026;1;BECKER FINANCEIRA S.A. - CFI;;False;False;False;Demais Bancos, Financeiras e Instituições de Pagamento;;2.0;0.0;0.0;
2026;1;BELVO IP;;False;False;False;Demais Bancos, Financeiras e Instituições de Pagamento;;1.0;0.0;0.0;
2026;1;BK IP;;False;False;False;Demais Bancos, Financeiras e Instituições de Pagamento;;14.0;9.0;0.6428571428571429;
2026;1;BMG;BMGB4;True;False;True;Demais Bancos, Financeiras e Instituições de Pagamento;77.0;1062.0;174.0;0.1638418079096045;
2026;1;BMW;;False;False;False;Demais Bancos, Financeiras e Instituições de Pagamento;;5.0;1.0;0.2;
2026;1;BNP PARIBAS;;False;False;False;Demais Bancos, Financeiras e Instituições de Pagamento;;115.0;13.0;0.11304347826086956;
2026;1;BRADESCO;BBDC4;True;False;True;Top 15 - Bancos, Financeiras e Instituições de Pagamento;48.92;2508.0;348.0;0.13875598086124402;
2026;1;BRB;;False;False;False;Demais Bancos, Financeiras e Instituições de Pagamento;386.13;1220.0;724.0;0.5934426229508196;
2026;1;BS2;;False;False;False;Demais Bancos, Financeiras e Instituições de Pagamento;166.1;107.0;53.0;0.4953271028037383;
2026;1;BTG PACTUAL/BANCO PAN;BPAC11;True;False;True;Top 15 - Bancos, Financeiras e Instituições de Pagamento;42.81;1496.0;239.0;0.15975935828877005;
2026;1;BULLLA IP;;False;False;False;Demais Bancos, Financeiras e Instituições de Pagamento;204.3;147.0;100.0;0.6802721088435374;
2026;1;CAIXA ECONÔMICA FEDERAL;;False;False;False;Top 15 - Bancos, Financeiras e Instituições de Pagamento;23.12;981.0;165.0;0.16819571865443425;
2026;1;CAIXA GERAL;;False;False;False;Demais Bancos, Financeiras e Instituições de Pagamento;;87.0;0.0;0.0;
2026;1;CALCARD IP;;False;False;False;Demais Bancos, Financeiras e Instituições de Pagamento;;95.0;18.0;0.18947368421052632;
2026;1;CARUANA SCFI;;False;False;False;Demais Bancos, Financeiras e Instituições de Pagamento;;10.0;3.0;0.3;
2026;1;CELCOIN IP;;False;False;False;Demais Bancos, Financeiras e Instituições de Pagamento;12.97;260.0;78.0;0.3;
2026;1;CIELO IP;;False;False;False;Demais Bancos, Financeiras e Instituições de Pagamento;;71.0;7.0;0.09859154929577464;
2026;1;CITIBANK;;False;False;False;Demais Bancos, Financeiras e Instituições de Pagamento;;9.0;0.0;0.0;
2026;1;CLARA IP;;False;False;False;Demais Bancos, Financeiras e Instituições de Pagamento;;2.0;0.0;0.0;
2026;1;CLARO PAY IP;;False;False;False;Demais Bancos, Financeiras e Instituições de Pagamento;83.66;131.0;65.0;0.4961832061068702;
2026;1;CLOUDWALK IP;;False;False;False;Top 15 - Bancos, Financeiras e Instituições de Pagamento;6.67;558.0;40.0;0.07168458781362007;
2026;1;COBUCCIO SCFI;;False;False;False;Demais Bancos, Financeiras e Instituições de Pagamento;224.87;1157.0;472.0;0.4079515989628349;
2026;1;CONTA PRONTA IP;;False;False;False;Demais Bancos, Financeiras e Instituições de Pagamento;;1.0;0.0;0.0;
2026;1;COOPER CARD IP;;False;False;False;Demais Bancos, Financeiras e Instituições de Pagamento;;34.0;1.0;0.029411764705882353;
2026;1;CORA SCFI;;False;False;False;Demais Bancos, Financeiras e Instituições de Pagamento;;178.0;22.0;0.12359550561797752;
2026;1;CREDI SHOP S.A.;;False;False;False;Demais Bancos, Financeiras e Instituições de Pagamento;;33.0;3.0;0.09090909090909091;
2026;1;CREDIARE CFI;;False;False;False;Demais Bancos, Financeiras e Instituições de Pagamento;;22.0;2.0;0.09090909090909091;
2026;1;CREDSYSTEM IP;;False;False;False;Demais Bancos, Financeiras e Instituições de Pagamento;22.82;312.0;53.0;0.16987179487179488;
2026;1;CREFISA S.A. CFI;;False;False;False;Demais Bancos, Financeiras e Instituições de Pagamento;79.6;1035.0;272.0;0.26280193236714977;
2026;1;DLOCAL BRASIL INSTITUIÇÃO DE PAGAMENTO - PRUDENCIA;;False;False;False;Demais Bancos, Financeiras e Instituições de Pagamento;;41.0;22.0;0.5365853658536586;
2026;1;DM SCFI;;False;False;False;Demais Bancos, Financeiras e Instituições de Pagamento;84.2;507.0;205.0;0.40433925049309666;
2026;1;DOCK IP;;False;False;False;Demais Bancos, Financeiras e Instituições de Pagamento;11.35;169.0;47.0;0.2781065088757396;
2026;1;EAGLE SCD;;False;False;False;Demais Bancos, Financeiras e Instituições de Pagamento;;19.0;8.0;0.42105263157894735;
2026;1;EBANX IP;;False;False;False;Demais Bancos, Financeiras e Instituições de Pagamento;165.56;64.0;37.0;0.578125;
2026;1;EDENRED SOLUCOES E IP AHA;;False;False;False;Demais Bancos, Financeiras e Instituições de Pagamento;;10.0;4.0;0.4;
2026;1;EFI S.A. IP;;False;False;False;Demais Bancos, Financeiras e Instituições de Pagamento;82.91;126.0;42.0;0.3333333333333333;
2026;1;EMPRESA BRASILEIRA DE BENEFICIOS E PAGAMENTOS IP -;;False;False;False;Demais Bancos, Financeiras e Instituições de Pagamento;;7.0;3.0;0.42857142857142855;
2026;1;FACILITA IP;;False;False;False;Demais Bancos, Financeiras e Instituições de Pagamento;;1.0;0.0;0.0;
2026;1;FACTA S.A. CFI;;False;False;False;Demais Bancos, Financeiras e Instituições de Pagamento;984.99;784.0;363.0;0.4630102040816326;
2026;1;FINAMAX S.A. CFI;;False;False;False;Demais Bancos, Financeiras e Instituições de Pagamento;;4.0;0.0;0.0;
2026;1;FINAXIS;;False;False;False;Demais Bancos, Financeiras e Instituições de Pagamento;;2.0;1.0;0.5;
2026;1;FISERV DO BRASIL IP;;False;False;False;Demais Bancos, Financeiras e Instituições de Pagamento;;1.0;1.0;1.0;
2026;1;FITS IP;;False;False;False;Demais Bancos, Financeiras e Instituições de Pagamento;;40.0;24.0;0.6;
2026;1;FLAGSHIP IP;;False;False;False;Demais Bancos, Financeiras e Instituições de Pagamento;;3.0;1.0;0.3333333333333333;
2026;1;FLASH TECNOLOGIA IP;;False;False;False;Demais Bancos, Financeiras e Instituições de Pagamento;;1.0;0.0;0.0;
2026;1;FORIS GFS BR IP;;False;False;False;Demais Bancos, Financeiras e Instituições de Pagamento;;8.0;5.0;0.625;
2026;1;GAZINCRED SCFI;;False;False;False;Demais Bancos, Financeiras e Instituições de Pagamento;;9.0;0.0;0.0;
2026;1;GENIAL;;False;False;False;Demais Bancos, Financeiras e Instituições de Pagamento;28.89;102.0;56.0;0.5490196078431373;
2026;1;GM;;False;False;False;Demais Bancos, Financeiras e Instituições de Pagamento;;89.0;20.0;0.2247191011235955;
2026;1;GOLCRED;;False;False;False;Demais Bancos, Financeiras e Instituições de Pagamento;;5.0;1.0;0.2;
2026;1;GOOGLE PAY BRASIL IP;;False;False;False;Demais Bancos, Financeiras e Instituições de Pagamento;;3.0;0.0;0.0;
2026;1;HONDA;;False;False;False;Demais Bancos, Financeiras e Instituições de Pagamento;;119.0;24.0;0.20168067226890757;
2026;1;HS FINANCEIRA;;False;False;False;Demais Bancos, Financeiras e Instituições de Pagamento;;38.0;16.0;0.42105263157894735;
2026;1;IFOOD PAGO IP;;False;False;False;Demais Bancos, Financeiras e Instituições de Pagamento;;66.0;23.0;0.3484848484848485;
2026;1;INDUSTRIAL DO BRASIL;;False;False;False;Demais Bancos, Financeiras e Instituições de Pagamento;;44.0;14.0;0.3181818181818182;
2026;1;INTER;INBR;True;True;False;Top 15 - Bancos, Financeiras e Instituições de Pagamento;34.86;890.0;167.0;0.18764044943820224;
2026;1;ITAU;ITUB4;True;False;True;Top 15 - Bancos, Financeiras e Instituições de Pagamento;34.12;3223.0;361.0;0.11200744647843625;
2026;1;IUGU IP;;False;False;False;Demais Bancos, Financeiras e Instituições de Pagamento;;43.0;19.0;0.4418604651162791;
2026;1;JBCRED S.A. SCFI;;False;False;False;Demais Bancos, Financeiras e Instituições de Pagamento;;38.0;4.0;0.10526315789473684;
2026;1;JP MORGAN CHASE;;False;False;False;Demais Bancos, Financeiras e Instituições de Pagamento;;5.0;0.0;0.0;
2026;1;KREDILIG S.A. - CFI;;False;False;False;Demais Bancos, Financeiras e Instituições de Pagamento;;12.0;2.0;0.16666666666666666;
2026;1;LEBES FINANCEIRA SCFI;;False;False;False;Demais Bancos, Financeiras e Instituições de Pagamento;;28.0;7.0;0.25;
2026;1;LECCA;;False;False;False;Demais Bancos, Financeiras e Instituições de Pagamento;3121.08;179.0;67.0;0.3743016759776536;
2026;1;MAGALUPAY IP;;False;False;False;Demais Bancos, Financeiras e Instituições de Pagamento;;89.0;5.0;0.056179775280898875;
2026;1;MAX IP;;False;False;False;Demais Bancos, Financeiras e Instituições de Pagamento;;10.0;2.0;0.2;
2026;1;MERCADO BITCOIN;;False;False;False;Demais Bancos, Financeiras e Instituições de Pagamento;;6.0;2.0;0.3333333333333333;
2026;1;MERCADO PAGO IP;;False;False;False;Top 15 - Bancos, Financeiras e Instituições de Pagamento;30.26;1660.0;379.0;0.2283132530120482;
2026;1;MERCANTIL DO BRASIL;BMEB4;True;False;True;Demais Bancos, Financeiras e Instituições de Pagamento;178.93;852.0;360.0;0.4225352112676056;
2026;1;MERCEDES-BENZ;;False;False;False;Demais Bancos, Financeiras e Instituições de Pagamento;;7.0;2.0;0.2857142857142857;
2026;1;MÊNTORE IP;;False;False;False;Demais Bancos, Financeiras e Instituições de Pagamento;216.64;267.0;176.0;0.6591760299625468;
2026;1;MIDWAY S.A. - SCFI;;False;False;False;Demais Bancos, Financeiras e Instituições de Pagamento;;586.0;27.0;0.04607508532423208;
2026;1;MT IP;;False;False;False;Demais Bancos, Financeiras e Instituições de Pagamento;210836.54;44.0;31.0;0.7045454545454546;
2026;1;NAIP IP;;False;False;False;Demais Bancos, Financeiras e Instituições de Pagamento;;42.0;19.0;0.4523809523809524;
2026;1;NEGRESCO S.A. - CFI;;False;False;False;Demais Bancos, Financeiras e Instituições de Pagamento;;29.0;1.0;0.034482758620689655;
2026;1;NEON PAGAMENTOS IP;;False;False;False;Top 15 - Bancos, Financeiras e Instituições de Pagamento;30.55;1043.0;311.0;0.2981783317353787;
2026;1;NG CASH IP;;False;False;False;Demais Bancos, Financeiras e Instituições de Pagamento;16.58;85.0;54.0;0.6352941176470588;
2026;1;NOVO BCO CONTINENTAL S.A. - BM;;False;False;False;Demais Bancos, Financeiras e Instituições de Pagamento;67.42;162.0;52.0;0.32098765432098764;
2026;1;NU PAGAMENTOS;;False;False;False;Top 15 - Bancos, Financeiras e Instituições de Pagamento;10.65;1748.0;78.0;0.04462242562929062;
2026;1;NVIO BRASIL BITSO IP;;False;False;False;Demais Bancos, Financeiras e Instituições de Pagamento;;32.0;11.0;0.34375;
2026;1;OKTO IP;;False;False;False;Demais Bancos, Financeiras e Instituições de Pagamento;;4.0;0.0;0.0;
2026;1;OMNI;;False;False;False;Demais Bancos, Financeiras e Instituições de Pagamento;22.67;344.0;31.0;0.09011627906976744;
2026;1;ONEKEY PAYMENTS IP;;False;False;False;Demais Bancos, Financeiras e Instituições de Pagamento;;2.0;0.0;0.0;
2026;1;ORIGINAL;;False;False;False;Demais Bancos, Financeiras e Instituições de Pagamento;55.24;493.0;42.0;0.08519269776876268;
2026;1;OURIBANK;;False;False;False;Demais Bancos, Financeiras e Instituições de Pagamento;;67.0;4.0;0.05970149253731343;
2026;1;PAGBRASIL TECNOLOGIA IP;;False;False;False;Demais Bancos, Financeiras e Instituições de Pagamento;;37.0;0.0;0.0;
2026;1;PAGCERTO IP;;False;False;False;Demais Bancos, Financeiras e Instituições de Pagamento;;5.0;1.0;0.2;
2026;1;PAGSEGURO;;False;False;False;Top 15 - Bancos, Financeiras e Instituições de Pagamento;27.83;900.0;179.0;0.1988888888888889;
2026;1;PAGSMILE IP;;False;False;False;Demais Bancos, Financeiras e Instituições de Pagamento;;5.0;0.0;0.0;
2026;1;PAGUEVELOZ IP;;False;False;False;Demais Bancos, Financeiras e Instituições de Pagamento;;176.0;26.0;0.14772727272727273;
2026;1;PARANÁ BANCO;;False;False;False;Demais Bancos, Financeiras e Instituições de Pagamento;38.83;277.0;80.0;0.2888086642599278;
2026;1;PARATI CFI;;False;False;False;Demais Bancos, Financeiras e Instituições de Pagamento;41341.58;571.0;245.0;0.4290718038528897;
2026;1;PAY4FUN IP S.A.;;False;False;False;Demais Bancos, Financeiras e Instituições de Pagamento;;3.0;0.0;0.0;
2026;1;PAYPAL DO BRASIL IP;;False;False;False;Demais Bancos, Financeiras e Instituições de Pagamento;;43.0;5.0;0.11627906976744186;
2026;1;PEFISA S.A.;;False;False;False;Demais Bancos, Financeiras e Instituições de Pagamento;86.94;456.0;217.0;0.4758771929824561;
2026;1;PICPAY;;False;False;False;Top 15 - Bancos, Financeiras e Instituições de Pagamento;37.22;1567.0;514.0;0.32801531589023614;
2026;1;PINBANK BRASIL IP;;False;False;False;Demais Bancos, Financeiras e Instituições de Pagamento;;20.0;14.0;0.7;
2026;1;PINE;;False;False;False;Demais Bancos, Financeiras e Instituições de Pagamento;192.31;558.0;253.0;0.45340501792114696;
2026;1;PLUXEE IP;;False;False;False;Demais Bancos, Financeiras e Instituições de Pagamento;;26.0;6.0;0.23076923076923078;
2026;1;PORTO SEGURO;;False;False;False;Demais Bancos, Financeiras e Instituições de Pagamento;150.52;591.0;180.0;0.30456852791878175;
2026;1;PROTOTYPE IP;;False;False;False;Demais Bancos, Financeiras e Instituições de Pagamento;;45.0;15.0;0.3333333333333333;
2026;1;QISTA S.A. CFI;;False;False;False;Demais Bancos, Financeiras e Instituições de Pagamento;;59.0;12.0;0.2033898305084746;
2026;1;QUERO-QUERO VERDECARD IP;;False;False;False;Demais Bancos, Financeiras e Instituições de Pagamento;;77.0;17.0;0.22077922077922077;
2026;1;REALIZE SCFI;;False;False;False;Demais Bancos, Financeiras e Instituições de Pagamento;10.66;502.0;32.0;0.06374501992031872;
2026;1;RECARGAPAY IP;;False;False;False;Demais Bancos, Financeiras e Instituições de Pagamento;24.42;577.0;177.0;0.30675909878682844;
2026;1;RENDIMENTO;;False;False;False;Demais Bancos, Financeiras e Instituições de Pagamento;;18.0;4.0;0.2222222222222222;
2026;1;RODOBENS;;False;False;False;Demais Bancos, Financeiras e Instituições de Pagamento;;8.0;3.0;0.375;
2026;1;RPW S/A SCFI;;False;False;False;Demais Bancos, Financeiras e Instituições de Pagamento;;45.0;17.0;0.37777777777777777;
2026;1;SAFRA;;False;False;False;Demais Bancos, Financeiras e Instituições de Pagamento;148.07;1057.0;271.0;0.2563859981078524;
2026;1;SANTANDER;SANB11;True;False;True;Top 15 - Bancos, Financeiras e Instituições de Pagamento;34.49;1605.0;187.0;0.11651090342679128;
2026;1;SANTINVEST;;False;False;False;Demais Bancos, Financeiras e Instituições de Pagamento;;6.0;1.0;0.16666666666666666;
2026;1;SCANIA;;False;False;False;Demais Bancos, Financeiras e Instituições de Pagamento;;1.0;0.0;0.0;
2026;1;SEM PARAR IP;;False;False;False;Demais Bancos, Financeiras e Instituições de Pagamento;;104.0;15.0;0.14423076923076922;
2026;1;SENFFNET IP;;False;False;False;Demais Bancos, Financeiras e Instituições de Pagamento;142.67;193.0;97.0;0.5025906735751295;
2026;1;SERVNET IP;;False;False;False;Demais Bancos, Financeiras e Instituições de Pagamento;;2.0;1.0;0.5;
2026;1;SHPP BRASIL IP;;False;False;False;Demais Bancos, Financeiras e Instituições de Pagamento;12.73;286.0;88.0;0.3076923076923077;
2026;1;SIMPALA CFI;;False;False;False;Demais Bancos, Financeiras e Instituições de Pagamento;;16.0;6.0;0.375;
2026;1;SOCINAL S.A. CFI;;False;False;False;Demais Bancos, Financeiras e Instituições de Pagamento;;83.0;8.0;0.0963855421686747;
2026;1;SOFISA;SFSA4;True;False;False;Demais Bancos, Financeiras e Instituições de Pagamento;169.28;318.0;164.0;0.5157232704402516;
2026;1;STARK SCD;;False;False;False;Demais Bancos, Financeiras e Instituições de Pagamento;;44.0;11.0;0.25;
2026;1;STELLANTIS;;False;False;False;Demais Bancos, Financeiras e Instituições de Pagamento;;98.0;11.0;0.11224489795918367;
2026;1;STONE IP;;False;False;False;Demais Bancos, Financeiras e Instituições de Pagamento;30.77;406.0;91.0;0.22413793103448276;
2026;1;STRIPE BRASIL IP PRUDENCIAL;;False;False;False;Demais Bancos, Financeiras e Instituições de Pagamento;;4.0;1.0;0.25;
2026;1;SUMUP IP;;False;False;False;Demais Bancos, Financeiras e Instituições de Pagamento;;45.0;7.0;0.15555555555555556;
2026;1;SUPERBID PAY IP;;False;False;False;Demais Bancos, Financeiras e Instituições de Pagamento;;10.0;6.0;0.6;
2026;1;SWAP IP;;False;False;False;Demais Bancos, Financeiras e Instituições de Pagamento;;58.0;29.0;0.5;
2026;1;SWILE IP;;False;False;False;Demais Bancos, Financeiras e Instituições de Pagamento;;8.0;6.0;0.75;
2026;1;TBANKS IP;;False;False;False;Demais Bancos, Financeiras e Instituições de Pagamento;;1.0;1.0;1.0;
2026;1;TODESCREDI S/A - CFI;;False;False;False;Demais Bancos, Financeiras e Instituições de Pagamento;;2.0;0.0;0.0;
2026;1;TRANSFEERA IP;;False;False;False;Demais Bancos, Financeiras e Instituições de Pagamento;;3.0;2.0;0.6666666666666666;
2026;1;TRANSFERO IP;;False;False;False;Demais Bancos, Financeiras e Instituições de Pagamento;;2.0;2.0;1.0;
2026;1;TRIO IP;;False;False;False;Demais Bancos, Financeiras e Instituições de Pagamento;;14.0;9.0;0.6428571428571429;
2026;1;TYCOON TECHNOLOGY IP;;False;False;False;Demais Bancos, Financeiras e Instituições de Pagamento;;30.0;17.0;0.5666666666666667;
2026;1;V3 IP;;False;False;False;Demais Bancos, Financeiras e Instituições de Pagamento;;2.0;2.0;1.0;
2026;1;VALOR CFI;;False;False;False;Demais Bancos, Financeiras e Instituições de Pagamento;;48.0;15.0;0.3125;
2026;1;VIA CERTA CFI;;False;False;False;Demais Bancos, Financeiras e Instituições de Pagamento;;33.0;2.0;0.06060606060606061;
2026;1;VOLKSWAGEN;;False;False;False;Demais Bancos, Financeiras e Instituições de Pagamento;253.81;322.0;96.0;0.2981366459627329;
2026;1;VOTORANTIM;;False;False;False;Demais Bancos, Financeiras e Instituições de Pagamento;58.37;1087.0;209.0;0.1922723091076357;
2026;1;VOX IP;;False;False;False;Demais Bancos, Financeiras e Instituições de Pagamento;;11.0;5.0;0.45454545454545453;
2026;1;VR;;False;False;False;Demais Bancos, Financeiras e Instituições de Pagamento;;6.0;3.0;0.5;
2026;1;WESTERN UNION;;False;False;False;Demais Bancos, Financeiras e Instituições de Pagamento;;3.0;1.0;0.3333333333333333;
2026;1;WISE BRASIL CC;;False;False;False;Demais Bancos, Financeiras e Instituições de Pagamento;13.53;128.0;48.0;0.375;
2026;1;WOOVI IP;;False;False;False;Demais Bancos, Financeiras e Instituições de Pagamento;;17.0;13.0;0.7647058823529411;
2026;1;XP;;False;False;False;Demais Bancos, Financeiras e Instituições de Pagamento;26.42;422.0;92.0;0.21800947867298578;
2026;1;YAMAHA MOTOR;;False;False;False;Demais Bancos, Financeiras e Instituições de Pagamento;;69.0;11.0;0.15942028985507245;
2026;1;Z1 INSTITUIÇÃO DE PAGAMENTO;;False;False;False;Demais Bancos, Financeiras e Instituições de Pagamento;;1.0;0.0;0.0;
2026;1;ZEMA CFI;;False;False;False;Demais Bancos, Financeiras e Instituições de Pagamento;;81.0;16.0;0.19753086419753085;
2026;1;ZERO IP;;False;False;False;Demais Bancos, Financeiras e Instituições de Pagamento;;9.0;6.0;0.6666666666666666;
