Date,Close,High,Low,Open,Volume
2016-01-04,3.7535696029663086,3.8228234307373716,3.5365736911877286,3.785888324600838,159370
2016-01-05,3.693549633026123,3.845908344399781,3.6335292831726447,3.7535697458136803,229579
2016-01-06,3.6704647541046143,3.6843158042471407,3.605827547391784,3.6289123148747766,216872
2016-01-07,3.661231517791748,3.684316288307712,3.555041857897447,3.6242956953134495,164215
2016-01-08,3.6104447841644287,3.6981662818952366,3.6104447841644287,3.647379889609818,138802
2016-01-11,3.555041551589966,3.661231202334814,3.485787246009124,3.661231202334814,115758
2016-01-12,3.5596578121185303,3.6242950151941287,3.5181053752269102,3.6242950151941287,147309
2016-01-13,3.545807123184204,3.6612304685540407,3.5411897910987373,3.6612304685540407,247454
2016-01-14,3.675081968307495,3.7535702378189058,3.5781267352692243,3.6012115064745833,234209
2016-01-15,3.642763137817383,3.712016961815156,3.5596577904091777,3.665847429728775,435252
2016-01-18,3.642763137817383,3.651997091647839,3.5227226862850505,3.651997091647839,236255
2016-01-19,3.6889326572418213,3.7166345221985755,3.596594055649689,3.6519975484972687,185321
2016-01-20,3.656614065170288,3.7443360423442775,3.624295342183693,3.651997443409234,166261
2016-01-21,3.5688929557800293,3.679699239310923,3.5688929557800293,3.6473805127595456,145263
2016-01-22,3.6473801136016846,3.6796988366162022,3.5781262828735287,3.6104450058880464,156462
2016-01-26,3.6150615215301514,3.6935495417480033,3.5781261778348568,3.6935495417480033,252300
2016-01-27,3.5873594284057617,3.6473792908674705,3.5550407126813317,3.638145575288378,813002
2016-01-28,3.6150615215301514,3.6381462891391467,3.573509082073509,3.573509082073509,73547
2016-01-29,3.716634511947632,3.781271248404734,3.6473802053456517,3.66123125631879,237870
2016-02-01,3.8320581912994385,3.8320581912994385,3.665847947154639,3.670465043254509,124480
2016-02-02,3.7397189140319824,3.804356126476356,3.7166346186338752,3.804356126476356,170569
2016-02-03,3.7535696029663086,3.832057859202763,3.721251118397691,3.739718552933002,335000
2016-02-04,3.8551416397094727,3.942863601548186,3.799738632273378,3.8412910656498593,169276
2016-02-05,4.085989475250244,4.085989475250244,3.9059293544476206,3.9059293544476206,102406
2016-02-10,4.076755046844482,4.0906058594279395,3.9705654046826773,3.9705654046826773,81515
2016-02-11,3.8551416397094727,4.062904280723639,3.832057349610117,4.062904280723639,517522
2016-02-12,3.8782265186309814,3.9336297647713905,3.8320574629351567,3.905928378767073,130295
2016-02-15,3.901310682296753,3.97056449223337,3.8505243021396596,3.901310682296753,102406
2016-02-16,3.965949058532715,4.016734979754105,3.8782270813711373,3.9474813861615035,135895
2016-02-17,3.970564603805542,4.0167338907492525,3.859758362553808,3.984415650661098,219672
2016-02-18,3.8551416397094727,3.9336296484425635,3.818206301418743,3.9243959324028213,406716
2016-02-19,3.8551416397094727,3.91977883731707,3.8135892063329915,3.8551416397094727,229471
2016-02-22,4.016734600067139,4.016734600067139,3.887460431556622,3.887460431556622,176491
2016-02-23,3.9243955612182617,4.002883088395937,3.8597583697243008,3.984415658063174,236147
2016-02-24,3.901310682296753,3.924395443652859,3.790504444158655,3.924395443652859,140310
2016-02-25,3.961331605911255,3.965948938729941,3.8320579032178554,3.9197794035977123,169061
2016-02-26,4.035202503204346,4.039819598654942,3.9336299592797124,3.9751823959396853,129326
2016-02-29,4.062904357910156,4.122924224506371,4.007500638223869,4.039819356174594,302803
2016-03-01,4.155242919921875,4.215262786192583,4.081371768205888,4.13215791831151,160016
2016-03-02,4.201412677764893,4.307601604774458,4.15524314616214,4.15524314616214,232163
2016-03-03,4.695424556732178,4.695424556732178,4.695424556732178,4.695424556732178,631773
2016-03-04,4.778529167175293,5.032460377920207,4.68157301916196,4.695424303848214,586115
2016-03-07,4.561532497406006,4.778528830212839,4.524597163242414,4.74159302191754,578147
2016-03-08,4.6400227546691895,4.778530910752805,4.56615158004729,4.57538529907556,294726
2016-03-09,4.473812580108643,4.829316658572961,4.455344195386927,4.663106885660001,398209
2016-03-10,4.847782611846924,4.995524903100011,4.570766408412045,4.580000597947693,1520692
2016-03-11,5.050929546356201,5.212521744389365,4.72312663184437,4.760061977848183,735148
2016-03-14,5.074012279510498,5.194052467065308,4.977056615757696,5.124798421527593,358582
2016-03-15,4.8016133308410645,5.01399209388669,4.644637331698541,4.893951902855176,355029
2016-03-16,4.778529167175293,4.806230314152578,4.56153281906676,4.755444166829943,416300
2016-03-17,4.990907669067383,5.170967722143984,4.926270714780098,5.124798672280944,341676
2016-03-18,5.263309955596924,5.263309955596924,4.972442326137842,5.00014443411048,332523
2016-03-21,5.263309955596924,5.387966833748018,5.152502946102252,5.184821676960363,260699
2016-03-22,5.170969009399414,5.46645318308627,5.083247982475146,5.263308554507545,630803
2016-03-23,5.074012279510498,5.217137464999008,4.98629033045216,5.217137464999008,373550
2016-03-24,5.0601630210876465,5.161735336248626,4.9585907059266665,4.963207327622815,664077
2016-03-28,5.586493492126465,5.586493492126465,5.129416687207236,5.129416687207236,511599
2016-03-29,5.748085975646973,5.812722939638985,5.558791704871357,5.5818762332688365,813648
2016-03-30,5.632663249969482,5.932764036466068,5.632663249969482,5.7988730038688505,511599
2016-03-31,5.678832054138184,5.868126329507644,5.461836154366764,5.581876368731324,647710
2016-04-01,5.563408374786377,5.775787649950904,5.466452690883496,5.609577906117393,478002
2016-04-04,5.392581939697266,5.5403242613755275,5.323328348708602,5.5403242613755275,225702
2016-04-05,5.447986602783203,5.531091495218843,5.31409554523642,5.327946360642359,198243
2016-04-06,5.2863922119140625,5.489537773418303,5.212521055536903,5.40181627898546,203196
2016-04-07,5.332562446594238,5.434134766598865,5.332562446594238,5.374114888632093,244762
2016-04-08,5.526473045349121,5.701916506150038,5.457218985278787,5.457218985278787,507292
2016-04-11,5.614193916320801,5.683448442845699,5.526472432710625,5.526472432710625,496954
2016-04-12,5.641896724700928,5.771170656090784,5.586493475781904,5.678832065936344,281912
2016-04-13,5.6095781326293945,5.863509854005937,5.498771632266076,5.766554166188032,517091
2016-04-14,5.438751220703125,5.715767444109516,5.383347501890085,5.674215010598558,395840
2016-04-15,5.517239570617676,5.572642821103072,5.44798550751093,5.521856192070251,320786
2016-04-18,5.378731727600098,5.568026018681142,5.378731727600098,5.54955810950305,274590
2016-04-19,5.447986602783203,5.535708591731459,5.337180079535684,5.447986602783203,273190
2016-04-20,5.447986602783203,5.471071137082467,5.360264613834947,5.447986602783203,153124
2016-04-22,5.355647087097168,5.457219400167908,5.3325620825641415,5.360263708698311,196412
2016-04-25,5.240222454071045,5.369496841930054,5.175585497207407,5.314093600580727,160339
2016-04-26,5.314094543457031,5.355646981841649,5.24945710099308,5.26330838791977,215472
2016-04-27,5.355647087097168,5.438751965499679,5.2910096433628855,5.369497900164253,266083
2016-04-28,5.438751220703125,5.438751220703125,5.249456485287583,5.351029258580514,139448
2016-04-29,5.471070766448975,5.471070766448975,5.378732161375418,5.457219951981347,143325
2016-05-02,5.314094543457031,5.494155109790375,5.309477447814801,5.494155109790375,135141
2016-05-03,5.120182514190674,5.221755770037249,5.087864268201456,5.221755770037249,201043
2016-05-04,5.166352272033691,5.217138902172754,5.018610425565108,5.092481585865311,125557
2016-05-05,5.34641170501709,5.41566575493005,5.170967795816442,5.226371509878533,334354
2016-05-06,5.471070766448975,5.498772395384229,5.314095185237117,5.314095185237117,554672
2016-05-09,5.563408374786377,5.568025470159015,5.355646669126279,5.471069786256135,403809
2016-05-10,5.752703666687012,5.7896390107740885,5.604961342075032,5.609578437885355,433098
2016-05-11,5.812722682952881,5.886593834347212,5.748085721815195,5.877359644090568,456466
2016-05-12,5.9466142654418945,6.011251227568204,5.766553716396243,5.863509396651594,549180
2016-05-13,5.923529624938965,6.020485785240818,5.840425225210722,5.932763815900171,631342
2016-05-16,5.872744560241699,5.9974018941486555,5.872744560241699,5.9096799085405385,191351
2016-05-17,5.697299957275391,5.932764258232976,5.678832522239693,5.87274390903737,279436
2016-05-18,5.678832054138184,5.817340176147983,5.563408461086085,5.697299487651625,354490
2016-05-19,5.678832054138184,5.720384490741123,5.632662996222782,5.688065770894904,196197
2016-05-20,5.715767860412598,5.766554013692148,5.6465133253851425,5.766554013692148,173261
2016-05-23,5.794255256652832,5.854275596855592,5.6049605199101915,5.641896332711166,199643
2016-05-24,5.752703666687012,5.881977608057699,5.720384944278422,5.858893077269756,201689
2016-05-25,5.757321357727051,5.854277060844902,5.692683906227227,5.725002631977139,57071
2016-05-27,5.697299957275391,5.794256124806065,5.674215900546687,5.766554498120683,155493
2016-05-30,5.706534385681152,5.757320541114513,5.683449381649047,5.701916815916551,152263
2016-05-31,5.614193916320801,5.743468305498611,5.609577295582416,5.683448442845699,510738
2016-06-01,5.6095781326293945,5.678832195356469,5.55879197800681,5.641896853279299,91314
2016-06-02,5.517239570617676,5.692683039110826,5.387965161441148,5.609578163382732,214072
2016-06-03,5.540325164794922,5.609579241208156,5.447986554287911,5.5495588836060525,213642
2016-06-06,5.508005619049072,5.568025967729762,5.415667022267255,5.549558058720665,170999
2016-06-07,5.637279987335205,5.641897083082341,5.461836512657808,5.461836512657808,246485
2016-06-08,5.725000858306885,5.794254910506802,5.581875659049811,5.632662280084242,177783
2016-06-09,5.752703666687012,5.785021914963766,5.692683317680155,5.725002040088745,43396
2016-06-10,5.595727920532227,5.738852682771609,5.544941760460045,5.734236060848958,59010
2016-06-13,5.618811130523682,5.618811130523682,5.392580608149002,5.54955660837185,126634
2016-06-14,5.471070766448975,5.641897636260334,5.46645367024914,5.614195533193205,143325
2016-06-15,5.475686550140381,5.5449410860069035,5.42490039624552,5.5449410860069035,115327
2016-06-16,5.600344181060791,5.600344181060791,5.364880377651638,5.447985249443104,124373
2016-06-17,5.494154930114746,5.609578050209451,5.484921213264075,5.6003443333587795,93468
2016-06-20,5.701916694641113,5.701916694641113,5.531090323575057,5.563408569921712,102190
2016-06-21,5.494154930114746,5.609578050209451,5.494154930114746,5.609578050209451,223764
2016-06-22,5.447986602783203,5.577261037949278,5.443369980402495,5.540325214112167,154093
2016-06-23,5.655747890472412,5.655747890472412,5.484921971526077,5.484921971526077,111020
2016-06-24,5.503388404846191,5.50800502600252,5.355646571076271,5.406432722718354,192428
2016-06-27,5.489537715911865,5.4941548113032574,5.36488040753041,5.480303525129081,90776
2016-06-28,5.674215793609619,5.711151137116762,5.540324284399052,5.54494138013688,182629
2016-06-29,5.96508264541626,6.015868804143953,5.711151377645942,5.757320914573204,185106
2016-06-30,6.034336566925049,6.094356916057,5.909679246973035,5.946615065268929,108328
2016-07-01,6.063913822174072,6.151655062319006,5.971298096152739,6.093161231802227,80078
2016-07-04,6.0834126472473145,6.1516554538604185,6.039541777197665,6.098036105807265,39985
2016-07-05,6.19552755355835,6.3271401898289215,6.044417463041245,6.117535264722744,89011
2016-07-06,6.117532730102539,6.2150234215320594,6.044414958715244,6.190650995859524,98156
2016-07-07,6.0785393714904785,6.190653564848515,6.078539371490478,6.117535268748999,97199
2016-07-08,6.36126184463501,6.385634279449069,6.078539128942557,6.078539128942557,241191
2016-07-11,6.565991401672363,6.600113302814892,6.361261477926734,6.385633911335792,211202
2016-07-12,6.673231601715088,6.751224383257765,6.556242923770957,6.58061585339175,187380
2016-07-13,6.780471324920654,6.824342202867449,6.585489864877072,6.721976985781557,171216
2016-07-14,7.063192367553711,7.072941339364563,6.795093665276182,6.795093665276182,207267
2016-07-15,6.95107889175415,7.111937919871371,6.921831481133887,7.111937919871371,112088
2016-07-18,7.214303970336914,7.302045223854926,6.946204734423851,6.951079715413035,198653
2016-07-19,7.043694019317627,7.263047849940439,6.98032521181744,7.21430249931651,247678
2016-07-20,6.848712921142578,7.009572437038371,6.7317247665644455,6.921831197512332,578838
2016-07-21,6.678103446960449,6.882833799557916,6.62935810137202,6.824339483725738,250018
2016-07-22,6.770722389221191,6.804843798863564,6.658608197370769,6.726851511025399,141333
2016-07-25,6.824340343475342,6.84871277215522,6.731724620122056,6.7707205060098605,250443
2016-07-26,6.736600399017334,6.8925854670677955,6.678106060294645,6.824342154286306,177277
2016-07-27,6.775595188140869,6.819466055406026,6.580614269940947,6.702477405612119,160688
2016-07-28,6.751220703125,6.7999660414253125,6.678102448489725,6.76584415630421,104112
2016-07-29,6.873085975646973,6.921831329365432,6.7463483526008385,6.7463483526008385,156008
2016-08-01,6.692728519439697,6.980326177338457,6.692728519439696,6.873086490006331,121340
2016-08-02,6.58061408996582,6.775595002833154,6.483123386347279,6.6781042992146125,100815
2016-08-03,6.756099224090576,6.756099224090577,6.531870830560974,6.585490190920749,101772
2016-08-04,7.004697799682617,7.014447265525526,6.785343964057567,6.804841907003883,213222
2016-08-05,6.941330909729004,7.01444920473138,6.902335013055616,7.004699736193146,357320
2016-08-08,6.824340343475342,6.941328989878256,6.7707205060098605,6.941328989878256,309784
2016-08-09,6.936455726623535,6.994949565764198,6.824341546197588,6.863337933327868,340518
2016-08-10,6.829216003417969,6.970577597176043,6.814592543695704,6.970577597176043,262779
2016-08-11,6.907208442687988,6.912082434656096,6.82434118620374,6.868211563245012,305424
2016-08-12,6.873085975646973,6.941329273104908,6.8243406219285125,6.912081863125924,187061
2016-08-15,6.897457122802734,6.92183004231493,6.824339353005505,6.873084697660217,275966
2016-08-16,6.824340343475342,6.897458123884726,6.809716886267415,6.897458123884726,184190
2016-08-17,6.790219306945801,6.824341205778923,6.580614910704609,6.824341205778923,215562
2016-08-18,6.731724262237549,6.809716524236538,6.692727389683468,6.809716524236538,193974
2016-08-19,6.726850509643555,6.736599482375824,6.624485801584911,6.726850509643554,214073
2016-08-22,6.58061408996582,6.726849651023883,6.565990138364214,6.726849651023883,220028
2016-08-23,6.653731822967529,6.702477174428614,6.585488034300162,6.595237500088176,280433
2016-08-24,6.6001129150390625,6.6781051917356224,6.575740483061955,6.6781051917356224,115597
2016-08-25,6.5562424659729,6.663482162328519,6.531870032423828,6.590364367311452,202588
2016-08-26,6.756099224090576,6.799970104209392,6.531870830560974,6.595239659901527,223431
2016-08-29,6.970577239990234,6.994949177241978,6.653732662691193,6.653732662691193,224389
2016-08-30,7.004697799682617,7.014447265525526,6.912081581948119,6.970576399526566,200461
2016-08-31,6.994950294494629,7.107064980970465,6.897460058067201,7.019323224378903,314463
2016-09-01,6.8877105712890625,7.043695630082633,6.838965703887808,6.999824755051652,225771
2016-09-02,7.116812229156494,7.116812229156494,6.902333365537176,6.960827196585361,305849
2016-09-05,6.994950294494629,7.1168139551762195,6.96082888477449,7.1168139551762195,187912
2016-09-06,6.965704441070557,7.019323803626975,6.863339214722988,7.019323803626975,134846
2016-09-08,6.985200881958008,7.009573314218057,6.902334117904017,6.916957082890224,161645
2016-09-09,6.877960205078125,6.994948357521843,6.819465881671389,6.955952471497188,241616
2016-09-12,6.8877105712890625,6.946204906540419,6.751223953825845,6.848714182998207,146437
2016-09-13,6.643983840942383,6.8682117000628145,6.6391093545073625,6.8682117000628145,140163
2016-09-14,6.678103446960449,6.702476366939508,6.565989300417968,6.62935810137202,151755
2016-09-15,6.74147367477417,6.75122314145112,6.6147360460415445,6.75122314145112,107515
2016-09-16,6.336887359619141,6.756097090455616,6.336887359619141,6.756097090455616,729849
2016-09-19,6.483124256134033,6.570865505666433,6.410005971425581,6.434378897785004,349770
2016-09-20,6.629360198974609,6.687855027684884,6.483124610308458,6.483124610308458,24246
2016-09-21,6.74147367477417,6.746348655297542,6.5903636152736516,6.63910897117923,50620
2016-09-22,6.775595188140869,6.8340895130378225,6.60498719369704,6.8048421034044635,214498
2016-09-23,6.775595188140869,6.819466055406026,6.687853947980321,6.819466055406026,79652
2016-09-26,6.775595188140869,6.775595188140869,6.5854882614484485,6.692727939487823,155051
2016-09-27,6.702477931976318,6.775595720247211,6.653732575005788,6.775595720247211,188975
2016-09-28,6.629360198974609,6.775596282010605,6.585489324626827,6.70247848767753,259376
2016-09-29,6.5074968338012695,6.68785481204114,6.439253528332852,6.629359985216978,264587
2016-09-30,6.58061408996582,6.64885689038115,6.434378034538008,6.449001986139615,167281
2016-10-03,6.624485492706299,6.678104840233682,6.531869267328511,6.678104840233682,189082
2016-10-04,6.726850509643555,6.741473968741959,6.556242003719398,6.556242003719398,170471
2016-10-05,6.69760274887085,6.741473618255044,6.570865121200765,6.726850159916908,300000
2016-10-06,6.673231601715088,6.751224383257765,6.604988783012542,6.6976040369659975,284367
2016-10-07,6.814591407775879,6.873085731284395,6.702477246520408,6.702477246520408,206310
2016-10-10,6.848712921142578,6.9364546550383785,6.795093576880408,6.814591520248469,155158
2016-10-11,6.814591407775879,6.90233314022353,6.760971570028925,6.90233314022353,157497
2016-10-13,6.941330909729004,6.946205396813177,6.712228039293303,6.829216718053241,158773
2016-10-14,6.955953121185303,7.014447944425224,6.829215491028335,6.960827607393663,164729
2016-10-17,7.033945083618164,7.048568540568331,6.858462117106924,6.95107833319747,234385
2016-10-18,7.180181503295898,7.180181503295899,7.009573001966097,7.043694899979978,413045
2016-10-19,7.150932788848877,7.165556739259274,7.092438964686131,7.160682253912379,142609
2016-10-20,7.13631010055542,7.165557013757182,7.043693886677046,7.141184586089047,347111
2016-10-21,7.029071807861328,7.146060472339065,7.029071807861328,7.146060472339065,98794
2016-10-24,7.1411871910095215,7.189932558496571,7.053445430658849,7.053445430658849,970934
2016-10-25,7.189931869506836,7.214304303729869,7.072942702126693,7.141186506690909,344134
2016-10-26,7.311794757843018,7.423908939845405,7.150934720464985,7.185057115849843,506417
2016-10-27,7.272799491882324,7.409286128253663,7.258175535266171,7.331293835237172,215136
2016-10-28,7.360538959503174,7.487276581534127,7.258173272581574,7.311793606175169,374974
2016-10-31,7.497025489807129,7.49702548980713,7.380036840559012,7.404409764201398,286175
2016-11-01,7.336167335510254,7.599392092372949,7.204555204263832,7.531148783369985,234385
2016-11-03,7.253299236297607,7.345914962116523,7.146059558511693,7.345914962116523,258738
2016-11-04,7.272799491882324,7.384913691176609,7.175308754834271,7.214305148527476,120383
2016-11-07,7.1411871910095215,7.438533388873626,7.087566841840847,7.3117957300292415,336902
2016-11-08,6.907208442687988,7.111938351990024,6.819466699865821,7.063192994241022,474726
2016-11-09,6.824340343475342,6.907207589726427,6.580614079197562,6.619609965085367,291493
2016-11-10,6.58061408996582,7.0095722960218545,6.497746843579135,6.921831058260967,374229
2016-11-11,6.3320136070251465,6.575740395396006,6.215024946355058,6.575740395396006,767814
2016-11-14,6.38563346862793,6.414880386691149,6.176028578362283,6.332013624475551,429210
2016-11-16,6.5318684577941895,6.668355535875769,6.336887058926141,6.385632408643153,521624
2016-11-17,6.336887359619141,6.619610005897559,6.327138388087084,6.580614119769331,428997
2016-11-18,6.410006523132324,6.512372229408697,6.32226526604807,6.336888726500469,169940
2016-11-21,6.51237154006958,6.609861760469359,6.434378770505988,6.434378770505988,208543
2016-11-22,6.5318684577941895,6.990074053016479,6.50262105021609,6.5806138075112015,519497
2016-11-23,6.5611162185668945,6.678104372067747,6.517245352022977,6.531868809414364,259163
2016-11-24,6.751220703125,6.790216578269559,6.595235719437924,6.673227964096656,139312
2016-11-25,6.736600399017334,6.829216641315707,6.570866356908071,6.692729521382847,294364
2016-11-28,6.692728519439697,6.79996870114163,6.639109170143441,6.692728519439696,215243
2016-11-29,6.58061408996582,6.756097059857346,6.512370795180742,6.6781042992146125,118149
2016-11-30,6.726850509643555,6.746348949477907,6.585488921916206,6.585488921916206,250443
2016-12-01,6.336887359619141,6.336887359619141,6.336887359619141,6.336887359619141,308933
2016-12-02,6.351511478424072,6.429504247542944,6.219899360294459,6.327139047055553,589685
2016-12-05,6.3320136070251465,6.40513189072131,6.239397378007238,6.40513189072131,162176
2016-12-06,6.483124256134033,6.50749668812364,6.239397464388886,6.3368881810869455,419213
2016-12-07,6.458750247955322,6.517245063672324,6.336887119679329,6.473374199069441,213541
2016-12-08,6.434377193450928,6.507494964422171,6.317388562149064,6.4879970239950895,394754
2016-12-09,6.629360198974609,6.682980541020668,6.429504762632244,6.507497043629535,144629
2016-12-12,6.356387615203857,6.629360873660437,6.332014685032445,6.629360873660437,206522
2016-12-13,6.38563346862793,6.4928731569326885,6.341763091533102,6.3905079549718,180361
2016-12-14,6.336887359619141,6.42462909214716,6.332012873853112,6.42462909214716,267458
2016-12-15,6.356387615203857,6.3807600510053755,6.268645857578604,6.375885563845072,156115
2016-12-16,6.5074968338012695,6.653732912122017,6.317390376917143,6.410006114920771,199078
2016-12-19,6.336887359619141,6.556241196569435,6.288142007589102,6.507495844539397,289685
2016-12-20,6.322265148162842,6.449003286163383,6.249147352894344,6.414880890337646,225133
2016-12-21,6.307640075683594,6.356385923049627,6.249146245331784,6.356385923049627,52747
2016-12-22,6.395382404327393,6.453876734485334,6.263770285064476,6.283268230327186,158561
2016-12-23,6.526993751525879,6.648856380142594,6.419754084649091,6.439252026128611,229812
2016-12-26,6.546493053436279,6.614736357165998,6.502622181620811,6.502622181620811,52641
2016-12-27,6.692728519439697,6.79996870114163,6.541617961040827,6.624485711244462,236512
2016-12-28,6.809718608856201,6.912083329575655,6.678105977582834,6.692729438489915,266820
2016-12-29,6.790219306945801,6.936455380612277,6.751223416130591,6.848713637538429,351046
2017-01-02,6.815792083740234,6.9233285727165645,6.698013828579464,6.8618795175801415,206076
2017-01-03,7.1076788902282715,7.107678890228272,6.86188007960015,6.867000449121679,281540
2017-01-04,7.312509536743164,7.332992553729573,7.015502963495034,7.076952528444297,328165
2017-01-05,7.430286884307861,7.450770926794329,7.292025636906418,7.317630047527033,214812
2017-01-06,7.501980304718018,7.5224633235512135,7.343234981297927,7.420047201405062,176396
2017-01-09,7.476376056671143,7.501980473275534,7.384202212855716,7.501980473275534,169029
2017-01-10,7.476376056671143,7.5378261425315864,7.368839562893081,7.476376056671143,181448
2017-01-11,7.527584552764893,7.57879235919671,7.481497629774278,7.501980649548984,253964
2017-01-12,8.014060020446777,8.147200398978702,7.604395577613074,7.604395577613074,535715
2017-01-13,8.121598243713379,8.188168700055698,7.952611147162766,8.1676856804081,412258
2017-01-16,8.126717567443848,8.264979859737394,8.008939320142362,8.13695933294486,391419
2017-01-17,8.167684555053711,8.21377095741838,8.049905280844925,8.126717493422806,282171
2017-01-18,8.090872764587402,8.203530133989743,7.937247817426791,8.172805350153645,410995
2017-01-19,8.044785499572754,8.183046772722925,7.973094164463733,8.08575205020506,376053
2017-01-20,7.9884562492370605,8.090872361586127,7.865556606024162,8.085751478870169,1674189
2017-01-23,8.106236457824707,8.167686551299912,7.93724934325559,8.039665994384213,228705
2017-01-24,8.393000602722168,8.393000602722168,8.111356635603984,8.111356635603984,553291
2017-01-26,8.587590217590332,8.684885446570922,8.449328441146854,8.449328441146854,1578623
2017-01-27,8.577348709106445,8.643919671971112,8.469811711542045,8.5875904747764,1815854
2017-01-30,8.459569931030273,8.577348694057994,8.408362130750428,8.577348694057994,164398
2017-01-31,8.474931716918945,8.536381276596364,8.398120024317167,8.459569070004592,193762
2017-02-01,8.556865692138672,8.664402696167357,8.44420780496718,8.556865692138672,312904
2017-02-02,8.556865692138672,8.654160929881746,8.46469185152848,8.490295239262352,227652
2017-02-03,8.602953910827637,8.623437445266493,8.515900431432875,8.551746102710748,286276
2017-02-06,8.628557205200195,8.730973842177558,8.56198726494806,8.6029533029509,257438
2017-02-07,8.756577491760254,8.756577491760254,8.618315704017402,8.65928225482826,449201
2017-02-08,8.700247764587402,8.858992561123875,8.664402099048194,8.746335195706399,239440
2017-02-09,9.191844940185547,9.217448839096587,8.756576602737766,8.756576602737766,421099
2017-02-10,9.29426097869873,9.381314435111914,9.217448258821234,9.248173552368229,392787
2017-02-13,9.493973731994629,9.550302934369924,9.278899717085528,9.37107458861234,799994
2017-02-14,9.662959098815918,9.69368439479676,9.442764742216768,9.453006507543716,751475
2017-02-15,10.082866668701172,10.149436610331122,9.66808077092918,9.67832253763691,1902684
2017-02-16,9.883155822753906,10.154558014787979,9.765376019522606,10.0879870451312,1099847
2017-02-17,9.627113342285156,9.878032992470493,9.596389074577592,9.80634166384611,850198
2017-02-20,9.570784568786621,9.755134295066625,9.504214633836694,9.627113766036633,376579
2017-02-21,9.31474494934082,9.703926922437573,9.243053614400377,9.60663168615842,920925
2017-02-22,9.243054389953613,9.437644878839347,9.191846582979522,9.314745730909435,804941
2017-02-23,9.627113342285156,9.903636891553479,9.22769066622648,9.22769066622648,1174258
2017-02-24,9.319867134094238,9.616873237109779,9.217450492103199,9.596390731095752,1146683
2017-03-01,9.627113342285156,9.80634166384611,9.371073323475244,9.647596872743566,1859321
2017-03-02,9.642477035522461,9.662960569293471,9.412040878529346,9.524699286289689,2076239
2017-03-03,9.908759117126465,9.929242651423584,9.65271905033343,9.66296081748199,552870
2017-03-06,10.041899681091309,10.134074554207857,9.934363699762278,9.934363699762278,808940
2017-03-07,10.287696838378906,10.364508531182546,10.000931540477335,10.062381100316244,991336
2017-03-08,10.113592147827148,10.446443917828518,10.047021177038745,10.318423373686318,827885
2017-03-09,9.847308158874512,10.139193855693552,9.816583889725191,10.139193855693552,332164
2017-03-10,10.09822940826416,10.09822940826416,9.826827200200627,9.831947569870398,483933
2017-03-13,10.113592147827148,10.210887391302341,9.919000632896546,10.103350380938146,364791
2017-03-14,9.954846382141113,10.164800035083864,9.954846382141113,10.164800035083864,502877
2017-03-15,9.91387939453125,10.082865963438259,9.673201491664898,10.082865963438259,498667
2017-03-16,9.709050178527832,9.990694204981457,9.678324870997036,9.97021169460804,651278
2017-03-17,9.44788646697998,9.826826698567398,9.401799030383652,9.724410058577753,643279
2017-03-20,9.29426097869873,9.488850392576449,8.976770390633037,9.463247523257253,374158
2017-03-21,8.971651077270508,9.381315538186424,8.971651077270508,9.268657143247482,456778
2017-03-22,9.345471382141113,9.345471382141113,8.879477648463299,9.00237680099935,298379
2017-03-23,9.729530334472656,9.729530334472656,9.186725951271361,9.340349367808997,552555
2017-03-24,9.596391677856445,9.8882774401604,9.519578931789919,9.519578931789919,1316975
2017-03-27,9.504215240478516,9.627114380522949,9.427403534945785,9.493973474144786,202077
2017-03-28,9.499094009399414,9.719289419473993,9.427403699770228,9.545181444716889,146506
2017-03-29,9.125276565551758,9.862672558204192,9.125276565551758,9.49909544590878,671275
2017-03-30,9.534937858581543,9.601508814220374,9.12527344413022,9.12527344413022,275540
2017-03-31,9.591267585754395,9.647596779983397,9.376194629929191,9.519576257819313,255333
2017-04-03,9.524699211120605,9.627114823206961,9.43252433785872,9.627114823206961,229652
2017-04-04,9.534937858581543,9.581025285103813,9.432522268958703,9.514455357444964,89250
2017-04-05,9.545182228088379,9.611753201894906,9.447886980202119,9.499094788988517,409101
2017-04-06,9.39667797088623,9.570784909708001,9.345470168642196,9.570784909708001,277330
2017-04-07,9.422282218933105,9.755135001735104,9.319866610674133,9.447886120997849,285223
2017-04-10,9.386436462402344,9.483731700527812,9.345470425079046,9.463249195856244,163766
2017-04-11,9.253294944763184,9.473489308290509,9.253294944763184,9.422281508024636,557607
2017-04-12,9.048463821411133,9.253296075484519,8.961410344725492,9.253296075484519,706849
2017-04-13,8.823149681091309,9.084310129487307,8.787302980431534,9.084310129487307,312798
2017-04-17,9.217450141906738,9.227691908514752,8.81290704276142,8.925564419489195,205024
2017-04-18,9.166243553161621,9.232814530957251,9.022860857583638,9.181605691122027,198919
2017-04-19,8.910201072692871,9.294261614409466,8.802664079893022,9.294261614409466,279856
2017-04-20,8.858993530273438,8.99725583875594,8.75657791923176,8.910202363774474,251754
2017-04-24,8.951167106628418,9.012616669952681,8.812905846143837,8.894837911922822,136823
2017-04-25,9.212328910827637,9.212328910827637,8.792422687060235,8.920443215714473,306904
2017-04-26,9.089432716369629,9.176486210556659,8.915324700015148,9.176486210556659,232178
2017-04-27,8.987013816833496,9.19184606108002,8.88971857791491,9.186725691865426,285960
2017-04-28,9.125276565551758,9.125276565551758,8.951169592445344,9.03822307899855,410259
2017-05-02,9.55030345916748,9.55030345916748,9.10991363853758,9.120155405712264,350267
2017-05-03,9.627113342285156,9.627113342285156,9.406918987787433,9.560543410265401,247228
2017-05-04,9.365954399108887,9.575908071776848,9.109914312714606,9.575908071776848,367738
2017-05-05,9.2072114944458,9.42228558213464,9.2072114944458,9.42228558213464,432677
2017-05-08,9.258414268493652,9.406918311673445,9.14575691502965,9.24305213574401,288802
2017-05-09,9.693686485290527,9.75001466476611,9.243054881604179,9.34547152898027,529189
2017-05-10,9.93436336517334,9.93436336517334,9.59639021243586,9.806342826598772,354687
2017-05-11,9.93436336517334,10.041899342880564,9.76537576082443,9.919000201517877,1058800
2017-05-12,9.867791175842285,10.077743764017209,9.867791175842285,9.934362135495336,300169
2017-05-15,9.867791175842285,10.031657362695917,9.780737713817562,9.867791175842285,536767
2017-05-16,9.939482688903809,9.959966219636385,9.770496130310205,9.949724454270097,294906
2017-05-17,9.842187881469727,9.934362745734436,9.770496548814979,9.934362745734436,227126
2017-05-18,8.705370903015137,8.858995379627636,8.218895107042911,8.218895107042911,575709
2017-05-19,8.889719009399414,9.007497786853385,8.551745841387298,8.736094561762938,373001
2017-05-22,8.469813346862793,8.858994349582218,8.198410616127878,8.858994349582218,497194
2017-05-23,8.587590217590332,8.62855625106319,8.382757994265923,8.602952351645145,346373
2017-05-24,8.858993530273438,9.002376208115946,8.577349571928625,8.577349571928625,233967
2017-05-25,9.053584098815918,9.25841529956904,8.756577007359729,8.864114004543172,350583
2017-05-26,9.340348243713379,9.417160970718108,9.058704319309568,9.099671381173442,423415
2017-05-29,9.340348243713379,9.340348243713379,9.340348243713379,9.340348243713379,0
2017-05-30,9.01773738861084,9.094549079996565,8.940924669245145,9.089428711762839,305326
2017-05-31,8.889719009399414,9.063825962868593,8.77706162938878,9.063825962868593,592233
2017-06-01,8.582469940185547,9.007497064854158,8.582469940185547,8.910201829011843,483933
2017-06-02,8.74633502960205,8.751455398304659,8.521019789056083,8.587590236080349,377737
2017-06-05,8.608074188232422,8.751455826704971,8.546624106902668,8.74633545775171,167240
2017-06-06,8.664402961730957,8.700248630839187,8.53126256588765,8.60807478740387,291643
2017-06-07,8.756577491760254,8.930684433223773,8.59783268560701,8.930684433223773,240387
2017-06-08,8.654158592224121,8.802662621281408,8.474930814579318,8.802662621281408,240072
2017-06-09,8.39812183380127,8.75657801848024,8.362275649944259,8.751456621081992,483827
2017-06-12,8.459569931030273,8.51589912812616,8.36227469930653,8.387879113436497,254175
2017-06-13,8.551745414733887,8.551745414733887,8.367396189565468,8.393000091564112,156294
2017-06-14,8.85387134552002,8.961408331852569,8.53638126882249,8.55174391572285,634859
2017-06-15,8.85387134552002,8.85387134552002,8.85387134552002,8.85387134552002,0
2017-06-16,8.782182693481445,8.905081850119288,8.654162138995186,8.905081850119288,457410
2017-06-19,8.705370903015137,8.818029332255161,8.510781407010576,8.782183655311592,338900
2017-06-20,8.387879371643066,8.74121515761302,8.387879371643066,8.74121515761302,370580
2017-06-21,8.41860294342041,8.480052502396182,8.30082470771518,8.469810737903558,323007
2017-06-22,8.372518539428711,8.444209374785421,8.33155249465064,8.433968120585991,346373
2017-06-23,8.295703887939453,8.372516098991769,8.014059970731,8.36739521638961,408259
2017-06-26,8.423723220825195,8.449327631780609,8.295703222008061,8.295703222008061,195867
2017-06-27,8.362275123596191,8.459570360256555,8.352033871414624,8.423724692645887,228178
2017-06-28,8.39812183380127,8.454450523310651,8.300826591016836,8.454450523310651,276067
2017-06-29,8.577348709106445,8.577348709106445,8.33155044494787,8.500536494561867,151768
2017-06-30,8.597834587097168,8.63368026273551,8.469814023251551,8.597834587097168,331954
2017-07-03,8.583300590515137,8.743238185464183,8.508663152487355,8.743238185464183,115285
2017-07-04,8.466012001037598,8.636611756495066,8.40203729201934,8.636611756495066,181238
2017-07-05,8.434024810791016,8.545980955837083,8.359387912169115,8.466012432635265,531589
2017-07-06,8.450018882751465,8.487337598919671,8.268756926655051,8.450018882751465,530126
2017-07-07,8.290083885192871,8.460683696882104,8.252764628370365,8.460683696882104,494067
2017-07-10,8.327399253845215,8.364717966597128,8.220774739846021,8.364717966597128,320249
2017-07-11,8.48200798034668,8.508663983069141,8.290083272799993,8.32740146404787,612488
2017-07-12,8.769892692565918,8.823205749778744,8.466012411441511,8.545980934443133,524168
2017-07-13,8.983144760131836,8.983144760131836,8.737907512934218,8.764564047369632,298927
2017-07-14,8.940492630004883,8.99913571521162,8.876517389036104,8.98314243637821,371464
2017-07-17,8.945825576782227,8.999137580092277,8.82853831924588,8.977813203895375,253252
2017-07-18,8.983144760131836,9.207057098626478,8.924501659755343,8.945826037049397,410973
2017-07-19,8.913836479187012,9.068441891755176,8.913836479187012,8.977811187636815,249907
2017-07-20,8.876519203186035,9.068443902499656,8.839200482130115,8.908506830207937,125946
2017-07-21,8.743237495422363,8.967149791833897,8.700587154623388,8.855193112219306,251893
2017-07-24,8.817874908447266,8.85519362668398,8.673931660540553,8.844531439421408,72118
2017-07-25,8.796548843383789,8.956485882518162,8.716580323816602,8.839198649631784,277083
2017-07-26,8.796548843383789,8.945823696660556,8.759230130064598,8.849861366898175,175802
2017-07-27,8.6472749710083,8.908505993875313,8.6472749710083,8.780556029208574,189808
2017-07-28,8.641945838928223,8.769895301226672,8.641945838928223,8.652608559824243,150509
2017-07-31,8.727243423461914,8.769893234175566,8.615287803190789,8.727243423461914,289520
2017-08-01,8.791216850280762,8.993805281391502,8.727242143592319,8.727242143592319,410764
2017-08-02,8.849862098693848,8.999136432905335,8.743237574257071,8.8178744756584,513716
2017-08-03,8.743237495422363,8.876518016914382,8.711249872675337,8.876518016914382,225659
2017-08-04,8.743237495422363,8.801880584777205,8.737905870691977,8.753899682065489,119571
2017-08-07,8.73790454864502,8.823204685928216,8.68992312178408,8.74323617256873,275619
2017-08-08,8.695255279541016,8.823205227616752,8.663267659669888,8.737905085096669,729341
2017-08-09,8.844532012939453,8.871188014233232,8.695257130312964,8.700588224289943,334046
2017-08-10,8.983144760131836,9.04712001764969,8.801882239043149,8.849863682181539,298091
2017-08-11,9.116425514221191,9.143080983338038,8.83386903904063,9.00980044930056,476925
2017-08-14,9.329673767089844,9.382985763489009,9.169736715074691,9.169736715074691,710319
2017-08-15,9.265698432922363,9.4362987328469,9.207055343723487,9.335004771553654,315860
2017-08-16,9.22304916381836,9.319012037424544,9.100430822114104,9.255036788353754,242486
2017-08-17,9.169736862182617,9.292355199840195,9.100430521779478,9.244374296029433,152076
2017-08-18,9.249706268310547,9.276362800879305,8.919168878038379,9.175068827372243,218029
2017-08-21,9.212385177612305,9.35099783592525,9.18572971471943,9.32967240279345,313665
2017-08-22,9.484280586242676,9.484280586242674,9.228381704928138,9.276362612322394,575174
2017-08-23,9.68686580657959,9.702860148182381,9.516266581600263,9.52159767452867,538697
2017-08-24,9.638885498046875,9.777498173949503,9.596235689188598,9.729516209018511,403552
2017-08-25,9.457624435424805,9.70286220175824,9.44163115325466,9.644218041498789,344080
2017-08-28,9.537591934204102,9.542924090498463,9.345667254955151,9.462955562712873,258164
2017-08-29,9.494942665100098,9.654880792610742,9.36699322590932,9.532262447200697,346275
2017-08-30,9.313682556152344,9.500276179229731,9.265700579633952,9.500276179229731,428950
2017-08-31,9.06844425201416,9.436300382717194,9.06844425201416,9.398981660222942,1234383
2017-09-01,9.329673767089844,9.356330296698253,9.127086905391828,9.127086905391828,320249
2017-09-04,9.329673767089844,9.452292102780282,9.255036334440419,9.329673767089844,202246
2017-09-05,9.121755599975586,9.436298603335397,8.967149644912787,9.350998985952673,956464
2017-09-06,9.20705509185791,9.345666702511028,9.02579261027717,9.132417661960995,883822
2017-09-07,9.20705509185791,9.20705509185791,9.20705509185791,9.20705509185791,0
2017-09-08,9.271031379699707,9.350999911765646,9.105762158988062,9.350999911765646,229839
2017-09-11,9.542923927307129,9.569580457052371,9.350999251340236,9.366992531496786,591270
2017-09-12,9.38831901550293,9.644217903469542,9.281693947441285,9.569581524925947,403238
2017-09-13,9.702862739562988,9.702862739562988,9.191062802301504,9.388319670240154,477657
2017-09-14,9.596235275268555,9.692198138173682,9.478948040262901,9.692198138173682,402298
2017-09-15,9.713523864746094,9.718854958514603,9.478949362025281,9.596236613385688,392473
2017-09-18,9.78816032409668,9.83614122603179,9.713522893167564,9.71885398640284,475357
2017-09-19,9.825478553771973,9.836140739715367,9.601566272055248,9.836140739715367,425501
2017-09-20,9.692198753356934,9.868129085623268,9.500274078182423,9.857466898896256,479225
2017-09-21,9.702862739562988,9.772169091777341,9.596237664065358,9.713524928267395,346379
2017-09-22,9.702862739562988,9.750843651550673,9.590906569713153,9.654881827575304,333523
2017-09-25,9.436297416687012,9.708190577163919,9.393647613359017,9.708190577163919,410764
2017-09-26,9.372322082519531,9.553584541885808,9.335003372144635,9.49494039866062,334778
2017-09-27,9.265698432922363,9.425635483414485,9.07377375976829,9.425635483414485,767178
2017-09-28,9.127087593078613,9.303017938423812,9.105762155221573,9.303017938423812,501383
2017-09-29,9.404312133789062,9.409643227676705,9.185731970306898,9.217718533632755,387560
2017-10-02,9.51093578338623,9.51093578338623,9.239042595889321,9.404310733061388,262868
2017-10-03,9.68686580657959,9.782828667743638,9.462954589498615,9.516266581600263,403657
2017-10-04,9.64954948425293,9.777499997508896,9.537593316562875,9.68686820681628,494276
2017-10-05,9.750842094421387,9.916111307036827,9.6602113792712,9.756173187922258,511417
2017-10-06,9.542923927307129,9.809486036306572,9.425635621555125,9.756172976816087,728296
2017-10-09,9.612229347229004,9.612229347229004,9.361660542361237,9.542923014213395,382962
2017-10-10,9.7241849899292,9.72951501971512,9.548253619928635,9.649546505028729,318995
2017-10-11,9.462953567504883,9.718852377336942,9.446959227629469,9.718852377336942,755158
2017-10-12,9.462953567504883,9.462953567504883,9.462953567504883,9.462953567504883,0
2017-10-13,9.462953567504883,9.542922078429584,9.388316148932834,9.494940121620798,309170
2017-10-16,9.617563247680664,9.649549814270776,9.414975282369419,9.473619446753693,327252
2017-10-17,9.596235275268555,9.638885082287192,9.462954761187508,9.638885082287192,317114
2017-10-18,9.596235275268555,9.665541610230438,9.558916561275046,9.596235275268555,283667
2017-10-19,9.596235275268555,9.612229617161537,9.494941319338295,9.596235275268555,250639
2017-10-20,9.622891426086426,9.638884704535036,9.580241620739253,9.596234899187863,232243
2017-10-23,9.64421558380127,9.702859729116055,9.569579223209534,9.665541017411424,468877
2017-10-24,9.78816032409668,9.82547903956124,9.628223275767896,9.681536333755911,548835
2017-10-25,9.756172180175781,9.88412266225102,9.622891667967911,9.766835428893767,481106
2017-10-26,9.580242156982422,9.86812862489435,9.542923442362579,9.820147724045297,347320
2017-10-27,9.64954948425293,9.708193646631551,9.255037881621977,9.596237478941498,620118
2017-10-30,9.58557415008545,9.734849022580221,9.468286902099228,9.606898524546013,417767
2017-10-31,9.569581031799316,9.64954850020255,9.425636187656776,9.64954850020255,475253
2017-11-01,9.372322082519531,9.6868650430433,9.34566555716104,9.574909974736098,637573
2017-11-02,9.372322082519531,9.372322082519531,9.372322082519531,9.372322082519531,0
2017-11-03,9.009799003601074,9.345666363122533,8.844530338915531,9.345666363122533,772404
2017-11-06,8.839200019836426,9.025793615357108,8.727243862524016,9.015131427846706,536920
2017-11-07,8.82320499420166,8.871185891330256,8.572636728929933,8.839198272305351,447869
2017-11-08,8.82320499420166,8.871185891330256,8.583298914332392,8.82320499420166,769373
2017-11-09,8.68459415435791,8.823206844935038,8.625950528117153,8.823206844935038,838252
2017-11-10,8.66326904296875,8.73257538661969,8.59929379301131,8.716581574130329,971515
2017-11-13,8.66326904296875,8.66326904296875,8.66326904296875,8.66326904296875,762265
2017-11-14,8.42336368560791,8.673932004530492,8.375382246796926,8.663269285436202,482883
2017-11-15,8.42336368560791,8.42336368560791,8.42336368560791,8.42336368560791,0
2017-11-16,8.567306518554688,8.668599953636816,8.460681989891617,8.476675270634441,682935
2017-11-17,8.743237495422363,8.76456240011744,8.572637726452932,8.609955911112696,307393
2017-11-20,8.743237495422363,8.743237495422363,8.743237495422363,8.743237495422363,0
2017-11-21,8.956483840942383,8.956483840942383,8.791215215142396,8.791215215142396,388292
2017-11-22,8.828536987304688,8.988474035923295,8.775224460628879,8.956486413636048,268721
2017-11-23,8.903175354003906,8.919168635419448,8.636613224020662,8.796550289447058,203187
2017-11-24,8.849862098693848,8.972479903239519,8.796549570771045,8.972479903239519,778675
2017-11-27,8.844532012939453,8.84986310691643,8.684594410950119,8.84986310691643,242068
2017-11-28,8.796548843383789,8.956485882518162,8.764561754402186,8.956485882518162,231721
2017-11-29,8.572639465332031,8.860526002815039,8.535320210284759,8.844532719606264,419126
2017-11-30,8.673933029174805,8.673933029174805,8.327401791694816,8.63661430504968,563886
2017-12-01,8.47667407989502,8.652605457441055,8.434024274420915,8.652605457441055,414736
2017-12-04,8.47667407989502,8.647273833200211,8.47667407989502,8.47667407989502,281890
2017-12-05,8.583300590515137,8.7539003729488,8.471344433473464,8.482007152366947,836788
2017-12-06,8.593962669372559,8.631281385607135,8.444687804434253,8.529987955002781,870862
2017-12-07,8.47667407989502,8.535317695274108,8.32739922932688,8.492667889800003,588239
2017-12-08,8.513992309570312,8.636611157613626,8.386042368997344,8.529986649976772,286698
2017-12-11,8.455349922180176,8.615287503913734,8.370050303716004,8.529987885449561,477866
2017-12-12,8.519326210021973,8.551313836565054,8.322069888218143,8.396707329212745,256074
2017-12-13,8.38071346282959,8.593963051622787,8.38071346282959,8.561975427310708,489468
2017-12-14,8.119482040405273,8.418031237548727,8.119482040405273,8.407368519496648,1137911
2017-12-15,8.23676872253418,8.25809362578123,8.076831682476906,8.119481488971006,553016
2017-12-18,8.35938835144043,8.407368723910473,8.194119140363465,8.348725633129103,865009
2017-12-19,8.354057312011719,8.44468856407828,8.29008259188708,8.375382218719931,359131
2017-12-20,8.375381469726562,8.487337618489324,8.359388189682305,8.359388189682305,361012
2017-12-21,8.545982360839844,8.620619803141327,8.396707476236875,8.428695103340054,328507
2017-12-22,8.716582298278809,8.727244486551593,8.513994875597973,8.556644691506916,289834
2017-12-25,8.716582298278809,8.716582298278809,8.716582298278809,8.716582298278809,0
2017-12-26,8.791216850280762,9.036455085850463,8.727242143592319,8.727242143592319,439507
2017-12-27,8.908507347106934,8.919169535793625,8.727244825343943,8.796551177443133,798534
2017-12-28,9.159073829650879,9.159073829650879,8.908505021209043,8.908505021209043,552493
2017-12-29,9.159073829650879,9.159073829650879,9.159073829650879,9.159073829650879,0
2018-01-02,9.208958625793457,9.358923618896515,9.197850717032582,9.34781571013564,337774
2018-01-03,9.247838973999023,9.292272801974976,9.11453639342701,9.292272801974976,317174
2018-01-04,9.220069885253906,9.297829652166836,9.147864622401421,9.28672174069038,423279
2018-01-05,9.353372573852539,9.353372573852539,9.114538767154299,9.225624462668724,286844
2018-01-08,9.442237854003906,9.52555210447247,9.331153283356652,9.386695020358196,395226
2018-01-09,9.464456558227539,9.481120069459465,9.3256005444944,9.47556556571549,284152
2018-01-10,9.497780799865723,9.497780799865723,9.342261302477944,9.38669513126183,225976
2018-01-11,9.642192840576172,9.703290187451312,9.442239482285682,9.514444739818988,192851
2018-01-12,9.581095695495605,9.642193043657564,9.51444494020978,9.553325369943128,330424
2018-01-15,9.719951629638672,9.719951629638672,9.592203541657964,9.592203541657964,176599
2018-01-16,9.714398384094238,9.74216980652375,9.647747628250045,9.703290473109066,266658
2018-01-17,9.714398384094238,9.819929569997504,9.669964546864776,9.719952887909018,610850
2018-01-18,9.775496482849121,9.786604394686613,9.592205519408052,9.719953633728256,358063
2018-01-19,9.925458908081055,9.925458908081055,9.753275901744468,9.775493912867265,388808
2018-01-22,9.953232765197754,9.997666605047147,9.803267733222713,9.92546134113077,746043
2018-01-23,9.864362716674805,9.986556308823891,9.836591296189425,9.947676978130945,244609
2018-01-24,10.330921173095703,10.330921173095703,9.80882082980358,9.881026091431215,351956
2018-01-25,10.330921173095703,10.330921173095703,10.330921173095703,10.330921173095703,0
2018-01-26,10.29759407043457,10.491992893203127,10.153183579043311,10.386461727707909,598635
2018-01-29,10.197620391845703,10.330921916764206,10.108751611922207,10.247608737851264,268935
2018-01-30,10.230944633483887,10.269823964342967,10.080979620208609,10.11985895106769,201650
2018-01-31,10.530875205993652,10.747490981962216,10.292041415074538,10.303150422549814,482593
2018-02-01,10.630849838256836,10.719718600169415,10.453114507720224,10.464222417556627,383114
2018-02-02,10.50310230255127,10.597525572699057,10.408680129047813,10.597525572699057,370796
2018-02-05,10.508655548095703,10.669729551438314,10.408678883026276,10.547535971536147,517996
2018-02-06,10.553092002868652,10.630850667723362,10.164293195373311,10.369801058146251,469861
2018-02-07,10.647514343261719,10.669731261655537,10.469777899466795,10.575309084320715,458992
2018-02-08,10.419788360595703,10.76970670418377,10.308702684757602,10.680839040828689,542219
2018-02-09,10.375353813171387,10.41978874312446,10.01988205005682,10.41978874312446,476175
2018-02-14,10.553092002868652,10.66417659312135,10.40312698354424,10.41423489424733,258273
2018-02-15,10.553092002868652,10.619742757020271,10.4919946557464,10.553092002868652,242953
2018-02-16,10.575305938720703,10.647511176184429,10.42534096168588,10.55864243239858,330942
2018-02-19,10.719717979431152,10.886345390482601,10.553090568379705,10.553090568379705,342432
2018-02-20,10.880792617797852,10.92522755156914,10.686393757884352,10.714165180249763,365930
2018-02-21,10.858576774597168,11.014096316587365,10.77526359589452,10.88634819971288,637661
2018-02-22,10.952998161315918,11.014095511433036,10.80303313464053,10.858575980811654,847696
2018-02-23,10.964106559753418,11.052974231371858,10.853021970230367,10.986323477658027,1049139
2018-02-26,10.941887855529785,11.10851526093376,10.914116438521761,10.975212678624077,299680
2018-02-27,10.664176940917969,10.997431819189046,10.486440494072676,10.997431819189046,469136
2018-02-28,10.464221954345703,10.719718125648658,10.442005039012084,10.719718125648658,784862
2018-03-01,10.430896759033203,10.580861770456146,10.236497913850345,10.497548606317377,417689
2018-03-02,10.475333213806152,10.514212549842718,10.219836987540415,10.491995629729757,561370
2018-03-05,10.508655548095703,10.558643880630417,10.375352962455068,10.508655548095703,300818
2018-03-06,10.392017364501953,10.697501888843073,10.386462861155177,10.5475368783459,331045
2018-03-07,10.34203052520752,10.436452709197967,10.192065492995237,10.397573373429355,250716
2018-03-08,10.414233207702637,10.464221539382024,10.308702041569667,10.442004624929428,253615
2018-03-09,10.65306568145752,10.65306568145752,10.33091878234436,10.442004449384012,346676
2018-03-12,10.719717979431152,10.84746496669593,10.653066137695207,10.653066137695207,402575
2018-03-13,10.292040824890137,10.78081519288674,10.275378411277076,10.736381358822378,592735
2018-03-14,10.047653198242188,10.358692216278508,9.975447946907526,10.308702784353,426902
2018-03-15,10.325366020202637,10.325366020202637,9.897687930060425,9.997664597973039,359926
2018-03-16,10.219837188720703,10.325368383818022,10.114305993623386,10.325368383818022,311791
2018-03-19,10.097641944885254,10.414234382349203,10.025436690609066,10.225388943235531,257445
2018-03-20,10.16429328918457,10.236498547676332,10.05320760126225,10.10875044522341,248646
2018-03-21,9.964337348937988,10.219833487707806,9.964337348937988,10.219833487707806,325352
2018-03-22,9.997666358947754,10.24760807275367,9.719953221758468,9.942123512181013,414066
2018-03-23,9.886578559875488,10.0420980590437,9.831036821581861,9.997664229751123,265933
2018-03-26,10.053206443786621,10.053206443786621,9.842145196336856,9.842145196336856,211794
2018-03-27,9.858806610107422,10.064314430295001,9.836589696660674,9.986554684909319,217798
2018-03-28,9.858806610107422,9.942120858015823,9.758831047919122,9.858806610107422,189538
2018-03-29,10.080979347229004,10.164292510140827,9.869916995011247,9.886579408264755,375454
2018-04-02,10.080979347229004,10.130966586989526,9.903241821518263,10.080979347229004,311584
2018-04-03,10.136519432067871,10.26426750383137,10.05320518614104,10.092085606231203,588387
2018-04-04,10.053206443786621,10.092086868740685,9.892133530817622,10.080978959213983,400815
2018-04-05,10.192065238952637,10.319813348020887,10.014328787059611,10.142076896127861,260758
2018-04-06,10.053206443786621,10.192063537702216,9.925459452686214,10.192063537702216,316967
2018-04-09,9.942123413085938,10.103197447775148,9.764386963190551,10.080980528618776,557229
2018-04-10,9.803264617919922,9.958783007971824,9.69217895695303,9.947675099861598,793661
2018-04-11,9.997666358947754,10.03099118969226,9.736615637130722,9.825484411286393,338913
2018-04-12,10.192065238952637,10.219836662371335,9.964340444234836,9.997666371666162,259826
2018-04-13,10.025435447692871,10.358691354043094,9.931013288164294,10.20872636068212,767367
2018-04-16,9.875469207763672,10.025434182194754,9.77549255814295,10.019879680183818,424831
2018-04-17,9.969892501831055,10.019880832389672,9.792156093551064,9.875470343363478,307547
2018-04-18,10.197620391845703,10.236499729119142,9.958786573905519,9.958786573905519,375143
2018-04-19,10.180954933166504,10.269823696107176,10.11985868674881,10.269823696107176,195128
2018-04-20,10.130966186523438,10.219834945865923,9.997664692476071,10.19761803019136,323592
2018-04-23,10.06431770324707,10.325368440268218,10.06431770324707,10.136522969591445,402058
2018-04-24,9.825483322143555,10.236497930039246,9.825483322143555,10.064316001464041,406405
2018-04-25,10.080979347229004,10.080979347229004,9.719951985796826,9.81992865860644,422657
2018-04-26,10.230944633483887,10.230944633483885,10.036544689255543,10.103196537362987,219144
2018-04-27,10.253161430358887,10.253161430358887,10.086532908689305,10.247606926974374,162417
2018-04-30,10.419788360595703,10.530874036433802,10.275377859321571,10.275377859321571,517789
2018-05-02,10.27538013458252,10.491995934458604,10.208729372307836,10.408681659131883,516547
2018-05-03,9.747724533081055,10.31425871231339,9.586651595282522,10.297596297132689,934857
2018-05-04,9.325599670410156,9.77549469190497,9.325599670410156,9.77549469190497,615612
2018-05-07,9.581095695495605,9.769941147105346,9.336708496136533,9.336708496136533,305891
2018-05-08,9.664409637451172,9.669964141032839,9.40891343913792,9.59220438082253,240882
2018-05-09,9.631085395812988,9.708844064114704,9.453347850240934,9.608868476777584,342536
2018-05-10,9.664409637451172,9.708843472815824,9.53110813135722,9.631084809249854,420380
2018-05-11,9.664409637451172,9.725506983560821,9.54777054545788,9.664409637451172,372348
2018-05-14,9.442237854003906,9.692179508765431,9.336706689405892,9.692179508765431,734967
2018-05-15,9.358924865722656,9.475565051438105,9.203406445842578,9.38669628629089,546774
2018-05-16,9.442237854003906,9.575540435424774,9.281163855760182,9.281163855760182,246162
2018-05-17,9.253395080566406,9.470010851978733,9.192298282348403,9.442239430519049,487666
2018-05-18,9.247838973999023,9.358923543938904,8.97568040684112,9.164524724060994,406302
2018-05-21,9.220069885253906,9.35337249948242,9.142310118340976,9.303383059582847,464789
2018-05-22,9.308938026428223,9.442239534935604,9.231178264810072,9.236731671847943,270799
2018-05-23,9.308938026428223,9.347817358915119,9.081213245256,9.236731671847943,577829
2018-05-24,9.353372573852539,9.497783100705739,9.064550971823916,9.153419199242125,452160
2018-05-25,9.33670711517334,9.53110704179824,9.26450186679892,9.353370624013431,419241
2018-05-28,8.997897148132324,9.314489537189818,8.997897148132324,9.314489537189818,316139
2018-05-29,8.92013931274414,9.108984215105938,8.897922394424445,8.970127653124553,472966
2018-05-30,9.108983993530273,9.108983993530273,8.93124810297393,8.93124810297393,562819
2018-06-01,9.031224250793457,9.26450298458026,9.00345337767568,9.10898401149645,517996
2018-06-04,9.370034217834473,9.381143225128788,9.036778803703758,9.036778803703758,547912
2018-06-05,9.031224250793457,9.358925159489484,8.931248120589546,9.358925159489484,489736
2018-06-06,8.747957229614258,9.031224304343723,8.614655173563127,9.02011584536631,593356
2018-06-07,8.453580856323242,8.753510883346046,8.236965091243768,8.747956928209785,1061872
2018-06-08,8.525785446166992,8.659087478651951,8.28139774690214,8.498014029472019,358788
2018-06-11,8.336943626403809,8.653536686093153,8.314726704259153,8.531342517652979,324420
2018-06-12,8.453580856323242,8.525786659671892,8.314724849728679,8.38693010475517,562198
2018-06-13,8.570218086242676,8.620205858515343,8.375818757084671,8.44247003398484,354026
2018-06-14,8.331388473510742,8.6813063178411,8.331388473510742,8.66464390278673,325248
2018-06-15,8.498016357421875,8.498016357421875,8.175869370812942,8.32583440406078,464375
2018-06-18,8.24807357788086,8.509123726548745,8.209193698506217,8.509123726548745,458474
2018-06-19,8.409146308898926,8.559111309694188,8.164759143894253,8.164759143894253,380940
2018-06-20,8.442473411560059,8.664643692348193,8.370268152552242,8.403593530173806,416343
2018-06-21,8.364714622497559,8.553559547646971,8.292509355084556,8.453582306499868,336014
2018-06-22,8.403593063354492,8.575774993984487,8.264736508494838,8.370267687584152,238605
2018-06-25,8.475796699523926,8.475796699523926,8.30916930417492,8.448025284191742,814157
2018-06-26,8.498016357421875,8.597993046253768,8.44802801300593,8.492461853232447,221525
2018-06-27,8.331388473510742,8.581329634226083,8.331388473510742,8.492461410088046,253925
2018-06-28,8.370270729064941,8.425813042197756,8.309173910457666,8.342498750014999,549051
2018-06-29,8.370270729064941,8.55911514203887,8.270294017103517,8.448029967450882,906183
2018-07-02,8.573362350463867,8.682760234447928,8.302745814188528,8.463963898063948,281875
2018-07-03,8.694276809692383,8.74033896246811,8.584878344226144,8.688519324803378,255375
2018-07-04,8.809432983398438,8.855495705757944,8.688519545088601,8.694277030123578,133329
2018-07-05,8.694276809692383,8.849737427934347,8.486995985369763,8.809432760047624,1750050
2018-07-06,8.740339279174805,8.803675025744365,8.596394762326858,8.636699431674023,304959
2018-07-10,8.803674697875977,8.832463827539772,8.734581468781974,8.740338953665178,286947
2018-07-11,8.797914505004883,8.838219160445286,8.717305194124076,8.751852366453422,258377
2018-07-12,8.809432983398438,8.993682736004587,8.746097237518061,8.803674929947523,316242
2018-07-13,8.878524780273438,8.918828871675933,8.751853317082078,8.80943099652551,487666
2018-07-16,8.976408004760742,9.010955184249546,8.87852565584615,8.87852565584615,466341
2018-07-17,9.062774658203125,9.108836802606042,8.947618728780007,8.947618728780007,447501
2018-07-18,8.982166290283203,9.166415455863497,8.941861625445549,9.062775619958515,380009
2018-07-19,8.884281158447266,8.99367901298492,8.780640218145523,8.90731222588512,375971
2018-07-20,9.120352745056152,9.229750627095122,8.941861074918572,8.95913409563134,387358
2018-07-23,9.131868362426758,9.206719635286284,9.068532626282863,9.15489943585802,188814
2018-07-24,9.103080749511719,9.3333926445565,9.080049673690421,9.183689514886256,228357
2018-07-25,9.108838081359863,9.264298693167946,9.108838081359863,9.154900232229267,376178
2018-07-26,9.062774658203125,9.183688071468696,9.010954461541932,9.131867874807503,292227
2018-07-27,9.028228759765625,9.131869167762153,8.993682146572082,9.068533426032708,145544
2018-07-30,9.028228759765625,9.114595576957432,8.959134964962638,9.010955737376802,144819
2018-07-31,8.936103820800781,9.091564431600416,8.878526132587526,9.03398674338716,263656
2018-08-01,8.843977928161621,9.131868041172112,8.803673266866886,8.936102787061612,327215
2018-08-02,9.03398609161377,9.03398609161377,8.688518282010952,8.832462776366901,204031
2018-08-03,9.097321510314941,9.206719965662897,9.03398634031416,9.039744393086524,406819
2018-08-06,9.103080749511719,9.212478643870831,9.080049673690421,9.166415923812329,202995
2018-08-07,8.993681907653809,9.200962718140426,8.993681907653809,9.108837850322386,280633
2018-08-08,8.751853942871094,9.08580621276921,8.751853942871094,9.01671242408083,268832
2018-08-09,8.717307090759277,8.855494673310803,8.579120076623624,8.780642829255447,352680
2018-08-10,8.46396541595459,8.694277330460244,8.41214520677002,8.694277330460244,404128
2018-08-13,8.677003860473633,8.694276883703607,8.429417797740756,8.463964981032563,277010
2018-08-14,8.7288236618042,8.832463501620882,8.602151609640895,8.751854737319018,453919
2018-08-15,8.659730911254883,8.92459001686646,8.561847975887833,8.682761989547375,378042
2018-08-16,8.659730911254883,8.757613278205962,8.60215264710768,8.746097739059715,255064
2018-08-17,8.648214340209961,8.700035116214801,8.57912110903539,8.636699370096807,779272
2018-08-20,8.607911109924316,8.867012759592447,8.56184894810885,8.665489380609687,176599
2018-08-21,8.486995697021484,8.625182719069642,8.360324212776012,8.5733630831655,540873
2018-08-22,8.567604064941406,8.596393190413071,8.412143469493433,8.458206183931262,339741
2018-08-23,8.366081237792969,8.607908070347664,8.366081237792969,8.573362029600803,318830
2018-08-24,8.314260482788086,8.458206108868959,8.233651727964967,8.400627858436609,269142
2018-08-27,8.5560884475708,8.590635625176622,8.296986889190485,8.314260477993395,235500
2018-08-28,8.533058166503906,8.573362831839745,8.458206888772727,8.573362831839745,148649
2018-08-29,8.46396541595459,8.573363887973553,8.458207930720725,8.4812390084881,319658
2018-08-30,8.348808288574219,8.469721714114286,8.320019729607843,8.446690639574832,278355
2018-08-31,8.492753028869629,8.515784102519053,8.331534376491954,8.383354576411083,182810
2018-09-03,8.521543502807617,8.642456942797283,8.394871440871094,8.492754371984956,289432
2018-09-04,8.308503150939941,8.556088609184332,8.308503150939941,8.498510926113454,251131
2018-09-05,8.32001781463623,8.394868505453552,8.291228125464459,8.314259194702979,272351
2018-09-06,8.49851131439209,8.521542388672682,8.296987424981365,8.348808194736502,220283
2018-09-10,8.533058166503906,8.579120316364358,8.46396437329734,8.498511554108566,317174
2018-09-11,8.32001781463623,8.458204798483106,8.291228125464459,8.458204798483106,290984
2018-09-12,8.26244068145752,8.337291950731224,8.210620484511752,8.325776414567255,343571
2018-09-13,8.210622787475586,8.325778749830711,8.153044522090031,8.325778749830711,218523
2018-09-14,8.245168685913086,8.30274694627247,8.147286325401254,8.204864017344704,183845
2018-09-17,8.26819896697998,8.320019737365888,8.11849584550219,8.262441482547688,488597
2018-09-18,8.245168685913086,8.417902898575305,8.170317402178632,8.291230839467847,382493
2018-09-19,8.130011558532715,8.32577681967723,8.130011558532715,8.239410010037181,253718
2018-09-20,8.17607307434082,8.250924341479019,8.112737343038052,8.17031559063101,299266
2018-09-21,8.17607307434082,8.285471517401115,8.17607307434082,8.19910414601168,322039
2018-09-24,8.17607307434082,8.233651321933777,8.147284518960149,8.187589178592058,256306
2018-09-25,8.026371955871582,8.124254880362448,8.003340311722262,8.112738774079835,481351
2018-09-26,7.974553108215332,8.141529288319145,7.91697484066836,8.026373321641206,459923
2018-09-27,8.032129287719727,8.089706971882727,7.945761908851443,7.945761908851443,297713
2018-09-28,8.037888526916504,8.043646580797942,7.963036668537704,7.9975838549943745,289639
2018-10-01,7.819090843200684,8.06667631905781,7.773028693467212,8.060918266133184,324938
2018-10-02,8.32001781463623,8.32001781463623,7.88242465702559,7.88242465702559,599360
2018-10-03,8.521543502807617,8.75185541255702,8.360324824933468,8.642456942797283,603604
2018-10-04,8.809432983398438,8.83246406037022,8.250926240545011,8.521543384419259,337153
2018-10-05,8.7633695602417,8.924588791399474,8.653971669166186,8.826705869473075,418517
2018-10-08,9.16641616821289,9.293087657023321,9.114595962025357,9.212478889499545,448537
2018-10-09,9.270055770874023,9.321875972535205,9.062775532645174,9.20672003200101,324006
2018-10-10,8.999439239501953,9.24702471098519,8.999439239501953,9.212478099295392,375868
2018-10-11,8.930344581604004,9.149140890658312,8.901555458945753,9.143382838760347,341190
2018-10-15,8.849737167358398,9.068533523432603,8.849737167358398,9.068533523432603,235707
2018-10-16,8.83821964263916,8.9706491508233,8.80943052026595,8.872766248437545,377007
2018-10-17,8.92458724975586,9.028227069938058,8.81518880916207,8.878524539036865,365516
2018-10-18,8.757611274719238,8.964892068763797,8.694275539696273,8.924587975180325,325766
2018-10-19,8.740339279174805,8.976409241744223,8.653972455382847,8.976409241744223,222042
2018-10-22,8.947619438171387,8.964892459484023,8.75761165640547,8.75761165640547,132708
2018-10-23,9.022470474243164,9.2009621458568,8.815189676649046,8.924588128008542,352784
2018-10-24,8.92458724975586,9.154898529687653,8.867009003461066,9.039743173929653,368104
2018-10-25,9.097321510314941,9.097321510314941,8.884283789223137,8.930345937738569,198958
2018-10-26,9.03974437713623,9.137626726766747,8.982166123177665,9.120353136896004,722441
2018-10-29,9.16641616821289,9.25278298905347,9.097322370490872,9.195205297965058,419552
2018-10-30,9.29308795928955,9.298846012793641,9.12035431199007,9.270056882105079,451228
2018-10-31,9.310359954833984,9.488852193445432,9.172172947007686,9.35642266971998,343571
2018-11-01,9.339149475097656,9.442789877449401,9.258540715369753,9.310360348129755,340983
2018-11-05,9.4312744140625,9.471579078449418,9.304602936512687,9.33914954809467,353922
2018-11-06,9.788257598876953,9.794015651579855,9.414001225664235,9.488852500306779,1149654
2018-11-07,9.53491497039795,9.794015982464837,9.483094767984571,9.788257929567402,540045
2018-11-08,9.4312744140625,9.627040251608028,9.310360420901747,9.557945891612313,353198
2018-11-09,9.506125450134277,9.517640987037666,9.212477838058241,9.41975863915094,326077
2018-11-12,9.673100471496582,9.713404559430694,9.517639329338069,9.609764176935526,288396
2018-11-13,9.523398399353027,9.765226377745268,9.437032157437857,9.644311820133291,208585
2018-11-14,9.500368118286133,9.598250473599384,9.350665558768007,9.598250473599384,276078
2018-11-16,9.557945251464844,9.696132825369354,9.517640589777347,9.655827595266022,328354
2018-11-19,9.385213851928711,9.598252191559856,9.333394206864707,9.598252191559856,324524
2018-11-21,9.108838081359863,9.333392487887949,9.097321975226613,9.327634434821324,334772
2018-11-22,9.212479591369629,9.223995130464646,9.045503421867954,9.149143842139061,234154
2018-11-23,9.16065788269043,9.270055770405238,9.06853301658456,9.241267211585052,497500
2018-11-26,9.085805892944336,9.304602219603979,8.987922981713336,9.166414647091488,358995
2018-11-27,9.241268157958984,9.28157282653379,9.016713738303904,9.097322507037584,741799
2018-11-28,9.37945556640625,9.414002751390994,9.154901137669235,9.24126853171514,440255
2018-11-29,9.471579551696777,9.500368111912247,9.344907499401922,9.379454681125928,416860
2018-11-30,9.483095169067383,9.569462555686467,9.414001941871204,9.465821578060385,850388
2018-12-03,9.776742935180664,9.80553320294068,9.534916054315497,9.546431024587609,1058973
2018-12-04,9.632797241210938,9.978265633334907,9.569462070367793,9.78825784714196,1036096
2018-12-05,9.56946086883545,9.678858175070832,9.500366516987022,9.644310999146619,283221
2018-12-06,9.437032699584961,9.552188074364642,9.281572091008561,9.511883977399696,456714
2018-12-07,9.59249210357666,9.598249018968882,9.373695782139011,9.402484338010842,954939
2018-12-10,9.442788124084473,9.788255878304192,9.442788124084473,9.644310270192937,416446
2018-12-11,9.575217247009277,9.782499154095495,9.47157743029772,9.483092965487893,629380
2018-12-12,9.580975532531738,9.730678062071625,9.47157766134854,9.586733584475175,403921
2018-12-13,9.580975532531738,9.61552270736078,9.47157766134854,9.580975532531738,269349
2018-12-14,9.53491497039795,9.604008194671863,9.46582117770815,9.55794604515592,438495
2018-12-17,9.37945556640625,9.552189217666147,9.32763535734509,9.47733793089246,307754
2018-12-18,9.586732864379883,9.592490915890812,9.419756759967672,9.419756759967672,261586
2018-12-19,9.488855361938477,9.644314873977933,9.448550117694708,9.592495794519495,368001
2018-12-20,9.483095169067383,9.53491537367247,9.448547987053386,9.488853222208352,380630
2018-12-21,9.414000511169434,9.511882852362879,9.379453334405778,9.500366747831112,480523
2018-12-26,9.488855361938477,9.540675578228987,9.29308946882318,9.419761550745786,328561
2018-12-27,9.650070190429688,9.66734320998015,9.460062428048145,9.50036651927643,237363
2018-12-28,9.719162940979004,9.868865468146282,9.673100799824697,9.673100799824697,498224
2019-01-02,10.254684448242188,10.30260245911695,9.79346317355088,9.865341950993455,587516
2019-01-03,10.242704391479492,10.272654176557056,10.110927215677401,10.260674966978225,383935
2019-01-04,10.152854919433594,10.260673662369246,10.116916121179605,10.23671289808413,306244
2019-01-07,10.182806015014648,10.266664004488874,10.122906444744206,10.152856229879427,453508
2019-01-08,10.374483108520508,10.422401122618634,10.122906783504902,10.212754967830318,584741
2019-01-09,10.536210060119629,10.590119446280235,10.398442672453333,10.398442672453333,365129
2019-01-10,10.614079475402832,10.66199867081168,10.482302275072106,10.530220296393743,273050
2019-01-11,10.82971477508545,10.82971477508545,10.602099206628925,10.66199760787487,1429482
2019-01-14,10.871642112731934,10.901591895823648,10.685955570919747,10.805753529199691,434599
2019-01-15,10.823722839355469,10.901591805111211,10.739863682213844,10.901591805111211,325358
2019-01-16,10.769815444946289,10.859663635904306,10.536209678820594,10.835704040043026,622251
2019-01-17,10.841691970825195,10.913570743414274,10.745853607373093,10.745853607373093,825317
2019-01-18,10.99144172668457,11.159157719453125,10.847684155094017,10.847684155094017,666029
2019-01-21,11.213067054748535,11.213067054748535,10.90159349171089,10.991441680052022,521745
2019-01-22,11.183116912841797,11.296924692739415,11.153167126314933,11.201087489210144,787602
2019-01-23,11.410733222961426,11.470632799953908,11.195098033232439,11.195098033232439,504994
2019-01-24,11.584440231323242,11.584440231323242,11.398753661709872,11.410732872287948,296584
2019-01-28,11.57245922088623,11.644338002729173,11.452662425235019,11.536520417008271,546101
2019-01-29,11.806066513061523,11.847995514434148,11.536521926448504,11.63835050757103,373145
2019-01-30,11.722206115722656,11.86596366885124,11.668296739777702,11.812054292906286,394931
2019-01-31,11.949822425842285,11.973782019577005,11.75215665809611,11.75215665809611,623073
2019-02-01,11.806066513061523,11.979773885431623,11.806066513061523,11.973783692639197,609508
2019-02-04,11.919873237609863,11.979772811992506,11.710227075444763,11.853984645058615,1123032
2019-02-05,12.027689933776855,12.111549096862017,11.865964147590946,11.88992256665872,463785
2019-02-06,11.698247909545898,12.171448443717066,11.698247909545898,12.01571166308617,648765
2019-02-07,11.320884704589844,11.782106033310184,11.290934916958614,11.698248036847247,1081823
2019-02-08,11.452662467956543,11.506570673974572,11.201087317611313,11.24900533159833,660583
2019-02-11,11.254996299743652,11.69225804050645,11.254996299743652,11.518551852324991,760369
2019-02-12,11.290934562683105,11.428703111829172,11.13519778524402,11.320884349374603,467073
2019-02-13,11.368803024291992,11.380782233974598,11.254995248915725,11.296924243935349,257019
2019-02-14,11.518550872802734,11.626368457191973,11.195096945548011,11.368803118957727,389382
2019-02-15,11.302915573120117,11.476621762561741,11.266975592282012,11.440682955810757,322892
2019-02-18,11.320884704589844,11.33885528162084,11.147178519320306,11.302915301645942,214679
2019-02-19,11.290934562683105,11.404743517293385,11.225047145318511,11.284945544614452,504172
2019-02-20,10.961492538452148,11.386773910052915,10.931542749211367,11.380783717387327,685555
2019-02-21,11.081289291381836,11.081289291381836,10.877633330140657,10.961491321802606,331730
2019-02-22,11.093269348144531,11.135198347176322,10.943522755304269,11.135198347176322,246434
2019-02-25,11.015400886535645,11.207076466992788,11.003420502333112,11.087278495402671,294528
2019-02-26,11.051338195800781,11.057328387091617,10.89560144084724,10.967480214076618,277777
2019-02-27,10.973469734191895,11.111238269760594,10.877632539580748,11.081288486020709,255991
2019-02-28,10.949509620666504,10.99742880273392,10.841692048058263,10.979459402980359,306655
2019-03-01,10.943522453308105,11.02738044905755,10.83570368838787,10.961491856099117,393904
2019-03-06,10.979459762573242,11.039358155075824,10.69194583483915,11.01539973734433,478480
2019-03-07,10.763824462890625,11.027379998031872,10.763824462890627,10.973470617776677,472725
2019-03-08,11.320884704589844,11.410732893396446,10.67397797999973,10.745855591775337,621223
2019-03-11,11.542510986328125,11.71022697535707,11.410732628264869,11.488601604661925,545484
2019-03-12,11.440682411193848,11.608399574251125,11.290934650656654,11.542510982286103,416101
2019-03-13,11.530531883239746,11.632360465683277,11.380784106009518,11.49459307419332,242528
2019-03-14,11.416723251342773,11.530531037087755,11.380783270846559,11.530531037087755,308505
2019-03-15,11.446671485900879,11.524540454668612,11.392762109516527,11.440681294283294,466046
2019-03-18,11.260985374450684,11.560479703795233,11.260985374450684,11.458651138701548,301105
2019-03-19,11.422713279724121,11.500581083854575,11.237026709740588,11.320884706215567,338204
2019-03-20,11.380783081054688,11.488601846658181,11.213067088492966,11.488601846658181,371809
2019-03-21,11.039362907409668,11.332868327058126,10.991444877231528,11.32088793894802,434702
2019-03-22,10.865653991699219,10.931542587786245,10.79377520303506,10.931542587786245,385374
2019-03-25,11.135197639465332,11.14118783154262,10.799764494442764,10.859662892954532,411785
2019-03-26,11.183116912841797,11.344843881547577,11.021389944136015,11.1471781082792,561105
2019-03-27,11.08727741241455,11.231034964280676,10.96149043509689,11.231034964280676,658938
2019-03-28,11.260985374450684,11.326873962534306,10.907581666634536,11.087278029423867,380441
2019-03-29,11.410733222961426,11.530531202859265,11.039360072321683,11.374794416035636,652053
2019-04-01,11.67428970336914,11.686268915264144,11.41073412671964,11.464643515465207,400994
2019-04-02,11.500579833984375,11.680277366181148,11.476620241297269,11.650327581800525,348378
2019-04-03,11.386772155761719,11.560479497691631,11.296923975968895,11.506570120181145,324433
2019-04-04,11.590428352355957,11.590428352355957,11.374793185946125,11.512560554408463,358038
2019-04-05,11.590428352355957,11.704236127429757,11.398752779334663,11.69225691777899,691515
2019-04-08,11.578449249267578,11.668297431779761,11.482610874831382,11.668297431779761,417951
2019-04-09,11.500579833984375,11.578448803739208,11.416721846622988,11.578448803739208,304497
2019-04-10,11.530531883239746,11.680279660469974,11.446673879406623,11.560481673503231,354544
2019-04-11,11.314897537231445,11.560482548536637,11.23702854628722,11.542513142653288,282094
2019-04-12,11.093269348144531,11.410733111199068,11.075299944857639,11.213067326869012,425350
2019-04-15,11.410733222961426,11.464642607437234,11.111240034347514,11.111240034347514,419184
2019-04-16,11.410733222961426,11.60240999079797,11.290935243063585,11.452663396491014,351564
2019-04-17,11.260985374450684,11.404742934316946,11.213066187828595,11.386772358768416,430488
2019-04-18,11.20108699798584,11.332864174385662,11.105248624572516,11.272964603958835,279011
2019-04-22,11.290934562683105,11.320884349374603,11.153167187624096,11.290934562683105,109960
2019-04-23,11.488601684570312,11.54850125885762,11.296924925390245,11.320884520287752,171517
2019-04-24,11.326874732971191,11.506571107983198,11.326874732971191,11.506571107983198,249825
2019-04-25,11.4346923828125,11.50057979486924,11.237025450294432,11.32687362904375,194639
2019-04-26,11.560480117797852,11.632358900305098,11.398753150678306,11.44068214695244,291240
2019-04-29,11.482609748840332,11.704235087426078,11.482609748840332,11.614386913724456,303058
2019-04-30,11.65032958984375,11.662309975295717,11.51855239439512,11.554491202576687,255683
2019-05-02,11.55449104309082,11.698248622007139,11.536521639248068,11.596420043419625,232766
2019-05-03,11.536520004272461,11.662308161519112,11.536520004272461,11.560479597362919,189912
2019-05-06,11.29692554473877,11.446673314579815,11.159158160046834,11.440683122005261,406955
2019-05-07,11.159157752990723,11.326874920350424,10.949511587312871,11.314895709725421,453816
2019-05-08,11.081289291381836,11.31489503853958,11.069308907380401,11.129208479213528,554425
2019-05-09,11.015400886535645,11.12321847392323,10.841693534208215,11.117228281821962,300592
2019-05-10,11.06930923461914,11.087278637065493,10.8956030541593,11.075299426796946,212212
2019-05-13,10.901592254638672,10.973469857885505,10.811744076493179,10.901592254638672,324433
2019-05-14,10.889612197875977,10.925552174663933,10.73387542936013,10.925552174663933,433880
2019-05-15,10.578140258789062,10.781796244395341,10.566159873354312,10.781796244395341,355058
2019-05-16,10.512248992919922,10.656006553181046,10.416410619412506,10.590117964916447,394417
2019-05-17,10.410421371459961,10.602098114236835,10.302602616604483,10.512248760494945,366465
2019-05-20,10.679967880249023,10.697938458764098,10.452352293263319,10.464332678940034,333477
2019-05-21,10.901592254638672,10.901592254638672,10.691946114270204,10.691946114270204,329572
2019-05-22,10.973469734191895,11.01539990106251,10.811743954622552,10.90159213175527,225469
2019-05-23,10.967484474182129,11.021392694478594,10.78778805835256,10.925555467033542,356291
2019-05-24,10.781794548034668,11.051339088861615,10.781794548034668,11.021389304074072,201114
2019-05-27,10.925553321838379,11.045350126144836,10.787785940207552,10.787785940207552,141817
2019-05-28,11.00342082977295,11.075299614865989,10.847684049114903,10.961491831990447,465635
2019-05-29,11.093269348144531,11.302915517390593,10.90159375627248,10.961492158591161,503658
2019-05-30,11.039362907409668,11.207080122339153,10.991444877231528,11.081293091707611,301722
2019-05-31,10.82971477508545,11.141188340103716,10.76981519975241,11.033370748226176,482488
2019-06-03,10.85367202758789,11.021389176738642,10.829713608939036,10.841692818263464,332346
2019-06-04,11.081289291381836,11.081289291381836,10.853672562137787,10.907581941970196,352900
2019-06-05,10.99144172668457,11.093269125995894,10.853673173344971,11.081289915406893,303366
2019-06-06,11.021390914916992,11.135198704838977,10.931542721509487,11.063319915295542,275414
2019-06-07,11.254996299743652,11.31489587601024,11.027380727739688,11.027380727739688,341287
2019-06-10,11.039362907409668,11.314898918980395,10.967485275098745,11.260989520659773,437271
2019-06-11,11.11124038696289,11.153168213648808,11.021391018622795,11.093269808842575,193201
2019-06-12,11.06930923461914,11.153167228760159,11.021390045370827,11.11123940577671,319192
2019-06-13,11.14118766784668,11.20108723956539,10.9974301046262,11.087278288117245,324947
2019-06-14,11.147178649902344,11.260986435329697,11.051340267629392,11.141188457488507,295556
2019-06-17,11.033369064331055,11.290933207057977,10.943520889131074,11.10524783930842,479097
2019-06-18,11.021390914916992,11.219057879683227,10.943523106810302,11.015401896353737,434188
2019-06-19,11.171140670776367,11.18911007783201,10.997433271672195,10.997433271672195,291343
2019-06-21,11.626368522644043,11.84200486672348,11.123218227212373,11.123218227212373,942471
2019-06-24,11.638349533081055,11.80007533223767,11.584440150637462,11.584440150637462,610946
2019-06-25,11.380783081054688,11.764136604823396,11.332865064670688,11.644338628645675,587516
2019-06-26,11.231035232543945,11.500579768166043,11.231035232543945,11.374792787843848,628006
2019-06-27,11.380783081054688,11.380783081054688,11.147178495116991,11.27895568186894,393595
2019-06-28,11.512561798095703,11.602409989487152,11.416723414188258,11.44068301016512,320014
2019-07-01,11.380783081054688,11.740177009587851,11.243016876059169,11.584440227600359,510441
2019-07-02,11.272966384887695,11.566471743356393,11.135198994862986,11.410733774912405,761191
2019-07-03,11.249005317687988,11.380782497685148,11.153166941658407,11.272964911695384,429461
2019-07-04,11.590428352355957,11.590428352355957,11.207076032226368,11.207076032226368,861902
2019-07-05,11.622163772583008,11.66532400096826,11.468024243309634,11.634495611701624,541682
2019-07-08,11.622163772583008,11.677654631556972,11.511183263164982,11.62216377258301,472212
2019-07-10,11.83796215057373,11.930446126017031,11.622165805029324,11.628331725666907,807847
2019-07-11,11.511185646057129,11.837962530926797,11.48035725040881,11.776306948160311,530789
2019-07-12,11.474191665649414,11.585172189602613,11.387872406103538,11.51735069115732,397295
2019-07-15,11.184409141540527,11.53584851317437,11.135084190237862,11.486523561871705,763760
2019-07-16,11.209070205688477,11.307720095871309,11.110420315505644,11.196739573680643,387635
2019-07-17,11.19674301147461,11.295391723416024,11.141252129076603,11.209073647268381,335224
2019-07-18,11.344714164733887,11.344714164733887,11.196740525411812,11.276892661600822,304291
2019-07-19,11.27689266204834,11.38170848141369,11.159746209626555,11.344714165184095,603856
2019-07-22,11.369375228881836,11.468025115211395,11.215235687889395,11.313885574218954,463168
2019-07-23,11.412532806396484,11.54817698718262,11.35704315876246,11.418698725643546,351050
2019-07-24,11.511185646057129,11.523517487728519,11.412535746806629,11.461860696431879,319603
2019-07-25,11.19674301147461,11.560513082551457,11.19674301147461,11.498857486521771,496156
2019-07-26,11.283060073852539,11.381709985460787,11.172078319028108,11.196742005460473,400378
2019-07-29,11.283060073852539,11.381709985460787,11.20290671853826,11.246066961264598,254655
2019-07-30,11.258397102355957,11.320052690142836,11.135084718251951,11.22140399138988,346528
2019-07-31,11.054929733276367,11.258395439121987,11.005605995451747,11.239898886371495,644448
2019-08-01,10.913122177124023,11.252229677433833,10.857631309559649,11.054929889231698,724915
2019-08-02,11.011771202087402,11.061094936714822,10.876127004139523,10.913121315772578,563468
2019-08-05,11.252228736877441,11.30155367980498,10.919285976381552,10.97477683930753,925618
2019-08-06,11.788640022277832,11.874958088881087,11.295390474458443,11.301556395938755,1216036
2019-08-07,11.745479583740234,11.78247390347227,11.474193545513172,11.77014326924843,827270
2019-08-08,11.696155548095703,11.899621301271157,11.65299651212829,11.745480505924277,577547
2019-08-09,11.905784606933594,11.905784606933594,11.652993951478244,11.702318898468064,646093
2019-08-12,12.11541748046875,12.343544500089578,11.579008875476568,11.874958617338507,826448
2019-08-13,12.214066505432129,12.331212967593489,11.985938293885088,12.127747232739905,795515
2019-08-14,12.275721549987793,12.275721549987793,12.022932081457547,12.195568202146402,1172463
2019-08-15,11.763976097106934,12.275720929326814,11.659160278962315,12.244892534249551,1202573
2019-08-16,11.696155548095703,12.02293369584259,11.616003398022036,12.02293369584259,409421
2019-08-19,11.572843551635742,11.893454546539488,11.455697087128959,11.71465128479949,475808
2019-08-20,11.56050968170166,11.652993652804629,11.36937581914751,11.4988541038097,638282
2019-08-21,11.652994155883789,11.745478130979444,11.437199019680666,11.708485024353227,464812
2019-08-22,11.449529647827148,11.751644046921513,11.449529647827148,11.652994151250672,355880
2019-08-23,11.33854866027832,11.468025736705203,11.147414797289061,11.431032631591824,650409
2019-08-26,11.048766136169434,11.47419293500548,10.993275263789013,11.344714635627895,394006
2019-08-27,11.098090171813965,11.25839564614949,10.96861188311944,11.098090171813965,785855
2019-08-28,11.221403121948242,11.326217733917854,11.024103322668747,11.098090747398558,281271
2019-08-29,11.283060073852539,11.40020654175476,11.215238561754443,11.283060073852539,380647
2019-08-30,11.33854866027832,11.529682523267578,11.17824198204019,11.301554346634882,649998
2019-09-02,11.172076225280762,11.474191825094424,11.172076225280762,11.3570453791465,543121
2019-09-03,11.424867630004883,11.437199471721094,11.20907127674258,11.20907127674258,857997
2019-09-04,11.363212585449219,11.572844258612065,11.313888836591873,11.474194343836688,1098985
2019-09-05,11.56050968170166,11.671491413849267,11.375541739495723,11.480356342765061,1157150
2019-09-06,11.554348945617676,11.659163584952665,11.511188696859238,11.659163584952665,451145
2019-09-09,11.326217651367188,11.696153563789819,11.190574644616243,11.597503664869079,1570683
2019-09-10,11.165913581848145,11.313888448941107,11.04260119260401,11.258397571648672,3378449
2019-09-11,11.313887596130371,11.338550072120206,11.165912740191361,11.283059199010525,803428
2019-09-12,11.27689266204834,11.406370956056707,11.215237079705874,11.350880085977385,963436
2019-09-13,11.252228736877441,11.30771959980342,11.165910691019244,11.295387759806541,392157
2019-09-16,11.172076225280762,11.264561406478668,11.12275248725065,11.264561406478668,829223
2019-09-17,11.19674301147461,11.301557645578116,11.054932844398547,11.215239569430473,2696696
2019-09-18,11.221403121948242,11.276892784097981,11.178242884458234,11.270726863237957,510441
2019-09-19,11.215237617492676,11.363211263916172,11.17824329948915,11.307721599706188,617832
2019-09-20,11.165913581848145,11.276894127902716,11.091926148301663,11.276894127902716,476220
2019-09-23,11.147415161132812,11.202904820614023,11.042599345673695,11.172076426326619,360196
2019-09-24,11.079593658447266,11.227568516903617,11.054931182037873,11.159747008910346,455255
2019-09-25,11.098090171813965,11.14124919853544,10.999440277290535,11.073427698183107,734266
2019-09-26,11.159744262695312,11.165910182412894,11.054928461616147,11.165910182412894,574567
2019-09-27,11.159744262695312,11.276890694679707,11.09808869110929,11.159744262695312,393081
2019-09-30,11.036436080932617,11.25223247581378,11.036436080932617,11.221405282638178,335532
2019-10-01,10.851465225219727,11.110420589060501,10.789809646602427,11.085758115907566,999301
2019-10-02,10.586343765258789,10.839133204483316,10.481529162495958,10.795975387844551,1288383
2019-10-03,10.77747917175293,10.814473490436214,10.35821828354388,10.604841837801464,1152834
2019-10-04,10.789811134338379,10.845300800186033,10.641836275017495,10.82063832363255,626875
2019-10-07,10.481528282165527,10.814471031975875,10.438369260621583,10.814471031975875,932297
2019-10-08,10.512354850769043,10.567845708676492,10.438368651598951,10.481527670624798,875365
2019-10-09,10.604841232299805,10.703491131782343,10.549351570238494,10.549351570238494,709088
2019-10-10,10.820637702941895,10.863797940832418,10.611007268527196,10.660332218804792,932400
2019-10-11,10.851465225219727,11.036433169601699,10.746649412187239,10.826802752066794,750606
2019-10-14,10.974778175354004,11.061096231720382,10.814472695589245,10.92545322642175,581966
2019-10-15,11.005606651306152,11.091924708305758,10.925453306570702,10.999440730511854,281888
2019-10-16,11.27072525024414,11.283057090199334,10.913121228023284,11.030267664947697,655136
2019-10-17,11.190573692321777,11.31388605547908,11.1844077720314,11.283057662557242,389690
2019-10-18,11.283060073852539,11.283060073852539,11.116588650146195,11.190576083852381,409730
2019-10-21,11.313887596130371,11.344714784720008,11.20907177104102,11.221403613301042,260410
2019-10-22,11.387872695922852,11.45569540462428,11.20907066897388,11.320051195751514,354750
2019-10-23,11.344714164733887,11.443364063302033,11.276892661600822,11.375542560168968,386504
2019-10-24,11.307720184326172,11.350879209486264,11.21523621368882,11.338548577381975,341595
2019-10-25,11.320054054260254,11.381710858007304,11.19057694174616,11.283060938836341,231738
2019-10-28,11.449529647827148,11.659160071862628,11.38787285876782,11.394038779379773,584330
2019-10-29,11.33854866027832,11.461859816342953,11.196739743126939,11.461859816342953,671681
2019-10-30,11.239900588989258,11.357047052194455,11.1967415565237,11.227568746267524,366773
2019-10-31,11.122753143310547,11.258396150086734,11.098090668575772,11.252230229270502,599334
2019-11-01,11.498855590820312,11.498855590820312,11.128919658569012,11.128919658569012,705389
2019-11-04,11.394038200378418,11.560509588730994,11.301554230019214,11.474191538670416,339746
2019-11-05,11.19674301147461,11.45569844844795,11.13508620691451,11.45569844844795,431619
2019-11-06,11.511185646057129,11.511185646057129,11.116587257585282,11.252230264789643,880709
2019-11-07,11.375539779663086,11.517348672060127,11.313884212393443,11.50501683348829,503658
2019-11-08,11.363212585449219,11.443365943336797,11.20907300001045,11.363212585449219,503042
2019-11-11,11.406371116638184,11.455696066618623,11.190574762606309,11.363210879007681,490710
2019-11-12,11.239900588989258,11.406372006020879,11.141250681336407,11.406372006020879,480844
2019-11-13,11.202902793884277,11.289222040566878,11.122750675179573,11.2398971020425,314054
2019-11-14,11.307720184326172,11.307720184326174,11.104255690630009,11.209070293371651,398117
2019-11-18,11.227568626403809,11.412536597013087,11.227568626403809,11.320052611708448,214370
2019-11-19,11.326217651367188,11.326217651367188,11.15358032825589,11.227567752446445,272742
2019-11-21,11.369375228881836,11.381707068938027,11.209069767861298,11.326216205745151,337690
2019-11-22,11.307720184326172,11.431032548019326,11.283057711587542,11.387872314329185,500575
2019-11-25,11.424867630004883,11.424867630004883,11.239899672502954,11.320051809537706,276133
2019-11-26,11.110421180725098,11.37554247910516,11.054930311043417,11.37554247910516,1073396
2019-11-27,11.147415161132812,11.276892241785736,11.079592451994502,11.128918607972409,681753
2019-11-28,11.221403121948242,11.221403121948242,11.079592984818488,11.098090747398558,438710
2019-11-29,11.344714164733887,11.344714164733887,11.122753101485703,11.22756771231675,1071957
2019-12-02,11.357044219970703,11.431031632259335,11.320049909561412,11.381706690733582,502939
2019-12-03,11.320054054260254,11.4680289330167,11.320054054260254,11.357048378214564,329366
2019-12-04,11.43103313446045,11.437199055093947,11.344713871181819,11.357045712448814,511160
2019-12-05,11.511185646057129,11.523517487728519,11.437199430149407,11.468026617267574,505405
2019-12-06,11.363212585449219,11.566678336806017,11.350881950367468,11.511187457612284,671579
2019-12-09,11.50501823425293,11.523515994362835,11.3632093245903,11.3632093245903,367904
2019-12-10,11.659162521362305,11.659162521362305,11.46186268856946,11.505021724860304,531919
2019-12-11,11.696155548095703,11.819467942667137,11.542015961279175,11.677658991042575,686480
2019-12-12,12.010599136352539,12.010599136352539,11.71464945629954,11.71464945629954,471081
2019-12-13,11.93661117553711,12.041426984606263,11.702318293708439,12.016764512385874,2161385
2019-12-16,11.93661117553711,12.12158032145503,11.93661117553711,12.016764512385874,719468
2019-12-17,12.072256088256836,12.10924919450187,11.948943719889892,12.016765220359186,364101
2019-12-18,12.05992603302002,12.177072498183444,11.96744204518207,12.078422588881555,854400
2019-12-19,12.251060485839844,12.251060485839844,11.9489460312973,12.084589058474716,660788
2019-12-20,12.331212997436523,12.331212997436523,12.121582549299928,12.269556201288541,507461
2019-12-23,12.405200958251953,12.479187183145442,12.325047603243611,12.386703193498283,1085933
2019-12-26,12.436027526855469,12.54700927570313,12.362040097133775,12.405200337535774,1561948
2019-12-27,12.380533218383789,12.503845567049542,12.325043567881627,12.479183097316392,841143
2019-12-30,12.448357582092285,12.57783465911746,12.423695109059386,12.423695109059386,749887
2020-01-02,12.823846817016602,12.823846817016602,12.520622223382084,12.634332065113863,894479
2020-01-03,13.108116149902344,13.108116149902346,12.621694396675476,12.792257884667201,1068977
2020-01-06,13.025993347167969,13.171289371759158,12.874382311409201,13.171289371759158,1161056
2020-01-07,12.861747741699219,13.152337323569915,12.855431492094981,13.152337323569915,1038866
2020-01-08,12.823846817016602,13.007044080325871,12.729089441065232,12.823846817016602,517943
2020-01-09,12.823846817016602,12.874384249289022,12.716454463878293,12.842798044559341,802298
2020-01-10,12.811209678649902,12.918602013671721,12.748038518084835,12.887015814270459,842890
2020-01-13,13.000723838806152,13.007041326061882,12.773306679973919,12.887015259390036,606219
2020-01-14,12.880697250366211,13.007040799175897,12.773306162555997,13.007040799175897,794899
2020-01-15,12.69118595123291,12.86174947832773,12.69118595123291,12.83648076178636,880297
2020-01-16,12.79226016998291,12.91228625792048,12.640647878407785,12.82384637362047,1486209
2020-01-17,13.619805335998535,13.708245196201036,12.823842879464173,12.830160366117864,2590435
2020-01-20,13.89144515991211,13.89144515991211,13.506098243713023,13.626124312066223,1726169
2020-01-21,14.219934463500977,14.219934463500977,13.714561575012166,13.85354007898041,1067538
2020-01-22,14.13781452178955,14.377867913306485,13.821957468095581,14.346281712642085,1294344
2020-01-23,14.630552291870117,14.649504753252563,13.941982103858631,14.144130547801625,1243063
2020-01-24,14.548428535461426,14.763211933334679,14.485256146639298,14.643185880457354,869713
2020-01-27,14.213621139526367,14.371549657938354,14.049373895433973,14.283109786686637,634583
2020-01-28,14.333646774291992,14.441037866372561,13.998836047073404,14.024104757840139,720496
2020-01-29,14.118861198425293,14.605282920475439,14.024103848751869,14.358913316029607,665104
2020-01-30,13.897761344909668,13.992519939923694,13.65139296023294,13.992519939923694,995088
2020-01-31,13.714564323425293,13.885127815817125,13.607173228652622,13.866176591826353,706417
2020-02-03,14.371552467346191,14.409456161176093,13.727202054614708,13.82827568227318,970835
2020-02-04,14.41576862335205,14.529478436722709,14.245205141533424,14.478939778817802,644962
2020-02-05,15.003265380859375,15.053802801141828,14.43472002180047,14.459988731941696,1146257
2020-02-06,14.2262544631958,15.066436930409488,13.998836065987911,14.959045838183819,1734184
2020-02-07,13.866177558898926,14.245207018098888,13.771420194098937,14.245207018098888,947918
2020-02-10,13.417654037475586,13.866173247079209,13.392385332170633,13.866173247079209,1040716
2020-02-11,13.613487243652344,13.708244586292581,13.42397255837187,13.537681121892707,1118408
2020-02-12,13.695611000061035,13.796684591930928,13.543998754900322,13.796684591930928,641057
2020-02-13,13.657708168029785,13.657708168029785,13.183921420268847,13.600854501240867,830250
2020-02-14,13.398704528808594,13.771417670085535,13.398704528808594,13.651391614121318,473342
2020-02-17,13.55031681060791,13.600854227784623,13.297629724724338,13.423973267666124,277366
2020-02-18,13.284996032714844,13.543999367909091,13.266044810771325,13.543999367909091,550109
2020-02-19,13.657708168029785,13.701928099389162,13.284996256654468,13.297629992084007,444979
2020-02-20,13.708245277404785,13.777733916295135,13.430290721843384,13.499779360733735,515887
2020-02-21,13.52504825592041,13.701927979814316,13.41133968509757,13.69561173127333,474884
2020-02-26,12.703819274902344,13.013360083561363,12.63433062301869,12.855431554414425,577650
2020-02-27,12.400591850280762,12.817524903473025,12.32478572804242,12.507984166344391,1720208
2020-02-28,12.621694564819336,12.621694564819336,11.98366053860285,12.223712674791,812061
2020-03-02,12.514304161071777,13.000724709348736,12.444814273080434,12.6343302357807,998890
2020-03-03,12.25529956817627,12.53957165532411,12.084736068240067,12.192128406000359,1507790
2020-03-04,12.19212818145752,12.50798646299489,12.002612221945121,12.400594127212445,1022526
2020-03-05,11.591997146606445,12.16685876470809,11.402482436308093,12.16685876470809,905270
2020-03-06,11.370896339416504,11.490922406219717,11.130844205810078,11.332992654078042,1105664
2020-03-09,10.157998085021973,10.833935037996115,10.101143806404925,10.732860214571515,1185822
2020-03-10,10.549665451049805,10.97923359977692,10.221173399084313,10.75181516809786,925412
2020-03-11,9.943216323852539,10.48017610119311,9.450477717640576,10.442272417116785,915238
2020-03-12,8.812444686889648,9.16620540223641,8.243899309176644,9.13461982308289,1435134
2020-03-13,9.665260314941406,10.07587650765703,8.673465699438689,10.01902160547503,928289
2020-03-16,8.21863079071045,9.090399416577647,8.21863079071045,8.515537200521505,1296707
2020-03-17,8.521855354309082,9.027228348788771,8.231265170496728,8.496586642673225,901467
2020-03-18,7.359496116638184,8.23126407564533,6.892025632672428,8.123872375036614,1524746
2020-03-19,7.6121826171875,7.618500104359987,6.759365806329121,7.043638489361044,1310684
2020-03-20,7.422667980194092,8.199678602451518,7.365812457186406,8.092286900499168,1462264
2020-03-23,6.967831611633301,7.56796254524349,6.885709232840309,7.422668391472791,662432
2020-03-24,7.28369140625,7.921724866294055,7.264740180923017,7.264740180923017,814938
2020-03-25,8.528172492980957,8.717687836257058,7.359497328812684,7.391082909799328,1044107
2020-03-26,8.945103645324707,9.34940236351692,8.61661167199693,8.61661167199693,939491
2020-03-27,8.742955207824707,9.128302111996751,8.446048170761859,8.736638339796349,716590
2020-03-30,8.610294342041016,9.254645184373198,8.597660606638707,9.254645184373198,768590
2020-03-31,8.363926887512207,8.774543205390312,8.281804490702935,8.559759742464895,873309
2020-04-01,8.054384231567383,8.269167645977532,7.845917685054625,7.946992524362309,661713
2020-04-02,7.839601516723633,8.344974520121625,7.757478512017238,8.06070243787978,775167
2020-04-03,7.454254150390625,7.915407847666763,7.296325624673028,7.909090359931557,1026843
2020-04-06,7.997530460357666,8.395511737148366,7.801698256114928,7.808015124420152,733855
2020-04-07,8.382875442504883,8.818760336976313,8.382875442504883,8.464999051374333,1001768
2020-04-08,8.243900299072266,8.553441736067603,8.199680359123839,8.243900299072266,590188
2020-04-09,8.591341972351074,8.932468879737387,8.30075247629882,8.30075247629882,1616517
2020-04-13,8.635563850402832,8.717687471949949,8.376560487427211,8.591343915045705,1327743
2020-04-14,8.806127548217773,8.957739820041816,8.654515895512466,8.736638899857788,1012764
2020-04-15,8.888249397277832,8.995641718753822,8.458682587848486,8.660831638220023,1277593
2020-04-16,8.79349136352539,9.084080871637994,8.667147829946604,8.94510298470133,550314
2020-04-17,8.894567489624023,9.121985264166305,8.56607487345464,8.913518712869758,703025
2020-04-20,8.812444686889648,8.888250200681835,8.603977511825333,8.831395910558019,787294
2020-04-22,9.191475868225098,9.22937894191775,8.673468432663173,8.711371506355825,921301
2020-04-23,9.001957893371582,9.437842805073325,8.856663748295864,9.242010623921155,404386
2020-04-24,8.401827812194824,8.970371867076905,8.067017751214017,8.970371867076905,691104
2020-04-27,8.509220123291016,8.774541587482775,8.4081458989081,8.509220123291016,622456
2020-04-28,9.065130233764648,9.147253851036913,8.673466465986548,8.673466465986548,1629363
2020-04-29,9.178840637207031,9.431527134959005,9.09671701466469,9.09671701466469,724606
2020-04-30,9.027228355407715,9.355720987795987,8.780859345455553,9.128302582906526,1471411
2020-05-04,8.458683967590332,8.875617109803422,8.420780898378347,8.875617109803422,687816
2020-05-05,8.471317291259766,8.812444253462246,8.382876188094862,8.515537223723541,441896
2020-05-06,8.237582206726074,8.55344046575345,8.149141720845176,8.55344046575345,472828
2020-05-07,8.010164260864258,8.344973735801883,7.833283292916372,8.262850119695312,553603
2020-05-08,8.149141311645508,8.212313084102624,7.934357904409973,8.168092533823312,393904
2020-05-11,7.675354957580566,8.26916845863309,7.580597595976638,7.965944530029274,1504296
2020-05-12,7.517426490783691,7.953310888629191,7.517426490783691,7.719576207432362,655033
2020-05-13,7.580596446990967,7.7511599196733485,7.138395286823839,7.523742162469722,944732
2020-05-14,7.441619396209717,7.593231032592097,7.15102923983271,7.517424904841573,739610
2020-05-15,7.384765148162842,7.549010520901403,7.245787246567851,7.4416194347105495,699531
2020-05-18,7.675354957580566,7.864869680788423,7.492157102890892,7.580597595976638,811341
2020-05-19,7.738527297973633,7.984896332136463,7.687989869698553,7.75747914313618,773112
2020-05-20,8.010164260864258,8.05438419329189,7.706939744382168,7.8522351347558415,654006
2020-05-21,8.37024211883545,8.37024211883545,7.965943398423617,8.041749524585583,577034
2020-05-22,8.452366828918457,8.458684316940749,8.180729083691833,8.338658235704997,787397
2020-05-25,8.812444686889648,8.869298977013466,8.50922015524607,8.654515552884638,715152
2020-05-26,8.635563850402832,8.907202188187595,8.477634713831886,8.844030409735474,985325
2020-05-27,8.83139705657959,8.938788782579877,8.616613604579015,8.780860247199705,523389
2020-05-28,8.844029426574707,9.033544121744647,8.717686502834297,8.831395072288801,624101
2020-05-29,8.844029426574707,8.96405548273149,8.717686502834297,8.913518065587866,614132
2020-06-01,8.875616073608398,9.279913573979762,8.844029876726605,8.98932464885055,1061578
2020-06-02,8.856663703918457,9.172521939203444,8.806126287213877,8.919835474799184,1154376
2020-06-03,9.12198543548584,9.216742791731532,8.932470722994454,8.932470722994454,1603054
2020-06-04,9.317816734313965,9.74106667197426,9.223058768111747,9.223058768111747,2052658
2020-06-05,9.513649940490723,9.772653920336326,9.425209451425614,9.589455454856388,1326510
2020-06-08,9.621040344238281,9.77896946811154,9.551552322205943,9.608406608682342,1142969
2020-06-09,9.475748062133789,9.671580288635719,9.052498025776208,9.62104224085594,1236075
2020-06-10,9.437844276428223,10.075878336311707,9.349403782964238,9.583139063273968,1936635
2020-06-12,9.223060607910156,9.305184236275187,8.862982369517411,9.033545875938978,976590
2020-06-15,9.311500549316406,9.362037973257333,8.705052700262744,8.97037355683388,859025
2020-06-16,9.380987167358398,9.816872044951413,9.273596093404567,9.538916892552594,996321
2020-06-17,9.728434562683105,9.911632431574679,9.412576253438157,9.412576253438157,1372138
2020-06-18,9.854778289794922,9.981121244018627,9.671580418007691,9.72843471645242,1142866
2020-06-19,9.785289764404297,10.075880005349902,9.715801103302816,9.981122008525608,829428
2020-06-22,9.703165054321289,9.949534688723082,9.671579473629226,9.949534688723082,373659
2020-06-23,9.854778289794922,9.917950076466175,9.557871201999438,9.760020300228645,626978
2020-06-24,9.096717834472656,9.917949800075464,8.99564359773416,9.911632312024993,1464833
2020-06-25,9.077766418457031,9.235695567867367,8.970374076798239,9.166206296361306,808669
2020-06-26,8.951421737670898,9.178840130295088,8.926153027379323,9.15988828801706,750812
2020-06-29,8.907201766967773,9.178840091906814,8.806126926224188,9.13461953952215,947610
2020-06-30,8.894567489624023,9.027227909700246,8.742955227183373,8.90720184482741,850392
2020-07-01,8.869298934936523,8.907202001212154,8.705052314408787,8.83771335593285,925412
2020-07-02,8.78085994720459,9.178841254356566,8.761907483486908,8.983008416055373,881942
2020-07-03,8.938790321350098,8.995645247757805,8.705054983866699,8.793495498963992,875981
2020-07-06,9.229378700256348,9.330453560790216,9.02722959830742,9.02722959830742,873618
2020-07-07,9.115668296813965,9.260962451391983,9.084082099590262,9.24832809632624,631500
2020-07-08,9.216742515563965,9.223059383535672,9.121985162157552,9.159888227343854,303880
2020-07-09,9.450477600097656,9.564186174437614,9.134619348497907,9.229376700154097,1289719
2020-07-10,9.501014709472656,9.633675749050743,9.330451842412323,9.387306131432435,735397
2020-07-13,9.418891906738281,9.760018244681174,9.418891906738281,9.538917966575694,856969
2020-07-14,9.32413387298584,9.463111773436538,9.172522237067382,9.437843064263683,385682
2020-07-15,9.475748062133789,9.538919847960022,9.286232704655086,9.456796835945314,678259
2020-07-16,9.469429969787598,9.519967395224006,9.362038250294605,9.412575675731013,383216
2020-07-17,9.52628231048584,9.595771565771548,9.260961500467317,9.469428028087192,640543
2020-07-20,9.444160461425781,9.576821501579413,9.380988684952312,9.507332237899249,592551
2020-07-21,9.475748062133789,9.595774145644238,9.23569589511289,9.494699907441055,1241727
2020-07-22,9.425207138061523,9.501012633821157,9.267278041624566,9.47574454798032,481152
2020-07-23,9.210426330566406,9.399941670550916,9.071448414577766,9.36203798343528,856764
2020-07-24,9.027228355407715,9.20410871786968,8.894567928781559,9.20410871786968,628211
2020-07-27,9.216742515563965,9.216742515563965,8.970372901412341,9.027227808751139,1158281
2020-07-28,9.140937805175781,9.248329530326892,9.065131663027191,9.197792721346616,1202162
2020-07-29,9.178840637207031,9.28623173319899,9.109351370508225,9.14725443803883,850598
2020-07-30,9.03354549407959,9.22306021803974,8.989325556920553,9.121985987516407,832100
2020-07-31,8.881932258605957,9.115668132672793,8.8250779713932,9.046178871503118,869096
2020-08-03,8.774542808532715,9.039863690527355,8.774542808532715,8.926154475764456,1183664
2020-08-04,8.730323791503906,8.989327850228037,8.679786972908937,8.774544359062993,1128273
2020-08-05,8.799809455871582,8.862980607893435,8.711368976274882,8.806126323426309,439224
2020-08-06,8.945103645324707,9.033544125361457,8.793492012951782,8.806126367242747,800037
2020-08-07,8.894567489624023,8.945104291318879,8.635563517513924,8.749272714344414,1393102
2020-08-10,8.888249397277832,9.008275453978305,8.724002790817053,8.894566884008727,1189625
2020-08-11,8.976688385009766,9.096714421751958,8.907199757236613,8.938785328282988,899720
2020-08-12,8.812444686889648,9.058814309290703,8.705052355706526,8.9830075572611,863341
2020-08-13,8.496623992919922,8.848782704883034,8.477415278980105,8.835977104309862,1827024
2020-08-14,8.631088256835938,8.701520657152685,8.342958670116596,8.496627824777605,749390
2020-08-17,8.59907341003418,8.669504548660043,8.37497251103096,8.669504548660043,972423
2020-08-18,8.688713073730469,8.73993548746833,8.458209081108805,8.707921165802038,888030
2020-08-19,8.650296211242676,8.739936700041108,8.592670674712526,8.71432486345855,399203
2020-08-20,8.637489318847656,8.637489318847656,8.432597161362207,8.541446354836445,655563
2020-08-21,8.669504165649414,8.688713511008249,8.547849361498816,8.637489842371934,590652
2020-08-24,8.874394416809082,8.919214960635077,8.714322208870813,8.714322208870813,635977
2020-08-25,8.835978507995605,9.00245322037341,8.74633803742286,8.951230183783299,701810
2020-08-26,8.669504165649414,8.90641128499129,8.528641268460559,8.87439633555352,671354
2020-08-27,8.631088256835938,8.752743708706355,8.57986520528227,8.682311934550007,432222
2020-08-28,8.752740859985352,8.855186929749962,8.656697278230906,8.72072591529374,407201
2020-08-31,8.605475425720215,8.810367593401127,8.605475425720215,8.778353270471019,517231
2020-09-01,8.835978507995605,8.86159033937077,8.64389196424264,8.64389196424264,644796
2020-09-02,8.874394416809082,8.93202118810545,8.752740265121776,8.900006245589672,552814
2020-09-03,8.829575538635254,9.066482008485613,8.714323234794353,8.925619125169336,960323
2020-09-04,8.887201309204102,8.951229946705856,8.682309168270324,8.86159010466748,1026259
2020-09-08,8.803962707519531,8.900006283151905,8.72072535941158,8.900006283151905,429966
2020-09-09,8.663100242614746,9.04087019661006,8.64389152659598,8.970438446594644,911102
2020-09-10,8.464611053466797,8.727129351743065,8.438999848159963,8.663100712315758,585628
2020-09-11,8.285331726074219,8.52223822114054,8.208496848668766,8.490223897608367,795227
2020-09-14,8.528639793395996,8.528639793395996,8.278927113164059,8.330150146780843,345265
2020-09-15,8.451805114746094,8.573459900516777,8.374970875720512,8.560653672212352,483289
2020-09-16,8.451805114746094,8.61828044726188,8.317344100670985,8.503028149483214,981242
2020-09-17,8.419791221618652,8.419791221618652,8.25971899516927,8.406984992667338,532305
2020-09-18,8.323747634887695,8.46461114406361,8.246913391984613,8.426193709531956,466984
2020-09-21,8.170079231262207,8.246914106987054,8.05482754383522,8.227704761895561,581834
2020-09-22,8.150869369506836,8.278927269039967,8.016408982001174,8.182884314010263,854908
2020-09-23,7.875546455383301,8.208496534461682,7.875546455383301,8.150870378613423,1127265
2020-09-24,7.95878267288208,8.10604864793872,7.849933500344476,7.913962130703005,838809
2020-09-25,7.875546455383301,7.977992537228915,7.78590660338859,7.939575726157012,839321
2020-09-28,7.753891944885254,8.003604670072336,7.657848348213187,7.96518723140351,838398
2020-09-29,7.4337477684021,7.753891616023548,7.4337477684021,7.7410860123971545,1325379
2020-09-30,7.516984462738037,7.542596293873464,7.414537764356541,7.510581348414127,1213812
2020-10-01,7.472165107727051,7.600222394636901,7.408135838111867,7.574610561558776,1324354
2020-10-02,7.613026142120361,7.785904564391189,7.478565773180934,7.54899751427494,1658647
2020-10-05,7.7218756675720215,7.869142269820644,7.606624006887112,7.645041435835461,1327943
2020-10-06,7.657848834991455,7.881950366084737,7.600223299485488,7.747489322196701,1037128
2020-10-07,7.670652866363525,7.779502042908694,7.619429834958767,7.65784663889222,1122855
2020-10-08,7.8819499015808105,7.952381664079894,7.651445894660143,7.664251498888986,858394
2020-10-09,7.830724239349365,8.189286075781883,7.805113663570116,7.907559097487801,979909
2020-10-13,7.888350963592529,8.010005111342801,7.798710505001682,7.888350963592529,804354
2020-10-14,7.920365810394287,8.08043803654841,7.875545887628041,7.888352116555733,711962
2020-10-15,8.074034690856934,8.093244033698346,7.817919512041209,7.86274005968409,701810
2020-10-16,8.099647521972656,8.163676168042869,7.958784625850247,8.06763319893755,738213
2020-10-19,8.400582313537598,8.573460138851248,8.131661530232012,8.163675223402445,1261700
2020-10-20,8.451805114746094,8.496625035331,8.310941612678967,8.445402626754076,601317
2020-10-21,8.35576343536377,8.471014498421084,8.34936032023379,8.471014498421084,500516
2020-10-22,8.541447639465332,8.547850128999526,8.336555451164214,8.355764172087488,465959
2020-10-23,8.560652732849121,8.663099417242046,8.477415388804987,8.573458959748315,478982
2020-10-26,8.61187744140625,8.624683043711515,8.41338778795373,8.554251291792253,518461
2020-10-27,8.406983375549316,8.720724653622991,8.33655226066594,8.65029291257951,599574
2020-10-28,7.965185165405273,8.291732683230586,7.9651851654052725,8.291732683230586,727548
2020-10-29,8.022812843322754,8.029215331891569,7.651445338402231,7.971589803970984,729292
2020-10-30,7.811516284942627,7.990797220604467,7.702667726868124,7.990797220604467,816044
2020-11-03,8.131662368774414,8.131662368774414,7.933172691831734,7.933172691831734,620390
2020-11-04,8.074034690856934,8.234106912426839,7.984394221731378,8.234106912426839,730932
2020-11-05,8.176481246948242,8.253315486182288,8.067632063026464,8.150869416430096,742212
2020-11-06,8.221301078796387,8.298135943360174,8.035617657647485,8.13806372629241,974884
2020-11-09,8.522238731384277,8.663102264287863,8.355763988585675,8.419792639483548,1111575
2020-11-10,8.739934921264648,8.759143638252068,8.374971176984344,8.522237172340931,1216375
2020-11-11,8.714322090148926,8.835977492499135,8.522236194632121,8.70791960266112,961554
2020-11-12,8.592668533325195,8.784755068263093,8.554251101105578,8.720725805843667,934892
2020-11-13,8.944826126098633,9.015257867322093,8.579861193460623,8.579861193460623,1190021
2020-11-16,9.053675651550293,9.130509888217496,8.88720095030454,9.07928748121281,934379
2020-11-17,8.996050834655762,9.07288507733631,8.874395416937796,9.053676360126117,619775
2020-11-18,8.964035987854004,9.098497009815192,8.925619179168182,8.996050934332535,534253
2020-11-19,8.861590385437012,9.08569124995374,8.861590385437012,8.964035832989568,1106038
2020-11-23,8.9512300491333,9.02166180165525,8.887201410898877,8.938424446718457,398075
2020-11-24,9.329001426696777,9.354613261558026,8.95123140215556,9.002454445717754,955196
2020-11-25,9.476266860961914,9.514684295279052,9.232957278500342,9.329000238132961,1042563
2020-11-26,9.476266860961914,9.559504217875563,9.322597749853587,9.450655029363748,402894
2020-11-27,9.565909385681152,9.649146760462083,9.469865779272112,9.514686337649783,734419
2020-11-30,9.296985626220703,9.636338783815438,9.296985626220703,9.565907031833145,1010467
2020-12-01,9.4890718460083,9.591518539572174,9.41864009639824,9.52108616380193,707142
2020-12-02,9.533892631530762,9.591519410649104,9.431447180983424,9.533892631530762,688377
2020-12-03,9.476266860961914,9.58511604947373,9.457058143803344,9.559504217875563,691863
2020-12-04,9.463460922241211,9.533892678595391,9.373820448139504,9.501878983896505,639566
2020-12-07,9.629935264587402,9.75159004688057,9.45065433505215,9.482668652577692,826503
2020-12-08,9.597920417785645,9.706768966138014,9.431445725368977,9.623531619929683,740059
2020-12-09,9.303389549255371,9.64914522498686,9.303389549255371,9.610727788536638,773078
2020-12-10,9.41864013671875,9.476266284690087,9.175330569053347,9.328999670816732,671354
2020-12-11,9.546700477600098,9.655549687347051,9.373821989446519,9.476268709665051,882185
2020-12-14,9.425044059753418,9.700367968981514,9.425044059753418,9.629936213024537,612904
2020-12-15,9.41864013671875,9.521086204561005,9.386625818788069,9.42504325076896,571784
2020-12-16,9.476266860961914,9.5274892718378,9.25216599565891,9.457058143803344,749493
2020-12-17,9.508282661437988,9.5723113111634,9.41864217612622,9.476268336575282,704784
2020-12-18,9.962885856628418,10.097346248293865,9.444251754478437,9.597921489136334,2615894
2020-12-21,9.75158977508545,9.841230237354628,9.501877729650053,9.745187287454897,1157310
2020-12-22,9.822023391723633,9.886052037177706,9.700368589664729,9.751591631260043,920639
2020-12-23,9.892454147338867,9.918065978615084,9.757993755079323,9.82842550838865,648487
2020-12-28,10.154973030090332,10.180584236685334,9.911663436636557,9.918066551365433,750416
2020-12-29,10.12295913696289,10.231808341729465,10.02051304759211,10.180585297044075,624799
2020-12-30,10.033316612243652,10.16777762509439,9.930870543702264,10.129360192851323,838193
2021-01-04,10.37267017364502,10.443101926831167,10.122957480319549,10.174180516622183,1610451
2021-01-05,10.225404739379883,10.398282574644032,10.071735622051776,10.398282574644032,1200583
2021-01-06,10.340657234191895,10.500728852649129,10.21259931326581,10.244614263117555,1015287
2021-01-07,10.682841300964355,10.689419310713896,10.393404395843016,10.432873093789052,1038163
2021-01-08,10.669683456420898,10.847292886522453,10.50523068301678,10.70257413899146,1434164
2021-01-11,10.43945026397705,10.656527765498051,10.347357495440976,10.656527765498051,1192079
2021-01-12,10.68941879272461,10.774934194222306,10.39998190162884,10.41971656936995,822580
2021-01-13,10.49207592010498,10.926230296255445,10.49207592010498,10.774934161461175,1002080
2021-01-14,10.86702823638916,10.959121652667115,10.53154462034175,10.53154462034175,722994
2021-01-15,10.551279067993164,11.031480168752877,10.551279067993164,10.84071596983277,939393
2021-01-18,10.636794090270996,10.82098091234339,10.55785669811175,10.577590726427179,370008
2021-01-19,10.459186553955078,10.761779501191281,10.419717853059153,10.715732790054176,1141521
2021-01-20,10.347357749938965,10.590747294328336,10.209216995115359,10.505231893460751,880477
2021-01-21,10.16317081451416,10.446029708693342,10.13028012645634,10.340779634798078,464192
2021-01-22,10.182904243469238,10.182904243469238,9.959248742911543,10.07765482183575,512813
2021-01-26,10.05792236328125,10.347359295476185,9.972406949640623,10.130281116743344,581208
2021-01-27,9.95267105102539,10.156592544417585,9.873733657489783,10.051342473220515,465619
2021-01-28,10.196059226989746,10.255262580170426,9.946091076656906,10.064496504120967,568263
2021-01-29,9.93951416015625,10.248685058180353,9.788218035356675,10.084232275979588,585693
2021-02-01,10.27499771118164,10.327623065049538,9.965827434038092,10.117123567924217,726358
2021-02-02,10.452607154846191,10.682841333473505,10.360514378623582,10.459185804064546,791797
2021-02-03,10.459186553955078,10.531545306056907,10.419717853059153,10.459186553955078,360936
2021-02-04,10.406562805175781,10.557858973209626,10.38025012230303,10.524968918929813,691293
2021-02-05,10.380249977111816,10.485499428232869,10.222375800430235,10.419718681144435,448902
2021-02-08,10.143437385559082,10.623639157602234,10.143437385559082,10.524967727038954,621063
2021-02-09,10.32762336730957,10.32762336730957,9.965827725709397,10.255264622658801,652764
2021-02-10,10.038186073303223,10.577590509585619,10.038186073303223,10.498653119044596,999532
2021-02-11,10.084233283996582,10.321044828056268,10.038186577111398,10.038186577111398,458993
2021-02-12,10.235529899597168,10.307888643859677,9.99871835932653,10.051342435554702,535645
2021-02-17,10.169748306274414,10.334201098738877,10.103967572957885,10.242107688426481,520865
2021-02-18,10.038186073303223,10.242107558959402,9.972405340818204,10.150014149811128,314252
2021-02-19,10.117124557495117,10.176327287076262,9.946093739317563,10.044765807884566,630950
2021-02-22,9.853998184204102,10.110543699763479,9.669810758426209,9.978981618178494,915337
2021-02-23,10.222373008728027,10.492075213088572,9.93951414698373,9.93951414698373,2127395
2021-02-24,10.49207592010498,10.557856653661561,10.228951067532371,10.228951067532371,879050
2021-02-25,10.511811256408691,10.81440418469296,10.446029879219207,10.498653957852712,1546594
2021-02-26,10.103968620300293,10.781513888550473,9.96582849051257,10.544701049937986,1385034
2021-03-01,10.228952407836914,10.95254376901564,10.077656892667083,10.58417071760242,1888367
2021-03-02,10.36709213256836,10.3934041709973,9.682968902235421,10.097389262530257,1884494
2021-03-03,10.301311492919922,10.623638442815752,10.136858693413386,10.367092229053265,1464132
2021-03-04,10.301311492919922,10.577591096238988,10.209217439215184,10.294732843802679,1690214
2021-03-05,10.518387794494629,10.524966443252065,10.143436148309501,10.301310929512978,1265265
2021-03-08,9.95267105102539,10.492076147219535,9.913202993706362,10.321044701593198,902901
2021-03-09,9.814531326293945,10.084233565500067,9.52509505763563,9.978984129524099,963448
2021-03-10,9.78821849822998,9.886889916437006,9.564562985217972,9.821109184115238,893218
2021-03-11,9.959251403808594,10.005297478558136,9.77506454701488,9.801376589728905,925224
2021-03-12,9.853998184204102,9.998716282112994,9.840840888982916,9.95266894608204,605672
2021-03-15,10.05792236328125,10.07107838401093,9.748751399991797,9.781641451815995,630747
2021-03-16,9.873734474182129,10.130280704668339,9.715860313501343,10.057921954149622,426477
2021-03-17,10.025030136108398,10.025030136108398,9.755327915776972,9.86057734438722,458688
2021-03-18,9.985563278198242,10.117125407897307,9.886891840786161,10.031610631069345,475098
2021-03-19,9.972405433654785,9.998718110562997,9.748749918005638,9.972405433654785,556133
2021-03-22,9.94609260559082,9.998717958607468,9.76190578837879,9.939514596325926,362363
2021-03-23,9.814531326293945,10.031609486960884,9.781640637758155,9.860578034464533,459095
2021-03-24,9.669814109802246,9.900048311957303,9.656658088918709,9.834266928641897,435244
2021-03-25,9.51851749420166,9.617188285538727,9.340908663007513,9.610610914861676,1141827
2021-03-26,9.62376594543457,9.663234641579855,9.459313151404013,9.590875258738706,495688
2021-03-29,9.597455024719238,9.669813776533719,9.439580221762483,9.55798568453121,506085
2021-03-30,9.761906623840332,9.834266010844459,9.525095072793157,9.590875810520616,901780
2021-03-31,9.538249015808105,9.78821717153745,9.505358334380842,9.768482506901625,694759
2021-04-01,9.378142356872559,9.611760794877233,9.358117492940982,9.585061841437517,1356085
2021-04-05,9.605087280273438,9.698534271757424,9.458240432158446,9.491614774807474,845922
2021-04-06,9.59841251373291,9.818682800158111,9.59841251373291,9.665161203349978,534320
2021-04-07,9.545015335083008,9.778633820173665,9.5049655991478,9.585063773314376,692720
2021-04-08,9.511638641357422,9.61176036108956,9.418190361980454,9.585061408854793,497421
2021-04-09,9.59841251373291,9.67183594254131,9.471590522541979,9.478265910585181,518827
2021-04-12,9.671835899353027,9.765283545318148,9.545014557580268,9.625112076370467,590586
2021-04-13,9.591737747192383,9.678509999414283,9.504964197266833,9.645135656958583,483457
2021-04-14,9.651810646057129,9.798656838407123,9.618436304979285,9.651810646057129,486515
2021-04-15,9.631787300109863,9.785308903956182,9.598412953771286,9.745259169268367,431880
2021-04-16,9.858731269836426,9.885430875547142,9.585063068922038,9.631786892276887,532791
2021-04-19,9.7586088180542,9.97887911841018,9.7586088180542,9.892106205731247,633193
2021-04-20,9.818682670593262,9.932154533052312,9.758608072108386,9.765283460063502,415979
2021-04-22,9.638461112976074,9.885430343745536,9.611761508701703,9.818682306337363,580597
2021-04-23,9.645136833190918,9.75860870298573,9.56503866106993,9.63178735412139,498339
2021-04-26,9.818682670593262,9.878755971374414,9.625111992339573,9.751933981856993,592930
2021-04-27,9.778632164001465,9.91880426947848,9.758607299425401,9.758607299425401,433001
2021-04-28,9.878755569458008,9.938828867795083,9.798657405774017,9.845381226447707,640124
2021-04-29,9.972204208374023,10.112376342389478,9.838707463144212,9.938830508705529,671621
2021-04-30,9.878755569458008,10.025601770310766,9.8520559652794,10.005576904963851,716063
2021-05-03,9.978878021240234,10.072325663258141,9.858730774852136,10.005576976758585,547673
2021-05-04,9.86540412902832,9.985550709700863,9.832030439314698,9.905453205536418,881496
2021-05-05,9.878755569458008,9.945503606626776,9.765283062763716,9.812006883437405,559803
2021-05-06,9.898778915405273,9.958852208459204,9.7519327274669,9.7519327274669,458789
2021-05-07,9.878755569458008,9.945503606626776,9.838705838764177,9.87208018177448,389069
2021-05-10,9.892106056213379,10.018927404656246,9.872081188823731,9.9989038349704,299880
2021-05-11,10.092350006103516,10.23919685869815,9.865405637100356,9.898779980767484,852752
2021-05-12,10.179123878479004,10.345994304345375,10.025602282105625,10.152423624085543,1489818
2021-05-13,10.579612731933594,10.619661813216737,10.139073486670844,10.179123216805813,1330501
2021-05-14,10.67973518371582,10.813231248992418,10.325968209981205,10.653034932497635,1226429
2021-05-17,10.74648380279541,10.786532884104606,10.506189314940235,10.679735766514634,618719
2021-05-18,11.26044750213623,11.380595412827937,10.719785797135087,10.746485404939014,1508472
2021-05-19,11.120275497436523,11.273796450737118,11.033503236076635,11.25377158361415,783643
2021-05-20,11.093574523925781,11.627561367012985,11.060200184019887,11.287143878594996,1367909
2021-05-21,10.986777305603027,11.146972318773464,10.906679150166042,11.113597979199424,528714
2021-05-24,10.846606254577637,11.046851662470113,10.739809136269537,10.973428886952732,573360
2021-05-25,10.559590339660645,10.953405832924878,10.446117814949822,10.88665713630629,847043
2021-05-26,10.920028686523438,10.926702775852835,10.546237508711952,10.579611848469575,713005
2021-05-27,11.160322189331055,11.28714416511132,10.90000414824206,10.960077442516168,1243860
2021-05-28,11.300496101379395,11.534116537497493,11.113600790648007,11.18702487536667,1217867
2021-05-31,11.514089584350586,11.514089584350586,11.133623643091873,11.280470488236542,632581
2021-06-01,11.540789604187012,11.727684898330688,11.500741168743547,11.580839337334229,963346
2021-06-02,11.44734001159668,11.600860934594134,11.33386751723631,11.540787642786741,649400
2021-06-04,11.574162483215332,11.627561688079963,11.373917735954244,11.400616689534766,461236
2021-06-07,11.567487716674805,11.821130356252281,11.447339837187041,11.774406541369126,630747
2021-06-08,11.467363357543945,11.567486362444885,11.287142208262924,11.540786115849286,482437
2021-06-09,11.7009859085083,11.70765999887826,11.280471497865966,11.413967580006371,926957
2021-06-10,11.707660675048828,11.8478334510623,11.68096171661951,11.807783715714502,911362
2021-06-11,11.580840110778809,11.70766081367158,11.500741936838644,11.680961854926137,426987
2021-06-14,11.807782173156738,11.827807038214608,11.560813595689742,11.600862028101828,467861
2021-06-15,11.821131706237793,11.988003419665633,11.807782228704296,11.974653942132138,597109
2021-06-16,11.68763542175293,11.881206086745788,11.587512395507595,11.881206086745788,572238
2021-06-17,11.887880325317383,12.068100217570082,11.63423636048441,11.680960180442924,809635
2021-06-18,11.787757873535156,11.901230384034607,11.694310229054132,11.901230384034607,546654
2021-06-21,11.834481239318848,11.861180191583497,11.640910591141337,11.84115532853325,398039
2021-06-22,11.680961608886719,11.827808474301252,11.507415785289114,11.827808474301252,381322
2021-06-23,11.540789604187012,11.66093620822116,11.447341957115174,11.627563160870148,444010
2021-06-24,11.534113883972168,11.640910994434213,11.420641386360936,11.567488224310976,400587
2021-06-25,11.340544700622559,11.53411538062369,11.153649408636802,11.53411538062369,563268
2021-06-28,10.966753959655762,11.36724349454808,10.913354749408384,11.353894016412163,1563208
2021-06-29,10.733135223388672,10.980104485581593,10.659712437782822,10.833257616666053,1439668
2021-06-30,10.59963607788086,10.746482255638778,10.519537926794092,10.733132131223162,860804
2021-07-01,10.299221992492676,10.684935019206854,10.231552648064797,10.657867807676814,1469534
2021-07-02,10.488694190979004,10.549596727220548,10.278920030882865,10.299221095563823,1884290
2021-07-05,10.536062240600586,10.657866652690059,10.407491026361916,10.454859299207603,589872
2021-07-06,10.265386581420898,10.542829426443012,10.204484702060372,10.536062624047547,775182
2021-07-07,10.31275463104248,10.360122904578851,10.075913263360624,10.360122904578851,903003
2021-07-08,10.218019485473633,10.22478628864963,10.082681448549414,10.163884402264229,680081
2021-07-12,10.319523811340332,10.387191845099123,10.224786590673714,10.251854461978667,541455
2021-07-13,10.333056449890137,10.373657266341137,10.10974801260139,10.299221778379595,739710
2021-07-14,10.339822769165039,10.522529077480554,10.29245449137218,10.42102571903891,1404400
2021-07-15,10.45486068725586,10.475161754200052,10.231552897678172,10.319523310701133,772736
2021-07-16,10.251853942871094,10.502228944107944,10.190951399969139,10.461627468107109,482539
2021-07-19,10.14358139038086,10.305987266676812,10.055612308155391,10.218017526650053,852446
2021-07-20,10.218019485473633,10.238319895001627,10.048846774868004,10.116516122230822,984548
2021-07-21,10.150349617004395,10.33305591274168,10.123281091841429,10.211251496316375,695371
2021-07-22,9.994710922241211,10.177417225133658,9.981177316931063,10.143582554056923,891078
2021-07-23,9.954110145568848,10.102981777971696,9.940575882403957,10.035312435551349,825638
2021-07-26,9.879673957824707,10.048846666607771,9.879673957824707,9.98117797777539,571423
2021-07-27,10.075915336608887,10.109749354809985,9.832306458752202,9.859374331114543,703219
2021-07-28,10.393959045410156,10.421026258234344,10.123282312558347,10.123282312558347,662753
2021-07-29,10.434561729431152,10.441328533419927,10.251855390528261,10.393960247697011,929913
2021-07-30,10.082681655883789,10.448094297313173,10.082681655883789,10.380425606360271,688541
2021-08-02,10.184185028076172,10.366891337112888,10.13004928941231,10.24508691182128,656841
2021-08-03,10.109747886657715,10.218018702582372,10.01501199165086,10.190950834150867,636862
2021-08-04,9.947341918945312,10.116514604165198,9.920274710302975,10.102980999844029,680183
2021-08-05,9.859373092651367,10.028545793612457,9.791704406947758,9.98794431906974,861518
2021-08-06,10.048846244812012,10.251853618390829,9.933809281285168,9.960876492561422,980878
2021-08-09,9.913509368896484,10.082682090269238,9.913509368896484,10.028547003614365,962429
2021-08-10,10.116517066955566,10.19772002825347,9.852607771638118,9.96087794816767,1205839
2021-08-11,10.556363105773926,10.651099655582067,10.062379291602134,10.123281171392698,901780
2021-08-12,10.515763282775879,10.732303612585413,10.468394345603459,10.55636410126411,1159563
2021-08-13,10.3736572265625,10.644333939807524,10.305988541602273,10.569897136528667,712087
2021-08-16,10.170650482177734,10.441326536777668,10.028545652182975,10.292454246286745,972520
2021-08-17,9.872908592224121,10.136817880895281,9.663133732652938,10.136817880895281,1515607
2021-08-18,10.048846244812012,10.312755501563782,9.839072726215514,9.886441003750342,1493182
2021-08-19,10.170650482177734,10.190950890262114,9.84583934821809,9.906741888073965,755714
2021-08-20,10.218019485473633,10.28568883283645,10.06238038122,10.130049728582819,607914
2021-08-23,10.380425453186035,10.495462423448902,10.23155315124385,10.312756105430237,801888
2021-08-24,10.894708633422852,10.955610514013216,10.360123339769743,10.360123339769743,891791
2021-08-25,10.820274353027344,11.043582821844952,10.705237374571391,10.89471050929988,1139381
2021-08-26,10.786438941955566,10.969145260540664,10.725537055027676,10.786438941955566,848063
2021-08-27,11.28042221069336,11.348090235490961,10.79320519633579,10.881174286374021,1681550
2021-08-30,11.253355026245117,11.436062003978758,11.178919532295856,11.260122487332712,1267915
2021-08-31,11.321023941040039,11.510497057000354,11.138318285908081,11.205986316177619,1305630
2021-09-01,12.031548500061035,12.187186930906934,11.557864431621818,11.557864431621818,2753147
2021-09-02,11.686434745788574,12.207485733483125,11.686434745788574,12.045081170541225,1524067
2021-09-03,11.71350383758545,11.930045482339155,11.551099248523686,11.747338510690804,2062363
2021-09-06,11.909746170043945,12.112752922982681,11.591701774718823,11.686438347130434,893014
2021-09-08,11.31425666809082,11.923278159849414,11.31425666809082,11.923278159849414,1105030
2021-09-09,11.151851654052734,11.449594927695175,10.989445753664938,11.314256238837753,1134794
2021-09-10,10.793205261230469,11.273654818195656,10.793205261230469,11.199219332669397,912483
2021-09-13,10.833805084228516,11.050346034059434,10.759369605518817,10.86763975153363,1356697
2021-09-14,10.644335746765137,10.928545455887335,10.644335746765137,10.854109297773743,663874
2021-09-15,10.441327095031738,10.7526039824431,10.441327095031738,10.51576324425699,1226633
2021-09-16,10.50899600982666,10.617266176667636,10.360124365969964,10.387191578779499,909425
2021-09-17,10.19771957397461,10.522530089093902,10.19771957397461,10.481929268055078,784050
2021-09-20,10.035313606262207,10.109749102246527,9.818772606177527,9.974411059418783,1114510
2021-09-21,9.994710922241211,10.251853369942197,9.940575843199257,10.089447475014971,791185
2021-09-22,10.50899600982666,10.576665357453335,10.109748700673258,10.123282307078025,1293908
2021-09-23,10.380425453186035,10.705236612130172,10.333057172877545,10.508996029879494,822274
2021-09-24,10.130049705505371,10.40072577873718,10.130049705505371,10.31952348300877,937864
2021-09-27,10.59019947052002,10.69170283901479,10.09621557729697,10.136817714056619,1303999
2021-09-28,10.272153854370117,10.617265396957325,10.2180187749252,10.481928027245717,1091473
2021-09-29,10.075915336608887,10.387192250867768,10.028547053325886,10.353357574865207,790778
2021-09-30,10.075915336608887,10.245088058820228,9.967645162762446,10.096215747529545,912585
2021-10-01,10.583431243896484,10.583431243896484,9.994711486077014,10.102982308070214,1215217
2021-10-04,10.502229690551758,10.576665844810725,10.312756560948694,10.576665844810725,762237
2021-10-05,10.54959774017334,10.617265769602788,10.393958641280028,10.617265769602788,767028
2021-10-06,10.319523811340332,10.454861194460788,10.116516421056776,10.407492913028197,1053861
2021-10-07,10.579811096191406,10.593551581548285,10.353101435606895,10.353101435606895,1058652
2021-10-08,10.998880386352539,11.122540734632866,10.655380309339517,10.655380309339517,784254
2021-10-11,10.730952262878418,11.053843352703776,10.675992986754125,11.053843352703776,543494
2021-10-13,10.73781967163086,10.854609434580665,10.497368902594543,10.73781967163086,663262
2021-10-14,10.655381202697754,10.957661856785105,10.545460661291305,10.77904089352159,657045
2021-10-15,11.356122970581055,11.390473182729705,10.648511672310784,10.655381581175648,750005
2021-10-18,11.534740447998047,11.56222141555936,11.14315101847053,11.32177129720089,792816
2021-10-19,11.163762092590332,11.507262207814525,10.992012368890396,11.507262207814525,650011
2021-10-20,11.575963020324707,11.630922292643104,11.170632376557409,11.211853166444898,950299
2021-10-21,11.308030128479004,11.548478882424407,10.882089206542501,11.438559032274178,1356697
2021-10-22,10.820261001586914,11.204981202795548,10.456150524946917,11.17063099402356,1787762
2021-10-25,11.033232688903809,11.115672936740806,10.799652431915238,10.950792441066813,823294
2021-10-26,10.895831108093262,11.081321308144933,10.875221382676095,10.971401436938125,471225
2021-10-27,10.930181503295898,11.225592247379119,10.895831292528213,10.937051411884575,450329
2021-10-28,10.305008888244629,10.985139039447425,10.215698092634383,10.895828911661335,1266998
2021-10-29,10.435538291931152,10.717208484967022,10.2775277601445,10.366838554328714,2147475
2021-11-01,10.408061027526855,10.621030863498245,10.33249069796161,10.60729104642249,1006259
2021-11-03,10.840871810913086,10.895831749753103,10.291271754688589,10.366841420159489,963143
2021-11-04,10.985140800476074,11.101931243159088,10.54545999814789,10.854610541415386,1368521
2021-11-05,11.163762092590332,11.356122878366149,10.998881609875152,11.046971639363026,977005
2021-11-08,11.184370040893555,11.514130953897554,11.00575043678201,11.02636015993265,1037756
2021-11-09,11.184370040893555,11.397340519237934,11.14315059459227,11.21185100740951,804844
2021-11-10,11.500393867492676,11.54848256509801,11.108803024288523,11.204983090796691,1208388
2021-11-11,11.541611671447754,11.70649214347382,11.411081409064497,11.70649214347382,872016
2021-11-12,11.184370040893555,11.679011410399555,11.170630225459792,11.589700606607458,948566
2021-11-16,10.998880386352539,11.376730671414137,10.943921121993613,11.225591358778596,1195952
2021-11-17,10.758429527282715,11.108799466544783,10.600418991606903,11.108799466544783,923084
2021-11-18,10.827133178710938,11.060713445225879,10.682862405200048,10.792782962740516,946222
2021-11-19,11.012621879577637,11.067582487955125,10.689732145349904,10.813391844638378,757854
2021-11-22,10.943921089172363,11.02636065328776,10.703470301377696,11.019490745263496,1209611
2021-11-23,11.198110580444336,11.239331365059561,10.854610497618628,10.992011332138024,810145
2021-11-24,11.582832336425781,11.706493371239056,11.074452385950348,11.074452385950348,827371
2021-11-25,11.34238338470459,11.775193662457205,11.163762411445228,11.630922234224316,539417
2021-11-26,11.095062255859375,11.095062255859375,10.737821657794823,11.060712044239864,568161
2021-11-29,11.63092041015625,11.775191815763169,11.211851351785176,11.259941375104658,1510816
2021-11-30,11.63092041015625,11.837021654938434,11.411080685166757,11.624051170052596,1680429
2021-12-01,11.70649242401123,12.352273175215183,11.521001554624613,11.905723110454524,3530165
2021-12-02,11.775193214416504,12.015642023925862,11.644662944809504,11.720232608816692,911871
2021-12-03,11.816412925720215,12.13930331852657,11.740843260057662,11.740843260057662,1147127
2021-12-06,12.146172523498535,12.31105298964004,11.885112008049237,11.953811089234438,1204412
2021-12-07,12.056862831115723,12.434713823046808,12.029383196096651,12.276703918214196,754490
2021-12-08,12.304183959960938,12.414103839319374,12.063733806474147,12.146174049905143,788026
2021-12-09,12.228612899780273,12.297311981770019,12.029382222888694,12.208002507359087,538907
2021-12-10,12.345401763916016,12.420971420441093,12.098081066676897,12.269832107390938,509449
2021-12-13,12.214873313903809,12.530893103966207,12.043122266566808,12.359142056629207,748069
2021-12-14,12.139302253723145,12.414102592340269,12.070601835156728,12.214873248405622,538397
2021-12-15,11.63092041015625,12.146172186463236,11.493520915949935,12.146172186463236,1031334
2021-12-16,11.301159858703613,11.733970031661025,11.170629615734946,11.672140197759731,1687156
2021-12-17,11.07445240020752,11.266812526110591,10.827132333735621,11.266812526110591,1285753
2021-12-20,10.97140121459961,10.97140121459961,10.627900455346964,10.86148067779608,1022874
2021-12-21,10.765299797058105,11.074450323030485,10.552329983821494,11.005750577161193,891179
2021-12-22,10.77903938293457,10.77903938293457,10.517979552806128,10.765299567618392,580597
2021-12-23,10.834000587463379,10.978271327671395,10.710340907034004,10.71721014725314,508736
2021-12-27,10.97140121459961,11.012620664598622,10.765300625483166,10.840870952796575,685076
2021-12-28,11.088191986083984,11.129412107603088,10.902701773160194,10.992012592971863,415061
2021-12-29,10.875221252441406,11.136281110387362,10.785911107721287,11.136281110387362,558172
2021-12-30,10.902702331542969,10.943923122997534,10.6897324719154,10.943923122997534,1317759
2022-01-03,10.852873802185059,11.299551956446354,10.804019121120074,11.041316678555004,1254257
2022-01-04,10.985480308532715,11.006418705360398,10.55276135603817,10.901728078126709,1407968
2022-01-05,10.4829683303833,10.936625003303645,10.385257620618773,10.908708045343703,1026747
2022-01-06,10.643494606018066,10.873812245795243,10.35734100943694,10.489948608230039,1588487
2022-01-07,10.720266342163086,10.762142459418097,10.448071919231719,10.580679510797186,1294111
2022-01-10,11.048295021057129,11.12506733494552,10.671410655843134,10.762142127354087,1058346
2022-01-11,11.041316032409668,11.132047505982689,10.901728523725893,11.041316032409668,864677
2022-01-12,10.85985279083252,11.187881120607798,10.783079798828382,11.041315733058758,776915
2022-01-13,10.957564353942871,11.041316592016997,10.734225278562675,10.783080637697179,546144
2022-01-14,11.069232940673828,11.118088975560763,10.608597013627687,10.93662535079366,1141623
2022-01-17,11.069232940673828,11.390283395032839,11.027356823951017,11.097150577973164,985465
2022-01-18,11.076212882995605,11.215800399894512,10.971522923773854,11.069233642841146,584674
2022-01-19,11.159965515136719,11.271635396901662,11.027357912170354,11.187882476738613,971909
2022-01-20,11.020378112792969,11.285593305273421,10.992461152607081,11.159964949079667,656535
2022-01-21,10.915687561035156,11.09715119590688,10.824956761277932,10.985481318943698,844699
2022-01-24,10.852873802185059,11.00641979934187,10.60859768305042,10.87381220109391,946630
2022-01-25,11.062254905700684,11.14600714826737,10.713287454490308,10.783081216113368,570098
2022-01-26,10.985480308532715,11.299550833329054,10.971521829615835,11.159964008803165,686808
2022-01-27,11.104131698608398,11.236739310950906,10.929648640902204,11.083193975926555,897193
2022-01-28,11.055274963378906,11.180903319253355,11.006419604725357,11.055274963378906,539621
2022-01-31,11.055274963378906,11.132047960599806,10.908708887418259,11.083192601946257,888529
2022-02-01,11.31351089477539,11.439139936409704,11.069234087298835,11.069234087298835,1226328
2022-02-02,11.327467918395996,11.592683091509862,11.285592481175,11.425178628816395,1063035
2022-02-03,11.320489883422852,11.543828272790464,11.180903050841891,11.348406842867602,724523
2022-02-04,11.264656066894531,11.327469912234763,11.152987536197164,11.285594467642936,522802
2022-02-07,11.264656066894531,11.348408312983167,11.076213852421342,11.229759863068006,674169
2022-02-08,11.34142780303955,11.508932954924417,11.16694476807523,11.264654806307608,741953
2022-02-09,11.02735710144043,11.494972958417653,11.02735710144043,11.320489925876418,613826
2022-02-10,11.173922538757324,11.481013825497875,11.076211828988143,11.334447760844101,863658
2022-02-11,11.522891998291016,11.802064325121796,11.28559375650849,11.376324559192758,1506637
2022-02-14,11.515911102294922,11.829981639459247,11.369345032538876,11.522891020480591,891281
2022-02-15,11.829981803894043,12.004464835008495,11.48799430304303,11.571746537911311,1320206
2022-02-16,11.809043884277344,12.15801131754601,11.73925012624264,11.94863140034675,1031844
2022-02-17,11.648518562316895,11.913733739929919,11.648518562316895,11.802063191636714,543902
2022-02-18,11.571746826171875,11.739249943176262,11.47403610920897,11.662477624678216,871915
2022-02-21,11.090170860290527,11.543828234278266,11.090170860290527,11.543828234278266,944693
2022-02-22,11.118088722229004,11.299550985956616,11.06923268845528,11.10412956467121,998614
2022-02-23,11.446118354797363,11.746230438891399,11.166945348649637,11.166945348649637,1291054
2022-02-24,11.125067710876465,11.215799863905753,10.831935567683002,11.173923068075375,1671561
2022-02-25,10.88776969909668,11.15996411118719,10.81797662541962,11.097150277032599,1395736
2022-03-02,10.727246284484863,10.999440725242092,10.615576405007507,10.824957004994776,905144
2022-03-03,10.929646492004395,11.0901703579093,10.706307435046666,10.727245153611905,2098752
2022-03-04,10.762142181396484,10.957563604569888,10.62255535363657,10.957563604569888,914725
2022-03-07,10.692349433898926,11.013398536962796,10.6155757603712,10.915687143934019,1034902
2022-03-08,10.866832733154297,11.006419568628418,10.636514420699376,10.824956614666819,783948
2022-03-09,11.257674217224121,11.355385600651774,10.894749032366791,10.91568607135817,744807
2022-03-10,11.139026641845703,11.278614157729663,11.006419722970309,11.180903439372832,951930
2022-03-11,10.999442100524902,11.292574298705558,10.936627573448673,11.159966681875492,690580
2022-03-14,11.16694450378418,11.299551417251944,10.971522396587286,11.006419274135203,540742
2022-03-15,10.971522331237793,11.159964519040768,10.922666974342667,11.111109162145642,704239
2022-03-16,11.327467918395996,11.369344712521734,11.041315705124005,11.05527418419767,593644
2022-03-17,11.446118354797363,11.620601398833136,11.236738430573457,11.264655391962005,643692
2022-03-18,11.781126022338867,11.781126022338867,11.383303260268102,11.383303260268102,748884
2022-03-21,11.655495643615723,11.829980005104014,11.585703255924999,11.802061693123132,442786
2022-03-22,11.718311309814453,11.857898820909005,11.627580513126837,11.67643587062897,519438
2022-03-23,11.74622917175293,11.843939882977086,11.592683186870074,11.662476939717259,377857
2022-03-24,11.599663734436035,11.760188289172502,11.494973099483648,11.690394532537578,1182599
2022-03-25,11.592682838439941,11.669455150121522,11.460075254777852,11.599662756276771,764174
2022-03-28,11.850918769836426,11.92071252460186,11.362365200287954,11.58570494415639,1311643
2022-03-29,12.032382011413574,12.07425880805564,11.816022180509096,11.969568173355299,1040100
2022-03-30,11.99748706817627,12.220825471345963,11.941651788931402,12.074259389846185,1539255
2022-03-31,12.025403022766113,12.185927571414261,11.948630707522385,11.997486063932898,2092636
2022-04-01,12.003217697143555,12.259059405474975,11.974791301217614,12.088498266587361,1067214
2022-04-04,11.93925952911377,12.116927986292739,11.740271962406286,12.052966512708588,896378
2022-04-05,11.498644828796387,11.939260281535628,11.448897933984428,11.939260281535628,1142235
2022-04-06,11.335189819335938,11.527070778990318,11.242802639440638,11.484430488974558,909629
2022-04-07,11.271228790283203,11.363615968140694,11.185948212132741,11.306762479651406,561026
2022-04-08,11.34229564666748,11.39204253618869,11.214375468374694,11.24280255845813,355330
2022-04-11,11.29965591430664,11.463109780564539,11.193055536710922,11.235695135082759,485903
2022-04-12,11.264122009277344,11.49153665040726,11.228588320481064,11.406256073629411,779667
2022-04-13,11.335189819335938,11.505750288565899,11.264122439031981,11.285442929456398,864983
2022-04-14,11.498644828796387,11.498644828796387,11.271230156441792,11.328083651822155,870895
2022-04-18,12.024539947509766,12.102713238597943,11.519963746699293,11.519963746699293,1714372
2022-04-19,12.202208518981934,12.259061319711305,11.981899080323918,12.003219571430533,832467
2022-04-20,12.280383110046387,12.308809513418502,12.09560872479494,12.195102518263692,836341
2022-04-22,12.060072898864746,12.280380940238508,12.003218720499675,12.067178807619067,681100
2022-04-25,12.031645774841309,12.07428675635652,11.718952612616041,11.910832884435958,767130
2022-04-26,11.82555103302002,12.010325375853617,11.71895135401304,11.960578490539419,737978
2022-04-27,11.761592864990234,11.87529985256222,11.583924401596894,11.747379664252017,694861
2022-04-28,11.811339378356934,11.903725871015773,11.633670920680382,11.790018887102505,459299
2022-04-29,11.228589057922363,11.946365335582486,11.228589057922363,11.946365335582486,1797139
2022-05-02,11.484430313110352,11.505750112375216,11.157521888550951,11.26412226654141,2007830
2022-05-03,11.519963264465332,11.519963264465332,11.264122220174738,11.40625628718797,1118893
2022-05-04,11.683419227600098,11.683419227600098,11.17173572602667,11.448897277295723,1133163
2022-05-05,11.207269668579102,11.576818411878197,11.143309574866997,11.576818411878197,560414
2022-05-06,11.22148323059082,11.519964598636973,11.079349837949634,11.22148323059082,698836
2022-05-09,11.235696792602539,11.4133645753608,11.001176203628084,11.4133645753608,1041731
2022-05-10,11.086454391479492,11.34940272461593,11.015387703852356,11.306762435706425,947853
2022-05-11,11.463109970092773,11.55549714975872,11.043815052506021,11.058028252198296,660714
2022-05-12,11.519963264465332,11.647884822860224,11.356510089108056,11.413362886913673,691803
2022-05-13,11.754485130310059,11.761592421244147,11.41336348963095,11.484430872307026,631664
2022-05-16,11.711844444274902,11.797125019249329,11.555496493210773,11.662097557345325,585387
2022-05-17,12.031645774841309,12.152460046912836,11.768698121606826,11.768698121606826,903003
2022-05-18,11.804232597351074,12.031646575002371,11.66209920673558,11.94636598796657,694861
2022-05-19,12.323020935058594,12.394088314889629,11.683418661577708,11.797125640307678,1082198
2022-05-20,11.861085891723633,12.337234303438752,11.861085891723633,12.337234303438752,697205
2022-05-23,11.910833358764648,12.152460530863918,11.910833358764648,11.932152468705075,445437
2022-05-24,11.832658767700195,12.209314801546652,11.761592764615598,11.910833443592615,795263
2022-05-25,11.740272521972656,11.960580590375208,11.71184612013564,11.818445817857587,700467
2022-05-26,11.839765548706055,11.93215203956853,11.733165857839058,11.74737905784358,389375
2022-05-27,12.031645774841309,12.031645774841309,11.768698121606826,11.78291270322268,656433
2022-05-30,11.797124862670898,12.095606180286737,11.797124862670898,12.045859294017431,206817
2022-05-31,11.377829551696777,11.853978656474188,11.377829551696777,11.853978656474188,1411637
2022-06-01,11.427577018737793,11.640778482069221,11.228589446850542,11.40625721782121,1341203
2022-06-02,11.733165740966797,11.775805340555632,11.470216707670724,11.470216707670724,611278
2022-06-03,11.470216751098633,11.733165785390268,11.470216751098633,11.654991113348839,328828
2022-06-06,11.29965591430664,11.54839035897434,11.22148193562548,11.54839035897434,634518
2022-06-07,11.456003189086914,11.456003189086914,11.221481943707584,11.2356951431751,1207572
2022-06-08,11.285444259643555,11.64077913054655,11.285444259643555,11.342297065254897,642571
2022-06-09,11.441789627075195,11.57681709023731,11.271228475537145,11.285442365387345,663976
2022-06-10,11.306761741638184,11.40625551270856,11.221481169054142,11.320975630957536,436569
2022-06-13,10.923001289367676,11.20016284122373,10.837721396424595,11.164629149511468,634926
2022-06-14,10.851934432983398,11.008281706991188,10.716906959181314,10.97274801581525,558070
2022-06-15,10.816399574279785,11.036706915957698,10.738225600297481,10.972746831411373,479278
2022-06-17,11.058028221130371,11.058028221130371,10.574772524619947,10.667159013193256,819726
2022-06-20,11.22148323059082,11.370724605447041,11.015389051344641,11.200163428944586,734308
2022-06-21,10.894574165344238,11.31386979196592,10.830614073119378,11.31386979196592,595580
2022-06-22,11.129096031188965,11.17884292272792,10.7453334082459,10.837721282056073,652050
2022-06-23,11.164628982543945,11.235695674072558,10.844827143582448,11.143309182335292,798524
2022-06-24,10.979854583740234,11.249909530553817,10.887468092286214,11.249909530553817,644405
2022-06-27,11.121988296508789,11.121988296508789,10.908786847824532,10.972747627846344,672742
2022-06-28,11.043814659118652,11.249908810647762,10.951427482743593,11.200161922663733,769678
2022-06-29,10.965641975402832,11.100668765263215,10.780867600857299,11.050921871411196,791287
2022-06-30,11.029601097106934,11.065134786961698,10.73822636013062,10.923000718375711,1028786
2022-07-01,11.434694290161133,11.587349945333315,11.100303861429929,11.216613268534578,1619882
2022-07-04,11.093033790588379,11.514656623615117,11.093033790588379,11.478309669278753,522700
2022-07-05,11.412885665893555,11.412885665893555,10.976724335735014,11.107572240131594,1039591
2022-07-06,11.093033790588379,11.514656623615117,10.809528818724413,11.398347217711867,1106049
2022-07-07,11.296576499938965,11.660043929452613,11.187536341749299,11.209344090729521,1154568
2022-07-08,11.449234008789062,11.921741643789872,11.274769172906439,11.274769172906439,812081
2022-07-11,11.383808135986328,11.703659339171697,11.303844275223646,11.3183834802006,785172
2022-07-12,11.551003456115723,11.79089294289438,11.27476842644911,11.347462338802213,718713
2022-07-13,11.223882675170898,11.507387653929536,11.136650971944169,11.471040698709237,763155
2022-07-14,10.904030799865723,11.180265805849649,10.904030799865723,11.180265805849649,469084
2022-07-15,11.354730606079102,11.354730606079102,10.860414558012204,10.998532422810602,575704
2022-07-18,11.303845405578613,11.492848729380817,11.194805243890972,11.3547308614758,599454
2022-07-19,11.696391105651855,11.747276560879225,11.238421301961235,11.332923669262682,484068
2022-07-20,12.183438301086426,12.190706844473915,11.674583025772984,11.674583025772984,873953
2022-07-21,12.205245018005371,12.248861930317894,11.92901069760993,12.08893560731962,496606
2022-07-22,11.885393142700195,12.256129810869412,11.812699941612914,12.20524435811504,490490
2022-07-25,12.22705364227295,12.29974755493424,11.936279404916386,11.936279404916386,505678
2022-07-26,12.081666946411133,12.394249632880474,11.972626079980833,12.248861810973406,535747
2022-07-27,12.241592407226562,12.32155627820096,12.074397535116043,12.1616299495408,784866
2022-07-28,12.583250999450684,12.61232941055587,12.147090379046535,12.227052829686643,830021
2022-07-29,12.525097846984863,12.66321571584468,12.39424993471287,12.583251846533036,622898
2022-08-01,12.45240306854248,12.612329382758736,12.372440618078606,12.51782702013006,745724
2022-08-02,12.103473663330078,12.481481707457554,12.023511211406333,12.466941795027298,759383
2022-08-03,12.263399124145508,12.445133883948328,11.994433375583455,12.088934320050173,602818
2022-08-04,12.357902526855469,12.539635888736795,12.154359296007492,12.299747116143395,866308
2022-08-05,12.648674964904785,12.648674964904785,12.321555205891043,12.408787612724211,454406
2022-08-08,12.554174423217773,12.859487150411136,12.40878801596365,12.721369286211011,692211
2022-08-09,12.714099884033203,12.837679254223179,12.321556143350843,12.699561384002962,777934
2022-08-10,12.866758346557617,13.07756872805361,12.612331049380598,12.830411387919659,1115937
2022-08-11,12.786792755126953,13.201146332010579,12.583250944718541,12.903103572464763,1537828
2022-08-12,13.208415985107422,13.208415985107422,12.677754372854812,12.82314078681571,1710804
2022-08-15,13.433767318725586,13.579153728747823,13.077567716929506,13.10664612956482,1008400
2022-08-16,13.717270851135254,13.717270851135254,13.295648730334943,13.433766589669073,897601
2022-08-17,14.008045196533203,14.008045196533205,13.557344660562329,13.608230113766233,1178420
2022-08-18,14.058931350708008,14.24066471741493,13.869928027485827,13.971698938967878,1149880
2022-08-19,13.797235488891602,14.029855747783621,13.57915514447743,13.99350878816647,828900
2022-08-22,13.688192367553711,13.83358018220396,13.426496562444862,13.753617732119423,586611
2022-08-23,13.782695770263672,13.884466682886677,13.630039401329162,13.78269577026367,510264
2022-08-24,13.739078521728516,13.97169875439198,13.65184752442936,13.775425477247449,559599
2022-08-25,13.804503440856934,13.90627434768599,13.695462577845005,13.81177198375128,538193
2022-08-26,13.978967666625977,14.095277067625474,13.789964360018619,13.811771401070203,317208
2022-08-29,13.884466171264648,14.240664352319795,13.804503718089816,13.935351625701099,794549
2022-08-30,13.978967666625977,14.146162518893282,13.899003805141943,13.935350757945873,556337
2022-08-31,14.095277786254883,14.095277786254883,13.753618108425023,13.993506878530606,591503
2022-09-01,13.811773300170898,14.080740505244929,13.441036591856545,13.753619298319284,1563718
2022-09-02,14.480552673339844,14.633209031886317,13.84085024132277,13.877197195256002,1554646
2022-09-05,14.313358306884766,14.509631582199502,14.25520289593892,14.509631582199502,542169
2022-09-06,14.175241470336914,14.277012386904946,13.935352679385312,14.0589320533004,632072
2022-09-08,14.320627212524414,14.429666656775824,14.037121548236145,14.262471805845461,955702
2022-09-09,13.96442985534668,14.422398939293457,13.96442985534668,14.415128983059532,1074757
2022-09-12,14.39332103729248,14.524170361116553,13.949891850112383,13.95716039331514,1035717
2022-09-13,14.124354362487793,14.35697458268207,14.00077500300538,14.226125267170135,840418
2022-09-14,14.742250442504883,14.894906806734388,14.00077566389831,14.124355029214165,1529164
2022-09-15,14.749517440795898,14.953060651739005,14.545975643141206,14.778595849952579,1220110
2022-09-16,14.9530611038208,14.9530611038208,14.611400032241235,14.655016940650736,1062015
2022-09-19,14.945791244506836,15.112986096816568,14.611400126598905,14.967599698852421,654802
2022-09-20,14.945791244506836,15.178410046564856,14.80767338913224,14.945791244506836,545736
2022-09-21,14.771326065063477,15.01848477266556,14.640478168855568,14.91671387266198,502925
2022-09-22,15.200220108032227,15.331068021363375,14.785866498098763,14.800404998103488,804233
2022-09-23,15.134796142578125,15.134796142578125,14.800404989509138,14.96033131604549,654089
2022-09-26,14.814946174621582,15.156604487086332,14.669558335600316,15.149335943108511,475914
2022-09-27,14.560516357421875,14.713172728899666,14.495092400115482,14.669557228458283,855809
2022-09-28,14.923983573913574,15.076639935772684,14.458745945364976,14.567785396242316,1213586
2022-09-29,14.945791244506836,14.967599698852421,14.582323129663768,14.771326436319086,625242
2022-09-30,15.192952156066895,15.251107577047913,14.6041350550948,14.873100873893302,1114306
2022-10-03,16.167062759399414,16.307580297496706,15.346136488781752,15.346136488781752,1481052
2022-10-04,15.531028747558594,16.36674623810931,15.486655016474046,16.174457194360567,1034086
2022-10-05,15.449678421020508,15.715925159578031,15.353533166322766,15.412699587510458,1005444
2022-10-06,15.715920448303223,15.782481753524527,15.40529862750776,15.531026336180016,436671
2022-10-07,15.812066078186035,16.0487288438422,15.604985798772447,15.78987849457521,946732
2022-10-10,15.856439590454102,15.856439590454102,15.516236689748975,15.841648347535328,544309
2022-10-11,15.457072257995605,15.81206788490005,15.457072257995605,15.797276640088693,651948
2022-10-13,15.538424491882324,15.738108430884568,15.139055176020044,15.383114282261316,984650
2022-10-14,15.767691612243652,15.804668999390593,15.508839837210981,15.545818662215648,703729
2022-10-17,15.508841514587402,15.863837122740982,15.42748895349299,15.826858293736827,614030
2022-10-18,16.12268829345703,16.12268829345703,15.531029875545034,15.678945198952011,786089
2022-10-19,16.677366256713867,16.69215893790063,16.04133416642226,16.063521750344588,870895
2022-10-20,16.758718490600586,17.143295090310684,16.655178360321393,16.692157183686486,951828
2022-10-21,16.758718490600586,16.951006071526802,16.55163679218454,16.632990778730807,1377797
2022-10-24,16.3371639251709,16.699554432066854,16.32976758431557,16.684763188214063,851732
2022-10-25,15.841650009155273,16.322373362655934,15.841650009155273,16.322373362655934,716674
2022-10-26,15.272178649902344,15.775088133432492,15.139056016510146,15.738109304632909,1660144
2022-10-27,15.494049072265625,15.568006724554136,14.976348381961591,15.272177553257864,1090862
2022-10-28,15.028117179870605,15.494047761734487,14.909785808932458,15.37571639079634,1145904
2022-10-31,15.279572486877441,15.331342551141503,14.665726617542058,14.687914198757408,946834
2022-11-01,16.011751174926758,16.21883290717231,15.227805167806572,15.582799341960598,1931994
2022-11-03,15.908208847045898,16.08570662872058,15.597588448044059,15.871230022708865,1109515
2022-11-04,16.130084991455078,16.263207635178734,15.841650679576508,16.167063823124536,1095550
2022-11-07,15.568007469177246,16.26320598308218,15.079889241298646,16.26320598308218,1931892
2022-11-08,15.9008150100708,15.923001155873086,15.412696796695792,15.501445693478322,665301
2022-11-09,15.597589492797852,16.144874116643244,15.538424520181785,15.849044939989522,791797
2022-11-10,14.983743667602539,15.486653079619781,14.79145464790262,15.316551641616151,720649
2022-11-11,14.939369201660156,15.176033395801403,14.754476513179771,14.976348026927779,687624
2022-11-14,15.176034927368164,15.360927634507936,14.939370709342743,14.939370709342743,584266
2022-11-16,14.599167823791504,15.190826213716536,14.51041892151696,15.176034969647093,834506
2022-11-17,14.392086029052734,14.451250999155668,14.096256864964856,14.303337136040597,952949
2022-11-18,14.621355056762695,15.094680607019392,14.517813475053961,14.554792303266112,1048153
2022-11-21,14.451252937316895,14.946767536603534,14.25896532083555,14.673125918533083,763358
2022-11-22,14.569583892822266,14.747080241935949,14.273754727155803,14.488229901710012,945101
2022-11-23,14.436460494995117,14.761873598635733,14.266359040462593,14.480834224841852,952644
2022-11-24,14.821038246154785,15.072493690002032,14.547396656800492,14.591770385672358,383769
2022-11-25,14.636143684387207,14.939367720955515,14.488228397977226,14.813640015078551,569384
2022-11-28,14.429064750671387,14.695312892185084,14.384691018991015,14.665728966540303,486107
2022-11-29,14.650936126708984,14.865411296587967,14.451250761254526,14.547395992875625,681610
2022-11-30,14.517814636230469,14.806248944211914,14.258965693757629,14.695313888560406,637882
2022-12-01,14.221983909606934,14.451250314683383,14.088859857465177,14.340315282065864,735124
2022-12-02,14.665729522705078,14.991141214275242,14.214590096485786,14.229381340940167,1026034
2022-12-05,14.406879425048828,14.606564823638573,14.170216633546413,14.547398406833995,783541
2022-12-06,14.33292007446289,14.517812768669586,14.1110485538433,14.40687772728868,719732
2022-12-07,14.340315818786621,14.55479099006516,14.236775684277609,14.236775684277609,617190
2022-12-08,13.866989135742188,14.355107332764959,13.778240241932798,14.288546021872355,1076591
2022-12-09,13.807823181152344,14.022299801396972,13.704284479138485,13.866989591589489,496198
2022-12-12,13.608139038085938,13.911363112657858,13.3344974493606,13.73386675972058,816057
2022-12-13,13.290121078491211,13.7042830321043,13.216164870576057,13.608137805028132,730435
2022-12-14,13.511994361877441,13.674700916487456,13.053460060834762,13.208770274747936,920637
2022-12-15,13.408454895019531,13.674701605656463,13.349289917894373,13.430642480370418,530345
2022-12-16,13.467620849609375,13.719076307368963,13.312310633178285,13.334498217770685,665097
2022-12-19,13.615533828735352,13.800426501018393,13.482409781862561,13.54157618467909,663262
2022-12-20,14.05927848815918,14.21458869641979,13.526786550959622,13.593347863377344,936539
2022-12-21,14.244171142578125,14.362502524085112,14.029695962927264,14.096257275158834,544513
2022-12-22,14.38469123840332,14.38469123840332,14.140632115793933,14.258964944462276,426477
2022-12-23,14.584375381469727,14.754476831079614,14.325525036876906,14.451251320066442,495688
2022-12-26,14.451252937316895,14.687917163042577,14.421670448297908,14.584377013618194,291827
2022-12-27,14.21458911895752,14.510418301274935,14.140631463913708,14.421669402793928,466332
2022-12-28,14.547395706176758,14.621353353988095,14.155422760920496,14.273754134704028,434326
2022-12-29,14.5252103805542,14.828435920968007,14.495627891977502,14.599168039853845,769882
2023-01-02,14.009023666381836,14.56667103703029,13.880914971877887,14.56667103703029,519540
2023-01-03,13.451375007629395,14.076844137506395,13.398624546130595,13.978879622617388,940004
2023-01-04,13.496588706970215,13.70005413951941,13.428766896120482,13.489052299059322,560516
2023-01-05,14.265238761901855,14.37827609726828,13.579482736572182,13.579482736572182,1117975
2023-01-06,14.3029203414917,14.446100404958342,14.137132514033633,14.27277763289475,668767
2023-01-09,14.64202880859375,14.822887964010526,13.993951877618713,14.2803104977602,1158238
2023-01-10,15.056497573852539,15.222283911963174,14.468706051700778,14.642028798401537,1067316
2023-01-11,15.388072967529297,15.516181668377147,15.04142744591581,15.071570152555072,1029092
2023-01-12,14.619420051574707,15.237354236230189,14.619420051574707,15.033888799067983,733595
2023-01-13,14.446097373962402,14.958530638031897,14.317988691673252,14.446097373962404,1767376
2023-01-16,14.220025062561035,14.40841916113111,13.96380914710922,14.310454640099088,873240
2023-01-17,14.31799030303955,14.400884941248902,14.091917080378353,14.250168482749919,845718
2023-01-18,14.717387199401855,14.920852652714231,14.317989771282623,14.393347997733379,966812
2023-01-19,15.041427612304688,15.297643551747335,14.657101505509704,14.694780621769253,1121237
2023-01-20,14.905778884887695,15.124317120144818,14.747527514038843,15.033887556075905,679367
2023-01-23,14.581741333007812,15.003746499917968,14.551598630045353,14.905780517659258,793326
2023-01-24,14.506385803222656,14.80028084469573,14.40841981267345,14.589278975927929,495994
2023-01-25,14.544062614440918,14.61941936629063,14.19741569558409,14.48377574787411,946324
2023-01-26,14.830422401428223,14.966067495905499,14.491313327952927,14.574206494237204,397733
2023-01-27,14.747530937194824,14.935926516521164,14.73999452798684,14.845496931461986,445437
2023-01-30,14.491312980651855,14.86810115661361,14.446097461880687,14.777671584158394,546654
2023-01-31,14.461172103881836,15.116784023049014,14.446099285663793,14.476243457012572,986892
2023-02-01,14.220025062561035,14.415955569712283,14.016559611915817,14.25770417529249,1364647
2023-02-02,13.654841423034668,14.189881019346393,13.564411844693492,13.865843284135002,2287732
2023-02-03,13.4136962890625,13.662375787603017,13.165013860347674,13.602090381321856,2252871
2023-02-06,13.511661529541016,13.571948404134028,13.30819460974093,13.41369700655051,835831
2023-02-07,13.262979507446289,13.654840498702882,13.134870824711035,13.5191968729168,1406847
2023-02-08,13.519196510314941,13.828162864115733,13.330800962790478,13.489052343658779,1339471
2023-02-09,13.232836723327637,13.745269986016163,13.02936982081824,13.624696247076537,1429577
2023-02-10,13.767877578735352,13.895986272762778,13.165014687522186,13.195158857643918,1586754
2023-02-13,14.122057914733887,14.212487484833028,13.782948858220962,13.782948858220962,750311
2023-02-14,14.039166450500488,14.295383840949643,13.986415983653576,14.182346498383147,552973
2023-02-15,14.069307327270508,14.15973689655339,13.873378303092514,13.941200113782907,450839
2023-02-16,13.918594360351562,14.11452487784306,13.85077253989052,14.04670305738202,1287078
2023-02-17,13.843235969543457,14.061774246336935,13.8055568552627,13.865843731129363,679673
2023-02-22,13.617162704467773,13.88091503848429,13.617162704467773,13.843235924326608,784152
2023-02-23,13.571948051452637,13.813092613383821,13.564411642916639,13.639769867927832,1644651
2023-02-24,13.722662925720215,13.78294979826042,13.519197477935492,13.541803773186782,814833
2023-02-27,13.526732444763184,13.813092525922803,13.489053332496162,13.677447428744086,744501
2023-02-28,13.677448272705078,13.911059369210362,13.526733279424374,13.526733279424374,1301654
2023-03-01,13.647306442260742,13.700056913054938,13.413698260948847,13.481520085528905,1172304
2023-03-02,13.669912338256836,13.948736007928076,13.609625466260841,13.65484098652963,967526
2023-03-03,13.54934024810791,13.715126584503917,13.51919754423358,13.692518824054574,792307
2023-03-06,13.752806663513184,13.850772655621132,13.504127141440609,13.56441255342646,794243
2023-03-07,13.624698638916016,13.767878697091108,13.50412780898419,13.662377755813393,837462
2023-03-08,13.91105842590332,14.016559353571992,13.624696881404837,13.700055105478798,890670
2023-03-09,13.993951797485352,14.122059022175383,13.730198009378679,13.941201332881457,623102
2023-03-10,13.677448272705078,14.039166600718413,13.353410524371014,14.039166600718413,1197481
2023-03-13,13.044442176818848,13.54180412672698,12.95401406327848,13.534269183142227,971093
2023-03-14,12.999228477478027,13.067050297041757,12.795761553699577,13.03690759169949,977515
2023-03-15,12.901263236999512,12.984156404636678,12.660117212374837,12.79576084397878,593236
2023-03-16,13.210229873657227,13.270515282190546,12.803297505708484,12.961548900739261,887306
2023-03-17,12.705331802368164,13.195158815597557,12.622438631243847,13.195158815597557,809839
2023-03-20,12.59229564666748,12.833440210994327,12.54708012517669,12.705331520220035,564492
2023-03-21,12.532008171081543,12.856047354214251,12.41143589470967,12.660116855702281,823497
2023-03-22,12.426508903503418,12.675188403257119,12.411436086772438,12.509402070087985,760606
2023-03-23,12.39636516571045,12.64504613918913,12.192898981277313,12.426509335132288,584266
2023-03-24,12.501866340637207,12.584759511723293,12.26825671475397,12.426509578325875,710151
2023-03-27,12.652580261230469,12.750546241588143,12.5320079866332,12.592294856475393,686808
2023-03-28,12.539545059204102,12.773154677726087,12.539545059204102,12.652580931652858,405072
2023-03-29,12.569687843322754,12.614903364660307,12.336078223311281,12.547080082653977,681712
2023-03-30,12.810833930969238,12.856047987427992,12.599830605566746,12.71286794434445,462765
2023-03-31,12.682724952697754,12.810833640725937,12.41897263327925,12.810833640725937,856829
2023-04-03,12.351151466369629,12.803297904812663,12.351151466369629,12.803297904812663,491102
2023-04-04,12.464186668395996,12.509402188843852,12.298400333652998,12.403901261248425,679469
2023-04-05,12.55461597442627,12.569687325889303,12.328542772306468,12.569687325889303,584470
2023-04-06,12.39636516571045,12.584759265432668,12.32854334841394,12.524473856763422,328420
2023-04-10,12.25318431854248,12.396364352368531,12.20796953246354,12.396364352368531,713514
2023-04-11,12.486794471740723,12.562152696022599,12.230577095217214,12.34361443164003,1041935
2023-04-12,12.6375093460083,12.750546681454287,12.471723012125459,12.51693706725155,686808
2023-04-13,12.45665168762207,12.66011713376461,12.396364815568445,12.629974430281383,1276070
2023-04-14,12.577223777770996,12.652580535347438,12.37375686959673,12.396364629413238,368479
2023-04-17,12.532008171081543,12.780689132074153,12.486794116849769,12.562152338989867,594867
2023-04-18,12.524473190307617,12.622437706725835,12.44158002525473,12.622437706725835,452572
2023-04-19,12.366222381591797,12.539545128028465,12.343614620943082,12.49433107181824,836137
2023-04-20,12.381293296813965,12.479257814356583,12.275792370958614,12.403901056665012,419240
2023-04-24,12.336078643798828,12.539545566578775,12.283328177165101,12.381294166677597,623204
2023-04-25,12.28332805633545,12.373757636116185,12.215506237771706,12.321007170001359,441359
2023-04-26,12.328543663024902,12.4867950624509,12.23057767380657,12.321007254205318,575704
2023-04-27,12.441579818725586,12.539544333517602,12.283326969298756,12.396364300293031,700977
2023-04-28,12.599830627441406,12.637509740432723,12.411436527572038,12.44158069701742,515361
2023-05-02,12.079862594604492,12.961549951677453,12.07232765047049,12.79576213459413,1299514
2023-05-03,12.275793075561523,12.449115825831198,11.944218194881929,12.102469592748228,831346
2023-05-04,12.403901100158691,12.773154341947185,12.283327357255088,12.283327357255088,797811
2023-05-05,12.629975318908691,12.80329807376275,12.44911615510999,12.44911615510999,639411
2023-05-08,13.006765365600586,13.029371662896597,12.667653325112596,12.667653325112596,657656
2023-05-09,12.486794471740723,13.021835520002558,12.471723119901784,13.021835520002558,1378204
2023-05-10,12.343613624572754,12.599829519256817,12.343613624572754,12.516936357018897,1098914
2023-05-11,12.43404483795166,12.55461712580067,12.290864788291184,12.34361525579308,1185351
2023-05-12,12.343613624572754,12.562151874666553,12.275791813188357,12.434043194780978,2473857
2023-05-15,12.328543663024902,12.501866415002816,12.27579319654957,12.358686368128735,1720487
2023-05-16,12.336078643798828,12.411436871871938,12.305935938604486,12.321007291201656,906775
2023-05-17,12.675189018249512,12.69026037062458,12.358686223111373,12.358686223111373,971807
2023-05-18,13.134872436523438,13.142408845586196,12.69779733806597,12.69779733806597,989950
2023-05-19,13.428767204284668,13.519196775855185,13.180084783650411,13.180084783650411,986688
2023-05-22,13.051977157592773,13.48905218557037,13.051977157592773,13.48905218557037,767945
2023-05-23,13.157480239868164,13.34587435106736,12.863585191983448,13.059515712269025,1085459
2023-05-24,12.84097671508789,13.383552721401378,12.818368954174389,13.315730903748094,1078120
2023-05-25,12.886191368103027,13.391089749706513,12.84097730927108,12.848513718286716,1841071
2023-05-26,12.84851360321045,13.104729531137952,12.750547612321053,12.99169218743956,1293908
2023-05-29,12.50940227508545,12.938942396865503,12.50940227508545,12.901263284594917,1802032
2023-05-30,12.539545059204102,12.629974636215424,12.426509186755345,12.54708000265418,1027257
2023-05-31,12.539545059204102,12.59983046715352,12.426509186755345,12.449115482192779,1056205
2023-06-01,12.660118103027344,12.705332161713786,12.44911623231604,12.622438988244998,1020224
2023-06-02,12.931406021118164,13.006764245850139,12.667652234556254,12.705331346922241,921147
2023-06-05,13.059514999389648,13.089657703915167,12.7882262633983,13.006764533926376,753879
2023-06-06,13.338339805603027,13.406161629057687,13.006765632553945,13.097193753768593,658879
2023-06-07,13.270515441894531,13.451376064932685,13.195158680321002,13.368481429570961,636964
2023-06-09,13.571948051452637,13.805556204847823,13.27805155994386,13.27805155994386,1262309
2023-06-12,13.790484428405762,13.94120087378925,13.571947633721718,13.71512620571402,872628
2023-06-13,13.451375007629395,13.835699589251059,13.421230840282142,13.828163181142468,794141
2023-06-14,13.481518745422363,13.654841494361973,13.262980474532368,13.62469732469931,1331826
2023-06-15,13.308194160461426,13.956272546380301,13.308194160461426,13.496589721524906,2857626
2023-06-16,13.330802917480469,13.406161147539999,13.112264636342749,13.315731564486022,1000041
2023-06-19,14.001486778259277,14.009023186831573,13.428768074642559,13.466447187329628,836035
2023-06-20,14.174808502197266,14.174808502197266,13.828163034617432,14.016558584464818,1017268
2023-06-21,14.167274475097656,14.280310347226184,14.122058954176493,14.129595362692417,862231
2023-06-22,13.722662925720215,14.287846678571801,13.579482885388513,14.114523934513588,1196156
2023-06-23,13.91105842590332,13.948736072853123,13.677447345239173,13.715126457276154,579373
2023-06-26,13.843235969543457,13.963809721276782,13.594554987360281,13.948736903494668,825332
2023-06-27,14.031631469726562,14.317990099649752,13.835700955513481,14.167275108378982,1362099
2023-06-28,13.82062816619873,14.167275137481935,13.760342755601485,14.129596023315028,1430087
2023-06-29,14.061775207519531,14.14466838555094,13.828165562062985,13.926131558906798,803315
2023-06-30,14.37074089050293,14.461171938427308,14.174810371870455,14.189881724828755,1345281
2023-07-03,14.50551700592041,14.561308475379827,14.083104416006453,14.346115652795952,1449287
2023-07-04,14.441757202148438,14.617098538888465,14.385967264308853,14.505517131107965,492031
2023-07-05,14.696800231933594,14.72071020569972,14.322206046626865,14.449727438814234,1195712
2023-07-06,14.489575386047363,14.752588125209595,14.306264080489287,14.505515366347964,803860
2023-07-07,14.457695960998535,14.577247349782708,14.385966046988752,14.489575922780661,822404
2023-07-10,14.433785438537598,14.529425320232164,14.330174034600676,14.513485339949735,694508
2023-07-11,14.4178466796875,14.457696633769526,14.154833918543588,14.457696633769526,701664
2023-07-12,14.33814525604248,14.473636632179696,14.234535375309113,14.417846696400192,846391
2023-07-13,14.32220458984375,14.433785988170863,14.250474675841376,14.338144570733165,545246
2023-07-14,14.14686393737793,14.377996735413896,14.130923955734245,14.362056753770212,654799
2023-07-17,14.489575386047363,14.545365317099472,14.10701279463061,14.138892755231815,762538
2023-07-18,14.5134859085083,14.71273873404656,14.40190604216022,14.537395879868603,723837
2023-07-19,14.561308860778809,14.68085872971033,14.425817477221726,14.656948755924025,583947
2023-07-20,14.696800231933594,14.792440126998104,14.521457360112615,14.577248831001603,748932
2023-07-21,14.816349983215332,14.911991409622404,14.648978636078963,14.73665007129389,654295
2023-07-24,14.68882942199707,14.911990696811067,14.672887908273463,14.911990696811067,588684
2023-07-25,14.696800231933594,14.927931510440848,14.680858717321486,14.72071020569972,981947
2023-07-26,14.60912799835205,14.752589365217057,14.529426558048705,14.704769420295813,664878
2023-07-27,14.65694808959961,14.824319430596173,14.601158153301185,14.60912814420096,505637
2023-07-28,14.680858612060547,14.768530047342438,14.617098682474698,14.664918629664085,474394
2023-07-31,14.904021263122559,14.991691165322576,14.728679926621195,14.728679926621195,770399
2023-08-01,15.270644187927246,15.334404117925587,14.919961508733662,15.015601403731173,1303854
2023-08-02,15.19891357421875,15.46989635588444,15.175003599148502,15.334404965051595,773826
2023-08-03,15.661176681518555,15.852458001882399,15.310494005501281,15.4539553787995,2795168
2023-08-04,15.557565689086914,15.820576911332536,15.485834241491759,15.613355623359967,810310
2023-08-07,15.3901948928833,15.597416188109422,15.214852029113562,15.517714747113969,435390
2023-08-08,15.3901948928833,15.565536224551757,15.16703208377706,15.334403424556099,371493
2023-08-09,15.270644187927246,15.485835483773,15.175002760828379,15.430045545024452,364135
2023-08-10,15.342373847961426,15.461925246774229,15.254703945706344,15.326433865733229,402232
2023-08-11,14.816349983215332,15.3583155126865,14.73665007129389,15.342373998200868,1187649
2023-08-14,14.784469604492188,14.975750919849249,14.274385586172926,14.816349568368148,1396677
2023-08-15,14.704771995544434,14.784471917704364,14.4178492115656,14.768531933272378,1104098
2023-08-16,14.672887802124023,14.975750514959948,14.625067857602959,14.784469204774432,649357
2023-08-17,14.497547149658203,14.72070996536806,14.42581722953089,14.69679999199229,686143
2023-08-18,14.561308860778809,14.561308860778809,14.226566163567833,14.44175745974593,1364023
2023-08-21,14.752589225769043,14.888079068431857,14.401906568792183,14.61709785100497,785316
2023-08-22,14.840259552001953,14.919960993850763,14.680858200405634,14.880109506875707,662358
2023-08-23,14.824320793151855,14.880110734578132,14.704770918666979,14.840260776416507,700757
2023-08-24,14.33017349243164,14.872137397832898,14.234533614355522,14.872137397832898,1674037
2023-08-25,14.178743362426758,14.354084685952435,14.099043457233822,14.34611469543314,825428
2023-08-28,14.664918899536133,14.672888890881033,14.186714822538036,14.226566311363909,1406554
2023-08-29,15.445985794067383,15.493807274492724,14.625069020665839,14.672888968989799,1237941
2023-08-30,15.246731758117676,15.501774501229512,15.15109034642546,15.493804511263587,898094
2023-08-31,14.800408363342285,15.262672397646664,14.61709705410284,15.246732417025946,887713
2023-09-01,14.880107879638672,15.206880538071335,14.625066664235767,14.79243798850369,1383978
2023-09-04,14.943870544433594,15.047481956278407,14.752589234344235,14.919960572185081,466835
2023-09-05,14.872138977050781,15.047481836344849,14.760559107447053,14.911990462581931,489310
2023-09-06,14.633038520812988,15.03154267310543,14.633038520812988,14.872139786507388,317371
2023-09-08,14.625067710876465,14.73664911240743,14.601157738855811,14.633037701550016,351134
2023-09-11,14.975749969482422,14.999659940872057,14.752588704411302,14.824318618580204,471874
2023-09-12,15.342373847961426,15.382225335633246,14.967781201396148,14.967781201396148,504428
2023-09-13,15.406134605407715,15.533654457409705,15.286583212054587,15.39816461465759,440833
2023-09-14,16.083589553833008,16.211109402713202,15.35034276226578,15.35034276226578,1059954
2023-09-15,16.52991485595703,16.52991485595703,15.956069364726574,16.09156074638384,755382
2023-09-18,16.40239143371582,16.5697627592425,16.179230177047295,16.5697627592425,573869
2023-09-19,16.410362243652344,16.553822073754997,16.235020919203432,16.394422262529826,685236
2023-09-20,16.553821563720703,16.553821563720703,16.298780341517197,16.378481776775352,682918
2023-09-21,16.163291931152344,16.458183130932788,16.163291931152344,16.36254323871253,831475
2023-09-22,16.035770416259766,16.418333046325593,15.908249028870722,16.22705173129268,459881
2023-09-25,15.756816864013672,16.0038881031186,15.533654064453044,15.940128178730546,752560
2023-09-26,15.565537452697754,15.653207359398635,15.27064470231925,15.653207359398635,1127984
2023-09-27,15.43801498413086,15.860427569464914,15.302523605628904,15.63726629035077,698842
2023-09-28,15.788697242736816,15.924188617737112,15.37425465907842,15.37425465907842,403442
2023-09-29,15.868396759033203,16.09952954954057,15.77275687228634,15.932158215632336,622850
2023-10-02,15.597416877746582,15.916219591621633,15.37425559087459,15.876368103311236,523678
2023-10-03,15.493805885314941,15.844488539117796,15.422074437159077,15.557565810696826,794285
2023-10-04,15.820578575134277,15.820578575134277,15.230794611632547,15.525685827332715,759313
2023-10-05,15.653205871582031,16.011858520017167,15.382224653616126,15.828548732520497,501001
2023-10-06,15.740877151489258,15.92418846933381,15.286583086169498,15.613355768436145,646333
2023-10-09,15.748847007751465,15.796666951450252,15.438014309506872,15.685085550718513,644418
2023-10-10,15.732909202575684,15.924190535928659,15.661177745004913,15.78869914460738,451214
2023-10-11,15.820578575134277,15.828550098684287,15.645237231163343,15.740878660648123,353956
2023-10-13,15.788697242736816,15.932158608495879,15.589445941666385,15.820577205771883,552704
2023-10-16,16.011857986450195,16.075619442512515,15.693056834543428,15.860426634941346,569334
2023-10-17,15.62132453918457,15.956067185994224,15.62132453918457,15.932157215807981,697230
2023-10-18,15.46989631652832,15.772759064183846,15.37425641649064,15.549596233226387,567822
2023-10-19,15.629294395446777,15.812605697406468,15.366283193548577,15.461923073474791,1168097
2023-10-20,15.422075271606445,15.67711651903483,15.262673917425706,15.525685155958062,495357
2023-10-23,15.382224082946777,15.525683911317568,15.198911238048359,15.270642684334957,392758
2023-10-24,15.51771354675293,15.605384971856044,15.31846225782916,15.541623517571642,451617
2023-10-25,15.310493469238281,15.748847564956819,15.254703532949142,15.525684755597682,318581
2023-10-26,15.358314514160156,15.541624299661517,15.127181720412473,15.35034299138494,595941
2023-10-27,15.135151863098145,15.493806043332812,14.991690497424528,15.438014575953414,395580
2023-10-30,14.93589973449707,15.262672401506808,14.911989763559944,15.143121014720004,649558
2023-10-31,14.91199016571045,15.063421517830594,14.776498794644926,15.04748153677597,491628
2023-11-01,15.143122673034668,15.222824116987654,14.911991396563556,14.911991396563556,426924
2023-11-03,15.9401273727417,16.035768786589035,15.270642072113784,15.270642072113784,587878
2023-11-06,15.812606811523438,15.972008154732597,15.693056953192485,15.908248230289422,433173
2023-11-07,15.979979515075684,16.139380871948568,15.756818228294192,15.80463817572565,563790
2023-11-08,16.051708221435547,16.24298951052925,15.820575450867297,15.98794677033692,501808
2023-11-09,16.346601486206055,16.633524222885505,16.01185880411379,16.13141019974711,713859
2023-11-10,16.673372268676758,16.737133720695905,16.306749664945848,16.306749664945848,780881
2023-11-13,16.40239143371582,16.832775498827775,16.34659997047283,16.609612710058105,560565
2023-11-14,16.960298538208008,17.03999998696293,16.338633059905085,16.338633059905085,961286
2023-11-16,17.430530548095703,17.542111950102992,16.89653657438449,16.976236481460234,1046752
2023-11-17,17.478349685668945,17.669630985923835,17.295038375753794,17.558049589066325,713557
2023-11-20,17.45444107055664,17.74933380023734,17.334889674072326,17.462411061515507,543432
2023-11-21,17.2153377532959,17.494292024664627,17.14360783685062,17.44647054826652,468448
2023-11-22,17.334888458251953,17.701512612949777,17.21533707015264,17.255188554253206,626982
2023-11-23,17.207368850708008,17.51820154482016,17.159548907644975,17.406620145571864,431460
2023-11-24,17.279098510742188,17.358798414673085,17.079847218813757,17.135637151565383,516825
2023-11-27,17.11969757080078,17.334888848543585,17.016086161168424,17.223307448331912,456958
2023-11-28,17.334888458251953,17.39067992315227,17.07187724295489,17.119697185354138,337024
2023-11-29,17.44647216796875,17.53414360608684,17.255190840921838,17.37474224486418,563085
2023-11-30,17.526172637939453,17.653692494130087,17.382711267623677,17.45444118673091,462501
2023-12-01,17.502262115478516,17.69354342586114,17.3348892452798,17.526172087763687,755282
2023-12-04,17.4066219329834,17.430531906970128,17.095789206953167,17.358800452908568,456656
2023-12-05,18.084075927734375,18.084075927734375,17.446470542257604,17.47835050511119,987792
2023-12-06,17.80512237548828,18.171746527866333,17.80512237548828,18.107985072969583,539199
2023-12-07,18.084075927734375,18.107985899874567,17.749333253569194,17.821063169989767,442042
2023-12-08,18.323177337646484,18.45069872225063,17.996404651405328,18.044226128195174,617307
2023-12-11,18.554311752319336,18.554311752319336,18.251449012014916,18.291298969396706,376532
2023-12-12,18.331146240234375,18.55430903306931,18.307236269309453,18.55430903306931,474898
2023-12-13,18.657920837402344,18.729652289699523,18.25144822542321,18.25144822542321,339645
2023-12-14,18.881084442138672,18.944844373865408,18.618071659563096,18.729653072186277,636960
2023-12-15,19.199886322021484,19.199886322021484,18.8332636664862,18.889053604297686,600879
2023-12-18,19.064395904541016,19.29552872278793,18.689801706854972,19.19988729246138,588886
2023-12-19,19.423046112060547,19.431016102563714,19.03251351320292,19.128153399240933,1071948
2023-12-20,18.889053344726562,19.423047338459554,18.889053344726562,19.423047338459554,420575
2023-12-21,18.95281410217285,19.160035409508886,18.928904128107316,19.048455530536376,356375
2023-12-22,19.0245418548584,19.223794680218337,18.992661893073194,19.112213281868915,349320
2023-12-26,19.215824127197266,19.518686819492316,19.12815270275347,19.351313960817702,658831
2023-12-27,19.438987731933594,19.614329069887205,19.20785645575426,19.287556367505292,541013
2023-12-28,19.95703887939453,19.95703887939453,19.35131350894861,19.438984931345203,699346
2024-01-02,18.9357967376709,19.84617192993001,18.86131297276238,19.84617192993001,1944700
2024-01-03,19.316497802734375,19.531677486413578,18.819929423362936,18.819929423362936,1223100
2024-01-04,18.902692794799805,19.48202288628716,18.853036425930103,19.399261219139323,988700
2024-01-05,19.399261474609375,19.51512686301368,18.819931375492786,18.89441671905199,821100
2024-01-08,19.887554168701172,19.887554168701172,19.25856768146763,19.399262048066547,480000
2024-01-09,19.44891929626465,19.96204041481217,19.217186923606473,19.937211438922766,717900
2024-01-10,19.424089431762695,19.424089431762695,19.150977023664158,19.341329339679408,420400
2024-01-11,19.482025146484375,19.821346600463958,19.15925476501652,19.465472495424958,485600
2024-01-12,19.597888946533203,19.597888946533203,19.101320505131994,19.531679926249545,456100
2024-01-15,19.647546768188477,19.77168849307044,19.432367041737493,19.614443044875536,466100
2024-01-16,19.3496036529541,19.67237400333524,19.3496036529541,19.62271605493966,525000
2024-01-17,19.382709503173828,19.60616554166695,19.175806114616698,19.341329456881436,593800
2024-01-18,19.506851196289062,19.506851196289062,19.051664373449665,19.399262128934367,436800
2024-01-19,19.564783096313477,19.564783096313477,19.250290653456847,19.50685040251469,530800
2024-01-22,19.084766387939453,19.614440088028076,18.9854536544242,19.56478214272301,422300
2024-01-23,19.20063591003418,19.34133028340732,19.026836235374354,19.08476893407841,399900
2024-01-24,19.57305908203125,19.57305908203125,19.233737671187196,19.233737671187196,483000
2024-01-25,19.076488494873047,19.589609504327615,19.05993742634662,19.589609504327615,568800
2024-01-26,19.21718406677246,19.29994572888612,19.035109672960342,19.19235667312155,377800
2024-01-29,19.117874145507812,19.200635819787895,18.944074471664873,19.167530518656807,399100
2024-01-30,19.13442611694336,19.192358813318947,19.01028282065558,19.11787346696531,288200
2024-01-31,19.738582611083984,19.763410006216567,19.134425125129372,19.200634143062103,664500
2024-02-01,20.31791114807129,20.31791114807129,19.349603273035147,19.738582635092126,1011600
2024-02-02,20.11100959777832,20.58275066987532,19.953764152293637,20.317912995198046,938100
2024-02-05,20.01997184753418,20.251702626993037,19.87100115871203,20.11100826294407,591300
2024-02-06,20.01997184753418,20.193769932128323,19.482023365657845,19.962039152669465,1026400
2024-02-07,19.82134437561035,20.44205451373743,19.117872570023493,19.9868661319824,1345000
2024-02-08,19.55650520324707,19.978588253776525,19.07648946356507,19.978588253776525,1653400
2024-02-09,19.63926887512207,19.73030686942446,19.225462106180363,19.448918140260297,398900
2024-02-14,19.44891929626465,19.722031716857526,19.26684487538528,19.606166319802256,383100
2024-02-15,20.25170135498047,20.25170135498047,19.415811547962207,19.440640520722233,814700
2024-02-16,20.483434677124023,20.5330910464692,19.7716865428039,20.276531296547013,716000
2024-02-19,20.591022491455078,20.78965111388243,20.301359039055654,20.483433434642066,812200
2024-02-20,20.690338134765625,20.847585146583153,20.36756936499849,20.59102381715784,535700
2024-02-21,20.235151290893555,20.77309976572223,20.15238962279356,20.549643735416502,557300
2024-02-22,20.491710662841797,20.491710662841797,20.202045619115513,20.27653096117506,392700
2024-02-23,20.29308319091797,20.748269979834898,20.111007212513226,20.516539212479717,386100
2024-02-26,20.29308319091797,20.442053871959132,20.02824712619921,20.39239592591377,426100
2024-02-27,20.549644470214844,20.657233537608654,20.226875689485826,20.34274108184033,558900
2024-02-28,19.8378963470459,20.574473484481512,19.8378963470459,20.491711813263766,711600
2024-02-29,19.53995704650879,20.061352905148397,19.52340439612718,19.837896860639585,605400
2024-03-01,19.8378963470459,19.978590714551796,19.531680215652088,19.531680215652088,499300
2024-03-04,19.8378963470459,20.11928508205769,19.722030954469602,19.813068950663883,518500
2024-03-05,19.8792781829834,20.044799948628626,19.672374792016164,19.846172882725792,911400
2024-03-06,20.11100959777832,20.342741971165566,19.86272615229371,19.87927880293872,908000
2024-03-07,19.66409683227539,20.19376896398464,19.66409683227539,20.19376896398464,490500
2024-03-08,19.647546768188477,19.912382868882705,19.506852392376206,19.65582309365363,316100
2024-03-11,19.647546768188477,19.73030844429234,19.4902997414459,19.573061417549763,428800
2024-03-12,20.276531219482422,20.276531219482422,19.66409740472784,19.722030098501616,454400
2024-03-13,20.144113540649414,20.44205491797738,20.086180845846208,20.135837215885022,369500
2024-03-14,20.417224884033203,20.417224884033203,20.01997078724504,20.01997078724504,480600
2024-03-15,20.284807205200195,20.64068126506208,20.23515083687336,20.417225239770087,2805100
2024-03-18,19.887554168701172,20.549644377079865,19.86272519393163,20.384121035711406,422900
2024-03-19,20.193771362304688,20.25170406127235,19.879278891388388,19.879278891388388,221400
2024-03-20,20.3758487701416,20.3758487701416,19.953765618955263,20.268258111588423,253400
2024-03-21,20.2103214263916,20.47515748980435,20.06135074608507,20.392395825351002,293500
2024-03-22,20.011695861816406,20.218599249008804,19.80479247462401,20.218599249008804,265600
2024-03-25,20.09445571899414,20.309635411681217,19.920656068592205,20.028246704209458,461100
2024-03-26,20.193771362304688,20.508265411768647,20.011696940042373,20.086182289728697,351600
2024-03-27,20.673786163330078,20.673786163330078,20.185494041053992,20.27653203696744,525700
2024-03-28,20.05307388305664,20.648956588274313,20.05307388305664,20.648956588274313,680600
2024-04-01,21.037935256958008,21.37725666605834,20.50826312149358,20.549643165121434,1935700
2024-04-02,20.756547927856445,21.228287402356976,20.591024585185433,20.69033890649756,822100
2024-04-03,20.334463119506836,20.855860500213264,20.218597736482053,20.756546187229556,969800
2024-04-04,20.326187133789062,20.723442813793596,20.25170179244743,20.36756875594968,430900
2024-04-05,20.243425369262695,20.458605067805767,20.168941606831893,20.384119726827493,359600
2024-04-08,20.276531219482422,20.44205455473394,20.226874850325974,20.243425921013113,493300
2024-04-09,20.591022491455078,20.591022491455078,20.210321051988736,20.28480639076214,421700
2024-04-10,20.144113540649414,20.591024028093823,20.053075546788637,20.591024028093823,514200
2024-04-11,20.11100959777832,20.22687657374577,19.937211501648623,20.19377127245574,385900
2024-04-12,19.7965145111084,20.25170129383581,19.523402125762466,20.25170129383581,652700
2024-04-15,19.506851196289062,19.81306890553294,19.308224132947455,19.7882399306599,715400
2024-04-16,19.25856590270996,19.41581132608418,19.07648992831202,19.41581132608418,655700
2024-04-17,18.728893280029297,19.432365088376965,18.712342209310393,19.283394402074222,789900
2024-04-18,18.455780029296875,18.910968391824163,18.3730199438805,18.72889241539427,713900
2024-04-19,18.993732452392578,19.035112500322047,18.447507611275846,18.455782358023622,824800
2024-04-22,19.159252166748047,19.22546118345913,18.56337101634827,18.910968748718343,566100
2024-04-23,19.40753936767578,19.41581411447549,18.96890359555146,19.12615062005605,292700
2024-04-24,19.09304428100586,19.556507425436518,19.01028261057778,19.465471008658437,361000
2024-04-25,18.89441680908203,19.159252885866668,18.86131308875772,19.076491217234583,317700
2024-04-26,19.09304428100586,19.28339501800715,19.002006285680213,19.002006285680213,258200
2024-04-29,19.06821632385254,19.19235803656849,18.90269298786626,19.035111025236276,415600
2024-04-30,19.159252166748047,19.531678872340077,18.92752139753298,19.068215755362473,605100
2024-05-02,18.61302947998047,19.2668449748479,18.34819338331688,19.010283624975852,1030300
2024-05-03,18.77855110168457,18.944072857594332,18.53854242457628,18.77027477710696,1049700
2024-05-06,18.720619201660156,19.002006356488067,18.579924834972417,18.770275572683015,698500
2024-05-07,18.944074630737305,19.002007329655527,18.646134810793917,18.7785528593349,1184500
2024-05-08,18.853036880493164,19.06821658884671,18.679237217437496,18.836484230954998,954900
2024-05-09,18.33163833618164,18.588198073966517,17.99231693437174,18.588198073966517,2112900
2024-05-10,18.133014678955078,18.571650475291445,17.99232029737909,18.33164176261275,942800
2024-05-13,18.54681968688965,18.596476058318473,18.033700165514066,18.14128923336779,1010900
2024-05-14,18.538541793823242,18.704065122648768,18.34819107065711,18.57164709100733,611900
2024-05-15,18.50543785095215,18.579923190166333,18.34819084832804,18.455779905777735,464300
2024-05-16,18.36474609375,18.704067541022756,18.248879117171935,18.505440467878778,657900
2024-05-17,18.248876571655273,18.38957092615874,18.025422132130007,18.364743532071177,866800
2024-05-20,18.34819221496582,18.389572260479195,18.13301250549166,18.26543054539152,392000
2024-05-21,18.480609893798828,18.563371561756163,18.133012151216036,18.373020830437557,530400
2024-05-22,17.96748924255371,18.414401313022015,17.90128022232295,18.414401313022015,638000
2024-05-23,17.810243606567383,18.000594340279854,17.65299659332565,17.967489041261576,814400
2024-05-24,17.99231719970703,18.083355189331854,17.785413825866957,17.810242799004858,607300
2024-05-27,18.290258407592773,18.290258407592773,17.868175339123617,18.083355035512646,334100
2024-05-28,18.199222564697266,18.472334984905093,18.075080842520553,18.414402286459136,477100
2024-05-29,18.008869171142578,18.19094356499684,17.843345846876954,18.141287199136116,446900
2024-05-31,17.86817741394043,18.017148111703893,17.719206716176966,18.000595461164032,1004500
2024-06-03,17.777137756347656,17.90127946672195,17.710928738911534,17.876452071775585,1250700
2024-06-04,17.578510284423828,17.859898996447214,17.446092252712525,17.810242629192338,1163200
2024-06-05,17.462644577026367,17.760584353570238,17.42953928043959,17.578509957985236,633000
2024-06-06,17.810243606567383,17.826796256076523,17.495749580083917,17.54540752861133,532700
2024-06-07,17.41299057006836,17.661274013920675,17.33022889593504,17.619893966127837,538200
2024-06-10,17.17298126220703,17.421264697229546,17.131601215885805,17.421264697229546,871800
2024-06-11,17.363332748413086,17.487474471268364,17.17298200146515,17.17298200146515,315100
2024-06-12,17.28884506225586,17.454368389389444,17.13987438354512,17.454368389389444,566600
2024-06-13,17.23919105529785,17.280571103471782,17.024011331988586,17.280571103471782,758600
2024-06-14,17.346778869628906,17.47092216224269,17.13160074047277,17.247466129794926,283000
2024-06-17,17.272296905517578,17.429542356413243,17.214362626266453,17.34678067888791,269700
2024-06-18,17.21436309814453,17.4626481375265,17.139877744184716,17.330230081275214,574800
2024-06-19,17.230913162231445,17.38816017237133,17.073666152091562,17.206085767005025,400600
2024-06-20,17.388160705566406,17.52057874599286,17.255742665139955,17.27229531483015,374700
2024-06-21,17.321950912475586,17.446092622517938,17.222636597313212,17.388159929734673,386700
2024-06-24,17.893007278442383,17.94266365398061,17.313677109154796,17.379886136055003,478200
2024-06-25,18.430953979492188,18.497162999783214,18.017147208036402,18.017147208036402,3300800
2024-06-26,18.03369903564453,18.58819856871168,18.03369903564453,18.49716215655382,597800
2024-06-27,18.43922996520996,18.488886334878053,18.02542320136497,18.108183291295944,689600
2024-06-28,18.323360443115234,18.60474912957992,18.290256727467966,18.480607433444867,746800
2024-07-01,18.112762451171875,18.46438316831678,17.872630551463143,18.40434896656604,1051000
2024-07-02,18.335739135742188,18.41292432679948,18.129912504844288,18.138488818935617,526600
2024-07-03,18.35289192199707,18.52441493377163,18.28428304444018,18.40434817122357,422900
2024-07-04,18.95322036743164,19.03040555728037,18.430076666404606,18.430076666404606,456100
2024-07-05,19.27911376953125,19.347722651296795,18.841731534864095,18.97037461946867,594700
2024-07-08,19.442058563232422,19.442058563232422,19.073285246633382,19.27911187166816,486800
2024-07-09,19.287689208984375,19.442059594893017,19.133318823075733,19.442059594893017,322500
2024-07-10,19.296266555786133,19.596431029362428,19.296266555786133,19.38202806763147,319200
2024-07-11,19.682191848754883,19.682191848754883,19.270536933532927,19.416331007811287,315700
2024-07-12,19.896595001220703,19.948051252724458,19.510669025530685,19.68219204489619,528100
2024-07-15,19.948049545288086,20.16245248326096,19.82798442346795,19.956625859098754,436600
2024-07-16,19.690765380859375,20.025235082236392,19.459211447000985,19.93947357840217,1629900
2024-07-17,19.690765380859375,19.785103198653488,19.476362439156127,19.74222326461869,649100
2024-07-18,19.373449325561523,19.673613761530074,19.321993079207214,19.673613761530074,430600
2024-07-19,19.373449325561523,19.61358120148928,19.321993079207214,19.382025639248006,713100
2024-07-22,19.870864868164062,19.870864868164062,19.287688600146563,19.347721162601662,445400
2024-07-23,19.990928649902344,20.28251676431956,19.862287219604053,19.870863533059207,636300
2024-07-24,19.613582611083984,19.99093062582107,19.613582611083984,19.99093062582107,326100
2024-07-25,19.133317947387695,19.68219058724942,19.133317947387695,19.61358171173728,417200
2024-07-26,19.176198959350586,19.27053513808388,19.02182858499574,19.2105025782269,174700
2024-07-29,19.19335174560547,19.244809632378438,18.98752510580778,19.21050437452979,230000
2024-07-30,19.064708709716797,19.193350144387768,18.92749096129915,19.193350144387768,535500
2024-07-31,18.884611129760742,19.227655502647373,18.713088125435128,19.219079188854632,669400
2024-08-01,19.3648738861084,19.42490644885938,18.88461174833588,18.88461174833588,879800
2024-08-02,19.51066780090332,19.77652699204439,19.30484117204269,19.459211552629323,487000
2024-08-05,19.01325225830078,19.141893691586773,18.790273010581597,19.056132190807922,804300
2024-08-06,18.95322036743164,19.287688432933052,18.89318780549699,19.099014433172062,1566100
2024-08-07,18.79027557373047,19.261961438709143,18.66163412289672,19.047558475397963,417900
2024-08-08,19.02182960510254,19.090438482299113,18.721665153955783,18.730241468075935,561300
2024-08-09,19.836559295654297,19.99950598812253,19.02182910484237,19.08186166633998,910100
2024-08-12,19.38202667236328,19.90516874900695,19.38202667236328,19.827985193243677,517800
2024-08-13,19.3305721282959,19.53639877860354,19.30484318359564,19.476364574302934,502800
2024-08-14,19.459211349487305,19.699341596102244,19.19335052535702,19.407753465985856,1408900
2024-08-15,19.32199478149414,19.553548728370966,19.261960580399695,19.45063622659565,1004900
2024-08-16,19.32199478149414,19.725071745682794,19.253385901722353,19.416330968827396,1140500
2024-08-19,20.162452697753906,20.162452697753906,19.399178753895253,19.467787629345867,549000
2024-08-20,20.60841178894043,20.7970857928248,20.23106214540703,20.299671022798133,1167200
2024-08-21,20.145299911499023,20.694170910786834,20.136723597664574,20.694170910786834,376500
2024-08-22,20.110998153686523,20.196758028440946,19.939475132648163,20.162454405692127,1883800
2024-08-23,20.19675636291504,20.282517866361896,20.033811305707097,20.23963793252078,509000
2024-08-26,20.29966926574707,20.359701823797547,20.0252337799366,20.273940325540643,2698500
2024-08-27,19.75079917907715,20.239637614550432,19.74222286529074,20.205332359404785,543200
2024-08-28,20.068115234375,20.068115234375,19.690765594862082,19.75937610728684,625300
2024-08-29,19.870864868164062,20.15387668814142,19.870864868164062,20.068115183592145,563300
2024-08-30,19.93947410583496,19.93947410583496,19.60500603137533,19.888017856479173,809300
2024-09-02,20.15387725830078,20.15387725830078,19.570700973785048,19.93947430874439,711200
2024-09-03,20.068115234375,20.136724111035107,19.725070851074463,19.9909300436618,775900
2024-09-04,20.102420806884766,20.29967112591559,19.982354044016926,20.08526817850869,598900
2024-09-05,20.273941040039062,20.333973600205216,20.04238711307883,20.102419673244988,688900
2024-09-06,19.733646392822266,20.29967001205715,19.682190146282164,20.2910936983397,634800
2024-09-09,19.862289428710938,19.89659468634704,19.656462790188485,19.89659468634704,301800
2024-09-10,20.050962448120117,20.093844018047367,19.742223323467083,19.89659370367592,754500
2024-09-11,19.79368019104004,20.085268332611786,19.79368019104004,20.085268332611786,615400
2024-09-12,19.759376525878906,19.84513639669733,19.64788607659146,19.80225646128812,305900
2024-09-13,20.15387725830078,20.15387725830078,19.759376616284076,19.759376616284076,484900
2024-09-16,19.98235321044922,20.265365023789844,19.965202218553276,20.15387621552549,288200
2024-09-17,19.888017654418945,20.025235408483375,19.78510352098829,20.025235408483375,184100
2024-09-18,19.767948150634766,19.999503691909506,19.767948150634766,19.89659120851924,352500
2024-09-19,19.622156143188477,19.870864336146052,19.596428837547762,19.793679147694707,297500
2024-09-20,19.42490577697754,19.750799157445872,19.39917847141108,19.750799157445872,580400
2024-09-23,18.95322036743164,19.484938746651085,18.92749142556052,19.347720994867704,751200
2024-09-24,18.867460250854492,19.21050465553526,18.867460250854492,19.03898327107725,479700
2024-09-25,18.901763916015625,19.030405352457407,18.841729718962487,18.86745866055669,299200
2024-09-26,18.901763916015625,19.073285286016464,18.876034974421422,18.953220163439415,281800
2024-09-27,18.730239868164062,18.99609904012087,18.730239868164062,18.884610237611408,530700
2024-09-30,18.687360763549805,18.91033837843123,18.627326567181395,18.738817010386704,446100
2024-10-01,18.704511642456055,18.850305704084708,18.558717580827402,18.695935328740887,887100
2024-10-02,18.67878532409668,18.987524455334082,18.67878532409668,18.893188271011528,787100
2024-10-03,18.361467361450195,18.773120607181006,18.361467361450195,18.773120607181006,647800
2024-10-04,18.481531143188477,18.481531143188477,18.310009787779464,18.36146603082572,390200
2024-10-07,18.327165603637695,18.584448499409955,18.327165603637695,18.481534359642197,273000
2024-10-08,18.258556365966797,18.438654062338852,18.258556365966797,18.327165245884444,422000
2024-10-09,17.752565383911133,18.21567491756404,17.718260125836608,18.181371295254255,626900
2024-10-10,18.027000427246094,18.03557674153722,17.743988598697676,17.804021162970873,676200
2024-10-11,18.198518753051758,18.249976630166685,17.786865550718872,17.786865550718872,664400
2024-10-14,18.147064208984375,18.3100108968931,17.949813902221724,18.01842277569415,485400
2024-10-15,18.0527286529541,18.37862206954099,18.0527286529541,18.2328279907026,434400
2024-10-16,18.087034225463867,18.241404621706316,17.984120082713964,18.069881595711415,275000
2024-10-17,18.129911422729492,18.138487736308928,17.855475931245778,18.08703149059687,338400
2024-10-18,18.26712989807129,18.352891401526453,18.018423337392395,18.129912146848874,733400
2024-10-21,18.31001091003418,18.43865234341673,18.189944154547835,18.344314528912726,373900
2024-10-22,18.301437377929688,18.370046261878922,18.10418704104625,18.26713211807266,431500
2024-10-23,18.4558048248291,18.4558048248291,18.224249265112412,18.267129197312737,468400
2024-10-24,18.35289192199707,18.45580605621474,18.23282679521368,18.447229742049544,551900
2024-10-25,18.31001091003418,18.42149971609517,18.232825722851736,18.352890842573505,461100
2024-10-28,18.241403579711914,18.421501274530605,18.241403579711914,18.352892395204716,353500
2024-10-29,18.06987953186035,18.31858772757027,18.044152225934923,18.232826224368072,417200
2024-10-30,18.112762451171875,18.21567495407223,18.044153570650057,18.095609822100233,442700
2024-10-31,17.941238403320312,18.249979165849144,17.941238403320312,18.138488719040556,966800
2024-11-01,17.726835250854492,18.08703225764347,17.56388855746398,18.08703225764347,1369100
2024-11-04,17.92408561706543,18.018423434953366,17.752564244991017,17.752564244991017,540800
2024-11-05,17.98411750793457,18.10418426324701,17.821172455909483,17.924084948160637,883200
2024-11-06,17.92408561706543,17.95839087293909,17.50385604720087,17.92408561706543,746300
2024-11-07,17.632495880126953,18.138486907851107,17.546734384014226,17.932660298639252,927500
2024-11-08,17.64107322692871,17.72683472806632,17.30660517183308,17.7182584143761,1268900
2024-11-11,17.64107322692871,17.743987355446755,17.460975546727855,17.709682100685882,695200
2024-11-12,17.4523983001709,17.735410093762233,17.41809304724371,17.735410093762233,512800
2024-11-13,17.675378799438477,17.75256398827342,17.3923669856319,17.45239954677805,856600
2024-11-14,17.76971435546875,17.889781109304483,17.555311424190467,17.692529169347406,458900
2024-11-18,17.804019927978516,17.821172555370964,17.66680218036811,17.743987367869536,691300
2024-11-19,17.898359298706055,17.9498155495917,17.649651087190104,17.77829253228658,473700
2024-11-21,17.460975646972656,17.864052578139553,17.460975646972656,17.838323636921185,528300
2024-11-22,17.915508270263672,17.915508270263672,17.400942547940645,17.538160291995393,541900
2024-11-25,17.915508270263672,18.095607581688363,17.8468993982363,17.8468993982363,923100
2024-11-26,18.18136978149414,18.39577271931476,17.93266158845522,18.00984677693181,467400
2024-11-27,17.898359298706055,18.26713100511203,17.743988910284394,18.172794817782467,805300
2024-11-28,17.40951919555664,17.84690141763313,17.323759322642005,17.752565230274087,626300
2024-11-29,17.349485397338867,17.486703147169127,17.100778839183253,17.418094272254,708300
2024-12-02,17.323759078979492,17.42667157933546,17.109356128179076,17.409518950687897,1236100
2024-12-03,17.460975646972656,17.572464454056405,17.23799639704057,17.23799639704057,598200
2024-12-04,17.692529678344727,17.76113855289701,17.478126740898276,17.495279368477497,455700
2024-12-05,17.66680145263672,17.99269318084615,17.658225139293773,17.658225139293773,559000
2024-12-06,17.143657684326172,17.683953971279223,17.143657684326172,17.62391977824538,494600
2024-12-09,17.632495880126953,17.87262774208969,17.212266348515524,17.28087521825281,820600
2024-12-10,17.692529678344727,17.812596435634667,17.255149125426815,17.795443808055445,806100
2024-12-11,17.975542068481445,18.181370334522832,17.62392137062144,17.69253024738035,904800
2024-12-12,17.786869049072266,18.03557726341753,17.72683648306196,17.846901615082572,898600
2024-12-13,17.752565383911133,17.941239396026802,17.73541275487387,17.78686900622092,455000
2024-12-16,17.43524742126465,17.846900683064494,17.43524742126465,17.761139177915027,678800
2024-12-17,17.538162231445312,17.675379990674223,17.426671779718873,17.43524809414127,647300
2024-12-18,17.12650489807129,17.546734430803276,17.12650489807129,17.538159753357174,1020800
2024-12-19,17.26372528076172,17.340910475708583,17.117931205391503,17.21226902938539,381700
2024-12-20,17.42667007446289,17.54673519309825,17.135081955693117,17.135081955693117,1141000
2024-12-23,17.36663818359375,17.615346379785073,17.315181935878677,17.572464810218662,568600
2024-12-26,17.726835250854492,17.98411812609035,17.40951817801661,17.40951817801661,4578600
2024-12-27,17.79544448852539,18.121336246169164,17.615346799350725,17.75256455370228,1051500
2024-12-30,17.266469955444336,17.80297377970255,17.266469955444336,17.80297377970255,1697900
2025-01-02,17.15022850036621,17.52578101152382,16.944569238553363,17.52578101152382,1073300
2025-01-03,16.980337142944336,17.230706080111347,16.953511351480383,17.060812811837344,744500
2025-01-06,17.266469955444336,17.346945614358,16.989276966685402,17.346945614358,705300
2025-01-07,17.436365127563477,17.53472465609397,17.293297652700296,17.293297652700296,560200
2025-01-08,17.14128875732422,17.63308300360705,17.07869694839719,17.534725177649815,438400
2025-01-09,17.033987045288086,17.498957198350258,16.926687290273037,17.168114297305184,560500
2025-01-10,17.025047302246094,17.212822731587575,16.9266877694488,16.9266877694488,501800
2025-01-13,16.792560577392578,17.06975358167711,16.774676717632612,17.06975358167711,557000
2025-01-14,17.051870346069336,17.096579997105767,16.774677331638667,16.801503122260527,616300
2025-01-15,17.597314834594727,17.76720808483384,17.096578718914824,17.096578718914824,669400
2025-01-16,17.454248428344727,17.70461564857382,17.400596847868115,17.597315898618145,586100
2025-01-17,17.4810733795166,17.67779244001682,17.346947832674818,17.463191223970195,1507000
2025-01-20,17.61520004272461,17.668849918567254,17.427422919027148,17.53472437621124,347300
2025-01-21,17.66884994506836,17.7046159605175,17.525782472274187,17.570490417960315,395600
2025-01-22,17.838743209838867,17.838743209838867,17.642024155608823,17.794033558650764,504400
2025-01-23,17.4453067779541,17.98181065283021,17.364831111447746,17.86556726543267,744500
2025-01-24,17.4810733795166,17.55260711819881,17.346947832674818,17.445307362924925,561300
2025-01-27,17.883451461791992,17.94604326902845,17.391657228792248,17.391657228792248,495500
2025-01-28,17.749324798583984,17.89239226482406,17.63308141632722,17.883450334996713,429500
2025-01-29,17.71355628967285,17.80297387846169,17.62413870088401,17.749324007387848,241700
2025-01-30,18.151702880859375,18.205354464177354,17.65096670838364,17.65096670838364,675600
2025-01-31,18.03546142578125,18.348422177151054,18.03546142578125,18.17852890546478,422500
2025-02-03,17.954984664916992,18.035460330539284,17.82980105417067,18.035460330539284,580000
2025-02-04,18.375246047973633,18.580907039916266,17.856626013833466,17.9639274750861,831300
2025-02-05,18.867040634155273,18.938574367994303,18.38418665161777,18.4557203854568,731000
2025-02-06,18.956459045410156,19.108468449561514,18.741856129138622,18.902807463592865,673900
2025-02-07,18.74185562133789,19.019050336720333,18.563022136622102,18.86704093668759,596100
2025-02-10,18.9117488861084,18.99222455117472,18.706089611160593,18.777623346164123,384400
2025-02-11,17.883451461791992,18.607730768454896,17.883451461791992,18.509372945154247,1895200
2025-02-12,18.1248779296875,18.241119610331076,17.659907796115633,17.874509002649084,1117200
2025-02-13,17.63308334350586,18.14276316637681,17.525783584848018,18.124879304767532,1282600
2025-02-14,18.089109420776367,18.205352801852307,17.642023166943048,17.642023166943048,694000
2025-02-17,18.205352783203125,18.51831179616689,18.098051331973615,18.098051331973615,594900
2025-02-18,18.357362747192383,18.455720566247837,18.151701768079132,18.17852755809358,310300
2025-02-19,18.071226119995117,18.339478903887663,18.071226119995117,18.32159504386174,598900
2025-02-20,18.044401168823242,18.214294419912388,17.83874190489877,18.071225252075063,509600
2025-02-21,17.999692916870117,18.07122665358723,17.77614977644178,18.07122665358723,420400
2025-02-24,17.856624603271484,18.03545978939938,17.83874244905768,17.981809915760504,383900
2025-02-25,18.080167770385742,18.080167770385742,17.820858626015315,17.83874248576465,495300
2025-02-26,17.883451461791992,18.250062080318823,17.794033863383266,18.080168813892126,877500
2025-02-27,17.910276412963867,18.07122603595236,17.874508693078365,17.88345062304974,433400
2025-02-28,17.63308334350586,18.06228749463397,17.597317325786218,17.91027808195293,584400
2025-03-05,17.68673324584961,17.89239251829584,17.606257581762172,17.63308166612548,424700
2025-03-06,18.017576217651367,18.11593574214361,17.606257670681565,17.794033084168102,1239000
2025-03-07,17.892393112182617,18.04440251544899,17.704615987912955,17.99075263944286,743100
2025-03-10,17.63308334350586,17.8566264971251,17.55260767176302,17.8566264971251,709900
2025-03-11,17.53472328186035,17.686732675176533,17.507897492863837,17.686732675176533,383200
2025-03-12,17.731441497802734,17.731441497802734,17.552606306616607,17.570490166834976,308000
2025-03-13,17.96392822265625,18.09805377567953,17.65096746193597,17.70461734204549,424800
2025-03-14,18.723974227905273,18.92963351116359,17.954985266419072,18.044402865161466,761900
2025-03-17,18.82233238220215,18.965399860503535,18.571965147924157,18.85810010452693,514400
2025-03-18,18.58090591430664,18.938574587650145,18.58090591430664,18.82233120287678,390400
2025-03-19,18.285829544067383,18.759739909603887,18.267945683538017,18.598788575837222,925700
2025-03-20,18.160642623901367,18.500429121991328,18.115934682020473,18.241118283685903,390100
2025-03-21,18.330537796020508,18.330537796020508,18.062286705595355,18.062286705595355,354900
2025-03-24,18.241119384765625,18.732915302634783,18.169585650139044,18.33053697942354,289900
2025-03-25,18.554080963134766,18.65244049231342,18.223236359396726,18.241120220247183,610400
2025-03-26,18.527254104614258,18.670321572178942,18.419954356690113,18.571963754164937,245600
2025-03-27,18.554080963134766,18.768682176843694,18.455721433956107,18.50937301650747,327200
2025-03-28,18.571964263916016,18.8670411370546,18.473604737703557,18.563022333760447,729500
2025-03-31,18.330537796020508,18.51831321821835,18.19641225080793,18.50937299330317,309500
2025-04-01,18.008634567260742,18.464662771306912,18.008634567260742,18.321595300096206,691000
2025-04-02,17.79403305053711,18.178527512281427,17.695675231729528,18.062285833509282,792600
2025-04-03,18.214296340942383,18.339479957316925,17.713558464446493,17.740384256026264,499500
2025-04-04,17.856624603271484,18.330536652661294,17.668849192786052,18.026517859543112,524600
2025-04-07,17.490013122558594,17.946041289184183,17.436363251631654,17.82085768852178,522200
2025-04-08,17.28435516357422,17.785091309407804,17.28435516357422,17.55260624389609,448500
2025-04-09,17.4095401763916,17.63308332983756,17.114463282062893,17.284356556221518,611800
2025-04-10,17.400596618652344,17.51684000265497,17.212821205954064,17.445306268460566,576100
2025-04-11,17.239646911621094,17.40953846356614,17.203879191949245,17.355888589557114,409000
2025-04-14,17.35588836669922,17.49895583255207,17.311180423182225,17.311180423182225,325100
2025-04-15,17.579431533813477,17.76720864909363,17.391656124032053,17.391656124032053,616200
2025-04-16,17.516841888427734,17.713559252265235,17.481074164730586,17.650967441294164,466400
2025-04-17,17.695676803588867,17.695676803588867,17.472133650671367,17.57943340899238,419600
2025-04-22,17.919219970703125,18.098053469879464,17.606259215270896,17.61520114605455,520900
2025-04-23,18.518312454223633,18.563022104449168,18.008634380143903,18.008634380143903,575400
2025-04-24,18.68820571899414,18.768681383922484,18.419954639565507,18.554080179279822,564000
2025-04-25,19.108469009399414,19.188942973485435,18.56302318343492,18.768682469930138,602600
2025-04-28,18.956459045410156,19.162118325879987,18.82233179636574,19.108468449561514,447500
2025-04-29,19.22471046447754,19.31412806355162,18.983283458627167,19.126350934946164,351800
2025-04-30,19.403545379638672,19.501903202236722,19.045874988558708,19.180002237963105,569100
2025-05-02,19.34989356994629,19.546612623824824,19.197884167175967,19.403545151276145,558200
2025-05-05,19.305185317993164,19.537670383570287,19.180001707874244,19.537670383570287,409200
2025-05-06,19.12635040283203,19.332011386630384,19.036934511744434,19.23365185983547,306900
2025-05-07,19.09058380126953,19.242593199148914,18.956458263258018,19.12634981550652,331600
2025-05-08,19.215768814086914,19.564495579509742,19.11740928312196,19.251536536437396,427800
2025-05-09,18.464662551879883,19.171059674899624,18.241119417582308,18.86704087581502,1810100
2025-05-12,18.7329158782959,19.099526492710385,18.58090647435583,18.7329158782959,663900
2025-05-13,19.14423370361328,19.27835924182264,18.71503129914384,18.849156837353195,553300
2025-05-14,19.19788360595703,19.305185059981156,18.99222433336777,19.269417340140198,468200
2025-05-15,19.38566017150879,19.484019692768797,19.180000904782137,19.19788305869411,414900
2025-05-16,19.609203338623047,19.609203338623047,19.22470888798358,19.28730069055304,563300
2025-05-19,19.42142677307129,19.644969905979334,19.349893038760666,19.537670157262774,317200
2025-05-20,19.69862174987793,19.69862174987793,19.180001742799604,19.43931089358938,499700
2025-05-21,19.636028289794922,19.868513356394345,19.555554329720874,19.743329745724957,457800
2025-05-22,19.519786834716797,19.662854307276888,19.44825309843675,19.55555455560622,310900
2025-05-23,19.14423370361328,19.582378038029848,19.010108165403924,19.582378038029848,394800
2025-05-26,19.671796798706055,19.689680659660965,19.197884716394004,19.31412810710208,288000
2025-05-27,19.796979904174805,19.859571710404996,19.58237869474323,19.716504237450614,522000
2025-05-28,19.796979904174805,19.805921834421806,19.56449483424923,19.805921834421806,374900
2025-05-29,19.22471046447754,19.79698036975352,19.22471046447754,19.79698036975352,426300
2025-05-30,18.7329158782959,19.287301912313445,18.7329158782959,19.260477826940903,615500
2025-06-02,18.723974227905273,19.15317665527015,18.670322645360535,18.750798313678803,351100
2025-06-03,18.83127212524414,19.01904923463833,18.679262734019765,18.867039843413956,375400
2025-06-04,19.15317726135254,19.24259486292446,18.86704230072151,18.86704230072151,485300
2025-06-05,19.108469009399414,19.278360573635183,19.019051409249666,19.11740923446541,355300
2025-06-06,19.17106056213379,19.22471043930846,18.867041748979236,19.10846875451353,506800
2025-06-09,18.82233238220215,19.081643252560205,18.69714876506315,19.04587553023542,320900
2025-06-10,18.715030670166016,18.938573794834987,18.706088740519412,18.938573794834987,256500
2025-06-11,18.813392639160156,18.93857625950663,18.59878971071061,18.786566846729233,268600
2025-06-12,19.010107040405273,19.010107040405273,18.688204403353687,18.732914050443433,240600
2025-06-13,18.83127212524414,19.010107305095875,18.715030452189584,19.010107305095875,248600
2025-06-16,19.135292053222656,19.296243383624798,18.831273252573894,18.831273252573894,265300
2025-06-17,18.9832820892334,19.171059204293215,18.97434015942115,19.12634955523196,211100
2025-06-18,19.14423370361328,19.242593227532893,18.90280671153719,19.019050095351048,396000
2025-06-20,19.099525451660156,19.206825198299413,18.90280640699031,19.206825198299413,419300
2025-06-23,19.07270050048828,19.171060027146062,18.974340973830497,19.054816640096174,404200
2025-06-24,19.323068618774414,19.36777656238014,19.02799175667993,19.10846741956922,294200
2025-06-25,19.69862174987793,19.89533909549427,19.58237836412831,19.671795959589836,3225400
2025-06-26,19.66285514831543,20.083115653749132,19.618147200790162,19.805922626994942,795300
2025-06-27,19.850631713867188,19.931107381516558,19.66285458751905,19.71650446411902,921800
2025-06-30,20.020523071289062,20.25300814153323,19.7701558460252,19.85957173762012,2956400
2025-07-01,20.56650161743164,20.697978190549772,20.228423350922522,20.425635523785378,1687400
2025-07-02,20.46320152282715,20.62284845460679,20.003036186815415,20.56650237331929,800000
2025-07-03,20.425636291503906,20.5289389332917,20.256596256291022,20.36929021016949,530300
2025-07-04,20.32233238220215,20.416243706041968,20.28476892739193,20.378680251231753,216400
2025-07-07,20.162683486938477,20.39746089881288,20.15329217551836,20.20964004403906,243800
2025-07-08,20.172075271606445,20.284769220082204,20.087555258052014,20.19085789488733,466200
2025-07-09,20.07816505432129,20.209641633332783,19.890344184777163,20.1157303029559,433900
2025-07-10,19.815214157104492,20.031208948718398,19.79643153403993,19.86216892355638,821900
2025-07-11,19.7025203704834,19.89973433184937,19.655565603648878,19.82460563018841,545600
2025-07-14,19.86216926574707,19.86216926574707,19.55226314468073,19.702520549366863,537300
2025-07-15,19.880952835083008,19.89973545936485,19.69313017468385,19.862170210801164,492000
2025-07-16,19.758869171142578,20.00303611963829,19.636783905685103,19.92790741443739,1842700
2025-07-17,19.636783599853516,19.88095233575606,19.48652619179189,19.758868863409585,480600
2025-07-18,19.53348159790039,19.777650341775352,19.467744203628218,19.61800161659594,873400
2025-07-21,19.12027359008789,19.514699725935603,18.979405705620486,19.48652579080021,874300
2025-07-22,19.24235725402832,19.261139877641384,19.063925912123366,19.063925912123366,402100
2025-07-23,19.505308151245117,19.580436852717025,19.120273332300403,19.120273332300403,662500
2025-07-24,19.317485809326172,19.467743214660768,19.204793650930004,19.43957107066651,586800
2025-07-25,19.345659255981445,19.42078795675147,19.214182686226764,19.373831399264258,316700
2025-07-28,19.12027359008789,19.411397088315386,19.101490966664297,19.336268385830564,353400
2025-07-29,19.223573684692383,19.308093695583548,19.082707596943603,19.082707596943603,252800
2025-07-30,19.984254837036133,19.984254837036133,19.157837307213626,19.251748634403853,681500
2025-07-31,20.27537727355957,20.56650076045915,19.78703983080516,19.956079852620878,866600
2025-08-01,19.94668960571289,20.59467579351589,19.81521482226662,20.265987043690625,508000
2025-08-04,19.618000030517578,20.181466179196185,19.599219198822247,19.946688766514225,377200
2025-08-05,19.937297821044922,19.937297821044922,19.514699545185586,19.608609079014634,522300
2025-08-06,20.247203826904297,20.406852541216654,19.927906398279585,20.049991657511725,395400
2025-08-07,20.068775177001953,20.31294212395257,20.059383865010066,20.22842389844481,222500
2025-08-08,20.256595611572266,20.378680873655725,20.13451214069838,20.322333002905093,245100
2025-08-11,20.35989761352539,20.3786802365217,20.190857588977636,20.3786802365217,186900
2025-08-12,20.754323959350586,20.98910137565272,20.162683867191866,20.35989782831462,739900
2025-08-13,20.416244506835938,20.89519066511634,20.322333179312597,20.74493325756283,264000
2025-08-14,20.162683486938477,20.45380876733358,20.096946098207162,20.406852210232998,227400
2025-08-15,20.594675064086914,20.594675064086914,20.115728924083786,20.115728924083786,325400
2025-08-18,20.585285186767578,20.632239956403975,20.3880712136335,20.585285186767578,317900
2025-08-19,20.134511947631836,20.47259021284598,19.98425454282343,20.47259021284598,268500
2025-08-20,20.106338500976562,20.528938581772547,20.003035860957635,20.143903748696026,283600
2025-08-21,19.90912628173828,20.190858474196723,19.871561034098704,20.16268453846704,278300
2025-08-22,20.331724166870117,20.388070246001497,19.83399718399207,19.91851540708436,410300
2025-08-25,20.425636291503906,20.575893702535442,20.303552816744396,20.388071043141206,465400
2025-08-26,20.378681182861328,20.500764655587584,20.265987230859736,20.41624463938879,281000
2025-08-27,20.66041374206543,20.66980505416607,20.284770214087985,20.378681543884753,261700
2025-08-28,20.66041374206543,20.829453777457687,20.52893895507573,20.72615113556028,450600
2025-08-29,20.697978973388672,20.763716366829275,20.594676331576505,20.660413725017108,345600
2025-09-01,20.951536178588867,21.111184893698553,20.641630059988834,20.71675876173401,441100
2025-09-02,21.2332706451416,21.2708341012791,20.73554186505025,20.885799272019415,534800
2025-09-03,20.970319747924805,21.355354585641248,20.895191042790124,21.355354585641248,406400
2025-09-04,21.06422996520996,21.111184731736884,20.7355412258929,20.998492575588454,381800
2025-09-05,21.214487075805664,21.345961853240635,21.007883598235065,21.27083315310501,261000
2025-09-08,21.16753387451172,21.327180806791834,20.867017260547183,21.23327126808815,307500
2025-09-09,21.411699295043945,21.411699295043945,21.036055793434482,21.31778976304871,283200
2025-09-10,21.0830135345459,21.590131842393227,21.0830135345459,21.411700497405462,357900
2025-09-11,21.129968643188477,21.364746072557235,20.90458252593962,21.11118601894866,284100
2025-09-12,21.35535430908203,21.543176965091174,21.064230804356495,21.129968196596817,234100
2025-09-15,21.599523544311523,21.599523544311523,21.31779134500001,21.31779134500001,512700
2025-09-16,21.36474609375,21.61830614761009,21.252052139408967,21.61830614761009,259500
2025-09-17,21.81551742553711,21.81551742553711,21.345962585773282,21.36474520925413,499300
2025-09-18,21.749780654907227,21.843691983780428,21.524394540337312,21.81551804775558,298700
2025-09-19,21.89064598083496,21.89064598083496,21.571348548649006,21.70282512091999,332800
2025-09-22,21.56195831298828,21.853083615880404,21.4304835253658,21.853083615880404,329800
2025-09-23,21.712217330932617,21.9188208227501,21.524394672037,21.552568608234232,316100
2025-09-24,21.73099708557129,21.815517098759507,21.590130993994105,21.74038839717104,205600
2025-09-25,21.580739974975586,21.74978000364378,21.552567831003927,21.730997380189635,280400
2025-09-26,21.87186622619629,21.956384453035565,21.543177466140474,21.58074092349019,313300
2025-09-29,22.050294876098633,22.134814890670484,21.824908767643553,21.984557485033765,497200
2025-09-30,21.834300994873047,22.16298975518833,21.806127058431287,22.050295800630938,448200
2025-10-01,21.81551742553711,21.956383519224346,21.580740005655198,21.83430004901796,525000
2025-10-02,21.411699295043945,21.834299353860533,21.411699295043945,21.834299353860533,319300
2025-10-03,21.60891342163086,21.702824745568922,21.36474469587571,21.41169946223998,235800
2025-10-06,21.007884979248047,21.67465201288237,21.007884979248047,21.60891461984345,304200
2025-10-07,20.78249740600586,21.158142728610056,20.62284868126197,21.064231397959006,365500
2025-10-08,20.47258949279785,20.970318248225897,20.47258949279785,20.716758214826164,345300
2025-10-09,20.44441795349121,20.63223881283623,20.350506628213928,20.63223881283623,232000
2025-10-10,20.28476905822754,20.575892551920145,20.190857733781996,20.397461214594568,377500
2025-10-13,20.303552627563477,20.491373493998037,20.28477000355714,20.312942148357035,283800
2025-10-14,20.265987396240234,20.481982198862177,20.200250003373522,20.36929003715056,257600
2025-10-15,20.538330078125,20.641630927861915,20.219032634480836,20.35050742026033,236000
2025-10-16,20.36928939819336,20.660412896560768,20.36928939819336,20.604066817472457,328700
2025-10-17,20.07816505432129,20.53833039404706,20.012427660420364,20.500765145412448,660000
2025-10-20,20.52893829345703,20.575893061237316,20.078164283202277,20.134512153990105,282500
2025-10-21,20.47258949279785,20.83884347144507,20.378679961502687,20.444417349893097,296400
2025-10-22,20.632238388061523,20.64162969951686,20.49137229865051,20.52893754447185,185100
2025-10-23,20.56650161743164,20.735541646290983,20.55711030569395,20.632239008385927,169400
2025-10-24,20.763715744018555,20.838844447298552,20.641630481682572,20.660413105304965,358500
2025-10-27,20.98910140991211,21.101793566843735,20.773106616451877,20.773106616451877,226900
2025-10-28,20.78249740600586,21.083014022331145,20.78249740600586,20.9891026916801,411900
2025-10-29,21.16753387451172,21.392919991577898,20.857625948434887,20.867017260547183,338700
2025-10-30,21.590131759643555,21.590131759643555,21.129968222194254,21.167533469925427,275200
2025-10-31,21.60891342163086,21.721605577388917,21.5150020976928,21.590130798601344,486000
2025-11-03,21.665260314941406,21.693434250546083,21.421091579996297,21.618305546809864,641200
2025-11-04,21.928211212158203,21.928211212158203,21.43048244087413,21.43048244087413,370800
2025-11-05,21.937602996826172,22.125423860658973,21.87186560492421,21.92821168495309,407500
2025-11-06,21.749780654907227,21.97516676947714,21.43048321146411,21.928212000645345,487800
2025-11-07,21.81551742553711,22.16298879509455,21.524393926422213,21.75917134630413,322500
2025-11-10,22.06907844543457,22.21933585751097,21.76856362128177,21.83430101516399,502000
2025-11-11,22.050294876098633,22.256900152256296,22.031512252591654,22.069077499605616,468000
2025-11-12,22.144207000732422,22.209944394167152,21.9657756534027,22.05968698311359,354600
2025-11-13,21.843690872192383,22.25689962348121,21.843690872192383,22.238117000420463,430300
2025-11-14,21.843690872192383,22.05968566376241,21.787344794219663,21.881254327104354,276800
2025-11-17,21.86247444152832,22.172380570606254,21.749780489495617,21.92821183387673,368900
2025-11-18,22.06907844543457,22.11603321500483,21.655869666619648,21.69343491524357,464300
2025-11-19,21.843690872192383,22.069076975292784,21.73099692503742,22.069076975292784,301300
2025-11-21,22.209943771362305,22.209943771362305,21.69343415925069,21.853082877919483,363500
2025-11-24,22.097251892089844,22.51045887053588,22.04090402040298,22.209944053044364,729900
2025-11-25,22.35080909729004,22.35080909729004,22.087859539972673,22.144205617796462,322400
2025-11-26,22.660715103149414,22.660715103149414,22.32263684662313,22.35080898979477,550100
2025-11-27,22.670106887817383,22.726454757755874,22.54802341870308,22.660715576160968,231700
2025-11-28,22.961233139038086,22.980013971929452,22.65132700621028,22.670107839101647,403200
2025-12-01,22.820363998413086,22.98001271209984,22.58558658365077,22.961231880238092,515100
2025-12-02,23.477741241455078,23.505915175780245,22.820363770210534,22.820363770210534,968500
2025-12-03,23.477741241455078,23.66556388787052,23.39322122968908,23.62799864210363,692100
2025-12-04,23.693737030029297,23.862777060688845,23.48713354322851,23.48713354322851,398500
2025-12-05,22.867321014404297,23.919122850542625,22.71706360924168,23.70312805452256,712200
2025-12-08,23.036361694335938,23.355659137136584,22.886104284924997,23.008187758367782,439900
2025-12-09,23.1490535736084,23.242964901147882,22.73584480716042,23.045752725403595,581600
2025-12-10,23.1490535736084,23.299310981187737,22.98001354227924,23.06453355794382,331100
2025-12-11,23.19601058959961,23.393222769226046,23.06453401197236,23.149054029300725,283800
2025-12-12,23.289918899536133,23.552870249713724,23.233572821358624,23.280529379181157,373500
2025-12-15,23.524696350097656,23.693736376091767,23.383830258839076,23.383830258839076,298800
2025-12-16,23.289918899536133,23.524696315020204,23.224181509794118,23.477741548407202,365700
2025-12-17,22.93305778503418,23.2805291445813,22.876711707424477,23.2805291445813,570200
2025-12-18,23.261747360229492,23.261747360229492,22.820364661281307,22.820364661281307,306900
2025-12-19,22.65132713317871,23.487134207051803,22.65132713317871,23.355659420027173,405700
2025-12-22,23.242963790893555,23.449567268643854,22.7734089668351,22.7734089668351,574200
2025-12-23,23.7125186920166,23.759473458091247,23.31809256687725,23.552869979669495,639800
2025-12-26,23.75947380065918,24.031816463205427,23.637390332379177,23.80643035862036,999300
2025-12-29,23.628000259399414,24.088163804284193,23.590436802270876,23.8909516241377,1088100
2025-12-30,23.700000762939453,23.93000030517578,23.299999237060547,23.780000686645508,873000
2026-01-02,23.649999618530273,23.829999923706055,23.540000915527344,23.709999084472656,668800
2026-01-05,24.25,24.270000457763672,23.459999084472656,23.649999618530273,609500
2026-01-06,24.25,24.440000534057617,23.989999771118164,24.350000381469727,696700
2026-01-07,24.020000457763672,24.229999542236328,23.889999389648438,24.149999618530273,838600
2026-01-08,24.100000381469727,24.139999389648438,23.84000015258789,24.049999237060547,570800
2026-01-09,23.90999984741211,24.209999084472656,23.8700008392334,24.110000610351562,606400
2026-01-12,24.139999389648438,24.139999389648438,23.799999237060547,24.010000228881836,388600
2026-01-13,23.979999542236328,24.1299991607666,23.860000610351562,24.1299991607666,428800
2026-01-14,24.06999969482422,24.149999618530273,23.920000076293945,24.0,842000
2026-01-15,24.25,24.299999237060547,23.920000076293945,24.100000381469727,649200
2026-01-16,23.959999084472656,24.260000228881836,23.790000915527344,24.25,535800
2026-01-19,23.93000030517578,24.100000381469727,23.700000762939453,23.799999237060547,456800
2026-01-20,24.059999465942383,24.110000610351562,23.65999984741211,23.989999771118164,344000
2026-01-21,24.850000381469727,24.850000381469727,24.149999618530273,24.290000915527344,725300
2026-01-22,25.559999465942383,25.600000381469727,24.860000610351562,24.889999389648438,1121100
2026-01-23,25.809999465942383,25.809999465942383,25.229999542236328,25.600000381469727,964800
2026-01-26,25.959999084472656,26.09000015258789,25.440000534057617,25.809999465942383,655500
2026-01-27,26.479999542236328,26.770000457763672,26.149999618530273,26.149999618530273,748100
2026-01-28,26.8700008392334,26.899999618530273,26.3700008392334,26.489999771118164,730200
2026-01-29,26.6200008392334,27.1200008392334,26.459999084472656,26.950000762939453,607900
2026-01-30,26.81999969482422,27.239999771118164,26.420000076293945,26.459999084472656,1525800
2026-02-02,27.18000030517578,27.18000030517578,26.639999389648438,26.81999969482422,1201700
2026-02-03,27.239999771118164,27.559999465942383,27.1200008392334,27.200000762939453,709100
2026-02-04,26.610000610351562,27.489999771118164,26.34000015258789,27.489999771118164,558100
2026-02-05,26.469999313354492,27.010000228881836,26.399999618530273,26.709999084472656,891300
2026-02-06,26.959999084472656,27.040000915527344,26.350000381469727,26.5,423000
2026-02-09,27.889999389648438,27.889999389648438,26.950000762939453,27.06999969482422,488300
2026-02-10,28.1200008392334,28.649999618530273,27.68000030517578,27.8799991607666,1484800
2026-02-11,28.149999618530273,28.440000534057617,28.030000686645508,28.260000228881836,843200
2026-02-12,27.270000457763672,28.040000915527344,27.09000015258789,28.020000457763672,672500
2026-02-13,26.93000030517578,27.200000762939453,26.3700008392334,27.09000015258789,386900
2026-02-18,26.950000762939453,27.31999969482422,26.829999923706055,27.040000915527344,340500
2026-02-19,27.420000076293945,27.420000076293945,26.850000381469727,26.959999084472656,637900
2026-02-20,27.889999389648438,27.889999389648438,27.110000610351562,27.40999984741211,409500
2026-02-23,27.360000610351562,27.770000457763672,27.139999389648438,27.760000228881836,546500
2026-02-24,27.969999313354492,27.969999313354492,27.31999969482422,27.450000762939453,523100
2026-02-25,27.6200008392334,28.170000076293945,27.59000015258789,28.100000381469727,419900
2026-02-26,27.93000030517578,27.93000030517578,27.450000762939453,27.6200008392334,529100
2026-02-27,27.1299991607666,27.989999771118164,27.1299991607666,27.989999771118164,600200
2026-03-02,26.950000762939453,27.09000015258789,25.899999618530273,26.899999618530273,622800
2026-03-03,26.3799991607666,26.610000610351562,25.760000228881836,26.610000610351562,730200
2026-03-04,26.729999542236328,26.940000534057617,26.3799991607666,26.3799991607666,338600
2026-03-05,26.229999542236328,26.729999542236328,25.940000534057617,26.719999313354492,499200
2026-03-06,25.850000381469727,26.219999313354492,25.6200008392334,26.219999313354492,387300
2026-03-09,25.940000534057617,26.170000076293945,25.520000457763672,25.959999084472656,636700
2026-03-10,26.75,27.059999465942383,26.040000915527344,26.040000915527344,803000
2026-03-11,26.780000686645508,27.09000015258789,26.440000534057617,26.809999465942383,567300
2026-03-12,26.209999084472656,26.6299991607666,25.950000762939453,26.6299991607666,493500
2026-03-13,25.729999542236328,26.399999618530273,25.700000762939453,26.329999923706055,632300
2026-03-16,26.200000762939453,26.6299991607666,25.790000915527344,26.1200008392334,529000
2026-03-17,26.010000228881836,26.59000015258789,25.889999389648438,26.06999969482422,473700
2026-03-18,25.81999969482422,26.18000030517578,25.719999313354492,26.030000686645508,482800
2026-03-19,25.6299991607666,25.790000915527344,25.15999984741211,25.5,596400
2026-03-20,25.190000534057617,25.600000381469727,24.969999313354492,25.600000381469727,2100000
2026-03-23,25.670000076293945,26.18000030517578,25.299999237060547,25.299999237060547,859700
2026-03-24,25.219999313354492,25.899999618530273,25.100000381469727,25.68000030517578,667800
2026-03-25,25.65999984741211,25.93000030517578,25.290000915527344,25.299999237060547,612800
2026-03-26,25.219999313354492,25.649999618530273,25.1200008392334,25.5,430100
2026-03-27,24.809999465942383,25.200000762939453,24.760000228881836,25.110000610351562,929800
2026-03-30,24.719999313354492,25.239999771118164,24.6299991607666,24.950000762939453,461100
2026-03-31,25.399999618530273,25.610000610351562,24.8799991607666,24.889999389648438,643300
2026-04-01,26.219999313354492,26.280000686645508,25.399999618530273,25.399999618530273,637800
2026-04-02,26.030000686645508,26.219999313354492,25.450000762939453,25.860000610351562,749300
2026-04-06,26.229999542236328,26.420000076293945,25.959999084472656,26.25,535300
2026-04-07,26.1200008392334,26.260000228881836,25.899999618530273,26.209999084472656,632400
2026-04-08,26.489999771118164,26.979999542236328,26.40999984741211,26.489999771118164,623200
2026-04-09,27.149999618530273,27.25,26.489999771118164,26.489999771118164,709900
2026-04-10,27.049999237060547,27.540000915527344,26.969999313354492,27.170000076293945,623300
2026-04-13,27.40999984741211,27.549999237060547,26.860000610351562,27.0,802200
2026-04-14,27.309999465942383,27.459999084472656,26.670000076293945,26.979999542236328,902300
2026-04-15,27.3700008392334,27.700000762939453,27.260000228881836,27.399999618530273,470600
2026-04-16,26.700000762939453,27.540000915527344,26.700000762939453,27.5,589400
2026-04-17,26.709999084472656,27.15999984741211,26.56999969482422,26.829999923706055,597700
2026-04-20,26.209999084472656,26.729999542236328,26.139999389648438,26.709999084472656,457100
2026-04-22,25.690000534057617,26.15999984741211,25.549999237060547,26.1200008392334,910700
2026-04-23,25.15999984741211,25.850000381469727,25.15999984741211,25.84000015258789,644100
2026-04-24,25.280000686645508,25.280000686645508,25.049999237060547,25.15999984741211,364300
2026-04-27,24.93000030517578,25.299999237060547,24.899999618530273,25.280000686645508,559800
2026-04-28,25.06999969482422,25.18000030517578,24.65999984741211,24.809999465942383,1020500
2026-04-29,24.799999237060547,25.079999923706055,24.68000030517578,25.079999923706055,574300
2026-04-30,25.059999465942383,25.209999084472656,24.799999237060547,24.899999618530273,647900
2026-05-04,24.719999313354492,25.350000381469727,24.6200008392334,25.15999984741211,941600
2026-05-05,24.940000534057617,25.0,24.719999313354492,24.809999465942383,635800
2026-05-06,25.309999465942383,25.40999984741211,25.059999465942383,25.15999984741211,857700
2026-05-07,24.100000381469727,25.219999313354492,23.93000030517578,25.100000381469727,1506800
2026-05-08,24.309999465942383,24.600000381469727,24.010000228881836,24.110000610351562,684600
2026-05-11,24.149999618530273,24.440000534057617,23.940000534057617,24.350000381469727,465600
2026-05-12,23.989999771118164,24.229999542236328,23.950000762939453,24.100000381469727,525500
2026-05-13,23.899999618530273,24.219999313354492,23.739999771118164,24.010000228881836,664300
2026-05-14,23.889999389648438,24.170000076293945,23.8799991607666,24.040000915527344,599100
2026-05-15,24.06999969482422,24.06999969482422,23.479999542236328,23.56999969482422,3249400
2026-05-18,23.670000076293945,24.100000381469727,23.479999542236328,24.06999969482422,806600
2026-05-19,23.389999389648438,23.649999618530273,23.31999969482422,23.649999618530273,764400
2026-05-20,24.389999389648438,24.579999923706055,23.450000762939453,23.6299991607666,759200
2026-05-21,24.5,24.729999542236328,24.1299991607666,24.149999618530273,435900
2026-05-22,24.3799991607666,24.579999923706055,24.309999465942383,24.5,316900
2026-05-25,24.799999237060547,24.8799991607666,24.43000030517578,24.43000030517578,315900
2026-05-26,24.559999465942383,25.170000076293945,24.510000228881836,24.860000610351562,587200
2026-05-27,24.510000228881836,24.8700008392334,24.459999084472656,24.56999969482422,345300
2026-05-28,24.459999084472656,24.549999237060547,24.229999542236328,24.520000457763672,266900
2026-05-29,24.5,24.540000915527344,24.110000610351562,24.459999084472656,807100
2026-06-01,24.3799991607666,24.600000381469727,24.190000534057617,24.530000686645508,655500
2026-06-02,24.5,24.649999618530273,24.299999237060547,24.309999465942383,1447700
2026-06-03,23.709999084472656,24.360000610351562,23.700000762939453,24.360000610351562,729700
2026-06-05,23.829999923706055,24.010000228881836,23.68000030517578,23.729999542236328,512700
2026-06-08,23.600000381469727,23.889999389648438,23.600000381469727,23.829999923706055,628900
2026-06-09,24.43000030517578,24.43000030517578,23.600000381469727,23.600000381469727,1978200
2026-06-10,24.079999923706055,24.3799991607666,23.850000381469727,24.31999969482422,2160500
2026-06-11,24.6200008392334,24.6200008392334,23.770000457763672,24.079999923706055,1696000
2026-06-12,24.8700008392334,25.110000610351562,24.3700008392334,24.540000915527344,550400
2026-06-15,24.729999542236328,25.309999465942383,24.719999313354492,25.049999237060547,1504200
2026-06-16,24.309999465942383,24.829999923706055,24.280000686645508,24.829999923706055,492300
2026-06-17,24.149999618530273,24.600000381469727,24.09000015258789,24.350000381469727,577400
2026-06-18,24.170000076293945,24.469999313354492,24.09000015258789,24.15999984741211,460900
2026-06-19,24.239999771118164,24.3700008392334,24.100000381469727,24.25,273800
2026-06-22,24.110000610351562,24.389999389648438,24.040000915527344,24.239999771118164,525000
2026-06-23,24.0,24.469999313354492,24.0,24.110000610351562,679600
2026-06-24,24.030000686645508,24.200000762939453,23.770000457763672,24.010000228881836,768300
2026-06-25,25.06999969482422,25.290000915527344,24.489999771118164,24.5,1370000
2026-06-26,25.190000534057617,25.290000915527344,24.90999984741211,25.100000381469727,679200
