Date,Close,High,Low,Open,Volume
2016-01-04,3.7620739936828613,3.8492568694445506,3.7620739936828613,3.8149120620305847,12181000
2016-01-05,3.7752845287323,3.8492578431309825,3.7752845287323,3.8069873777603065,11209000
2016-01-06,3.7752845287323,3.8281226104456447,3.7039531814072464,3.7330140633616242,11730000
2016-01-07,3.6854584217071533,3.759431711174086,3.6828164555239646,3.725087158599689,12981400
2016-01-08,3.6854584217071533,3.793776515700246,3.648471902949568,3.7488640983930956,9385000
2016-01-11,3.5797832012176514,3.714520487289183,3.566573618905414,3.6986689381241327,10671000
2016-01-12,3.4556124210357666,3.6590392682507216,3.4556124210357666,3.611484887976733,13971000
2016-01-13,3.3922061920166016,3.5480786333807086,3.360503361019924,3.5190175160033097,15641800
2016-01-14,3.5824246406555176,3.5824246406555176,3.3446529498961652,3.434477794052912,18373800
2016-01-15,3.445045232772827,3.5322281060323903,3.413342392674057,3.484673719908346,16259400
2016-01-18,3.42391037940979,3.489958033139183,3.410700798273551,3.4635388708667043,7017600
2016-01-19,3.3922061920166016,3.526943412716257,3.392206192016601,3.5190175160033097,13407000
2016-01-20,3.3605055809020996,3.392208432841041,3.3076674943371973,3.3446540289566937,14415400
2016-01-21,3.357863664627075,3.4450465717723544,3.3155931947326214,3.334086462323476,16240200
2016-01-22,3.4344773292541504,3.4741058130417657,3.4027744918337075,3.4212677506743603,13285000
2016-01-26,3.4054172039031982,3.421268500109799,3.360504778064812,3.3922076224298237,19850800
2016-01-27,3.355220317840576,3.413342316025718,3.331443125312483,3.3816394766388513,20708000
2016-01-28,3.429194211959839,3.447687727147071,3.347295258815723,3.386923752020706,13686800
2016-01-29,3.6590397357940674,3.659039735794068,3.4318356694105265,3.4529708962436314,20564000
2016-02-01,3.7409377098083496,3.751505320493334,3.56921397318943,3.6299776716401606,13684400
2016-02-02,3.4608967304229736,3.6643233478679402,3.4529708315452337,3.645830087723427,23686000
2016-02-03,3.5058090686798096,3.577140393270814,3.476747944035673,3.5560051673214965,13321200
2016-02-04,3.6458311080932617,3.730372037502362,3.542796661412038,3.5665738607963084,18050600
2016-02-05,3.6167690753936768,3.7118778492834945,3.6035597474216736,3.6722491095121432,11180000
2016-02-10,3.6167690753936768,3.624694974519015,3.5586473268518777,3.571856906775661,10771000
2016-02-11,3.4503302574157715,3.59035124182141,3.389566272364964,3.5586483916891063,21786400
2016-02-12,3.4344773292541504,3.5850658699891937,3.3842812329930543,3.487315391621556,20172800
2016-02-15,3.4714643955230713,3.526944428737542,3.455612849482461,3.5137348490289964,9026600
2016-02-16,3.5401551723480225,3.577141959934133,3.460898166302164,3.47146578390507,13921200
2016-02-17,3.52958607673645,3.645830073643305,3.463538431387665,3.5480795887613152,19598200
2016-02-18,3.4001331329345703,3.582424795596068,3.4001331329345703,3.529586471840863,18268600
2016-02-19,3.437119245529175,3.511092531771079,3.3816392178598087,3.400132476432347,16012200
2016-02-22,3.595635175704956,3.619412377955293,3.513736203455877,3.537513405706214,21210200
2016-02-23,3.571856737136841,3.6828165481521595,3.5190184199511654,3.5665728046375653,13857800
2016-02-24,3.4529714584350586,3.5058097860724073,3.4027753495217605,3.476748655481502,19670200
2016-02-25,3.4661803245544434,3.4899575166907333,3.3552202625529333,3.4344774856899787,19713200
2016-02-26,3.487316131591797,3.5612894346024877,3.423910443296919,3.505809646308326,13945000
2016-02-29,3.5771398544311523,3.6167683341287753,3.4978826430841767,3.5401530886154355,32678200
2016-03-01,3.7832086086273193,3.8175534104818323,3.598275273369881,3.624694429243119,27066400
2016-03-02,3.902095079421997,3.9285139868730377,3.7541482402794184,3.7990606600931414,25938800
2016-03-03,4.415279388427734,4.516290971841342,3.987308151279726,4.013890307024081,51505800
2016-03-04,4.851226806640625,5.236666947507541,4.415281107904364,4.415281107904364,53854400
2016-03-07,4.853885650634766,4.904391721517312,4.654520141744025,4.851227383008031,22629000
2016-03-08,5.382868766784668,5.382868766784668,4.768823138315012,4.851227407102232,53123000
2016-03-09,5.396157741546631,5.640712703147502,5.292487874317876,5.369576088317489,49665000
2016-03-10,5.715144157409668,5.837421416946304,5.361602701906228,5.51577866354654,45257200
2016-03-11,6.073998928070068,6.190960097768059,5.648685998542068,5.720457659971226,56263800
2016-03-14,5.926711559295654,6.305807531239112,5.753181314944606,6.140286539600594,42439800
2016-03-15,4.671955585479736,5.512907489025539,4.671955585479736,5.475532007286581,70133200
2016-03-16,4.829465866088867,4.909556306277689,4.485075853031214,4.578515039386573,47140000
2016-03-17,5.523587703704834,5.699787169510147,5.165849270899415,5.662411170349451,61471400
2016-03-18,5.435487270355225,5.638383706785289,5.323360305728157,5.55829272679293,25889000
2016-03-21,5.526257514953613,5.550284761391027,5.406121282766543,5.496890767262803,22306200
2016-03-22,5.446165561676025,5.531595529827371,5.424808069638189,5.478202054334168,19311600
2016-03-23,5.243269443511963,5.3367086676671835,5.205893957530997,5.3340389173538565,19680000
2016-03-24,5.069738388061523,5.147159598790448,4.978968938546142,5.0056659253217255,21810800
2016-03-28,5.366074085235596,5.416798310242449,5.256616895464747,5.39277107256566,32618400
2016-03-29,5.526257514953613,5.526257514953613,5.213903820470098,5.379424285702432,37930600
2016-03-30,5.411459445953369,5.633043601150534,5.400780446087125,5.606346610687663,27935600
2016-03-31,5.277975082397461,5.382092786649022,5.163178378118689,5.342047554952479,283000
2016-04-01,5.277975082397461,5.331368554925269,5.125802896428948,5.176526618949954,90000
2016-04-04,4.978971004486084,5.22191271746338,4.970962261572185,5.181867475285243,318800
2016-04-05,4.898879528045654,5.144490941989171,4.794761308424278,4.952273003736033,380400
2016-04-06,4.853494644165039,4.989648843166687,4.752046177833099,4.83480690278883,257000
2016-04-07,5.002997398376465,5.002997398376464,5.002997398376464,5.002997398376464,114400
2016-04-08,5.579651355743408,5.593000109728267,5.168519407864832,5.2032251498196675,36733400
2016-04-11,5.750510215759277,5.8199216800354545,5.638383260016812,5.694446483286667,146200
2016-04-12,5.900015830993652,5.916033830667899,5.689110046936792,5.798567311583026,237000
2016-04-13,5.961413860321045,6.1749887173006,5.958744110958472,6.07621053689854,375200
2016-04-14,5.8546271324157715,6.156301717649124,5.782545418608646,6.089559503206086,32011600
2016-04-15,6.060191631317139,6.084218862735601,5.9106887448905905,6.081549113777711,29140000
2016-04-18,5.894673824310303,6.156303247744058,5.827931593279071,6.033497787063941,29697600
2016-04-19,5.867976188659668,6.0334971275741385,5.867976188659668,5.980103144904243,173400
2016-04-20,5.827929973602295,5.87064494885487,5.723812285074477,5.841278212417723,19879600
2016-04-22,5.678427696228027,5.761187899111831,5.6143552318145,5.678427696228027,23234200
2016-04-25,5.552952766418457,5.710464453902693,5.488880293252408,5.633043739778083,12521800
2016-04-26,5.806575775146484,5.846621023479316,5.555624771482865,5.584991524554989,25508000
2016-04-27,5.9534077644348145,6.028159258558281,5.857299282507951,5.873317277961946,18239200
2016-04-28,5.806575775146484,5.921372527116106,5.739833524857444,5.886666271812148,22155600
2016-04-29,5.902682781219482,5.905352531432037,5.766528575595924,5.87331603808417,30400400
2016-05-02,5.7531819343566895,5.902684945869198,5.71580643608005,5.873318191964424,17302200
2016-05-03,5.456845760345459,5.633045235642854,5.456845760345459,5.633045235642854,17387000
2016-05-04,5.574311256408691,5.587660008962146,5.406121047857919,5.41946929120853,15545600
2016-05-05,5.478203296661377,5.691778265473502,5.419469798335874,5.659742274753129,11430800
2016-05-06,5.523587703704834,5.598338683620506,5.3340394849125365,5.3340394849125365,11361000
2016-05-09,5.406121253967285,5.52625748551437,5.1258040592945715,5.5102389818395165,22928400
2016-05-10,5.726480484008789,5.726480484008789,5.502226670056952,5.547611382623456,30806800
2016-05-11,5.467523574829102,5.908022208345584,5.467523574829102,5.8733164714273025,36734200
2016-05-12,5.312681674957275,5.504899632972436,5.160509464330493,5.374084407455305,55622000
2016-05-13,5.168519020080566,5.387433476978523,5.072410035412054,5.326030740863801,27513200
2016-05-16,5.0884270668029785,5.205893524811394,5.077748575640085,5.155169291480047,23098000
2016-05-17,4.842816352844238,5.067070300596059,4.8321378601527805,5.035034313318849,25254800
2016-05-18,4.848155498504639,5.005667200482719,4.7280192820119336,4.816119513575117,24360400
2016-05-19,4.733358383178711,4.8668428305951625,4.709331141907529,4.792091865931714,19379800
2016-05-20,4.621231555938721,4.840145974338185,4.621231555938721,4.805440241090638,16166200
2016-05-23,4.538471221923828,4.602543695717245,4.495756239394884,4.549150222157444,17438600
2016-05-24,4.299975872039795,4.71436679628134,4.299975872039795,4.649786492484988,54938200
2016-05-25,4.426446914672852,4.5071721812808985,4.302667590869953,4.305358501522052,40225800
2016-05-27,4.3403401374816895,4.531390724139457,4.2676873324183395,4.493718994336021,16056000
2016-05-30,4.415683746337891,4.480264069208425,4.3511034234673565,4.388775150165473,9085800
2016-05-31,4.431828498840332,4.5529169195349155,4.297286293905181,4.3995385954809505,26358600
2016-06-01,4.458737373352051,4.485645969997819,4.334958547315825,4.407611091048969,21501400
2016-06-02,4.547536849975586,4.547536849975586,4.3753225970712855,4.482956505136474,20070000
2016-06-03,4.655167579650879,4.679385256585411,4.534079708216827,4.582515062085891,19103800
2016-06-06,4.6067328453063965,4.727820719534172,4.558297490319838,4.668622237460945,16916800
2016-06-07,4.552916526794434,4.679386244980298,4.534080665919807,4.560989258557295,14297000
2016-06-08,4.695531845092773,4.735894478603743,4.593279292743671,4.595970203409566,17787000
2016-06-09,4.682077884674072,4.719750125528469,4.595970785416246,4.657860198852959,21393000
2016-06-10,4.453355312347412,4.6417149655190535,4.453355312347412,4.617497281161592,19733400
2016-06-13,4.491026401519775,4.534079937527795,4.3753198310337345,4.402228419348406,13732800
2016-06-14,4.371037006378174,4.566390421896801,4.314058603407961,4.512125325497582,17629800
2016-06-15,4.368322372436523,4.438866769315566,4.232660190171477,4.403594312120966,24911400
2016-06-16,4.392740726470947,4.419873260989438,4.2218063800165195,4.335762352231113,20292000
2016-06-17,4.341192245483398,4.525692998718114,4.341192245483398,4.430729314846076,26122800
2016-06-20,4.501270771026611,4.555535845175026,4.441579603471437,4.471424928493974,27547400
2016-06-21,4.300492286682129,4.3547568617681405,4.2733597403839845,4.327624574225134,40189200
2016-06-22,4.28692626953125,4.400882298025097,4.28692626953125,4.33847780007001,22121200
2016-06-23,4.400880336761475,4.43072617792186,4.335762561283422,4.3710350131111655,23530400
2016-06-24,4.311345100402832,4.314058147932226,4.175682891238232,4.238087383251486,20642800
2016-06-27,4.24351167678833,4.357467632156206,4.1892466157736425,4.352041540062718,16009800
2016-06-28,4.349330425262451,4.365609744759929,4.284212371007182,4.330337540841902,14202000
2016-06-29,4.474139213562012,4.49041853236684,4.392742102027651,4.392742102027651,21470600
2016-06-30,4.661353588104248,4.661353588104248,4.403595183775495,4.465999675767422,28466000
2016-07-01,4.6260809898376465,4.691199303735928,4.585382431783902,4.664066759196684,16563000
2016-07-04,4.647787094116211,4.69391226628828,4.609801840860481,4.666780238254337,11441600
2016-07-05,4.612513542175293,4.636932772917028,4.560961775330511,4.620653458259232,9921000
2016-07-06,4.6016621589660645,4.617941997637286,4.495845795154576,4.585382837805133,18167400
2016-07-07,4.544684410095215,4.650500777025477,4.544684410095215,4.615228827218824,15182400
2016-07-08,4.6749186515808105,4.685771874508686,4.607087560812046,4.628793489157644,11531800
2016-07-11,4.889265537261963,4.894692149159259,4.734610720760379,4.7508900389420745,19298800
2016-07-12,4.82686185836792,5.0276418744776254,4.818721939163775,4.970663475069175,21099600
2016-07-13,4.897403717041016,4.93810277861731,4.761741558480211,4.826859849998256,22121000
2016-07-14,5.157876968383789,5.190435606971217,4.957096972060551,4.992368916781969,36803400
2016-07-15,5.225708961486816,5.263694218828166,5.13888522041498,5.13888522041498,30739600
2016-07-18,5.415637016296387,5.415637016296387,5.225710168220937,5.236562879605893,20480200
2016-07-19,5.678818225860596,5.678818225860595,5.372221447681483,5.396640678421769,36141000
2016-07-20,5.7927751541137695,5.8361870100477535,5.629980435606259,5.697811525191876,33072200
2016-07-21,5.684246063232422,5.825334349888337,5.499745398939846,5.779209183815193,29865000
2016-07-22,5.591994285583496,5.768354986447674,5.591994285583496,5.670678067657026,16187600
2016-07-25,5.779209613800049,5.77920961380005,5.610988772671575,5.613702078820128,23936000
2016-07-26,5.817193984985352,5.893164468854587,5.779208225540626,5.792774753024495,19589800
2016-07-27,5.82804536819458,5.942001585673692,5.806339446651416,5.83347197795787,18010200
2016-07-28,5.608275890350342,5.765644036287423,5.562150717359631,5.765644036287423,17635400
2016-07-29,5.711379051208496,5.749364823360131,5.564864127941642,5.605562688987419,18178200
2016-08-01,5.613703727722168,5.790064539098415,5.605563806885584,5.735799435208623,14231400
2016-08-02,5.480753421783447,5.662540801587925,5.453620876624073,5.562150539751316,20157000
2016-08-03,5.567577838897705,5.610989709502301,5.434628920482343,5.453621549183063,14761000
2016-08-04,5.716805458068848,5.724945376988875,5.6164157122731675,5.6218418073762555,15344800
2016-08-05,5.757504940032959,5.828049362777346,5.689673824029935,5.779210876453513,9234200
2016-08-08,5.74393892288208,5.795490715938709,5.6978137433072735,5.719519679724221,8695800
2016-08-09,5.806339740753174,5.847038281019315,5.733082057768112,5.760214590448878,10663000
2016-08-10,5.662539005279541,5.860605642343521,5.63540646872733,5.825333189572621,15765000
2016-08-11,5.982701778411865,5.985415084043882,5.6462596426937735,5.6462596426937735,31725000
2016-08-12,6.150923252105713,6.191621802538875,5.94200337103596,5.982701921469122,34418800
2016-08-15,6.289298057556152,6.300150761660145,6.150922587037132,6.167201901948166,16581600
2016-08-16,6.142782688140869,6.294724686105764,6.110224058227029,6.221466992534485,16687400
2016-08-17,6.1753411293029785,6.1780544344038315,5.998980437827782,6.159061816207892,15934600
2016-08-18,6.167203426361084,6.218755206750398,6.102085633111001,6.183483262806268,11044000
2016-08-19,6.294726848602295,6.3082928628085275,6.102086238310114,6.13193209057615,18190200
2016-08-22,6.053247928619385,6.294727024830942,6.053247928619385,6.289300411992416,15181800
2016-08-23,6.165183067321777,6.227981530035609,6.094193296993249,6.143340101126645,23453800
2016-08-24,6.102384090423584,6.176104290412045,6.061428597355778,6.118766183495237,11122200
2016-08-25,6.126958847045898,6.200678542579964,6.091463696624437,6.116037102061614,10110400
2016-08-26,6.252554893493652,6.3153533558197115,6.137879191482965,6.170643900962043,16521200
2016-08-29,6.503750324249268,6.533784602771825,6.195218313233579,6.247095040601211,17597600
2016-08-30,6.479177474975586,6.5938532055405314,6.4218398700818735,6.536515600646818,16233600
2016-08-31,6.337195873260498,6.645728332894695,6.208868521838156,6.520130896356414,37697000
2016-09-01,6.24163293838501,6.451871266751586,6.238902502850726,6.402724989466461,17968200
2016-09-02,6.476446628570557,6.490098810379481,6.309894176721558,6.326276274114782,21005800
2016-09-05,6.413645267486572,6.547433464324512,6.375420217183518,6.509208414021458,9590800
2016-09-06,6.558358669281006,6.558358669281006,6.364501838674484,6.449143810167661,16285000
2016-09-08,6.58839225769043,6.63480863669648,6.498289936181922,6.517402991707072,15539200
2016-09-09,6.236173152923584,6.4982887605165764,6.20886931360496,6.484637101245974,21894800
2016-09-12,6.266205310821533,6.304430360484426,6.0641572806047535,6.208867215549948,21592400
2016-09-13,6.0428996086120605,6.196648837070752,5.987988908043189,6.193903249675583,18884400
2016-09-14,6.020935535430908,6.1142834137838875,5.944060658061613,6.0538815373982775,14097000
2016-09-15,6.125264644622803,6.177429753613469,6.015443775958672,6.05662653624932,14237400
2016-09-16,6.020935535430908,6.117029001225712,5.957788595270733,6.103301064016591,15632400
2016-09-19,6.0428996086120605,6.171939074181484,6.0428996086120605,6.092319134390595,11349800
2016-09-20,6.207629680633545,6.215865917153627,6.100553892868365,6.12251806303379,11802400
2016-09-21,6.408053874969482,6.47943757091151,6.254304657992076,6.276268831845991,21948600
2016-09-22,6.4382548332214355,6.5151291801491,6.383344136558349,6.479437593885144,14174000
2016-09-23,6.3009819984436035,6.419039169423908,6.243325683622995,6.397074983698794,12272600
2016-09-26,6.229596138000488,6.281760734003696,6.163703603311713,6.224104962526262,7248000
2016-09-27,6.2817606925964355,6.300979806629544,6.122520270564727,6.248814687302875,13392600
2016-09-28,6.399819374084473,6.399819374084473,6.243324514636358,6.31196264763412,10532400
2016-09-29,6.2131242752075195,6.430021051510043,6.204888033458154,6.40805686739931,14369200
2016-09-30,6.259798049926758,6.3558915489930445,6.193905499510075,6.218615271374761,9726000
2016-10-03,6.408053874969482,6.43825481039382,6.287250656939343,6.287250656939343,12682200
2016-10-04,6.424529552459717,6.462967265476947,6.347655173760115,6.397074192780961,12107800
2016-10-05,6.570041656494141,6.630443020251186,6.421783049544091,6.451983993256292,15563200
2016-10-06,6.775958061218262,6.819886434089408,6.520624066612528,6.548079430573872,21767000
2016-10-07,6.940688133239746,6.970888555386392,6.833612290656972,6.839103466926323,24574000
2016-10-10,6.987363338470459,7.047764717273573,6.954416798607633,6.981872161215406,10865800
2016-10-11,6.828120708465576,6.954414603462475,6.814392769661139,6.948923427940701,11608800
2016-10-13,6.946179389953613,7.009326875208325,6.732028733498083,6.800666871832278,21316400
2016-10-14,7.127385139465332,7.152094914994108,7.023055383418571,7.056001925346111,19661600
2016-10-17,7.54470157623291,7.544701576232911,7.083453353464564,7.083453353464564,25797200
2016-10-18,7.701196193695068,7.703941781099545,7.52822837655101,7.563919965474712,23726200
2016-10-19,7.558431625366211,7.783564624696522,7.539212507658516,7.701198548380064,18555200
2016-10-20,7.714925765991211,7.736889946215356,7.4705736718718025,7.4705736718718025,16404400
2016-10-21,7.811018943786621,7.879657069747251,7.613340805872908,7.709434286951258,18669800
2016-10-24,7.747870922088623,8.027914581887169,7.747870922088623,7.907111342111213,18640000
2016-10-25,7.563920974731445,7.822000464848186,7.481555436276069,7.797290698578108,23203200
2016-10-26,7.506265163421631,7.618831643102004,7.4129172743695175,7.495282812395584,24213000
2016-10-27,7.89063835144043,7.898875114505837,7.481555211869999,7.481555211869999,24220400
2016-10-28,7.767094612121582,7.942808138110587,7.692965271969616,7.838477839303906,13261800
2016-10-31,8.041641235351562,8.07184164771941,7.783561794598698,7.789052969090023,17214400
2016-11-01,7.670997142791748,8.08831655275627,7.665505967006958,8.066352373284454,15834000
2016-11-03,7.305843830108643,7.621579171144236,7.305843830108643,7.522740081416851,27198400
2016-11-04,7.379970073699951,7.607848600090099,7.168565072350491,7.305841305685937,22527000
2016-11-07,7.778073787689209,7.778073787689209,7.610596563170063,7.728654244475859,13469800
2016-11-08,7.764345169067383,7.822000944790324,7.6160865623500715,7.676487926012298,13556400
2016-11-09,7.489792346954346,7.687469957337059,7.330551918784771,7.3580067496985375,19752400
2016-11-10,7.0093231201171875,7.654520855874139,6.973631014050905,7.654520855874139,31711800
2016-11-11,6.523369312286377,7.001090734885527,6.45198557920823,6.877541865391142,41243000
2016-11-14,6.704571723937988,6.795174023301989,6.333925763388055,6.506894122689435,25667600
2016-11-16,7.138365745544434,7.228968059060417,6.740264369499038,6.863813216869648,32438800
2016-11-17,7.0065789222717285,7.3525150855704755,6.973632396576355,7.217984442676617,19059800
2016-11-18,7.212491989135742,7.223473813309143,6.979122334195331,6.9873590950757585,14772600
2016-11-21,7.778073787689209,7.778073787689209,7.511758000410798,7.621578916625223,27892400
2016-11-22,7.877261638641357,8.056415490070624,7.753231766117739,7.924117309849588,26463200
2016-11-23,7.841430187225342,7.937897270770417,7.755987162219449,7.778036856416349,14544000
2016-11-24,7.631958961486816,7.846943380366899,7.631958961486816,7.8276499607962515,5568000
2016-11-25,7.615419387817383,7.689837295281263,7.441778129441118,7.5217085913184984,9546400
2016-11-28,7.96545934677124,7.9847527630608095,7.557539750143818,7.615419999012527,14429400
2016-11-29,7.6760573387146,7.9627033677860295,7.6760573387146005,7.86348000519132,10092200
2016-11-30,7.8552117347717285,7.987509911503653,7.794575201862818,7.868992597708137,17193600
2016-12-01,7.3370466232299805,7.3370466232299805,7.3370466232299805,7.3370466232299805,23528400
2016-12-02,7.48863410949707,7.565808297454679,7.138594774922907,7.276405486893257,18632600
2016-12-05,7.34531307220459,7.5492729247384425,7.262626830209298,7.488636382322315,16156000
2016-12-06,7.353580474853516,7.4941474794404215,7.2240380550564165,7.312237361905885,18061200
2016-12-07,7.441779136657715,7.483122248942352,7.386654636474068,7.463828831589934,14842000
2016-12-08,7.386658191680908,7.532737819481522,7.334290469578615,7.4996629983111465,10372000
2016-12-09,7.45280122756958,7.510681456177397,7.337040244647965,7.447288674643318,12557400
2016-12-12,7.097251892089844,7.356336186027937,7.058665059737463,7.306724244028497,21920000
2016-12-13,7.162751197814941,7.292681269776648,7.104697504155935,7.104697504155935,14729800
2016-12-14,6.988589286804199,7.237391799515806,6.988589286804199,7.173809034753787,18636600
2016-12-15,7.256744861602783,7.256744861602784,6.916714657492412,6.988591050823986,21081200
2016-12-16,7.303739547729492,7.450256843876282,7.284388316164758,7.295445936795385,16335400
2016-12-19,7.140635967254639,7.386673972339017,7.079817732088147,7.325855737172526,12267800
2016-12-20,7.256744861602783,7.392204035745576,7.0908763021669685,7.193162080791566,15261800
2016-12-21,7.256744861602783,7.372852800479693,7.212513316057448,7.325856717427572,7949200
2016-12-22,7.187630653381348,7.265036096392927,7.1351055125062945,7.265036096392927,16166200
2016-12-23,7.392204284667969,7.441964906902497,7.2042199461293706,7.2042199461293706,10522200
2016-12-26,7.508312225341797,7.533192536452059,7.406026970583282,7.406026970583282,2809800
2016-12-27,7.560833930969238,7.627181221191745,7.475135413675339,7.552540321960903,7130400
2016-12-28,7.654829502105713,7.726705897346333,7.538721560144961,7.5608373335050265,6908600
2016-12-29,7.765403747558594,7.765403747558595,7.596770746493956,7.6548249465659275,9391000
2017-01-02,7.6133599281311035,7.729467303695272,7.5857150889237746,7.712880611083455,3936400
2017-01-03,7.961683750152588,7.961683750152588,7.674178770189388,7.674178770189388,15157800
2017-01-04,7.920218467712402,8.016975170048621,7.8925736202903956,7.920218467712402,8312600
2017-01-05,7.900866508483887,7.989329590300225,7.859399504792674,7.939568974958145,10914200
2017-01-06,7.986564636230469,7.997622784521119,7.889808475094941,7.900866096104059,7384800
2017-01-09,7.685237884521484,7.862164587716057,7.616126031145278,7.6824738743942405,30980400
2017-01-10,7.790286064147949,7.875984591233511,7.746054532279178,7.812401830082335,10895200
2017-01-11,7.873222351074219,7.8759868885325695,7.635477929753704,7.837284418678868,11368400
2017-01-12,8.072260856628418,8.152430294334502,8.0114421170431,8.05014509512867,18930200
2017-01-13,7.862161159515381,8.088847855380278,7.831751788559379,8.014206959732656,10998400
2017-01-16,7.867692470550537,7.975507311260173,7.817932383240188,7.878750619251649,6978000
2017-01-17,7.994859218597412,8.033561687752877,7.845577362229309,7.864929124088638,9938800
2017-01-18,7.928509712219238,8.044617614889951,7.928509712219238,8.033559468311099,8610600
2017-01-19,7.936802387237549,8.016972363972355,7.826223563535595,7.94509599674573,8048200
2017-01-20,8.113728523254395,8.141373359265351,7.95062457079928,7.95062457079928,19709400
2017-01-23,8.48140811920166,8.492465743365688,8.130319720025554,8.155200033496723,16268600
2017-01-24,8.321066856384277,8.597514256747333,8.238132319906418,8.486935402058425,16146400
2017-01-26,8.84631633758545,8.84631633758545,8.500757105648518,8.569868952035904,27061000
2017-01-27,8.677680015563965,8.818668192695322,8.666622398467316,8.788259350218528,10744400
2017-01-30,8.437172889709473,8.625157164079424,8.351473835211642,8.575396558830736,11303400
2017-01-31,8.6002779006958,8.6002779006958,8.373591140309577,8.481405446522167,11088600
2017-02-01,8.641744613647461,8.777203757977109,8.611335235047225,8.677682538762879,10845600
2017-02-02,8.561575889587402,8.69427104389312,8.426116725256724,8.531167033778688,12769600
2017-02-03,8.539460182189941,8.75232481084851,8.373592160811839,8.520108948181269,16378600
2017-02-06,8.3265962600708,8.70532891826096,8.251955332474811,8.652803762476937,12235200
2017-02-07,8.403995513916016,8.49798761236781,8.326590628565999,8.475871855513343,8444000
2017-02-08,8.492460250854492,8.56433660692043,8.310005088256855,8.428877503008932,8855200
2017-02-09,8.464818954467773,8.597513569487242,8.379119887563027,8.503521418694737,12547800
2017-02-10,8.619629859924316,8.697034793059261,8.434410084194674,8.56434017001516,12886800
2017-02-13,8.674917221069336,8.757851738710418,8.594747767359221,8.652801455154671,9782400
2017-02-14,8.702561378479004,8.721912606228079,8.528399801455928,8.688739223595784,12225200
2017-02-15,8.807613372802734,8.912663668631154,8.710856687891773,8.716385761836746,18362000
2017-02-16,9.092353820800781,9.11447011656727,8.569868460792241,8.63068669230555,34150800
2017-02-17,9.097885131835938,9.18911329246041,8.962425423365344,9.020480186746047,21409600
2017-02-20,9.244399070739746,9.266515365088775,9.086824164473263,9.153171992957395,10017600
2017-02-21,9.399209022521973,9.399209022521973,9.238869068300547,9.244398141331924,14832200
2017-02-22,9.424088478088379,9.495964311919884,9.316274200059743,9.37156387084854,13697200
2017-02-23,9.219520568847656,9.606547359096972,9.161466866679207,9.429621187976084,17344600
2017-02-24,9.150407791137695,9.247165006187826,8.970717628152693,9.100647178726327,13117000
2017-03-01,9.288631439208984,9.388152663593011,9.150407750800738,9.371566495904375,11335200
2017-03-02,9.201735496520996,9.334533576822928,9.171303702469448,9.265368393713436,13738800
2017-03-03,9.649924278259277,9.649924278259277,9.229399941356457,9.232166083637148,22167200
2017-03-06,9.727387428283691,9.730153570138302,9.572457100012556,9.577990439098295,18027400
2017-03-07,9.608426094055176,9.763356467759685,9.547560401639684,9.763356467759685,10397600
2017-03-08,9.381566047668457,9.597361096267752,9.351133196121989,9.577994928079457,14417800
2017-03-09,9.284736633300781,9.442433201564828,9.212804235797462,9.345601290368387,8723800
2017-03-10,9.320696830749512,9.561392353852971,9.29026504605259,9.342830189121763,11601000
2017-03-13,9.420294761657715,9.503292744174754,9.326230100037973,9.406461940467642,7597200
2017-03-14,9.401474952697754,9.617727946495808,9.3792956737112,9.39592986854695,13404200
2017-03-15,9.479103088378906,9.551188117671714,9.204628324270102,9.465240908166153,19174600
2017-03-16,9.351568222045898,9.542868824428274,9.240669735963994,9.456922682797673,11298800
2017-03-17,9.096505165100098,9.454154198916275,9.068779736917136,9.404249485803888,22519400
2017-03-20,9.079865455627441,9.262848961436193,8.92737937705622,9.063230206875218,15928800
2017-03-21,8.863614082336426,9.221263554362427,8.816481923981707,9.17690393812367,14967400
2017-03-22,9.163040161132812,9.235125185981728,8.82479801399575,8.863612539245246,17915400
2017-03-23,9.163040161132812,9.246214294898374,9.038278431676224,9.118680552616746,11056200
2017-03-24,9.204631805419922,9.2850339617248,9.121457635070755,9.149182005981492,9336400
2017-03-27,9.235126495361328,9.23789850857939,9.043824797199155,9.107591677380999,8150400
2017-03-28,9.176904678344727,9.235127538667973,9.096503594538193,9.201857030592759,9166800
2017-03-29,9.509605407714844,9.509605407714844,9.140866147950172,9.174135609085855,18763800
2017-03-30,9.445837020874023,9.606641330149769,9.404249407753209,9.537329346693037,13016800
2017-03-31,9.362661361694336,9.462470771200875,9.343254094025484,9.370978459947626,13808800
2017-04-03,9.390386581420898,9.50683125563831,9.30721241847524,9.359889141563555,7270000
2017-04-04,9.426427841186523,9.490194726139368,9.315528267067053,9.370978054126788,11750200
2017-04-05,9.265625,9.49574128178401,9.185223906804385,9.454153670641851,9555000
2017-04-06,9.049370765686035,9.287804115174875,8.974513710082556,9.260079749818066,11873800
2017-04-07,9.010555267333984,9.190766795727317,8.871931340144231,9.02996253253122,10659800
2017-04-10,9.090956687927246,9.09650177149515,8.949559700987058,9.029961826296846,15373800
2017-04-11,9.099272727966309,9.199082105366752,8.99669133791204,9.107589823544203,18889800
2017-04-12,8.94955825805664,9.093727234728252,8.92737898497752,9.06322980883013,21608200
2017-04-13,8.483785629272461,8.913520180591537,8.483785629272461,8.894112912696116,23700600
2017-04-17,8.877476692199707,8.919063237042353,8.52259923750748,8.589138661110711,19233400
2017-04-18,8.963423728942871,9.057686985057975,8.766577475394227,8.7970743800898,15643200
2017-04-19,8.636271476745605,9.032736564095433,8.627954378666907,8.98837588736438,12078600
2017-04-20,8.705587387084961,8.83312174635555,8.608550478059025,8.736084837329612,8913200
2017-04-24,8.955106735229492,8.996694342239453,8.7610335273527,8.905202029864252,15247800
2017-04-25,9.010555267333984,9.010555267333984,8.819254099745796,8.89965570253553,10072600
2017-04-26,8.90242862701416,9.129771779259155,8.90242862701416,8.968967518706219,13037600
2017-04-27,9.027193069458008,9.121457408880726,8.913521459355636,8.977288356962632,12500200
2017-04-28,9.107593536376953,9.168588415790701,8.974514664797113,9.010557189688587,8129400
2017-05-02,9.395931243896484,9.418111583746395,9.104821157875707,9.168588048518977,15989800
2017-05-03,9.365433692932129,9.415338399378257,9.22680974338551,9.379296933980234,8382600
2017-05-04,8.971739768981934,9.384838435173029,8.971739768981934,9.384838435173029,15072400
2017-05-05,9.17967700958252,9.257306073600692,8.982831278612625,9.024417823929499,9927800
2017-05-08,8.94955825805664,9.165812251872246,8.92737898497752,9.066002878975256,9507000
2017-05-09,8.982831001281738,9.135317111302523,8.91629105016571,8.960650665037516,9771600
2017-05-10,9.246213912963867,9.246213912963867,9.096500901416666,9.118680175950292,11147000
2017-05-11,9.534551620483398,9.66208535395592,9.287801249055477,9.287801249055477,27938800
2017-05-12,9.811799049377441,9.811799049377441,9.54009634401607,9.592773043001026,21332000
2017-05-15,9.634361267089844,9.806254610830496,9.562277302816812,9.806254610830496,12296000
2017-05-16,9.634361267089844,9.67317579074582,9.573366411278199,9.620499088300773,17371400
2017-05-17,9.373749732971191,9.570595443061665,9.260078162308863,9.570595443061665,12964800
2017-05-18,7.507870674133301,8.250894889590677,6.986645023975208,6.986645023975208,65887200
2017-05-19,7.7573957443237305,8.015236363609665,7.696401399609961,7.859977695096557,35617800
2017-05-22,7.39697265625,7.676993045694894,7.24725856476512,7.6159981808047705,27283000
2017-05-23,7.570870876312256,7.595994957164621,7.453622858345282,7.537371214410665,17227600
2017-05-24,7.704872131347656,7.939368279048709,7.704872131347656,7.732788440828128,24206000
2017-05-25,7.735579490661621,7.861202615439244,7.5959984775572895,7.741162858976029,18383800
2017-05-26,8.056618690490723,8.09570121562741,7.760706469583178,7.788622787163442,20298000
2017-05-29,8.056618690490723,8.056618690490723,8.056618690490723,8.056618690490723,0
2017-05-30,8.095699310302734,8.12082393696594,7.997992487996867,8.01753374596617,8749400
2017-05-31,7.911450386047363,8.165487739799959,7.852826094626421,8.095697246297394,20885200
2017-06-01,7.827702045440674,8.039864678170925,7.7746611210285055,7.986824286217969,12395800
2017-06-02,7.838867664337158,7.9700735913216825,7.763493808800462,7.914241519873856,14365600
2017-06-05,7.704872131347656,7.86678608738321,7.6462478281927355,7.760704217849283,11255400
2017-06-06,7.986825466156006,8.011950090249401,7.679747141371735,7.718829653312887,18424200
2017-06-07,8.020325660705566,8.081741653184014,7.978451459217125,8.039866919236214,14753200
2017-06-08,7.90028190612793,7.933781569890263,7.763492632978333,7.9254065208349065,13290000
2017-06-09,7.771870136260986,7.972866584929038,7.693704584438225,7.914242820406412,15518600
2017-06-12,7.587624549865723,7.771871458949756,7.512250669115158,7.7383717789075,16140000
2017-06-13,7.671216011047363,7.710412368932164,7.559227561383039,7.637619743149591,15264200
2017-06-14,7.66841459274292,7.825198922739066,7.612420646889669,7.699211610064116,20118000
2017-06-15,7.66841459274292,7.66841459274292,7.66841459274292,7.66841459274292,0
2017-06-16,7.696413040161133,7.7972029061140145,7.6292199741935525,7.632019752025912,35992000
2017-06-19,7.595623970031738,7.769206475803844,7.539630009526889,7.727210871924439,12884400
2017-06-20,7.279257297515869,7.576026868586024,7.26525893939113,7.576026868586024,20331600
2017-06-21,7.240057468414307,7.363244447076683,7.198061349230985,7.324048638775276,16384400
2017-06-22,7.279257297515869,7.332452019595516,7.2148639957370575,7.2512600472632585,12957600
2017-06-23,7.133670330047607,7.312852368729045,7.133670330047607,7.307252813207092,10174000
2017-06-26,7.5508317947387695,7.587228391826871,7.19806761113317,7.220465845650956,18916200
2017-06-27,7.307253360748291,7.5536279481422755,7.290455226926736,7.4724365230022185,20896600
2017-06-28,7.388447284698486,7.433242679374694,7.2120654849113235,7.366049587360383,9644200
2017-06-29,7.436042308807373,7.542431769527063,7.338052184671831,7.452840981975671,10378800
2017-06-30,7.503231525421143,7.536828320407909,7.438838246866357,7.469635264437315,10265400
2017-07-03,7.6068220138549805,7.637619034907985,7.503232373769513,7.548027749481336,8498600
2017-07-04,7.646020412445068,7.676817443883254,7.531232156724969,7.5536298521336915,6042600
2017-07-05,7.6068220138549805,7.721610230866904,7.531229617090152,7.699212543010993,15067600
2017-07-06,7.556427478790283,7.6208207680011855,7.520031434367652,7.601222856850304,7878400
2017-07-07,7.4556403160095215,7.654420345519562,7.405245897911516,7.629222869468949,11622200
2017-07-10,7.534031391143799,7.570427977305675,7.422042922190224,7.466838309771654,9485000
2017-07-11,7.850397109985352,7.864395464240191,7.514431267839339,7.53402917739731,18650800
2017-07-12,8.074372291564941,8.110768325409149,7.79160121599593,7.917588513923713,23503600
2017-07-13,8.14716911315918,8.17796560882396,8.063177359702047,8.091174610854425,14145600
2017-07-14,8.233960151672363,8.250758288845244,8.149968931804812,8.161167511919015,10801600
2017-07-17,8.191965103149414,8.228361158518803,8.138770375452749,8.228361158518803,9854800
2017-07-18,8.197563171386719,8.200362949599311,8.119170983443393,8.175165479689069,12859400
2017-07-19,8.22555923461914,8.278753948442931,8.158366164843164,8.205961322684862,11563400
2017-07-20,8.298351287841797,8.399141152553401,8.239557556095368,8.247956355485995,15405200
2017-07-21,8.233960151672363,8.390744011293265,8.194764320267927,8.259157624433259,8080200
2017-07-24,8.14156723022461,8.275953356560475,8.065974833909562,8.239557314262303,13782400
2017-07-25,8.275952339172363,8.32914704122538,8.19756070878153,8.20036048615305,9768800
2017-07-26,8.074372291564941,8.309548225028221,8.071572514499561,8.27595143424652,10396800
2017-07-27,8.004383087158203,8.177965071696436,7.990384729502999,8.138769243059373,9526600
2017-07-28,7.9959869384765625,8.021184419499342,7.945591976431004,7.987588134137854,7283800
2017-07-31,8.035178184509277,8.079973559048456,8.012780497239689,8.043576983483508,7211200
2017-08-01,8.203163146972656,8.259157649724592,8.049179065409561,8.082775873861353,14603800
2017-08-02,8.533527374267578,8.569923952026974,8.175164356347482,8.217159955759616,16284200
2017-08-03,8.589523315429688,8.665115727557092,8.50273232409995,8.533528817408696,14378800
2017-08-04,8.642718315124512,8.676314587822947,8.544728207415007,8.614721065207064,9949800
2017-08-07,8.77710247039795,8.810698735427453,8.609119543241418,8.67631260730343,9611000
2017-08-08,8.77710247039795,8.94228561980152,8.709909406335939,8.77710247039795,12483200
2017-08-09,8.614716529846191,8.6903089046255,8.525125804479387,8.684709350789362,13895600
2017-08-10,8.656713485717773,8.740704670541804,8.544725061284755,8.729506095099968,18534800
2017-08-11,8.651114463806152,8.704309168939128,8.56992305134284,8.60351931374043,10929200
2017-08-14,8.704310417175293,8.866693799391369,8.603520547522889,8.642716904611625,16176400
2017-08-15,8.662313461303711,8.835895394107737,8.662313461303711,8.768702336183312,17710200
2017-08-16,8.59232234954834,8.763104539114975,8.513930165909137,8.73510782653239,20111400
2017-08-17,8.441136360168457,8.572723240553104,8.40474031848944,8.539126442539176,11918200
2017-08-18,8.516732215881348,8.525131552298559,8.345949446753842,8.483135404215712,18983800
2017-08-21,8.628718376159668,8.723908693926766,8.567124861017511,8.609120463796392,15492000
2017-08-22,9.01605224609375,9.061147094193498,8.872313929681825,8.951229241898153,23527600
2017-08-23,9.021686553955078,9.094965463652867,8.937134875570102,9.024505552476567,13540600
2017-08-24,9.052690505981445,9.078056120986512,8.965320352945415,9.035780812733464,12877000
2017-08-25,9.01887035369873,9.13442458710017,8.996323199317146,9.069601585448936,8329800
2017-08-28,8.934320449829102,9.072421327724562,8.880770745852628,9.072421327724562,8745600
2017-08-29,8.875131607055664,8.892041837619722,8.784942993958646,8.877950068410764,14502200
2017-08-30,8.784941673278809,8.928679955380812,8.737028912578142,8.880767194680145,10851000
2017-08-31,8.65247631072998,8.824398108649946,8.567924104518772,8.7736668924365,18197600
2017-09-01,8.987869262695312,9.010416420709026,8.737032062596922,8.737032062596922,27318200
2017-09-04,8.973776817321777,9.04141882385514,8.917408657732844,8.985050126699598,8262800
2017-09-05,9.01887035369873,9.314801822152845,9.01887035369873,9.300710052251816,22237800
2017-09-06,9.23306655883789,9.255614247140771,9.083691886796641,9.12314926619373,22703400
2017-09-07,9.23306655883789,9.23306655883789,9.23306655883789,9.23306655883789,0
2017-09-08,9.204883575439453,9.286617337738033,9.14006058038186,9.25843272566972,13443000
2017-09-11,9.534635543823242,9.56563700113293,9.27534251577575,9.27534251577575,25189200
2017-09-12,9.429075241088867,9.62398383184088,9.375403963117538,9.51099268854025,14526800
2017-09-13,9.488393783569336,9.57596196129695,9.29630951327623,9.471444791168208,15626600
2017-09-14,9.496866226196289,9.570310770656528,9.333030302704282,9.389525857466833,10386400
2017-09-15,9.635282516479492,9.73132465858477,9.462971519387967,9.502518093626023,24141800
2017-09-18,9.768043518066406,9.77369210306771,9.590082918762695,9.623979816585274,13586600
2017-09-19,9.756747245788574,9.816067104929795,9.621158534510089,9.776520532168982,11842200
2017-09-20,9.818892478942871,9.92340966424296,9.69177878895442,9.790645231737306,24287400
2017-09-21,10.033571243286133,10.160685957708925,9.948828459525256,9.999674345294373,33065800
2017-09-22,9.971428871154785,10.005325778796847,9.892335727468886,9.991202157076259,10840200
2017-09-25,9.830187797546387,10.095716554206097,9.818888472249599,10.061818578315728,10611400
2017-09-26,9.886686325073242,9.977078799554562,9.872562702978653,9.931882562313902,15295400
2017-09-27,9.835835456848145,9.97989913113214,9.657874891140814,9.90363031725757,16793600
2017-09-28,9.75391960144043,9.84713742484694,9.677650767079566,9.84713742484694,12054200
2017-09-29,9.858434677124023,9.951651403359058,9.768042243020979,9.830186367990065,13586800
2017-10-02,9.872564315795898,9.900811564599648,9.753923500180521,9.824542699753364,10888400
2017-10-03,10.273676872253418,10.276502242577363,9.886684110227867,9.886684110227867,25086200
2017-10-04,10.225656509399414,10.304749638675593,10.132438683412714,10.236955835742602,19252000
2017-10-05,10.392319679260254,10.58440395154954,10.268029222153501,10.29910183643019,21229200
2017-10-06,10.451640129089355,10.451640129089355,10.231308600918007,10.366897316528323,12347200
2017-10-09,10.335821151733398,10.41773964269349,10.180459202453779,10.352770139451575,16297000
2017-10-10,10.556157112121582,10.556157112121582,10.42339375643804,10.451641003801326,19685600
2017-10-11,10.564631462097168,10.578755084861333,10.454464618384653,10.485537235003823,15183600
2017-10-12,10.564631462097168,10.564631462097168,10.564631462097168,10.564631462097168,0
2017-10-13,10.570276260375977,10.612648191044157,10.502482464382439,10.584400955640676,9445800
2017-10-16,10.592877388000488,10.592877388000488,10.482711635575397,10.550505447423202,10333800
2017-10-17,10.609825134277344,10.609825134277344,10.462937122432383,10.52790663347789,10603200
2017-10-18,10.573097229003906,10.663489637741348,10.522251364393782,10.592870501067564,12280800
2017-10-19,10.502484321594238,10.561804172969177,10.378194955252011,10.485535330817193,10723000
2017-10-20,10.595703125,10.595703125,10.485537357563167,10.516609974545528,13842200
2017-10-23,10.225656509399414,10.561803386386247,10.225656509399414,10.553329430410392,12640200
2017-10-24,10.318875312805176,10.352773298585452,10.140915736493499,10.268029411698045,16898600
2017-10-25,10.412095069885254,10.547683805221913,10.347125534884157,10.366898824773035,18703000
2017-10-26,10.355599403381348,10.68609781838937,10.355599403381348,10.592879957532617,14571400
2017-10-27,10.31040096282959,10.44881503892417,10.273678685079886,10.355597197920286,10448000
2017-10-30,9.946008682250977,10.27085745982557,9.87538947647942,10.253908462517513,19648200
2017-10-31,9.728498458862305,10.078770087752426,9.728498458862305,9.974253996516868,12263800
2017-11-01,9.604207038879395,9.89798304221318,9.604207038879395,9.886683716493494,14289800
2017-11-02,9.604207038879395,9.604207038879395,9.604207038879395,9.604207038879395,0
2017-11-03,9.431900978088379,9.728501427685682,9.364107143784544,9.64940826181002,18334600
2017-11-06,9.35562801361084,9.49121670046745,9.265235555706434,9.434722222449519,21406600
2017-11-07,8.88671588897705,9.282183662870304,8.869767439427239,9.259585011761892,28202200
2017-11-08,9.352803230285645,9.392349793849663,8.971459597064769,9.036429105428946,19129000
2017-11-09,9.112699508666992,9.378228344117389,9.075978306900552,9.364104722086967,19869200
2017-11-10,8.841521263122559,9.169194220506192,8.759603293167448,9.166369927388425,23016600
2017-11-13,8.855646133422852,8.855646133422852,8.855646133422852,8.855646133422852,19534600
2017-11-14,8.64378833770752,9.008183051548821,8.6296641774615,8.855645892363185,21509600
2017-11-15,8.64378833770752,8.64378833770752,8.64378833770752,8.64378833770752,0
2017-11-16,9.053378105163574,9.078801051506687,8.708756721863624,8.7285300048457,17212800
2017-11-17,9.205916404724121,9.276535585160003,8.999708527158926,9.039255095792912,19666400
2017-11-20,9.205916404724121,9.205916404724121,9.205916404724121,9.205916404724121,0
2017-11-21,9.364104270935059,9.403650841740246,9.279360387708815,9.347155278777164,26454200
2017-11-22,9.310992240905762,9.453188205529516,9.228518321055398,9.424748361683296,20346600
2017-11-23,9.322365760803223,9.373556387538835,9.120447780273283,9.27117513406761,8595200
2017-11-24,9.271172523498535,9.313831728722588,9.188699723530634,9.310988287979692,10878200
2017-11-27,9.14604377746582,9.237049101829138,9.043662516339827,9.237049101829138,11437800
2017-11-28,9.28255558013916,9.382093440429767,9.163111449633815,9.259804782129827,14685000
2017-11-29,8.861647605895996,9.35648976840393,8.861647605895996,9.305299162459367,25762600
2017-11-30,8.511849403381348,8.844587938289967,8.511849403381348,8.844587938289967,32017400
2017-12-01,8.753582954406738,8.770646316675428,8.423688390894704,8.517537697024256,22314000
2017-12-04,8.966876029968262,9.094852048485112,8.790552828483623,8.816148140673885,16859400
2017-12-05,8.836052894592285,9.185854668724101,8.77348689560072,8.952653485969558,18401000
2017-12-06,9.103384971618652,9.103384971618652,8.676797629846963,8.793398274801904,18396400
2017-12-07,8.750736236572266,8.918527450027751,8.671106333470469,8.873024803236534,29332400
2017-12-08,8.801928520202637,8.989627109445395,8.801928520202637,8.952655862889872,12231200
2017-12-11,8.730829238891602,8.986781772741084,8.730829238891602,8.915683816536541,14335000
2017-12-12,8.9254789352417,8.9254789352417,8.597546103902376,8.697351890109417,17394000
2017-12-13,8.711610794067383,9.096575710234704,8.671688691793001,9.016731505685943,31879000
2017-12-14,8.67739200592041,8.771494492650724,8.57188289345413,8.668837036618436,15174800
2017-12-15,8.725865364074707,8.811412845096983,8.640317339154809,8.674536657902292,21006400
2017-12-18,8.842782020568848,8.911220125867786,8.745827902087589,8.839930364860844,14284600
2017-12-19,8.79145336151123,8.877000857704337,8.725866911503333,8.805711096244176,9550800
2017-12-20,8.797155380249023,8.911218873044465,8.785748759020661,8.86844513123338,9189200
2017-12-21,8.894113540649414,9.008177085455705,8.748682317059687,8.839933152904718,17064200
2017-12-22,8.9254789352417,8.976807656370907,8.854189165650638,8.87415075801027,6260200
2017-12-25,8.9254789352417,8.9254789352417,8.9254789352417,8.9254789352417,0
2017-12-26,9.022428512573242,9.082312171638575,8.92262332062686,8.92262332062686,7408000
2017-12-27,9.133644104003906,9.150754038761253,9.028135559155588,9.028135559155588,9384800
2017-12-28,9.073761940002441,9.23059921819645,9.073761940002441,9.182122696196451,12219200
2017-12-29,9.073761940002441,9.073761940002441,9.073761940002441,9.073761940002441,0
2018-01-02,9.390287399291992,9.390287399291992,9.150753758989849,9.150753758989849,18356200
2018-01-03,9.510055541992188,9.530016591951977,9.358921567212173,9.43876576705133,16361400
2018-01-04,9.601306915283203,9.684003320008857,9.538572649453139,9.558533700553028,19250400
2018-01-05,9.601306915283203,9.666894469235068,9.492947234396864,9.6098624284658,10535600
2018-01-08,9.624119758605957,9.624119758605957,9.507204569494718,9.592752083123196,10261200
2018-01-09,9.532870292663574,9.638378871601141,9.51861255299025,9.578495712295695,11645000
2018-01-10,9.492942810058594,9.578490287443874,9.358917739884701,9.467278458063491,10140000
2018-01-11,9.709667205810547,9.75814481880563,9.510055616845873,9.532868867148418,19368800
2018-01-12,9.732479095458984,9.74103351922866,9.58704736460154,9.601305100149496,15300800
2018-01-15,9.780957221984863,9.823731523456823,9.732480695592603,9.732480695592603,10489200
2018-01-16,9.86650276184082,9.892167120026809,9.789510775078309,9.829432868301968,12438600
2018-01-17,10.100337028503418,10.143111338059851,9.826584493170714,9.869358802727145,24269600
2018-01-18,10.031898498535156,10.145962588133417,9.903576669686059,10.145962588133417,18858800
2018-01-19,9.966309547424316,10.208694317753478,9.966309547424316,10.068966984955187,16285400
2018-01-22,10.000530242919922,10.037601233071374,9.843692944611686,9.980569191560457,12682000
2018-01-23,10.043299674987793,10.120292730516434,9.895016874095058,9.9720099296237,31866000
2018-01-24,10.833194732666016,10.833194732666014,10.106038154406557,10.123148092084117,55444200
2018-01-25,10.833194732666016,10.833194732666014,10.833194732666014,10.833194732666014,0
2018-01-26,11.169684410095215,11.263787460387332,10.878823007619049,10.950112801672134,48520200
2018-01-29,11.106945991516113,11.178235758999792,10.981475304555705,11.0955393676478,26644400
2018-01-30,11.064173698425293,11.10694800177548,10.921594137652297,10.970071753968892,21664200
2018-01-31,11.31511116027832,11.434877438811077,11.235266974589814,11.235266974589814,25505800
2018-02-01,11.34648323059082,11.42062413351568,11.229568018573548,11.24382575900573,21985000
2018-02-02,11.192496299743652,11.289450451329698,11.135464253905544,11.20675403925423,16819200
2018-02-05,10.858857154846191,11.238118125996571,10.844598332098403,11.064170931309864,12086800
2018-02-06,11.335074424743652,11.429177451543817,10.639286600089095,10.73624073930942,26080400
2018-02-07,11.34648323059082,11.580313654625362,11.260935700201868,11.329373289394683,27984600
2018-02-08,10.990032196044922,11.469099580701068,10.990032196044922,11.409215341772304,25302400
2018-02-09,10.784721374511719,11.06132615988011,10.625031823241995,11.024255157518267,20133600
2018-02-14,11.280892372131348,11.33222108798447,10.850301598896316,10.850301598896316,21575800
2018-02-15,11.377852439880371,11.463399981755469,11.29230381020926,11.406367924573399,22459000
2018-02-16,11.491910934448242,11.494763134470347,11.320815918171824,11.443434412028305,13154200
2018-02-19,11.300853729248047,11.566051739182075,11.17253193608715,11.463394304653358,9217800
2018-02-20,11.63448715209961,11.671558127222864,11.15827213729698,11.192490913213298,17980800
2018-02-21,11.725741386413574,11.816992207491065,11.605975091672715,11.605975091672715,23663400
2018-02-22,12.090742111206055,12.341681249572646,12.016600161574129,12.298908051980627,34151600
2018-02-23,12.090742111206055,12.173437395002066,11.962420342839463,12.119257576267401,17231200
2018-02-26,12.267548561096191,12.293212931868617,12.12496896520404,12.12496896520404,13988400
2018-02-27,12.147774696350098,12.290354216672496,12.062227201715743,12.219064456511298,11914000
2018-02-28,11.919647216796875,12.227619490831103,11.83980303662298,12.062226731561898,15547000
2018-03-01,12.005200386047363,12.047974695825452,11.862620803848246,11.9139495404636,14468400
2018-03-02,12.104348182678223,12.164582827003942,11.817515292539785,11.920775308058525,11367200
2018-03-05,12.20473575592041,12.2993911077232,12.024030780593478,12.118686132396267,12071800
2018-03-06,12.474363327026367,12.609174046249217,12.276447925360644,12.276447925360644,29885200
2018-03-07,12.388311386108398,12.505912820225072,12.221948888807518,12.362496383781297,15810600
2018-03-08,12.454285621643066,12.706698913025855,12.299396666963032,12.620649250607874,17967600
2018-03-09,12.53746223449707,12.634985436557905,12.359626193390973,12.480095451958867,18346800
2018-03-12,12.471491813659668,12.537463235884719,12.333812181079505,12.537463235884719,17497400
2018-03-13,12.313928604125977,12.520837447587812,12.267948982938973,12.494973842155083,16989400
2018-03-14,12.207599639892578,12.380024023222225,12.072534037387102,12.354160420534804,29880000
2018-03-15,12.181739807128906,12.193234988823106,11.980578512443856,12.124264994898768,17509400
2018-03-16,12.184611320495605,12.305307411527465,12.095525327419274,12.2133481718154,46898800
2018-03-19,11.897241592407227,12.164498546607394,11.877125571875247,12.127139752944762,21042200
2018-03-20,11.943221092224121,12.017937582480876,11.802407853819108,11.980578789232055,12008200
2018-03-21,12.141507148742676,12.15587557700782,11.862755036187501,11.93172502659732,24238400
2018-03-22,11.923104286193848,12.221971323766706,11.822523095035361,12.038052809493927,15820600
2018-03-23,11.839764595031738,12.040925859499504,11.713319807871072,11.816774235096819,17873400
2018-03-26,11.920228958129883,12.04092615830199,11.834017298715935,12.009314960727375,8215400
2018-03-27,11.624232292175293,11.997816787261081,11.50928271080715,11.986321609876176,22666400
2018-03-28,11.58687686920166,11.658720104301493,11.417326790516427,11.523654471516762,15903600
2018-03-29,11.790904998779297,11.925970558308807,11.624229353792401,11.670208955468805,15316600
2018-04-02,11.56675910949707,11.822520812544596,11.546643094397194,11.793783961327803,15423600
2018-04-03,11.41445255279541,11.710446304920305,11.37709376683846,11.601244290098814,12898400
2018-04-04,11.509285926818848,11.50928592681885,11.127080490015876,11.15294409823869,15351000
2018-04-05,11.845512390136719,11.997819690500535,11.747805551202774,11.994946443579265,24045600
2018-04-06,11.690332412719727,11.788039265578872,11.500666297903837,11.788039265578872,15483000
2018-04-09,11.265023231506348,11.756430860014634,11.132831898031803,11.690335193277361,16689200
2018-04-10,11.129952430725098,11.44606328259551,10.98051838922573,11.44606328259551,26051600
2018-04-11,11.221911430358887,11.336861027877992,11.035119704691096,11.035119704691096,11280000
2018-04-12,11.193177223205566,11.336863705926456,11.17880879418165,11.242030101135054,11726600
2018-04-13,10.816717147827148,11.250650895570823,10.816717147827148,11.20754451662596,20079000
2018-04-16,10.43163776397705,10.974772458779505,10.43163776397705,10.891435137235586,22765800
2018-04-17,10.681653022766113,10.721886160365395,10.489113654482214,10.54084087801181,14967400
2018-04-18,10.925915718078613,11.063854552377588,10.727628849318911,10.727628849318911,23280200
2018-04-19,10.931669235229492,10.977648871599122,10.805224413032255,10.95753284920247,19762000
2018-04-20,10.810968399047852,10.905801984067876,10.733377583006186,10.825336825076166,10481200
2018-04-23,10.615554809570312,10.736252000778716,10.483363535203535,10.733377657808639,18817600
2018-04-24,10.512102127075195,10.742000247922837,10.443132142700549,10.664409426591625,19854800
2018-04-25,10.650038719177246,10.670154731929092,10.316686241266057,10.440256660307664,14036800
2018-04-26,10.733377456665039,10.796599845934207,10.624176543142726,10.727630963313864,12663200
2018-04-27,10.733377456665039,10.874190661062562,10.68739783617127,10.805220682201593,12337200
2018-04-30,10.546585083007812,10.805220021377478,10.503478711825924,10.776483171416588,10971400
2018-05-02,10.351173400878906,10.549460334267703,10.287951003461856,10.489112280137299,13015200
2018-05-03,10.058053016662598,10.408648358326172,10.058053016662598,10.345425959995815,17522600
2018-05-04,10.03794002532959,10.147142083674167,9.948853991385183,10.05805604972976,14099000
2018-05-07,10.02644157409668,10.250592113658085,10.02644157409668,10.109779988737985,14813800
2018-05-08,10.299446105957031,10.400026195410996,10.058052795026759,10.101159174073176,17768400
2018-05-09,10.733377456665039,10.733377456665039,10.333929298080294,10.374161328982265,26166400
2018-05-10,10.339679718017578,10.62417945136611,10.290826837475414,10.62417945136611,40970000
2018-05-11,10.290824890136719,10.50060699488238,10.227602495524893,10.437384600270555,18284600
2018-05-14,10.035063743591309,10.411522734842297,9.885630761539623,10.290826611744958,17613600
2018-05-15,9.762055397033691,9.885625801773891,9.681590259098458,9.885625801773891,24310200
2018-05-16,9.905745506286621,9.980461987689665,9.770679874866424,9.770679874866424,14972600
2018-05-17,9.445947647094727,9.882754620449028,9.440200057101036,9.882754620449028,27447200
2018-05-18,9.394220352172852,9.471811172055821,9.080984373909667,9.28214508886657,23598200
2018-05-21,9.170072555541992,9.624122430124983,9.167198759714447,9.624122430124983,19078200
2018-05-22,9.373732566833496,9.498137124689924,9.237755235306599,9.301404386853733,21389600
2018-05-23,9.171212196350098,9.330333949962485,9.14228081792417,9.258005779807737,17746000
2018-05-24,8.890581130981445,9.026558483619485,8.734352524916424,8.852970714353667,40698000
2018-05-25,8.70542049407959,9.052596006928692,8.664916886581292,9.014985041262902,19350800
2018-05-28,8.066039085388184,8.592588744659826,8.022642284015209,8.592588744659826,29319200
2018-05-29,8.248303413391113,8.375601129203993,8.04578434513517,8.274341595076022,29098200
2018-05-30,8.78642749786377,8.78642749786377,8.256985245429991,8.259877887011296,43313000
2018-06-01,8.870329856872559,9.04970402461256,8.424788459293108,9.009199859872362,40264000
2018-06-04,8.997626304626465,9.084419905707966,8.905046316320794,9.032343524330962,16699800
2018-06-05,8.424783706665039,8.957118417861155,8.410317744625452,8.925294405014121,23979600
2018-06-06,8.008173942565918,8.459501505276984,8.008173942565918,8.390066538076825,28434000
2018-06-07,7.687038421630859,7.8895575342274125,7.23281756673136,7.840374352700832,53017400
2018-06-08,7.79697847366333,8.037108023016726,7.279108410171648,7.7680470896334715,45009800
2018-06-11,7.539490222930908,7.985032129449254,7.525024805943289,7.927169357858204,20231800
2018-06-12,7.831750869750977,7.927507713449371,7.564792312552457,7.631531813487142,27853200
2018-06-13,7.689565658569336,7.907194875321298,7.527069331696592,7.834651803070644,32028200
2018-06-14,7.341360092163086,7.79983237419087,7.341360092163086,7.762110212940026,29391200
2018-06-15,7.254308700561523,7.370377529078541,7.054089625457273,7.34136018358433,60073800
2018-06-18,7.115026950836182,7.355870006142517,7.115026950836182,7.190471836691887,22491600
2018-06-19,7.6141252517700195,7.776621673713697,7.004762977656175,7.03958391623127,31840400
2018-06-20,7.83465576171875,7.843361134032926,7.579304261896242,7.73889888010281,33299800
2018-06-21,7.547382831573486,7.828849809652191,7.518365486105825,7.770815672176699,20552000
2018-06-22,7.573498249053955,7.72438799996662,7.512561769336993,7.640237754990773,17348800
2018-06-25,7.794025897979736,7.834649831108046,7.535772249416624,7.646038001421435,22208200
2018-06-26,7.886886119842529,7.973937620658209,7.767915477113127,7.852065187440291,23881000
2018-06-27,7.724390506744385,8.174157562144535,7.698274943170441,7.886886916291149,29318000
2018-06-28,8.168354988098145,8.168354988098145,7.698275892705763,7.698275892705763,22322000
2018-06-29,8.313437461853027,8.385980547128288,8.139333946500434,8.293125486529524,27542400
2018-07-02,8.528166770935059,8.531068561388373,8.182862008889627,8.20607577905621,17346600
2018-07-03,8.60361099243164,8.734188785363848,8.571692406850351,8.60070920220427,20235800
2018-07-04,8.850257873535156,8.861865034767762,8.548478323006314,8.658744140876435,12724800
2018-07-05,8.64423656463623,8.934408981520267,8.59200544104351,8.902489838555836,19754800
2018-07-06,8.548477172851562,8.716777667320905,8.43240834344153,8.571691492193404,18280800
2018-07-10,8.475935935974121,8.766108349587093,8.414999994776176,8.676155056335858,29250200
2018-07-11,8.64423656463623,8.699368925353024,8.330849823079907,8.400491690176842,29137400
2018-07-12,8.809636116027832,8.86186724769757,8.676156495820718,8.676156495820718,19928000
2018-07-13,9.03306770324707,9.03306770324707,8.751600639133647,8.792224603129812,20128200
2018-07-16,8.934410095214844,9.102710095848165,8.835751416899445,9.018559818801489,17779600
2018-07-17,9.233283042907715,9.314530937493245,8.870567646480103,8.887977830539892,23151600
2018-07-18,9.175252914428711,9.35225772875436,9.10851283174001,9.227483489394631,25685000
2018-07-19,9.094003677368164,9.094003677368164,8.812536629514243,9.044674343882429,54670600
2018-07-20,9.575689315795898,9.671446740275396,9.305828891978969,9.430603114041414,39137000
2018-07-23,9.51185131072998,9.633724299363006,9.468326113083826,9.575689595581562,11245800
2018-07-24,9.587294578552246,9.69755927306219,9.54086704746394,9.633722109640553,12936000
2018-07-25,9.741086959838867,9.790416841312258,9.616312744660059,9.616312744660059,16675200
2018-07-26,9.424799919128418,9.770104694954703,9.404487938604515,9.732383077935978,15242800
2018-07-27,9.540867805480957,9.662739669175545,9.416093598220453,9.48863669049192,13317200
2018-07-30,9.543766021728516,9.648228218646528,9.50894565839564,9.575685149333395,9593800
2018-07-31,9.43060302734375,9.529261687906603,9.311632387275592,9.50604736451776,13914200
2018-08-01,9.566980361938477,9.6482282455818,9.349351153391519,9.349351153391519,15349200
2018-08-02,9.642428398132324,9.749791872620179,9.474128987334051,9.503145783600015,15501800
2018-08-03,9.932600975036621,10.016751235476276,9.700463279789169,9.726578839686997,25511000
2018-08-06,9.952916145324707,10.010950864473813,9.842650289633427,9.970326893145499,10092000
2018-08-07,9.741086959838867,10.060276143321515,9.625017562070735,9.981930572785808,20147600
2018-08-08,9.4683256149292,9.842647165439628,9.45091487263482,9.764301592414544,18453600
2018-08-09,9.74979019165039,9.842645251996041,9.604704021495357,9.633721919678143,31247000
2018-08-10,9.212970733642578,9.613408826648598,9.140427656999723,9.590194510801524,40015400
2018-08-13,9.256497383117676,9.343549415762302,9.05337708053316,9.169445903932855,17807400
2018-08-14,9.575689315795898,9.59310005849759,9.329043215581226,9.416094715249942,17102400
2018-08-15,9.37256908416748,9.494442077980457,9.314534377919394,9.4015869907515,25654000
2018-08-16,9.40158462524414,9.552473273836544,9.343549933598005,9.482832529396923,19425600
2018-08-17,9.070788383483887,9.355157727681124,9.056279432858586,9.256498523808714,28188600
2018-08-20,8.829944610595703,9.146232513203936,8.763205103594656,9.073689426430668,31663400
2018-08-21,8.478837966918945,8.84445528485253,8.46723135784453,8.792224160367736,30458000
2018-08-22,8.786258697509766,8.841905159006274,8.414306945247517,8.493383407592773,27614400
2018-08-23,8.563671112060547,8.956123939923028,8.537312298352235,8.786256339700099,34472800
2018-08-24,8.680821418762207,8.80968667311333,8.464093821080638,8.765755501448107,21201800
2018-08-27,8.947341918945312,8.947341918945312,8.713041857157004,8.727685401537993,13919400
2018-08-28,8.903406143188477,9.035200209223676,8.859474974048451,8.96198140778526,12144600
2018-08-29,9.084988594055176,9.205067378140788,8.932693360078027,8.973695708219914,16223400
2018-08-30,8.765756607055664,9.067417766855904,8.733540149750697,9.067417766855904,22144200
2018-08-31,8.815544128417969,9.000055269023246,8.704251233322921,8.774541218249462,21645600
2018-09-03,8.60760498046875,8.7628290922334,8.60760498046875,8.745256730457406,11828400
2018-09-04,8.387947082519531,8.636891159748334,8.35280236491971,8.610532342240859,22075000
2018-09-05,8.402591705322266,8.569530520889058,8.22979525025114,8.291298789200905,14968800
2018-09-06,8.590028762817383,8.639817564346355,8.31765476378331,8.551955236290551,20406200
2018-09-10,8.472882270812988,8.762828742307333,8.420164628974874,8.707182280520957,28121600
2018-09-11,8.089213371276855,8.27372450380106,8.074569275924064,8.270795684730501,24762000
2018-09-12,8.126081466674805,8.272973757193654,8.070262239379748,8.225968269055592,31743200
2018-09-13,8.017380714416504,8.211278474425335,7.967437318029408,8.196588910576445,13594200
2018-09-14,8.082014083862305,8.120205833751966,7.861675642842121,8.017381676222252,22403400
2018-09-17,8.358168601989746,8.358168601989746,8.020316004869173,8.049694564664364,28580600
2018-09-18,8.731279373168945,8.731279373168945,8.305291977763796,8.340545821067115,31828000
2018-09-19,8.643143653869629,8.886984869188753,8.534443096519071,8.622578819861342,23738600
2018-09-20,8.666644096374512,8.790033627957214,8.569695218727354,8.778281977163838,12891600
2018-09-21,8.983932495117188,8.983932495117188,8.619639680680311,8.734215488348065,32603200
2018-09-24,8.734216690063477,9.01918813243471,8.666646361390798,8.925176582566555,26173800
2018-09-25,8.681331634521484,8.74302667007643,8.463931174676809,8.52856412243432,23485800
2018-09-26,8.651958465576172,8.804726062988678,8.581449654032221,8.710715061396437,25684800
2018-09-27,8.898733139038086,8.901670491051062,8.719524407374223,8.719524407374223,17535800
2018-09-28,8.651958465576172,8.807663976832156,8.60789031827376,8.763596389879515,25581800
2018-10-01,8.287665367126465,8.74303194707779,8.28472801350047,8.681336874285766,31355000
2018-10-02,9.233648300170898,9.271840044306469,8.710711610544436,8.725401173942386,65583000
2018-10-03,10.07093620300293,10.405850483441746,9.791841716436826,10.282461483574545,70672600
2018-10-04,10.317713737487793,10.540990637259736,9.847658875914004,9.894664362071383,55840000
2018-10-05,10.499866485595703,10.661447858989835,10.162013606108154,10.590939032412512,47335400
2018-10-08,11.516358375549316,11.971724353824841,11.331273734320094,11.898278192144934,83863800
2018-10-09,11.457598686218262,11.663248117546644,11.281328385479217,11.431158029037482,50770600
2018-10-10,10.972851753234863,11.222569276291166,10.905281445781712,11.222569276291166,41681600
2018-10-11,10.928787231445312,11.213757528431248,10.808335591515348,11.163814684881913,38134000
2018-10-15,11.081554412841797,11.293078542575378,10.990480792083414,11.140310430673834,26452200
2018-10-16,11.566302299499512,11.604494620908515,11.225512122548917,11.225512122548917,36392600
2018-10-17,11.666187286376953,11.675001587275531,11.343024644480963,11.39296749320877,32591600
2018-10-18,11.531046867370605,11.745509515388088,11.52223368698752,11.5516117020641,31727400
2018-10-19,11.627996444702148,11.71025578425656,11.50460631467108,11.70144260378986,19574400
2018-10-22,11.707315444946289,11.821892376254834,11.66618578172237,11.707315444946289,20179400
2018-10-23,11.748445510864258,11.807201528622258,11.489914774072087,11.528107082174149,27725800
2018-10-24,11.486980438232422,11.84539810328967,11.475229902867946,11.766076105906528,27626400
2018-10-25,11.780757904052734,11.854204028443833,11.578047004184912,11.64855577670789,28963000
2018-10-26,12.462342262268066,12.506410400788965,11.639745601906032,11.898276365116724,41151400
2018-10-29,12.300760269165039,12.750251446619803,12.11567678738292,12.620985511877588,73741000
2018-10-30,12.662113189697266,12.750249448005789,12.256691332554011,12.52109674538234,44728200
2018-10-31,12.559292793273926,12.809009277725924,12.227315851258219,12.764942256134084,24857200
2018-11-01,12.744379043579102,12.797260372777735,12.468220742053004,12.573983400450272,31418400
2018-11-05,12.753190994262695,12.806072318358558,12.55047999902819,12.7943206639596,20783400
2018-11-06,12.477027893066406,12.703242089276692,12.415332297228028,12.488778421165176,24175000
2018-11-07,12.177371978759766,12.65624119388321,12.004039018727312,12.568104916711308,23486000
2018-11-08,11.927659034729004,12.562233977174394,11.904156840186454,12.500539455712978,34638600
2018-11-09,12.192058563232422,12.271380524513248,11.672059786413076,11.898274019540075,25403400
2018-11-12,12.391833305358887,12.482906925900876,12.130365216250283,12.274319028575622,22029200
2018-11-13,12.250816345214844,12.524036074981082,12.200872387377355,12.41239762866713,22453600
2018-11-14,12.271384239196777,12.341891923434902,12.024605102964474,12.265508412060361,31291000
2018-11-16,12.659177780151367,12.662115132886196,12.289009697104303,12.362455843166751,29923400
2018-11-19,12.955899238586426,13.014656377405933,12.585731169212188,12.665053138513642,32093200
2018-11-21,12.926519393920898,12.955897398809281,12.71205682027837,12.77962712808089,24920200
2018-11-22,13.310970306396484,13.436742703688164,13.056429135808616,13.194181325383656,21254600
2018-11-23,13.41577434539795,13.71223950937252,13.388822966854807,13.475666424643423,29086400
2018-11-26,13.179203987121582,13.694274375903067,13.062415036722673,13.496631273147996,22759200
2018-11-27,13.490643501281738,13.595454959284977,13.071401096309074,13.191184151009795,26934800
2018-11-28,13.703254699707031,13.715233343802275,13.284012437490835,13.56550371965084,26481400
2018-11-29,13.547534942626953,13.74817206173659,13.466680820160825,13.595448369753598,19408000
2018-11-30,13.364866256713867,13.571492721929662,13.266044158776085,13.559514078116655,22531000
2018-12-03,13.206154823303223,13.65534377841349,13.191182086602199,13.65534377841349,24941000
2018-12-04,13.074387550354004,13.355878763944153,12.975566616506457,13.209144407733474,22152600
2018-12-05,13.206154823303223,13.227116883153975,13.002522405598842,13.131289997451512,9901400
2018-12-06,13.28701114654541,13.287011146545412,12.900709450120907,13.02049250567658,16511200
2018-12-07,13.185192108154297,13.454705924764376,13.11931184147469,13.284014221693502,15668000
2018-12-10,12.798888206481934,13.251071148697767,12.756962954011184,13.161233606667386,19037000
2018-12-11,12.873750686645508,13.041447096810506,12.72102586470682,12.96658230160224,18636200
2018-12-12,12.90849494934082,13.094703724726367,12.87245479990716,12.971565497273646,24942200
2018-12-13,13.238862991333008,13.28991976025217,12.806376733686538,12.914498298098154,16044000
2018-12-14,13.24487018585205,13.365005525256151,13.10971936114182,13.145759504684849,14211400
2018-12-17,13.124737739562988,13.374017055326458,13.067672930185488,13.229855316265235,13141400
2018-12-18,13.154768943786621,13.340977684343803,13.142755180990552,13.214836612071498,16072000
2018-12-19,13.154768943786621,13.425072878220822,13.154768943786621,13.214836612071498,15181800
2018-12-20,13.238862991333008,13.377017814438794,13.154767804737649,13.214835467821366,15483400
2018-12-21,13.241868019104004,13.440090537630056,13.133746437054238,13.232858269165046,27948200
2018-12-26,13.328962326049805,13.328962326049805,12.926510520712263,13.14575649102145,14756400
2018-12-27,13.551214218139648,13.551214218139647,13.235860385534929,13.298930922916773,14068800
2018-12-28,13.962675094604492,13.962675094604492,13.470121189040846,13.572235869430274,25971800
2019-01-02,14.596388816833496,14.926760454922109,13.842542878953337,13.875580157331758,29810600
2019-01-03,14.656455993652344,14.77659133900263,14.371135407717087,14.566355057487412,17758200
2019-01-04,14.656455993652344,14.965804106935884,14.392158921299053,14.440213975995617,17718400
2019-01-07,14.560344696044922,14.857678974597903,14.467239768363724,14.665463384529236,18787000
2019-01-08,14.395162582397461,14.731539937163545,14.064792109321282,14.59638796337946,29034600
2019-01-09,14.35611629486084,14.5213015068975,14.260008493468773,14.5213015068975,33436000
2019-01-10,14.566352844238281,14.659457780022928,14.160898120254133,14.250999042728902,20525200
2019-01-11,14.626420021057129,14.683483669396626,14.452223917133372,14.560345478783242,13755000
2019-01-14,14.965804100036621,14.965804100036621,14.566355050772295,14.626422723419745,17948800
2019-01-15,14.791605949401855,14.998838188831455,14.707511906565857,14.875699992237854,18486200
2019-01-16,14.650445938110352,14.842661532474972,14.61740866801106,14.8216380234473,13349400
2019-01-17,14.704508781433105,14.863688273739118,14.536320685601739,14.668468638854309,25958600
2019-01-18,14.58137321472168,14.845670314725483,14.58137321472168,14.719528074341245,26163400
2019-01-21,14.503279685974121,14.641434485123312,14.326080740736616,14.602390339035,16599200
2019-01-22,14.476255416870117,14.692497453879353,14.39516422335578,14.536323094920997,20386600
2019-01-23,14.776590347290039,14.842663751672253,14.476253149766645,14.551337449147493,20394600
2019-01-24,14.70150089263916,14.887709569012465,14.641433245058876,14.773581153179434,19806800
2019-01-28,14.512288093566895,14.782591932778292,14.416180316446194,14.416180316446194,16801600
2019-01-29,14.995834350585938,14.995834350585938,14.593382514111887,14.716520702735535,24407400
2019-01-30,15.191062927246094,15.191062927246096,14.857688302676996,15.016866723321481,17100200
2019-01-31,15.575486183166504,15.84278608739614,15.28415875484209,15.317196027624703,30176600
2019-02-01,15.650577545166016,15.650577545166016,15.380273505508464,15.485392252351255,17208200
2019-02-04,15.947912216186523,16.05603384135867,15.407305236021834,15.533447513954675,15479200
2019-02-05,16.413427352905273,16.413427352905273,15.812752992626148,15.812752992626148,22853400
2019-02-06,15.41330623626709,16.194182559995852,15.413306236267088,16.17315904598208,32873800
2019-02-07,15.515420913696289,15.845791401129953,15.046894432781738,15.617535615471427,31334000
2019-02-08,15.536446571350098,15.845793587485986,15.290170105858191,15.482385772027898,20094600
2019-02-11,15.076927185058594,15.668590670988898,15.076927185058596,15.617533898562035,18936000
2019-02-12,16.004972457885742,16.05903325498192,15.257132195185758,15.263139077718188,36666200
2019-02-13,15.641559600830078,16.143122100339426,15.512414532371736,16.004967283842934,29488800
2019-02-14,16.440462112426758,16.512542413219265,15.641565046852815,15.977942457174548,55715400
2019-02-15,16.461488723754883,16.662714175801746,16.29930629793757,16.428451435640696,25065200
2019-02-18,16.299301147460938,16.452472626312105,16.077051099456167,16.326331543222388,17618800
2019-02-19,16.368375778198242,16.791851142411886,16.31431499589902,16.347352267936923,27106800
2019-02-20,15.905858039855957,16.67472169411047,15.905858039855957,16.602640261085305,33344600
2019-02-21,15.977941513061523,16.18517379771459,15.887840569546956,16.053025823606273,20685400
2019-02-22,16.124296188354492,16.24881980782807,15.969401406506122,16.157705162118113,14520400
2019-02-25,15.860067367553711,16.330827454585094,15.853992901829878,16.30045512596592,20278000
2019-02-26,15.945098876953125,16.072659111847834,15.793240792410714,15.884355411419111,14574600
2019-02-27,15.7628755569458,16.00281054007915,15.747688815921663,15.935993745632775,12539200
2019-02-28,15.368043899536133,15.835767266904497,15.343747198660036,15.793247171432048,22092400
2019-03-01,15.583675384521484,15.644417684967486,15.386259432316633,15.416630582539634,18544400
2019-03-06,15.377155303955078,15.832729715752958,15.33767186386195,15.620128091863487,7795000
2019-03-07,15.316411018371582,15.474343611920116,15.231370836686056,15.368042226227628,16948800
2019-03-08,15.85399341583252,15.899550172359467,15.131148191463053,15.267820778215713,16186600
2019-03-11,16.339935302734375,16.339935302734375,15.893473167977001,15.896509820938066,23071400
2019-03-12,16.247373580932617,16.384443893761016,15.958003178729882,16.286971929518035,16058800
2019-03-13,16.497142791748047,16.618983307034842,16.1163926339234,16.204726949408464,19158200
2019-03-14,16.372262954711914,16.478872574285095,16.113353214629786,16.448413014966388,16271200
2019-03-15,16.512374877929688,16.53674344918233,16.29306354644304,16.357029303045085,25429600
2019-03-18,16.38749122619629,16.631171164192693,16.35703166968084,16.61898803876107,24193800
2019-03-19,16.037200927734375,16.46364050877698,16.00064806727776,16.448410731232162,16919400
2019-03-20,15.677774429321289,16.107260713153217,15.677774429321289,16.04938592499041,26628200
2019-03-21,15.348803520202637,15.753922334126692,15.129491009689916,15.7082318404507,31600000
2019-03-22,14.514198303222656,15.013742387089975,14.468507813764644,15.01069573474882,45764800
2019-03-25,14.617762565612793,14.873626753071612,14.316207888195908,14.431956277320891,27340600
2019-03-26,14.961965560913086,15.001563923012387,14.550755644050207,14.910184070593733,23563400
2019-03-27,14.133453369140625,14.696963418863119,14.133453369140625,14.696963418863119,38145000
2019-03-28,14.62690544128418,14.840125867580255,14.148683099340696,14.307075382818986,43732800
2019-03-29,14.840123176574707,15.038112623552147,14.696960700515268,14.834031032704345,21874200
2019-04-01,14.98633098602295,15.14472323911413,14.89495115284355,15.044204609246457,14790400
2019-04-02,14.85535717010498,15.17214176949769,14.837080733308415,15.077715255652373,20064600
2019-04-03,14.69696044921875,15.15386077406493,14.590350838204353,15.053342144859116,37021600
2019-04-04,14.873631477355957,14.9863332499037,14.575122195541189,14.83403311761191,23104000
2019-04-05,14.958913803100586,15.123398165726847,14.843165418812768,14.946729518026633,14378800
2019-04-08,14.983283996582031,15.028974493124228,14.815754112523303,14.952824440192297,12500600
2019-04-09,14.757880210876465,14.891903883191622,14.593395820791335,14.891903883191622,16008400
2019-04-10,14.867530822753906,14.949772986552647,14.672585788958479,14.876668453634721,16107400
2019-04-11,14.727418899536133,14.916271856225755,14.608625009915015,14.837075155173325,17110200
2019-04-12,14.233968734741211,14.727420786370708,14.10299054172263,14.270520437317332,35001800
2019-04-15,14.273563385009766,14.55074947833467,14.060343045077369,14.407587034302262,25571600
2019-04-16,14.569032669067383,14.681734452880598,14.163913718936497,14.300984084091981,26542800
2019-04-17,14.377131462097168,14.824893021704648,14.270520681651428,14.651270979048293,40179000
2019-04-18,14.879720687866211,14.986331464947197,14.474602988439903,14.517246834489233,33079600
2019-04-22,14.724371910095215,14.858395563366704,14.62689995099642,14.858395563366704,12519600
2019-04-23,15.019842147827148,15.032025277498766,14.824896967627197,14.919323484819767,15327800
2019-04-24,14.715242385864258,15.02593486243254,14.605586080962741,14.980244348070894,20820800
2019-04-25,14.9558687210083,14.9832827843241,14.547704423838344,14.65736067710154,19659000
2019-04-26,15.032021522521973,15.095988456619644,14.834032061809099,14.92541190228871,17268200
2019-04-29,15.038110733032227,15.321388996624712,14.75787912197073,15.108168635797602,33562600
2019-04-30,15.132537841796875,15.187365970075362,14.96805345696141,15.095986143597061,16298000
2019-05-02,15.166041374206543,15.199547575795293,14.949775551897568,15.01678679311774,17095600
2019-05-03,15.254380226135254,15.303116216936164,15.153861591507178,15.20259758230809,16262800
2019-05-06,15.038110733032227,15.129490555684564,14.980237116475827,15.068571448554664,12629600
2019-05-07,15.074664115905762,15.132537734474814,14.687821729998877,14.949778082814369,21692200
2019-05-08,15.409728050231934,15.485878119434114,15.077713702032103,15.077713702032103,28919200
2019-05-09,15.543744087219238,15.613801976896271,15.266558018515648,15.507192397378455,30755000
2019-05-10,15.278751373291016,15.592489318098487,15.187371513459107,15.56507524395312,17950600
2019-05-13,14.733513832092285,15.044206227896641,14.724376196378484,14.83707796402707,20496600
2019-05-14,14.590346336364746,14.91931386453337,14.486782248209257,14.894946458944743,19284800
2019-05-15,14.349715232849121,14.50506081952747,14.203507280105521,14.46850912183095,20887600
2019-05-16,13.901954650878906,14.27052065931227,13.831896735702477,14.255290879831776,29345600
2019-05-17,13.66131591796875,14.151722333006342,13.569936107666225,13.844076700531131,28720200
2019-05-20,14.185236930847168,14.267479157385996,13.679600441798017,13.752705030485204,26172200
2019-05-21,14.995473861694336,15.041164375231748,14.288801200585976,14.288801200585976,28416600
2019-05-22,14.996955871582031,15.205844331908356,14.867937148821042,15.144406342665523,16412400
2019-05-23,15.021530151367188,15.162836693317916,14.828000913232538,14.920157302685967,17869200
2019-05-24,15.242703437805176,15.297997499263646,15.067605967130662,15.168978803748502,18547800
2019-05-27,15.540679931640625,15.66048336452817,15.356367138249345,15.356367138249345,15283000
2019-05-28,15.74341869354248,15.927731419270774,15.500739372929235,15.571392623519472,31982200
2019-05-29,15.72806167602539,15.875512111421116,15.552964210753473,15.645120586396814,22122400
2019-05-30,15.958455085754395,15.973814288203569,15.68505729793019,15.69734395679031,18037600
2019-05-31,15.92773723602295,16.15198606905727,15.70656211874299,15.881659623679365,20329200
2019-06-03,16.001461029052734,16.142767563935198,15.86629840940412,16.04139589215674,15384800
2019-06-04,16.2625732421875,16.2625732421875,15.979960133134579,16.06597261470161,22809800
2019-06-05,15.81407642364502,16.262571709301724,15.724991406514944,16.237997219098432,18513000
2019-06-06,16.216493606567383,16.23799672427702,15.804860654675364,15.995317342317334,15959800
2019-06-07,16.084400177001953,16.317863068424707,16.084400177001953,16.253353724037986,13818200
2019-06-10,15.933879852294922,16.035252700479628,15.65741068528876,15.989173920062568,18282600
2019-06-11,16.250288009643555,16.250288009643555,15.924667459364933,16.09669360944591,26265600
2019-06-12,16.105764389038086,16.33382204429385,16.000981332671984,16.296840134880433,17639200
2019-06-13,15.84996509552002,16.23211408915494,15.800655510030571,16.102676868107604,31063600
2019-06-14,15.569517135620117,15.871538503939476,15.390769147388276,15.822228916777812,26201200
2019-06-17,15.554112434387207,15.73285929668061,15.452410721297637,15.526375710420382,13692000
2019-06-18,15.917770385742188,16.041043793937956,15.64964834225843,15.671221218083529,24425200
2019-06-19,16.17972183227539,16.17972183227539,15.751344623293594,15.871536654517765,15928600
2019-06-21,16.306081771850586,16.48791111906751,16.21054391970832,16.21054391970832,29290800
2019-06-24,16.346147537231445,16.611187066195715,16.222872954948773,16.3307385083545,18067200
2019-06-25,16.19513511657715,16.5187294032257,16.102679774053772,16.27218143128554,31364200
2019-06-26,16.546466827392578,16.558794520422342,16.241364066523758,16.32765556646508,26024600
2019-06-27,16.580371856689453,16.694400108812577,16.315332263402873,16.395461114023103,27027600
2019-06-28,16.62350845336914,16.72829146327995,16.441679147219002,16.72829146327995,28394800
2019-07-01,16.605022430419922,16.848487896626324,16.490993035755576,16.814588504961414,16566400
2019-07-02,16.392375946044922,16.719052792499756,16.262938682278104,16.55571495708916,21172400
2019-07-03,16.734460830688477,16.734460830688477,16.18897273221847,16.45709477807168,23723600
2019-07-04,17.005659103393555,17.005659103393555,16.85156650635348,16.88546706580361,18334200
2019-07-05,16.95018768310547,17.06421588925084,16.740621632245496,16.95018768310547,18783200
2019-07-08,16.934778213500977,17.058051597135535,16.894713805393916,17.008742008555046,13135000
2019-07-10,16.722135543823242,17.16592317289649,16.577289237675156,17.135103934414325,25059200
2019-07-11,16.395462036132812,16.682074526328933,16.275269929076487,16.682074526328933,29312000
2019-07-12,16.025632858276367,16.524892629683773,15.963995573694776,16.494074575209687,25477000
2019-07-15,15.930091857910156,16.145821723464277,15.735936036981315,16.090348295875128,21417000
2019-07-16,15.954751968383789,16.08418922072001,15.874623137823098,16.025634441182223,20702200
2019-07-17,15.957833290100098,16.078025360203796,15.874623124112878,15.9639971367251,13825000
2019-07-18,16.229040145874023,16.410869545611313,15.985573442294067,16.016392682032293,24922000
2019-07-19,16.025632858276367,16.31840907831387,16.025632858276367,16.102679170095005,17699400
2019-07-22,16.028718948364258,16.229039888770966,16.016392428298033,16.173566433754765,12776800
2019-07-23,15.84072208404541,16.142743483465825,15.840722084045408,16.10884291836998,25341200
2019-07-24,16.12733268737793,16.225951861039547,15.862293217299849,15.89002993336926,30775000
2019-07-25,15.446247100830078,16.185892300373595,15.427756735003353,16.142746545933058,35424000
2019-07-26,15.409258842468262,15.658889258944184,15.387685974139458,15.655806748821124,16217600
2019-07-29,15.547945022583008,15.606499792806275,15.353787999330399,15.455489689102405,10184400
2019-07-30,15.390777587890625,15.62499913708364,15.134984331594547,15.477070294472547,18490000
2019-07-31,15.168877601623535,15.470898990025637,15.162713755864303,15.440079761229482,22667400
2019-08-01,15.02403450012207,15.554113632021473,15.005542957509169,15.347628854228727,29717000
2019-08-02,15.02711296081543,15.208942313666764,14.792892677369151,15.024031625453045,16607800
2019-08-05,14.746665954589844,15.027114527138322,14.61414618315812,14.712766559536227,16970800
2019-08-06,14.946988105773926,15.122653645131292,14.857614080308961,14.943906769835069,17148200
2019-08-07,14.93157958984375,15.033280138205773,14.654212320431423,14.885351319730447,22837000
2019-08-08,15.039443016052246,15.310646420250935,14.93774247424878,15.298318725597888,24360800
2019-08-09,14.993215560913086,15.156553396386572,14.885349998765566,15.057934192821413,16614200
2019-08-12,14.484707832336426,14.731255815632469,14.472380139263244,14.703519094034569,21299200
2019-08-13,14.654203414916992,14.869933251621527,14.419983221910918,14.466210288297798,19271400
2019-08-14,14.142621994018555,14.506280710315947,14.080984704273765,14.46929880672248,23003000
2019-08-15,14.130290031433105,14.37375660576243,13.945379393703561,14.222746525931042,21692400
2019-08-16,14.09330940246582,14.346021178647048,13.976198694400555,14.28438390200042,19495200
2019-08-19,13.815948486328125,14.389172195092149,13.785129248888964,14.176524747113579,20911200
2019-08-20,13.803619384765625,13.923811459446554,13.5817256003494,13.874501860202235,13199600
2019-08-21,14.592575073242188,14.62647564803386,14.096397673762327,14.136460920667263,27300600
2019-08-22,14.51359748840332,14.796713695645481,14.429595819861195,14.746935060970472,15065200
2019-08-23,13.984700202941895,14.479375955537353,13.913143482354677,14.342483805877988,26118000
2019-08-26,13.919367790222168,14.218039668490844,13.614472245987612,14.118482375734619,13994800
2019-08-27,13.807358741760254,14.186920288477793,13.514908299798654,14.109141117626892,25205800
2019-08-28,13.692251205444336,13.782475371239553,13.577138310322193,13.676695601262942,16904200
2019-08-29,14.025142669677734,14.068698821712639,13.698469155783696,13.754470261776039,17489800
2019-08-30,14.386037826538086,14.485595083179918,14.028253119545424,14.056253672151946,23972000
2019-09-02,14.20248031616211,14.557153226364319,14.124701127545267,14.38603924877051,10778400
2019-09-03,13.938034057617188,14.410931792186298,13.882032932022389,14.124704871872034,22157400
2019-09-04,14.267815589904785,14.289593669359851,13.994032493705843,14.118479679291632,14053600
2019-09-05,14.765603065490723,14.865160346695948,14.339373381154827,14.34248402696031,24718400
2019-09-06,15.366053581237793,15.366053581237795,14.902490364117952,14.902490364117952,28078200
2019-09-09,15.555834770202637,15.720726238985662,15.328719724975599,15.415832019907612,26966600
2019-09-10,15.29450511932373,15.71140176816961,15.20739277643006,15.66473376343848,16896400
2019-09-11,14.930497169494629,15.546508349469747,14.930497169494629,15.400283059827471,28189200
2019-09-12,15.006451606750488,15.122126003956282,14.818871438708356,15.106494522053708,20399000
2019-09-13,14.737588882446289,15.162771957006079,14.662557276703897,15.028339038061265,15950200
2019-09-16,14.584392547607422,14.868889751440493,14.474969812222167,14.706319750306543,16351000
2019-09-17,14.787607192993164,14.834502831023299,14.418698497813322,14.503109930704197,13488400
2019-09-18,15.012704849243164,15.08461062204906,14.743839059774192,14.837629146364247,17056600
2019-09-19,14.621909141540527,15.225293550974317,14.62190914154053,15.13462930046541,19323600
2019-09-20,14.853262901306152,15.000201481429702,14.662556879523342,14.693819848968172,30594600
2019-09-23,14.781354904174805,14.925167642862043,14.650049021040926,14.831376363359947,11494600
2019-09-24,14.331161499023438,14.868893069493826,14.256128715369526,14.815744599279464,23998200
2019-09-25,14.237373352050781,14.331163449931633,14.006023330845935,14.331163449931633,21829600
2019-09-26,14.290515899658203,14.446833075176508,14.134198724139898,14.315527220191726,17521200
2019-09-27,14.17484188079834,14.406191831140003,14.146704740791995,14.224863330520128,15873000
2019-09-30,14.221736907958984,14.34991694196761,14.218609896643558,14.224862726669027,10862600
2019-10-01,14.052916526794434,14.290518146187857,14.00914790158556,14.290518146187857,13184400
2019-10-02,13.574583053588867,13.946618697441016,13.555825755650382,13.946618697441016,38445200
2019-10-03,14.159212112426758,14.159212112426758,13.637112049795451,13.684007686341552,30768000
2019-10-04,14.25612735748291,14.256127357482912,13.949745805906218,14.184221592658277,14456400
2019-10-07,13.693387031555176,14.14045433692274,13.680881368827471,14.099811529360515,26487200
2019-10-08,13.446402549743652,13.859080979150008,13.446402549743652,13.818438180684728,23554400
2019-10-09,13.818441390991211,13.862210018304303,13.474542818692141,13.621481375476648,18528000
2019-10-10,13.880971908569336,14.01227782263293,13.762170467793272,13.84658192366527,12938000
2019-10-11,14.140456199645996,14.190477664540513,13.990391804962446,14.006023289128397,18216600
2019-10-14,14.068549156188965,14.24362486391514,14.01540187627187,14.143581943101807,13727000
2019-10-15,13.874712944030762,14.124820188341609,13.840322974324506,14.059167260323527,29577000
2019-10-16,14.068549156188965,14.181097740255385,13.724651764968842,13.880968977815387,30479400
2019-10-17,14.040412902832031,14.287394401057496,13.93724415594902,14.171719990126311,49907600
2019-10-18,14.399945259094238,14.553135493679118,14.224869512676994,14.381186760069049,94233200
2019-10-21,14.506237030029297,14.61565859595139,14.309277018763906,14.474972873618968,31502200
2019-10-22,14.818873405456543,14.903283657454422,14.518743427108266,14.53750192344434,34194600
2019-10-23,14.88139820098877,15.119001032614838,14.656302225234118,14.803239594486504,41522600
2019-10-24,14.787607192993164,15.031462841102005,14.603152845403242,14.925167095158566,44281000
2019-10-25,14.922037124633789,15.022080019497281,14.728204164911446,14.781351431042822,20923200
2019-10-28,15.253435134887695,15.253435134887695,14.912663535942597,14.95955798798108,28999200
2019-10-29,15.212789535522461,15.353475251077112,15.150262418319773,15.190905223392354,20788800
2019-10-30,15.450389862060547,15.450389862060545,14.859511098583084,15.197156787773329,31496400
2019-10-31,15.053345680236816,15.319084422773338,14.990818566520723,15.28782146221804,28340600
2019-11-01,14.993943214416504,15.25655611742804,14.83450021986915,15.144007560050895,24608600
2019-11-04,14.909529685974121,15.178395381072114,14.818866643236037,15.053342373713788,22246000
2019-11-05,15.003326416015625,15.147137963713659,14.89077783343258,14.943925112649199,18492400
2019-11-06,14.903278350830078,15.156512594471705,14.803235457871613,15.006448255034009,21688400
2019-11-07,14.903278350830078,15.156512594471705,14.83762542593959,15.022079733445263,28996200
2019-11-08,14.69382095336914,14.92829681964631,14.556262207824672,14.80636955999913,33611800
2019-11-11,14.76884651184082,14.828246606159713,14.509359441310485,14.612529344322887,20247800
2019-11-12,14.60627555847168,14.862635601012897,14.490600003403978,14.703191432721857,33016600
2019-11-13,14.365550994873047,14.59689978424352,14.321782369457315,14.51561536455796,26175200
2019-11-14,14.540621757507324,14.615654519358381,14.306146016555052,14.42182157410065,24067000
2019-11-18,14.546880722045898,14.74071494165655,14.381184843526082,14.693819296646215,31171200
2019-11-19,14.315528869628906,14.528120348237053,14.290517546213573,14.490603363114056,16236000
2019-11-21,14.499985694885254,14.53437567418223,14.271762696266645,14.303025663297127,22505600
2019-11-22,14.73160457611084,14.778872237395575,14.470058933917352,14.52362903017782,15279600
2019-11-25,14.684340476989746,14.79147949343417,14.580353279831044,14.734758766959661,14860200
2019-11-26,14.495272636413574,14.61501652955398,14.356622635244133,14.605562273472573,30660000
2019-11-27,14.917519569396973,14.9301244371251,14.334558260734042,14.558289253609752,22475800
2019-11-28,14.999454498291016,15.021512424153785,14.671736227444088,14.79147891010861,13819800
2019-11-29,15.065630912780762,15.122351642420421,14.939584579788868,15.012060800535783,14571000
2019-12-02,14.945884704589844,15.229488308916054,14.945884704589844,15.06562858220166,19454800
2019-12-03,15.248387336730957,15.342921426938066,15.109737417898275,15.16960872788067,35073400
2019-12-04,15.468972206115723,15.481577075714181,15.220031440845544,15.248391796408812,30058200
2019-12-05,15.336627960205078,15.525697453220802,15.223187706875898,15.491034652731242,18946200
2019-12-06,15.273604393005371,15.437464122240772,15.210581235289178,15.308267189852614,19271400
2019-12-09,15.320867538452148,15.424855906451059,15.223182807131765,15.235786474289354,16859800
2019-12-10,15.100288391113281,15.358683423430369,15.0183591384761,15.298810890669937,13054600
2019-12-11,15.078228950500488,15.2420886413376,14.986846655396297,15.141252093448065,19959400
2019-12-12,15.469210624694824,15.469210624694824,15.137117813316133,15.181396693965423,16996400
2019-12-13,15.349023818969727,15.655814921700054,15.2952569529084,15.453396497572037,36059800
2019-12-16,15.140276908874512,15.57674231042042,15.140276908874512,15.421765054031571,24014800
2019-12-17,15.481855392456055,15.481855392456053,15.156087241985563,15.225668999534141,21084000
2019-12-18,16.01636505126953,16.03850448016556,15.380644923739366,15.418598058059933,40919200
2019-12-19,16.18083381652832,16.18083381652832,15.839253119167477,15.908833679708236,24387600
2019-12-20,16.149208068847656,16.161858313385125,15.889859354943491,16.114417181724868,19074600
2019-12-23,16.636276245117188,16.636276245117188,16.047998271634704,16.11757883676197,17606800
2019-12-26,16.826045989990234,16.84502196115016,16.55720806897242,16.59832468400034,20063200
2019-12-27,16.7533016204834,16.974695989693565,16.528742578627792,16.873486790480683,17266200
2019-12-30,16.705860137939453,16.870325396728838,16.705860137939453,16.79441789016878,15679800
2020-01-02,17.01581382751465,17.069581897124166,16.816557674388168,16.873488003852877,26319800
2020-01-03,16.987342834472656,17.050598868453687,16.715342732910166,16.794412473759333,18930800
2020-01-06,16.762788772583008,16.889300868564497,16.58883554549003,16.889300868564497,19999800
2020-01-07,16.636276245117188,16.772276322491876,16.53823051945781,16.762788337817415,21277000
2020-01-08,16.484458923339844,16.759622484988554,16.459157234129986,16.68687726305259,42937200
2020-01-09,16.149208068847656,16.55088259075015,16.04483540747929,16.509765978104237,49486000
2020-01-10,15.76967716217041,16.26939754584111,15.674793667195882,16.180839778066098,30696400
2020-01-13,15.94678783416748,15.9720907352485,15.69060259652017,15.807625497748061,28363800
2020-01-14,15.861396789550781,15.968931728027732,15.73488467139826,15.902512202417723,17530000
2020-01-15,15.57042121887207,15.820282017824589,15.45023481324151,15.791816848241275,29003800
2020-01-16,15.64000129699707,15.744372769680737,15.491349738089587,15.64632702360047,23745200
2020-01-17,15.851903915405273,15.899346250322882,15.72855529242993,15.769671902257944,22843600
2020-01-20,15.75069808959961,15.924651343920225,15.583070561719067,15.813954147491366,16996600
2020-01-21,15.295254707336426,15.703254962230227,15.197207769696494,15.671626334035668,28958400
2020-01-22,15.415444374084473,15.494514151696396,15.2731185330812,15.437583815295087,20918800
2020-01-23,16.282045364379883,16.282045364379883,15.301580791070458,15.352185390857226,43249000
2020-01-24,16.066974639892578,16.282044478917456,16.066974639892578,16.256742783654463,18300600
2020-01-27,15.908842086791992,16.152377193653273,15.728563055539107,15.832935761269352,24031800
2020-01-28,16.03850746154785,16.177670990772885,15.83925256444428,16.066972619206734,15292800
2020-01-29,15.643163681030273,16.250420168171065,15.611536254271574,16.130233774771817,16800400
2020-01-30,15.75069808959961,15.810791887525808,15.298418904460641,15.40279158095838,25079800
2020-01-31,15.352179527282715,15.535620679005865,15.250970366364765,15.532458420574589,32252800
2020-02-03,15.428093910217285,15.541954577770166,15.184558861620069,15.355349862949389,20402800
2020-02-04,15.260465621948242,15.687441897678967,15.260465621948242,15.589396154967925,23533200
2020-02-05,15.94046401977539,16.221952170941982,15.52930030460163,15.560928932350494,47383400
2020-02-06,15.671621322631836,16.14603973526353,15.576737881407182,16.130226029477488,19325800
2020-02-07,15.6874361038208,15.91515734357742,15.579901207992231,15.671622396950703,15590000
2020-02-10,15.532461166381836,15.810787011362446,15.459717144519244,15.722228075022636,15570600
2020-02-11,16.231441497802734,16.335814168238898,15.712744024930467,15.788650324785056,36193000
2020-02-12,16.326326370239258,16.560373428882478,16.025860991923537,16.405396143137658,33234200
2020-02-13,16.073299407958984,16.301020684305943,15.956276510506774,16.240926899431777,27612600
2020-02-14,15.766509056091309,16.1175789700545,15.677951314374015,16.092277275210446,20045400
2020-02-17,15.52929973602295,15.889858840106056,15.52929973602295,15.839254244069457,13498000
2020-02-18,15.677947044372559,15.782319674263084,15.402784702901448,15.485016696884069,17858200
2020-02-19,15.715904235839844,15.918323824250162,15.545114480178329,15.655811655746785,22296200
2020-02-20,15.55460262298584,15.829765038274916,15.396463109703356,15.813951328248416,24104400
2020-02-21,15.567252159118652,15.56725215911865,15.2857640531352,15.437577822434974,12871200
2020-02-26,14.434006690979004,14.877589726435524,14.408477353922747,14.8712070878305,30428200
2020-02-27,14.612709999084473,15.187133810480812,14.162744538131626,14.296776233266693,62945800
2020-02-28,14.954178810119629,14.954178810119629,14.223383190826173,14.727600638418114,52758400
2020-03-02,15.046725273132324,15.155227685078273,14.775468634585586,14.941413571524315,26420400
2020-03-03,14.606330871582031,15.113738957277722,14.395708716238364,14.906307511809818,43107400
2020-03-04,14.622293472290039,14.899931616928328,14.360611318977794,14.823342371617677,38468000
2020-03-05,13.757460594177246,14.542506754863643,13.498969250718421,14.443577698570197,51693600
2020-03-06,13.498969078063965,13.633002030597671,13.160697812712646,13.33940679293942,38051400
2020-03-09,12.008657455444336,12.825615544610447,11.584221209074348,12.270339495550804,50349200
2020-03-10,12.640525817871094,12.98517975876116,12.00865924510284,12.611804554683275,64873400
2020-03-11,11.549118995666504,12.388417046149879,10.923635063172899,12.318209243621334,50007000
2020-03-12,10.022887229919434,10.247400148569024,8.518652143163548,9.365386072336115,63084800
2020-03-13,11.70352840423584,12.081991594369466,10.170426360994663,11.623345286491958,81556200
2020-03-16,9.750265121459961,10.520022781516282,9.477642451174788,9.78233848474325,62690400
2020-03-17,10.221741676330566,10.677181700743052,9.641215602142067,10.070997059478433,54067400
2020-03-18,8.534687995910645,9.673287589262262,8.120942972388095,9.355762637412784,76586600
2020-03-19,8.201126098632812,8.881078950383522,7.485893104340855,8.178674931993362,83329800
2020-03-20,7.890018463134766,8.948435312930878,7.803420554038191,8.659776227690903,59350200
2020-03-23,7.097808361053467,8.018310698399041,7.027247447137036,8.018310698399041,53616200
2020-03-24,8.313383102416992,8.492993059354676,7.6334302049587945,7.7617236430913055,51598600
2020-03-25,9.310864448547363,9.804792167351915,8.252446859539877,8.31659360253985,50041200
2020-03-26,9.779129028320312,10.157593289533658,9.391043188371695,9.410286957590634,51320000
2020-03-27,9.057480812072754,9.46160361620876,8.986919920588065,9.230676561737484,41604800
2020-03-30,9.298032760620117,9.448776777437695,9.079934617650997,9.26916679394782,31537200
2020-03-31,8.94522476196289,9.461604024840806,8.797688179282567,9.365384567592628,37808400
2020-04-01,8.566763877868652,8.749581897456691,8.355080499133692,8.627703217731332,39653200
2020-04-02,8.666190147399902,8.916361043832449,8.438469810770602,8.643738975848114,31444800
2020-04-03,8.178677558898926,8.624495473212685,8.018311332253848,8.611666493190354,37936200
2020-04-06,8.9356050491333,9.076726867665196,8.576384484350937,8.707884722197964,42828000
2020-04-07,9.355765342712402,9.78233946542321,9.355765342712402,9.445570646558892,43029400
2020-04-08,9.535372734069824,9.7983731663727,9.166530649456075,9.397457724021143,39788200
2020-04-09,9.509716033935547,9.904216759703786,9.448776703465713,9.73102157277444,35051200
2020-04-13,9.698948860168457,9.718192635175637,9.205021223326971,9.544997436613857,36057400
2020-04-14,9.689325332641602,10.151180151459961,9.621971823516265,9.92346044527602,35539400
2020-04-15,9.509716033935547,9.69894820875092,9.301240085405476,9.455191498620124,33496400
2020-04-16,9.237092971801758,9.743850144625977,9.237092971801758,9.654045463206819,41468400
2020-04-17,9.487263679504395,9.641215073520048,9.310861116996684,9.477641487972743,37230000
2020-04-20,9.298032760620117,9.458398970244641,9.14728874380254,9.301240158222432,35550000
2020-04-22,9.256336212158203,9.349348279522184,9.182567303578258,9.265957791550221,40397800
2020-04-23,8.996543884277344,9.50330106921144,8.855422063889588,9.36538664634366,43417600
2020-04-24,7.793797492980957,8.884288200820661,7.697578012523824,8.861836417748696,147956000
2020-04-27,8.239616394042969,8.403190008659656,8.053591606944327,8.178677060342972,64265600
2020-04-28,9.346142768859863,9.381423531747341,8.695056330654253,8.730336481793172,86465400
2020-04-29,9.480851173400879,9.68932714624902,9.214643260925861,9.634803216322089,49257400
2020-04-30,9.140872955322266,9.230678243182952,8.932397027813733,9.07993363099721,47870600
2020-05-04,8.903531074523926,8.903531074523926,8.656566991434197,8.77844564022456,33172000
2020-05-05,8.916360855102539,9.156910165348995,8.839385149233497,8.986922377627227,31599200
2020-05-06,8.656567573547363,9.022202321008704,8.579591869437003,8.967677787461968,40625400
2020-05-07,8.422432899475098,8.804104626858269,8.361493572170573,8.800897229447664,52811800
2020-05-08,8.691847801208496,8.887494141090523,8.595627718157282,8.691847801208496,35152000
2020-05-11,8.746371269226074,9.022200672278947,8.59562667427728,8.627700031399263,34665000
2020-05-12,8.438468933105469,8.836177019689945,8.422432558450254,8.800896873098772,48281800
2020-05-13,8.194710731506348,8.611663124741959,8.092076484478618,8.547516414475444,52812200
2020-05-14,8.54751968383789,8.595629429065212,7.938128150211759,8.018311262840161,72389000
2020-05-15,8.387152671813965,8.685433920690757,8.287725792771216,8.499409141313093,46873000
2020-05-18,8.788065910339355,8.909944540963043,8.547516657619765,8.70146803254069,37513600
2020-05-19,8.550727844238281,8.909948490015326,8.550727844238281,8.743167454056389,33452200
2020-05-20,8.765618324279785,8.865045218050996,8.586008313524038,8.659776634330141,45599600
2020-05-21,9.384632110595703,9.394254304889312,8.81372809589624,8.865045241964884,61039200
2020-05-22,9.14408016204834,9.34934868802607,8.951640613069987,9.256336616598086,53895800
2020-05-25,10.103072166442871,10.103072166442871,9.557826757205245,9.621973491850355,63773600
2020-05-26,9.875350952148438,10.561718096733493,9.695740366552611,10.423803065980756,61640600
2020-05-27,9.910632133483887,10.144766664552854,9.782339281648053,10.144766664552854,38620800
2020-05-28,9.875350952148438,10.090241074230088,9.689325571692367,9.817619021903244,41465400
2020-05-29,9.891386985778809,9.89459438309811,9.541788630705518,9.782337923916582,53853400
2020-06-01,10.199288368225098,10.311545423534614,9.801580332200116,9.868934443036144,44087200
2020-06-02,10.526435852050781,10.552095027872667,10.353240085743577,10.455874342037436,31544400
2020-06-03,11.1454496383667,11.225632729290199,10.853583236345028,11.055644968051375,58994400
2020-06-04,11.206391334533691,11.40845312010791,10.750951843950594,11.042818323781265,47894200
2020-06-05,11.28978157043457,12.242356037815444,11.228841626831379,11.99859993389398,71092200
2020-06-08,11.6714506149292,11.806158845005486,11.385999004656469,11.488633264001791,44528000
2020-06-09,11.47901439666748,11.892759540625503,11.264123024236914,11.3988312861406,57456600
2020-06-10,10.97225570678711,11.67786726984192,10.97225570678711,11.661830893669622,54692400
2020-06-12,10.696423530578613,10.866412510400178,10.523228989048269,10.584167695929608,57919800
2020-06-15,10.606620788574219,10.686803891737615,10.167217725817986,10.26343720491465,67145600
2020-06-16,10.744538307189941,11.11979472944591,10.61624482307829,11.065270793971731,46683000
2020-06-17,11.065267562866211,11.151865455830018,10.699632830461454,10.725290785693147,37890600
2020-06-18,11.03319263458252,11.267327088518266,10.840752502603362,10.962631130507155,37827600
2020-06-19,10.885656356811523,11.264120656835622,10.872827991681234,11.193560366379831,40652600
2020-06-22,10.661147117614746,11.03961028091266,10.58417079169998,10.972256760422987,30278400
2020-06-23,10.754157066345215,10.917731276809562,10.6162420353643,10.840754961856277,32578000
2020-06-24,10.333998680114746,10.776608526641377,10.23457119218639,10.693218638070245,48896200
2020-06-25,10.587376594543457,10.600206184920571,10.289096571006562,10.372486461463648,38026800
2020-06-26,10.205704689025879,10.54568146745211,10.205704689025879,10.471913163580728,29613800
2020-06-29,10.72529125213623,10.72529125213623,10.244193253271927,10.317960948331065,36642000
2020-06-30,10.311548233032227,10.654731839217392,10.269852674071307,10.65152382972194,50537400
2020-07-01,10.606620788574219,10.670767515804348,10.32116913707206,10.398144230950567,34025600
2020-07-02,10.63548755645752,10.981879175516285,10.584170415504053,10.786232193288333,39952000
2020-07-03,10.744538307189941,10.744538307189941,10.48153776590866,10.622659619633605,16389200
2020-07-06,11.119792938232422,11.222428443087278,10.927353966560998,11.020366666384282,38240600
2020-07-07,10.67397689819336,11.020368575402664,10.67397689819336,11.001124185503029,46336600
2020-07-08,10.93376636505127,10.969047120939026,10.750949014993692,10.81188772384726,35296200
2020-07-09,10.892072677612305,11.007536544445177,10.84396354876333,10.962634201453968,22495200
2020-07-10,10.94980525970459,11.013951992133746,10.760573071962014,10.869622150042433,28386800
2020-07-13,10.840752601623535,11.158278149366238,10.840752601623535,11.049229107297675,28398200
2020-07-14,11.01716136932373,11.03640576062774,10.74453922175286,10.85038153867875,28635800
2020-07-15,11.126206398010254,11.24808505130196,11.029986923726062,11.129414407134691,29564600
2020-07-16,11.03319263458252,11.084509758410947,10.930558386925666,11.036399419541972,20156600
2020-07-17,11.373169898986816,11.373169898986816,11.055645528005792,11.065267107884933,34155600
2020-07-20,11.32827091217041,11.443734798859142,11.183941053809496,11.382796069105554,31739400
2020-07-21,11.382796287536621,11.610516055377412,11.312234750206729,11.466186194246868,38402600
2020-07-22,11.28978157043457,11.44693977304921,11.132622144322829,11.434111405945945,27256200
2020-07-23,11.01716136932373,11.309027908198612,10.972259013111817,11.309027908198612,28490200
2020-07-24,10.888864517211914,11.10375462397119,10.79264504816303,10.904900891470573,34400000
2020-07-27,11.196767807006836,11.24808494102174,10.757364770535663,10.808681904550566,47563600
2020-07-28,11.23525333404541,11.47580258594873,11.081301959646897,11.129412299426267,34111000
2020-07-29,11.530332565307617,11.530332565307617,11.273746833470591,11.347515154905157,26202600
2020-07-30,11.161486625671387,11.398829126196084,11.071681950417307,11.26412088981803,46309600
2020-07-31,10.770195007324219,11.216012865283076,10.766986998038396,11.19356169427055,41402600
2020-08-03,11.01716136932373,11.238467587078794,10.834343934176687,10.981881820512545,48061400
2020-08-04,10.680389404296875,11.097341308056771,10.587376708308955,10.866414796272712,41548800
2020-08-05,10.690014839172363,10.89528344392919,10.552099765945611,10.843966292739983,28369200
2020-08-06,11.01716136932373,11.042820557729078,10.629075320923684,10.82792913707535,36534600
2020-08-07,10.940184593200684,11.206391903328521,10.77661035064864,10.904903826238586,37123600
2020-08-10,11.042817115783691,11.097341038904277,10.824718976307217,10.943389626949779,19452000
2020-08-11,10.88244915008545,11.190351924236284,10.872827570736007,11.09733924553545,28091600
2020-08-12,10.824721336364746,11.03961151339312,10.648318714841972,10.904904457374855,36059200
2020-08-13,10.606620788574219,11.033195484682071,10.6002059935015,10.869621269070393,30023600
2020-08-14,10.641901969909668,10.744536248131455,10.516816519795437,10.61624278860567,21617400
2020-08-17,10.369278907775879,10.69642487368768,10.228155871071898,10.638692944762777,43903600
2020-08-18,10.510400772094727,10.574547496045119,10.39173012805955,10.55209632618703,29049000
2020-08-19,10.462291717529297,10.574548804203857,10.430218963334935,10.536060030974047,20797400
2020-08-20,10.47191047668457,10.49756842542749,10.231360630925073,10.295506726279047,45816600
2020-08-21,10.568134307861328,10.609829868292165,10.36928053453279,10.423804462906267,23354800
2020-08-24,10.87436580657959,11.053166785973364,10.663054769030275,10.692313201304303,38818600
2020-08-25,10.809346199035645,11.036911630199603,10.74432732725568,10.981645155140493,23659400
2020-08-26,10.549271583557129,10.871113065421554,10.422485470087398,10.773585381224207,33250800
2020-08-27,10.646800994873047,10.8711148289282,10.520014860836135,10.56877809077926,31874800
2020-08-28,10.85486125946045,10.893872094462033,10.721573103083957,10.734577128128514,22764600
2020-08-31,10.61429214477539,10.854860388128577,10.61429214477539,10.854860388128577,27937200
2020-09-01,10.796346664428711,10.919882448148241,10.702069323165585,10.776841862879337,24709200
2020-09-02,10.809346199035645,10.84835702605089,10.643549254121975,10.809346199035645,19689200
2020-09-03,10.97839641571045,11.309991595388965,10.763834974757529,10.789841783289875,59667800
2020-09-04,11.036913871765137,11.173452414115,10.835356444430161,11.08567710540491,41730000
2020-09-08,10.812597274780273,10.952387423984465,10.750830024718942,10.903624197135597,26920800
2020-09-09,10.79959774017334,10.962144358826727,10.715072803999501,10.916631504024943,25182400
2020-09-10,10.57528018951416,10.887370568316422,10.546021755255573,10.773587217252139,26774800
2020-09-11,10.402982711791992,10.627296580067423,10.31195638984002,10.591537368706668,29421200
2020-09-14,10.55394172668457,10.628954140780442,10.33868833367382,10.508282104550682,22023800
2020-09-15,10.433269500732422,10.632215449749676,10.394132857871796,10.632215449749676,23170200
2020-09-16,10.4658842086792,10.63873886210665,10.439792282960303,10.4658842086792,27629600
2020-09-17,10.485450744628906,10.531110360018198,10.338686806498172,10.374561951990215,20419000
2020-09-18,10.221275329589844,10.443051663653865,10.159308266350642,10.42022185668826,31935000
2020-09-21,10.071250915527344,10.15278630404124,9.917964609064857,10.01580682645527,26836000
2020-09-22,10.051682472229004,10.332164404311202,10.006022854286558,10.061466942673373,21468600
2020-09-23,9.8429536819458,10.090821374971277,9.807077906540638,10.061468580924462,25536600
2020-09-24,9.921223640441895,10.07777139829504,9.754891414448366,9.842949761515321,31886600
2020-09-25,9.882087707519531,9.940793280058019,9.774461031887498,9.862519390695228,18700200
2020-09-28,9.950578689575195,10.361517114102076,9.823383685102222,10.012545757782947,61166400
2020-09-29,9.705972671508789,10.00602292452018,9.702711181337772,9.934271384889115,36925800
2020-09-30,9.660313606262207,9.820122901396605,9.611391872962026,9.780985639169597,28394000
2020-10-01,9.715754508972168,9.751629646999596,9.51028503834159,9.72553835476807,24017400
2020-10-02,9.689663887023926,10.025589863615924,9.559207408466786,9.591821683622461,33953200
2020-10-05,9.859258651733398,9.908179758552638,9.568992878815703,9.751631967904821,25093600
2020-10-06,9.79403018951416,10.045158690220479,9.745108463262435,9.95057797173603,21485000
2020-10-07,9.722278594970703,9.927748102152119,9.696187298097811,9.84947421153344,24819800
2020-10-08,10.191923141479492,10.27019703655818,9.670096552222617,9.754893427407602,36396200
2020-10-09,10.123435020446777,10.328903943734286,9.989716399307394,10.146264831693646,27753200
2020-10-13,10.126693725585938,10.250627848830792,10.006021714183156,10.136478194915448,21598600
2020-10-14,10.061468124389648,10.283244503984475,10.061468124389648,10.146265012003301,20747600
2020-10-15,10.129958152770996,10.253892311953338,9.855999152759841,9.931012195239996,25508400
2020-10-16,9.872304916381836,10.116911080085654,9.86578193605398,10.081035310348087,25159400
2020-10-19,9.979928970336914,10.165829506171685,9.885347646735095,9.921223407006885,31180200
2020-10-20,10.439788818359375,10.449573909322378,10.084295157335806,10.084295157335806,43185400
2020-10-21,10.518062591552734,10.589814114330206,10.371298678658357,10.416958908261885,32409600
2020-10-22,10.974664688110352,10.984448537409218,10.452837412516136,10.472406355245266,60056200
2020-10-23,10.93552303314209,11.183391245744506,10.870295734791846,10.98118263963965,38177000
2020-10-26,10.925739288330078,11.033366571039782,10.717008945763236,10.873556702688369,28741000
2020-10-27,10.69091796875,11.12142464909355,10.61264470548631,11.020321580367028,30657800
2020-10-28,10.156045913696289,10.449573755648059,10.143000577423729,10.420220971452881,30777000
2020-10-29,10.097341537475586,10.208229708179555,9.797291925059675,10.149524754923576,38897400
2020-10-30,9.719016075134277,10.067987989167223,9.65704964041902,10.00928242190812,43963800
2020-11-03,9.816863059997559,10.032116483238465,9.75163448601786,9.921228280712448,34308800
2020-11-04,9.888609886169434,10.061465099968595,9.80707451359605,9.917962670061094,27452200
2020-11-05,10.009283065795898,10.152784881587799,9.927747688705498,9.996237106869966,37385000
2020-11-06,9.944053649902344,9.99949772638134,9.842949965287293,9.947315139349993,25723200
2020-11-09,10.66482925415039,10.74962551227953,10.436529913467036,10.478928664597264,67562000
2020-11-10,11.209482192993164,11.356246106166395,10.67461037087828,10.68765632852279,84088600
2020-11-11,11.140993118286133,11.339939623919443,10.880080178165,11.196437817885581,54251600
2020-11-12,10.674614906311035,11.131213664820644,10.560465838749398,11.085554037795989,49990800
2020-11-13,10.77897834777832,10.818114986761717,10.56698707949787,10.759410650352281,34679000
2020-11-16,11.056198120117188,11.170347155440016,10.909434186036997,10.945309952604507,46421800
2020-11-17,11.218498229980469,11.287383443574,10.956077474871162,11.028242400450681,37379000
2020-11-18,11.244741439819336,11.36611207475211,11.080728285790135,11.175856215444126,40040200
2020-11-19,11.356268882751465,11.513721338944727,11.149613237865807,11.218498452827694,42006200
2020-11-23,11.323464393615723,11.503878550475047,11.254579193030994,11.33658574172347,35029000
2020-11-24,11.625248908996582,11.82862606849358,11.39563155363019,11.39563155363019,45083600
2020-11-25,11.592445373535156,11.687573267055544,11.366107757423052,11.612127395018177,27416200
2020-11-26,11.408751487731934,11.543242187366953,11.28738213716392,11.503879391486652,18337000
2020-11-27,11.352986335754395,11.582604912943681,11.316903255597719,11.44483326610188,19264400
2020-11-30,11.10696792602539,11.343147203074897,11.070884841884968,11.316904505037968,38819000
2020-12-01,11.412034034729004,11.602288617326387,11.264421965537393,11.326746505275676,38767600
2020-12-02,11.46123218536377,11.58916342330678,11.333302198741102,11.41202901814293,24585200
2020-12-03,11.55964469909668,11.76958128251334,11.441555058094623,11.477638142992001,43149800
2020-12-04,11.802384376525879,11.802384376525879,11.55308497601533,11.677734050610182,28255400
2020-12-07,11.85815143585205,12.225540547378767,11.68101693069199,11.746622442009166,47991600
2020-12-08,11.959836959838867,12.327227266477614,11.82862720860005,11.979518985619077,37948600
2020-12-09,11.795821189880371,12.104166601425916,11.789260516089978,12.012318419681003,25710600
2020-12-10,12.409231185913086,12.46499503675944,11.884388538836122,11.89094921269815,52704600
2020-12-11,12.625731468200684,12.704457070922368,12.192735647947849,12.268182789927396,49940400
2020-12-14,12.667510032653809,12.940602409848777,12.63460791124656,12.697122443974521,49645200
2020-12-15,12.828734397888184,12.996537237812953,12.667510978627815,12.667510978627815,30496600
2020-12-16,12.94718074798584,13.091953082403803,12.581962712400077,12.904408244758145,53018000
2020-12-17,12.960341453552246,13.085371757482188,12.80240903259957,12.953760779120637,23017400
2020-12-18,12.8649263381958,13.039311110494454,12.79912208992447,12.927442131243378,24947600
2020-12-21,12.433900833129883,12.660928467203588,12.394416784054586,12.53918912039323,37437200
2020-12-22,12.598416328430176,12.785961204135875,12.502998407769908,12.549061885292623,21540800
2020-12-23,12.805700302124023,12.891247825020262,12.591834005154354,12.690541623381545,18352600
2020-12-28,12.94718074798584,13.012986240436243,12.897827569999567,12.93731036341566,15154400
2020-12-29,12.871504783630371,13.029437211358523,12.815570931265038,12.996535092924253,14602800
2020-12-30,12.766218185424805,12.947182370996888,12.720154711475788,12.924150634022379,17188000
2021-01-04,12.368096351623535,12.92744120792892,12.338483939962206,12.907699181776202,27749200
2021-01-05,12.239776611328125,12.322033172889288,12.075263488205799,12.322033172889288,31908000
2021-01-06,12.519447326660156,12.743185255003377,12.299000363368243,12.34835354291914,41133400
2021-01-07,13.016274452209473,13.0623379106409,12.476670532360295,12.542476010891669,43757400
2021-01-08,13.091955184936523,13.345305555719973,12.927442054957837,13.1116959572472,32480600
2021-01-11,12.878087043762207,13.128147693134872,12.766218070124019,13.012987754166888,33761400
2021-01-12,12.996538162231445,13.091956085414564,12.795831929030976,13.049182317240122,31038000
2021-01-13,12.354937553405762,13.06234461416927,12.252940201715965,12.996539101866844,69732400
2021-01-14,12.325324058532715,12.552352993379536,12.121328117844307,12.424031690792548,79070400
2021-01-15,11.943653106689453,12.322033811536361,11.943653106689453,12.239777245711867,58294800
2021-01-18,11.82191276550293,12.183841123220551,11.782429968602122,12.062101767280694,47699600
2021-01-19,11.621208190917969,11.953525438931031,11.529081233513473,11.943653796969363,39025200
2021-01-20,11.361273765563965,11.706752263896568,11.354693091248219,11.677139857043354,45387200
2021-01-21,11.24611759185791,11.453404485706976,11.098055524822863,11.367856955804253,46607000
2021-01-22,11.084896087646484,11.1276698599849,10.93683525017681,11.061864346034055,40811400
2021-01-26,10.788769721984863,11.265857977284307,10.72954490380229,11.173729785036203,53844600
2021-01-27,11.104635238647461,11.196762181206227,10.699933127233008,10.769028334152082,50160400
2021-01-28,11.364567756652832,11.499468478211227,11.015799455853646,11.045411870592593,41864200
2021-01-29,11.140828132629395,11.407338570475742,11.071732926901484,11.219793723422596,34985600
2021-02-01,11.28231143951416,11.35140665706373,11.130959651985867,11.292181826268198,33525200
2021-02-02,11.206633567810059,11.548819884623509,11.134247397361333,11.436950918991585,39601800
2021-02-03,11.295469284057617,11.430369966722962,11.246114855343482,11.285597645233635,20946000
2021-02-04,11.249407768249512,11.423792545598184,11.193473904571972,11.384308489329268,20148400
2021-02-05,11.173730850219727,11.344824646264584,11.121086701831732,11.279019146995717,25487200
2021-02-08,11.144122123718262,11.269152488163682,11.05528485859672,11.167153867808745,23303200
2021-02-09,11.279021263122559,11.351407451412683,11.071735595968406,11.11121840088314,30614000
2021-02-10,11.124377250671387,11.344824221563695,11.104635225089131,11.279018724758297,28457600
2021-02-11,11.167147636413574,11.305339278979885,11.10792282604733,11.186889658247395,19888000
2021-02-12,11.104635238647461,11.232955267250158,10.92367106356326,11.107924948680791,35346000
2021-02-17,10.976313591003418,11.130956297604301,10.966443207223879,11.084891577984155,27143800
2021-02-18,10.943410873413086,11.065151471262636,10.867734997934779,10.976314246535402,34331400
2021-02-19,10.736125946044922,10.99276599686231,10.703222570853317,10.897348091509794,54815000
2021-02-22,9.485825538635254,9.824722758338673,9.39698831197984,9.706273122798121,204072200
2021-02-23,10.165962219238281,10.282889285260525,9.861952229901192,9.888678361803311,95536000
2021-02-24,10.125870704650879,10.316294436527413,9.945469509210366,10.2728647197069,41196000
2021-02-25,9.84190845489502,10.383113494001478,9.795137877180125,10.169304410503287,54625400
2021-02-26,9.37086009979248,9.96885826785464,9.324089521178042,9.892020706644823,93719600
2021-03-01,9.30738353729248,9.618075186267316,9.26061233347614,9.571303982450976,55568800
2021-03-02,9.664849281311035,9.818524420407869,9.026762158675835,9.170415393954167,72674600
2021-03-03,9.684892654418945,9.915405974756995,9.357497330415034,9.62141784271979,53904800
2021-03-04,10.03567123413086,10.17932377808154,9.721638743045496,9.758386771869542,47893000
2021-03-05,10.222756385803223,10.369750445058797,10.039013652433427,10.072421480064419,46278000
2021-03-08,9.755046844482422,10.279547535190336,9.711616485709746,10.018967294157855,49536400
2021-03-09,9.684892654418945,10.00560692235032,9.638122075904484,9.845249469783962,46114200
2021-03-10,9.988903045654297,9.992243892410466,9.574647605909856,9.748367814022437,41561200
2021-03-11,10.03901195526123,10.229436349404777,9.878655174383596,10.122531191618483,42769200
2021-03-12,10.071145057678223,10.111429919643646,9.95700536246671,10.004003834504571,24629400
2021-03-15,10.00064468383789,10.13156932979031,9.936860602855896,10.004001167826322,29175800
2021-03-16,10.02750301361084,10.044287998084103,9.822722873445242,10.034216623216476,37046600
2021-03-17,10.306138038635254,10.390064242075912,9.916720505895091,9.95364760000082,44209000
2021-03-18,10.218852996826172,10.544486381066806,10.208781623591756,10.309492794711867,43460800
2021-03-19,10.306138038635254,10.383349992127192,10.020788818875793,10.128214256830857,55346800
2021-03-22,10.336353302001953,10.423636005132352,10.14835811292019,10.245712833013199,24805400
2021-03-23,9.96372127532959,10.33299678378736,9.96372127532959,10.329639658037912,42922400
2021-03-24,9.782439231872559,10.16850032587064,9.769011370683845,10.03086074677261,36567800
2021-03-25,9.923434257507324,10.01743183721584,9.738796863418807,9.802580958231948,35524800
2021-03-26,9.95700454711914,10.044287873975069,9.805937127501936,9.936862437938883,29058800
2021-03-29,10.004003524780273,10.094643981166625,9.83615111234902,9.940220069076817,29090000
2021-03-30,10.31285285949707,10.332995611708949,9.940220907864001,9.950291643663748,34844000
2021-03-31,10.222212791442871,10.319566863581949,10.148357315710284,10.289353376292468,25287800
2021-04-01,10.054360389709473,10.339708996447799,10.03757476323263,10.329638260867874,26105200
2021-04-05,10.040931701660156,10.188642010376483,9.943577631131012,10.124857911563906,25271000
2021-04-06,9.920077323913574,10.104715361871193,9.886507353654133,10.06443050113127,28033600
2021-04-07,9.856294631958008,10.051003419959343,9.816009768096336,9.910007356902776,39545400
2021-04-08,9.77236557006836,9.933503697922978,9.735437842320257,9.910004467649095,36282400
2021-04-09,9.799222946166992,9.963718215536904,9.7622952145696,9.77236658872509,42761800
2021-04-12,9.920077323913574,9.920077323913574,9.812651882348629,9.886507353654133,19441800
2021-04-13,9.920077323913574,9.96371930974067,9.779081271783049,9.883150228566961,26578800
2021-04-14,9.936863899230957,10.02414723892257,9.839509183315089,9.943578150047127,39591600
2021-04-15,9.95029067993164,10.0946438552712,9.852936614894858,9.946933554888147,36495800
2021-04-16,9.993934631347656,10.020790996673059,9.903294158259575,9.933507649288936,25956600
2021-04-19,9.943578720092773,10.134930397180037,9.92679309209006,10.004005059983827,43004200
2021-04-20,10.104714393615723,10.225567683642794,9.946932731168317,9.946932731168317,47233800
2021-04-22,10.014076232910156,10.212142157166106,9.953649253943091,10.208785031633912,35732200
2021-04-23,10.094642639160156,10.168498100607312,10.01407356874094,10.040929925547346,28495400
2021-04-26,10.104714393615723,10.25578116622608,10.03085892938721,10.12149937713707,19695400
2021-04-27,9.993934631347656,10.104717218353224,9.957006888910382,10.091288715537395,25809600
2021-04-28,10.171854019165039,10.195353890331338,10.02078726064636,10.067785722366924,30427200
2021-04-29,9.95029067993164,10.245711280697746,9.926791444933318,10.171855810353154,29384800
2021-04-30,9.95029067993164,10.02078902523274,9.883150099980167,9.96036205506212,25312200
2021-05-03,9.987217903137207,10.081215478618105,9.920076686321408,10.010717136930907,20199000
2021-05-04,9.859648704528809,10.06107104055356,9.799221747598988,10.037571810704405,24475400
2021-05-05,9.822723388671875,9.930148831670165,9.671655959264186,9.930148831670165,32421800
2021-05-06,9.805938720703125,9.87979420020711,9.718656019972212,9.812652971622798,31321000
2021-05-07,10.051000595092773,10.232280830755421,9.990573636436556,10.07114270120951,53601600
2021-05-10,10.181928634643555,10.259140600714831,10.037575438758687,10.08457455575069,29152800
2021-05-11,10.255780220031738,10.255780220031738,10.081214230474455,10.104713461358742,22437600
2021-05-12,10.188640594482422,10.34977874143111,10.131570754066502,10.188640594482422,27599800
2021-05-13,10.460562705993652,10.524346804530708,10.205426952151592,10.238997564029313,44067800
2021-05-14,10.460562705993652,10.651914361298656,10.393421482238207,10.608273014071932,24169000
2021-05-17,10.6451997756958,10.69555601207999,10.453848126415538,10.520989348057029,25101000
2021-05-18,10.7929105758667,10.866764766138902,10.64519963409775,10.64519963409775,29673200
2021-05-19,10.977550506591797,11.011120484409368,10.584775747247159,10.675415583783396,29905600
2021-05-20,11.011116027832031,11.078257236905383,10.930547601433648,10.994331045716706,34823400
2021-05-21,11.105117797851562,11.152116275107199,10.977549587720224,11.07826079335551,29453600
2021-05-24,11.178018569946289,11.229012400438094,11.144021386091794,11.198415583399028,22198400
2021-05-25,11.028434753417969,11.225614550626194,10.950243167343704,11.198416800586395,19141000
2021-05-26,11.212015151977539,11.249411408105711,10.967240600491344,11.079429368875864,32237400
2021-05-27,11.364997863769531,11.422791127582606,11.113423905702323,11.198414914975586,35845600
2021-05-28,11.40239429473877,11.443189616710992,11.286806468434218,11.33780029668452,18165200
2021-05-31,11.38539981842041,11.490787873673732,11.337803748625026,11.39219796010231,13159000
2021-06-01,11.551979064941406,11.565577939131384,11.388796465241743,11.49078542794653,21480400
2021-06-02,11.96673583984375,12.024529110779344,11.545179811276896,11.555379615511445,52695800
2021-06-04,12.153717994689941,12.184314819138399,11.874947503875246,11.898744889906236,27855000
2021-06-07,12.41549015045166,12.49368174452204,12.068726583143738,12.160517053624678,43566400
2021-06-08,12.340691566467285,12.46647786934,12.160511081525861,12.374688740797477,41678000
2021-06-09,12.102723121643066,12.36109659975827,11.89194571349878,12.30670238808038,42585400
2021-06-10,12.068726539611816,12.29990225031658,12.068726539611816,12.18771346562446,23587200
2021-06-11,12.034724235534668,12.102715987407437,11.912337007188421,12.102715987407437,18991400
2021-06-14,12.167442321777344,12.242592581291522,12.071797484623428,12.191353531065822,18890200
2021-06-15,12.126453399658203,12.232346842110134,11.972737532570996,12.232346842110134,20392600
2021-06-16,12.211852073669434,12.341656740289283,12.092296001166584,12.160613012274807,31462400
2021-06-17,11.92149829864502,12.372397250737905,11.883923168793416,12.239177283491804,37774200
2021-06-18,11.904419898986816,11.965906249304721,11.696050937424376,11.928331112658956,35907200
2021-06-21,11.812190055847168,11.93857806835324,11.76095100325818,11.873675094665423,20113800
2021-06-22,11.562830924987793,11.860015418827397,11.460354097450905,11.829272240259975,37191000
2021-06-23,11.562830924987793,11.733626071903794,11.51159316275113,11.576494849476328,21822400
2021-06-24,11.58674144744873,11.689219571912362,11.549167611950677,11.665308357021111,14805200
2021-06-25,11.238317489624023,11.672135873319545,11.207574321174572,11.641394007933226,25363200
2021-06-28,11.152923583984375,11.333966022234122,11.023118907829538,11.248568449012383,32851400
2021-06-29,11.077770233154297,11.193910952678278,11.006036604259155,11.169999743046565,20347400
2021-06-30,10.975295066833496,11.108515055472845,10.947967221439072,11.057275996889993,18033400
2021-07-01,10.859152793884277,11.05044247233161,10.831824952355683,11.006036684442455,20781400
2021-07-02,10.978707313537598,11.081184098868002,10.876230528207193,10.913805653543047,15805800
2021-07-05,10.91038990020752,10.968460253508054,10.869398794305926,10.934300455647122,11764400
2021-07-06,10.746426582336426,10.876231213568131,10.69860416637293,10.862567293846245,16258400
2021-07-07,10.889896392822266,10.91039227600191,10.684942773279165,10.838657987936491,15518200
2021-07-08,10.859152793884277,10.883064003690194,10.613207432379756,10.66102985199159,34024400
2021-07-12,11.135839462280273,11.15292001390794,10.924053913341222,10.937717833418098,17936000
2021-07-13,11.088021278381348,11.135843713845459,10.968465189721071,11.070942023296114,15393000
2021-07-14,11.163169860839844,11.4159459248783,11.08801958625701,11.200744998131261,32931200
2021-07-15,10.992371559143066,11.207573726877845,10.917221306237543,11.108512266786576,18692400
2021-07-16,10.859152793884277,11.111928812707742,10.835240932546757,11.033363222907843,16104600
2021-07-19,10.777170181274414,10.824993250682423,10.695188614258429,10.72593178333087,14064600
2021-07-20,10.968461036682129,10.992372245360572,10.691772518036093,10.794249964341445,15092400
2021-07-21,11.077770233154297,11.14950386204944,10.937718303998603,10.937718303998603,19714000
2021-07-22,10.913808822631836,11.118762452805896,10.889896957681941,11.060692735379826,13675600
2021-07-23,10.855737686157227,11.00262093698865,10.80108330177073,10.927471321340132,10730800
2021-07-26,11.023117065429688,11.040196316606703,10.842074005907635,10.842074005907635,12075600
2021-07-27,11.074355125427246,11.125594183439599,10.934303176998638,10.947967099543716,14935000
2021-07-28,11.238317489624023,11.238317489624023,11.067522398918875,11.125592104288323,18250800
2021-07-29,11.06069278717041,11.248567166220235,11.006038398663854,11.23831987558257,15226200
2021-07-30,10.804498672485352,11.118761709688778,10.74301297846152,10.947966594937604,26820400
2021-08-02,10.951385498046875,11.200746260928437,10.913810356519152,10.924057648549045,23384600
2021-08-03,10.889896392822266,11.043612910542926,10.732765197634999,11.009453105243521,16356000
2021-08-04,10.729349136352539,10.879649020880388,10.640535597837523,10.84890584787397,17454200
2021-08-05,10.538058280944824,11.118761256511599,10.527810339926042,10.94796614872167,38815000
2021-08-06,10.859152793884277,10.896727272922888,10.5551370721947,10.613207432379756,23521600
2021-08-09,10.760091781616211,11.016284443083263,10.760091781616211,10.848905315775252,20401000
2021-08-10,10.486821174621582,10.958216095223063,10.486821174621582,10.790836295560357,45841200
2021-08-11,10.384344100952148,10.53464400251767,10.326273728860814,10.53122802162621,45073400
2021-08-12,10.158893585205078,10.432166166127818,10.11107116044456,10.394591031512169,43326800
2021-08-13,10.07691478729248,10.257957897683438,9.971021966871884,10.216966771196708,50579000
2021-08-16,10.059833526611328,10.264787163606636,10.029090350755688,10.07008081754206,32244400
2021-08-17,10.018836975097656,10.1418096118324,9.906112275267931,10.083739272433368,32961000
2021-08-18,10.066662788391113,10.278448995466245,9.99834514047096,10.046167559168225,32465800
2021-08-19,10.134980201721191,10.216961762976517,9.94710587195251,9.984680346987327,24213600
2021-08-20,10.148642539978027,10.196465601645475,10.022254555609672,10.070076965745647,20974400
2021-08-23,10.240875244140625,10.28186635963581,10.128150490943463,10.158893664681932,37757000
2021-08-24,10.575520515441895,10.6308173013138,10.40963015782618,10.485663073602629,31057600
2021-08-25,10.540958404541016,10.544414535579682,10.413084192868736,10.530590011425017,16490000
2021-08-26,10.392351150512695,10.57206606272926,10.378527281444384,10.478752474556453,15668000
2021-08-27,10.551328659057617,10.575520921406538,10.368157636831956,10.475295081172769,12122600
2021-08-30,10.451102256774902,10.572064221204013,10.416541601339487,10.53404743430609,13065600
2021-08-31,10.516765594482422,10.67919978963674,10.451100426573417,10.471836552527476,27641400
2021-09-01,10.52713394165039,10.651552023008072,10.499485552369752,10.547870728003069,13138200
2021-09-02,10.091672897338867,10.523679431314168,10.064024505532036,10.471838119885406,29610200
2021-09-03,10.067480087280273,10.2022665755964,9.943062652390331,10.157337526427805,28068800
2021-09-06,10.247194290161133,10.257562683714253,10.02255103669385,10.064023951716706,11824000
2021-09-08,9.815190315246582,10.153883348524936,9.787541917819569,10.140059479406325,26706800
2021-09-09,9.987992286682129,10.126234264443074,9.732244463026946,9.867030308945148,27122600
2021-09-10,10.019094467163086,10.333595140095456,10.019094467163086,10.191897063683712,34482800
2021-09-13,10.24028205871582,10.354331751386052,10.160793018804062,10.271386580279485,20121200
2021-09-14,10.165419578552246,10.321917924005117,10.116731499222611,10.234974546159151,16357000
2021-09-15,10.085433959960938,10.182810802509454,10.057612099707857,10.175855171614815,16628800
2021-09-16,10.248887062072754,10.301053629215321,10.026312185346173,10.061089675666064,30809000
2021-09-17,10.064566612243652,10.273230872618045,10.064566612243652,10.17237622582902,37796400
2021-09-20,9.737658500671387,9.93588929973157,9.647237306423254,9.84894592026129,31646200
2021-09-21,9.984579086303711,10.001968163164712,9.772437655203163,9.904591322719481,27290800
2021-09-22,10.217585563659668,10.363650466275718,10.05065443590571,10.085431920019118,49030800
2021-09-23,10.241931915283203,10.342785905786446,10.179332566468906,10.262798143779488,32272200
2021-09-24,10.161942481994629,10.276707722328872,10.144554070526711,10.179331556787925,24134400
2021-09-27,10.387996673583984,10.506239075369617,10.144554912866983,10.175854586768468,37552400
2021-09-28,10.175856590270996,10.50276399131424,10.10282378234645,10.297577494594863,31860200
2021-09-29,10.231497764587402,10.321918966276666,10.172376235149246,10.266275251902565,23874000
2021-09-30,10.050655364990234,10.294097112962564,10.050655364990234,10.294097112962564,23068800
2021-10-01,10.27670669555664,10.29061795400137,10.050654052432316,10.095864979052369,18931200
2021-10-04,10.154987335205078,10.273230388399789,10.05761050806668,10.262796943708949,19529200
2021-10-05,10.638394355773926,10.704471524751696,10.151511453990151,10.189766098492656,58411600
2021-10-06,10.655780792236328,10.69055827804925,10.374084417469868,10.48537184141092,31716600
2021-10-07,10.54449462890625,10.808802624027372,10.495806540942644,10.687081740792909,23374400
2021-10-08,10.767069816589355,10.860968843243738,10.60013865586521,10.60709428672675,26906200
2021-10-11,10.683603286743164,10.84357946571367,10.638393016812065,10.801846347578849,15460000
2021-10-13,10.697514533996582,10.770546661485415,10.551449615693508,10.683603273527048,20400800
2021-10-14,10.645347595214844,10.829667135174173,10.624480706546533,10.774023425376035,21292800
2021-10-15,10.982688903808594,11.059198847553406,10.641870977137955,10.714903105713628,28465800
2021-10-18,11.201786994934082,11.257430716165866,10.829669360449472,10.86792466754338,29963800
2021-10-19,10.652304649353027,11.083544479801876,10.62100563686648,11.083544479801876,45746800
2021-10-20,10.850534439086914,10.968777492764396,10.62448111314002,10.780979467514735,25801000
2021-10-21,10.370607376098633,10.76706901929201,10.207154042908915,10.607093501275532,51418400
2021-10-22,10.054133415222168,10.308007951003328,9.70635986045606,10.308007951003328,65578200
2021-10-25,10.262799263000488,10.360176112145096,10.109778689580539,10.109778689580539,22095800
2021-10-26,10.154987335205078,10.273230388399789,10.068043952757519,10.186287005952229,22256000
2021-10-27,10.144554138183594,10.398428661930476,10.144554138183594,10.182809439658602,15202400
2021-10-28,10.054133415222168,10.18628773749552,9.960234396237219,10.172376476908678,18392400
2021-10-29,9.911545753479004,10.144554048602577,9.873290452341806,10.144554048602577,22352000
2021-11-01,10.137598991394043,10.2906195412619,10.022833744824503,10.071521830240243,17584200
2021-11-03,10.203678131103516,10.377564942249348,10.057613183207994,10.102823462242672,22166400
2021-11-04,9.963712692260742,10.266275991372995,9.901113343249555,10.221065055609161,22132200
2021-11-05,10.186285972595215,10.283662126529833,10.043698229586823,10.085431340791159,15278200
2021-11-08,10.252366065979004,10.314965423146772,10.057613026265813,10.085434889081982,15958800
2021-11-09,10.238452911376953,10.648825783007045,10.238452911376953,10.572315181860533,41557200
2021-11-10,10.7079496383667,10.805325823438624,10.259321368597869,10.266276999910296,40790400
2021-11-11,10.502761840820312,10.826190696382113,10.502761840820312,10.815757914047317,42865600
2021-11-12,10.485370635986328,10.66969082527714,10.42277130138472,10.541014341559913,17486800
2021-11-16,10.33930778503418,10.58970517289401,10.26975347099289,10.530583641129931,17540200
2021-11-17,10.193243980407715,10.467985441460034,10.186289012569116,10.349742364972391,27624000
2021-11-18,10.116734504699707,10.241933218256008,10.05065733217549,10.214111355613,38862200
2021-11-19,10.102823257446289,10.19324447700824,10.054135163576596,10.137600751635583,37276400
2021-11-22,10.0471773147583,10.269752830454188,10.02283327319595,10.1723760008794,31387400
2021-11-23,10.467255592346191,10.495459689137597,9.977208485992278,10.181688355839652,32655800
2021-11-24,10.661157608032227,10.699938489408352,10.33328459533245,10.36501428510589,27828200
2021-11-25,11.2146635055542,11.2146635055542,10.68231063713148,10.706989808033658,49416600
2021-11-26,10.844486236572266,11.010185230296118,10.77045005814161,10.840960640224258,26635000
2021-11-29,10.862113952636719,11.154731736091756,10.862113952636719,10.99255833264286,23346400
2021-11-30,11.225242614746094,11.225242614746094,10.654108746362327,10.826858943774761,65184800
2021-12-01,11.034865379333496,11.563692806568753,11.034865379333496,11.45792759009724,51792200
2021-12-02,11.338056564331055,11.422669518898898,11.154729616831801,11.17235759588287,35298200
2021-12-03,11.352158546447754,11.514331913355392,11.22171419583362,11.355683469694771,34640600
2021-12-06,11.658883094787598,11.84573504112038,11.500234581449467,11.539015478585213,42535800
2021-12-07,11.493180274963379,11.845731833641732,11.450874464487667,11.845731833641732,25386200
2021-12-08,11.546063423156738,11.616574003113337,11.38741495447375,11.556639539443118,20586600
2021-12-09,11.288700103759766,11.60599567247786,11.239342432512322,11.56368986562425,19433200
2021-12-10,11.457924842834473,11.588368533710309,11.288700268079433,11.373311883018268,16587600
2021-12-13,11.362736701965332,11.658880068364047,11.362736701965332,11.457925785258935,24086800
2021-12-14,11.364505767822266,11.6693541185982,11.3077889622405,11.513385100604523,29018600
2021-12-15,11.16954517364502,11.42476779494272,10.896598336633083,11.417678108657027,44818600
2021-12-16,11.1340970993042,11.392864556330359,11.02066482642203,11.240439686103814,31537600
2021-12-17,10.751262664794922,11.102194006837525,10.68745684331269,11.031299175498122,45895200
2021-12-20,10.428689002990723,10.623650627066597,10.36488318387945,10.623650627066597,42582800
2021-12-21,10.457046508789062,10.669732335715167,10.457046508789062,10.545665546999139,23533800
2021-12-22,10.396787643432617,10.510219927159342,10.336526658189076,10.492496386368195,24956400
2021-12-23,10.357791900634766,10.449955772235018,10.336523522914565,10.386149962964879,14675600
2021-12-27,10.37906265258789,10.453502324842471,10.3507045856181,10.368428123933102,11492400
2021-12-28,10.318802833557129,10.418055741032978,10.283355076840158,10.400332200729354,17281400
2021-12-29,10.265629768371582,10.38969656562792,10.258540758670094,10.343614960074817,15332800
2021-12-30,10.226637840270996,10.347159794523257,10.198279773159266,10.325890737107223,25165600
2022-01-03,10.21600341796875,10.549211217084364,10.208913732089561,10.325890844657538,32338600
2022-01-04,10.226637840270996,10.332980422912566,10.14510848183848,10.3223465703142,23429600
2022-01-05,10.056488990783691,10.272718989362255,9.996228016334998,10.216002857658735,26325600
2022-01-06,10.138017654418945,10.230181531181158,9.996227334826916,10.074211841575138,20271000
2022-01-07,10.148652076721191,10.216002735857234,10.067122722883127,10.141563067424988,16377400
2022-01-10,10.201826095581055,10.311713537061717,10.084848967266865,10.116751881907986,18347400
2022-01-11,10.244359970092773,10.28689740296637,10.166375465285666,10.18055415883716,25298400
2022-01-12,10.34361457824707,10.407420395972675,10.226637471120004,10.251450694433377,28332200
2022-01-13,10.510217666625977,10.64137413904451,10.301076684945631,10.301076684945631,34316200
2022-01-14,10.779621124267578,10.871785016856599,10.527943348286154,10.527943348286154,34041800
2022-01-17,10.800887107849121,10.878872286777629,10.652007110751429,10.793798099308882,18899600
2022-01-18,10.896598815917969,10.967494329673839,10.715815864339255,10.744173934619658,24899800
2022-01-19,10.992304801940918,11.09155836110386,10.885961557957147,10.974580589888845,26745600
2022-01-20,11.059657096862793,11.165999680519112,10.988761590352143,11.027754186543966,22722000
2022-01-21,11.059657096862793,11.180179052265105,10.94976899416032,11.041932882180301,28721400
2022-01-24,11.112829208374023,11.254619555744135,10.971038861003914,11.034844010238183,31500600
2022-01-25,11.399951934814453,11.48148127993149,11.017117753276265,11.073833878236771,33262000
2022-01-26,11.29006576538086,11.566557411967887,11.229804791487902,11.453125149606937,39544600
2022-01-27,11.446035385131836,11.594914721370161,11.325513438178287,11.339692132820677,30914000
2022-01-28,11.51693058013916,11.55237765385648,11.350326358785546,11.446035080485334,29160000
2022-01-31,11.577193260192871,11.676446168817575,11.438947751117189,11.499208059290911,22021200
2022-02-01,11.559469223022461,11.637454420573727,11.46730465278562,11.626819214949842,16596200
2022-02-02,11.368051528930664,11.555923480619196,11.261708940280919,11.527566088014973,23883800
2022-02-03,11.446035385131836,11.548833794754996,11.350326660884676,11.371595717012674,23502600
2022-02-04,11.424766540527344,11.488572357873448,11.346781352166715,11.414132688376075,14768400
2022-02-07,11.293610572814941,11.4779383366305,11.286520887412125,11.389319297424128,17111400
2022-02-08,11.414131164550781,11.47439145498868,11.162452771519913,11.279429862334393,23846800
2022-02-09,11.3148775100708,11.52401779390798,11.23689300891303,11.378682642231052,32754200
2022-02-10,11.438947677612305,11.570103499197797,11.29361248282312,11.34323893681658,28688600
2022-02-11,11.839503288269043,11.906853266200772,11.499205175627834,11.50629486049735,64663600
2022-02-14,11.889130592346191,11.96002609396364,11.740249903727625,11.839504146879742,32971000
2022-02-15,12.452747344970703,12.654798639321466,12.385396012040994,12.583903139920332,98196600
2022-02-16,12.523641586303711,12.686700271992759,12.445656409574584,12.47046962903948,35496200
2022-02-17,12.523641586303711,12.665431218643256,12.46692411070504,12.516551901853878,28766200
2022-02-18,12.778862953186035,12.842668758457961,12.54136461862197,12.55199846876096,42354200
2022-02-21,12.505918502807617,12.842671125540067,12.396031758533754,12.810768217023956,24108800
2022-02-22,12.622895240783691,12.800133306276932,12.537820374370519,12.54845557780912,59700800
2022-02-23,12.686699867248535,12.80367627639128,12.622894061454673,12.69024403325086,26680600
2022-02-24,12.282599449157715,12.442112638918301,12.084092313336244,12.27550976371203,46761400
2022-02-25,12.48110294342041,12.48110294342041,12.240059091357404,12.303864896445788,34731400
2022-03-02,12.619351387023926,12.690246893017852,12.381852996996473,12.442113298148762,25371800
2022-03-03,12.620750427246094,12.787720043739004,12.544525348149559,12.649787959194022,25667200
2022-03-04,12.304959297180176,12.620749886076167,12.170656390643103,12.569933168857467,31877600
2022-03-07,11.778644561767578,12.257775743937934,11.724197270072342,12.167031180880638,30754600
2022-03-08,11.86938762664795,11.974651638824303,11.749604153898588,11.854868166074942,17963600
2022-03-09,12.540899276733398,12.562678471972893,12.000062415815673,12.018211052855793,55673000
2022-03-10,12.377556800842285,12.526377816289878,12.177919055922642,12.457412452670955,21721800
2022-03-11,12.130730628967285,12.595343660770222,12.065395827657113,12.435632368573117,24482400
2022-03-14,12.206955909729004,12.46829924339204,12.167028090580704,12.181547549298594,21501000
2022-03-15,12.068385124206543,12.218144080693433,11.966109729337832,12.203533110943793,20883800
2022-03-16,12.229104042053223,12.229104042053223,11.904017564090637,12.126830020234623,23502600
2022-03-17,12.342333793640137,12.415387244610809,12.093952896367064,12.221795390531726,21021400
2022-03-18,12.316766738891602,12.429998277462271,12.243713279355747,12.397124290340079,28675400
2022-03-21,12.568799018859863,12.619936019704303,12.294849605725709,12.345986606570149,18357400
2022-03-22,12.820832252502441,12.912148725507098,12.638199306493124,12.638199306493124,23499800
2022-03-23,12.755084037780762,12.857359433097592,12.67107305142039,12.784305977408078,16116200
2022-03-24,12.901185989379883,13.029028442654226,12.740469563352388,12.776995580465561,16706200
2022-03-25,12.893884658813477,13.047297045516157,12.809873677700999,12.91214767325033,15335400
2022-03-28,12.769696235656738,12.992508669917195,12.711253744160464,12.941371664030317,13350400
2022-03-29,12.824485778808594,12.988855710009009,12.696641879706577,12.930413222624285,18239600
2022-03-30,12.747783660888672,12.817183697658185,12.61263424079868,12.817183697658185,13437000
2022-03-31,12.674726486206055,12.985201931056297,12.5797565758287,12.703947032444551,45229200
2022-04-01,12.66741943359375,12.813526326840503,12.532271463036595,12.766041377528518,52307800
2022-04-04,12.550537109375,12.627242617401528,12.389819214410206,12.594368629193175,19774800
2022-04-05,12.218144416809082,12.539578793249836,12.185270430657427,12.517662338022465,29155400
2022-04-06,12.280240058898926,12.327725019490472,12.104912581382756,12.21814552021523,26493400
2022-04-07,12.506708145141602,12.634550684642127,12.167010662035436,12.170662708858659,30086000
2022-04-08,12.72951889038086,12.780657298199037,12.430000897198662,12.448265310966152,26147800
2022-04-11,12.8098783493042,12.871974293089544,12.565150801168159,12.656467300033105,20869200
2022-04-12,12.78430461883545,12.96328549658574,12.733167623300687,12.861010112137592,24837400
2022-04-13,12.846402168273926,12.948677576800526,12.747781592740953,12.934066605099732,25615800
2022-04-14,12.857358932495117,12.981549384318294,12.809873979138947,12.817179463761336,21384200
2022-04-18,13.332202911376953,13.332202911376953,12.828135671430946,12.85370416828385,45145200
2022-04-19,12.86100959777832,13.397950816176307,12.802567120450405,13.288371345358787,35773000
2022-04-20,12.842745780944824,12.882925242851103,12.714903305223464,12.87196771446884,22592400
2022-04-22,12.576105117797852,12.700295580217622,12.473831111115278,12.685684609726158,21846800
2022-04-25,12.674726486206055,12.766042957441863,12.408082557402945,12.510356559305844,22644800
2022-04-26,12.389820098876953,12.623591472479434,12.236409071872409,12.565148977423563,27945400
2022-04-27,12.44460678100586,12.711250671079785,12.382512258406354,12.546880768053784,19436600
2022-04-28,12.422694206237793,12.565149095568735,12.265631131418765,12.481136701843178,19950800
2022-04-29,12.13413143157959,12.667419213939345,12.090298528338472,12.492091781110599,34448000
2022-05-02,12.046470642089844,12.261977604358789,11.882100688939124,12.152398100051306,21440400
2022-05-03,12.294848442077637,12.408081357072495,12.02089905487147,12.046467552873754,25805000
2022-05-04,12.652811050415039,12.703948055484515,12.126828635356144,12.251019101972966,26092000
2022-05-05,12.32407283782959,12.565148290936468,12.053775442101797,12.550537319626011,28301400
2022-05-06,12.364249229431152,12.656463042196943,12.167006717206586,12.298501260896723,27666800
2022-05-09,12.397123336791992,12.521313790436947,12.167006838015336,12.188921898825262,20204000
2022-05-10,12.254670143127441,12.514008586644414,12.167007111162242,12.477482555555376,18495200
2022-05-11,12.524967193603516,12.638198723140329,12.174312287862037,12.247364348190795,27256600
2022-05-12,12.842745780944824,12.912145782996635,12.616281369647636,12.71124986684372,49017800
2022-05-13,12.824485778808594,12.948676238673483,12.72951586594666,12.9340652684826,71424800
2022-05-16,12.824485778808594,12.824485778808594,12.824485778808594,12.824485778808594,0
2022-05-17,13.306633949279785,13.332202445238728,13.186095559720318,13.208012010561637,44380000
2022-05-18,13.116697311401367,13.471005650519048,13.050949343454196,13.295678200452826,24974400
2022-05-19,13.039992332458496,13.208014304622944,12.948675861493632,13.113045787906142,18866200
2022-05-20,13.514833450317383,13.522138932901333,13.193399183515254,13.24818960620571,51585000
2022-05-23,14.084654808044434,14.099264386323766,13.609807982802986,13.62807239406531,50806000
2022-05-24,14.052336692810059,14.14155850394037,13.766085213854886,13.977985419890228,47841000
2022-05-25,13.96683120727539,14.05233466243267,13.680579769679783,13.951960671213506,34721600
2022-05-26,13.92594051361084,14.152711266964737,13.877613389684619,13.907353049167474,25567800
2022-05-27,13.773516654968262,13.888761166871404,13.654555218611812,13.888761166871404,26784000
2022-05-30,13.409198760986328,13.829282183517053,13.104359864815672,13.829282183517053,51416200
2022-05-31,13.613665580749512,13.810696664365512,13.38317791375638,13.435223378742,67388800
2022-06-01,13.639689445495605,13.754933997625093,13.40176648973521,13.754933997625093,26949600
2022-06-02,13.65084171295166,13.788390642287546,13.550467709987892,13.721474640311701,19103200
2022-06-03,13.461246490478516,13.613665964287332,13.372026096027435,13.609949038740453,17798400
2022-06-06,13.29395866394043,13.598799079810933,13.271654270726788,13.479836170762562,16750000
2022-06-07,13.201019287109375,13.331134386619865,13.145256888575824,13.234477293482614,15000600
2022-06-08,13.082056045532227,13.20101751485909,12.985400383503865,13.100644927347266,16033600
2022-06-09,13.063467979431152,13.230757981123949,12.981681441240784,13.030009979092593,21941200
2022-06-10,12.844133377075195,13.148972325904628,12.740042443757616,12.970530118160518,67795400
2022-06-13,12.550442695617676,12.80323609868096,12.453787061802732,12.680557739679987,28855400
2022-06-14,12.554301261901855,12.745311777538921,12.486885449624095,12.610480152983401,26059000
2022-06-15,12.752803802490234,12.917598661039401,12.610481359759142,12.674152490214505,27449200
2022-06-17,12.782763481140137,12.86890557481631,12.43819367771082,12.640441077850335,58546600
2022-06-20,12.880141258239746,13.08238866140965,12.573025466192696,12.812725457183111,28503600
2022-06-21,12.352051734924316,13.048680724764969,12.284635934054275,12.996246530471524,51527600
2022-06-22,12.307107925415039,12.498118402235066,12.153550035038283,12.284635516314323,49448000
2022-06-23,12.2284574508667,12.340816646402406,12.074899550265473,12.32583503933773,30994000
2022-06-24,12.157293319702148,12.352049889933735,12.022461738101478,12.31085119236415,18258200
2022-06-27,12.40822982788086,12.430700805005563,12.123585068689954,12.157292963101394,18872000
2022-06-28,12.45317268371582,12.70036342269474,12.314596425323296,12.509352981598253,24111000
2022-06-29,12.389505386352539,12.576771176868935,12.329578961811677,12.445684266272698,16232200
2022-06-30,12.501864433288574,12.576771034391463,12.074898664344062,12.228456553678923,36974000
2022-07-01,12.415722846984863,12.486883335127976,12.284635932542741,12.378268830547983,16754000
2022-07-04,12.374523162841797,12.445683645346914,12.284634959239703,12.400740257908131,10339200
2022-07-05,12.307107925415039,12.367032920959028,12.11235133271593,12.31085261256953,17375800
2022-07-06,12.2284574508667,12.389506155000264,12.059917943200794,12.239692941802863,21683600
2022-07-07,12.40822982788086,12.505607395778135,12.34081403905798,12.34081403905798,19425200
2022-07-08,12.528079986572266,12.599240463058303,12.382012918207852,12.423210186452774,17998200
2022-07-11,12.322090148925781,12.47564804699712,12.265909837721162,12.408232245041445,14107400
2022-07-12,12.363288879394531,12.40448758862921,12.149805957655587,12.355799503828983,14764600
2022-07-13,12.2284574508667,12.39325084240409,12.176021826140328,12.284636334272209,25347000
2022-07-14,12.21347427368164,12.243436055234529,11.955047299937144,12.172275573912477,24568600
2022-07-15,12.464411735534668,12.588007854723976,12.067409136568433,12.209730122106459,24545600
2022-07-18,12.64044189453125,12.760291895974014,12.490628678365438,12.546808991608795,21789200
2022-07-19,12.9812650680542,12.996246674797167,12.65542297938023,12.689130880189582,30828800
2022-07-20,12.98500919342041,13.11984079082266,12.880140808207369,12.936321116699837,19149200
2022-07-21,13.074895858764648,13.074895858764648,12.760289311516345,12.966281370479352,17517400
2022-07-22,12.98500919342041,13.164785609106474,12.88763161125467,13.078642088424797,13262000
2022-07-25,13.183510780334473,13.22470947922598,12.940064702552547,12.940064702552547,24344400
2022-07-26,13.228452682495117,13.404482947571744,13.157292210669656,13.243434285634471,22242600
2022-07-27,13.31459903717041,13.348306940706529,13.157296439818372,13.262164838053065,14388600
2022-07-28,13.561785697937012,13.602984392826508,13.273396262434865,13.352048965734966,16259600
2022-07-29,13.471899032592773,13.704108171519893,13.445681940877986,13.546804192506825,23704200
2022-08-01,13.36328411102295,13.565531465077978,13.303359127827862,13.475643275923199,22649400
2022-08-02,13.543060302734375,13.651674791213585,13.299614232518826,13.370776138837687,19655200
2022-08-03,13.636693000793457,13.700364104066601,13.438191746348094,13.569277210845144,15138800
2022-08-04,13.895118713378906,13.902609515168077,13.67040037460123,13.741560848511812,23298200
2022-08-05,14.153547286987305,14.168528891531443,13.838940735182637,13.895119609136486,21754000
2022-08-08,14.599242210388184,14.644185604234952,14.142313181984395,14.213475103360237,38957600
2022-08-09,14.842690467834473,14.958794371038588,14.543065417868302,14.644187711392874,34672600
2022-08-10,14.970025062561035,15.041185535836487,14.850175092452723,14.951297343893083,28315800
2022-08-11,15.632951736450195,15.872651764418643,15.56553592499346,15.786509656162787,124169000
2022-08-12,16.516847610473633,16.602991159857176,15.730331601870153,15.741567095822324,90489400
2022-08-15,16.101112365722656,16.38950040915582,16.037441257693928,16.363283314298258,38795200
2022-08-16,16.179767608642578,16.288382130324514,15.891378065930985,16.104860992699006,42526400
2022-08-17,16.03369903564453,16.265908238105887,15.880141129847141,16.041189839430345,50055000
2022-08-18,15.662912368774414,16.13856770171115,15.59924267861485,16.03369930440139,31663000
2022-08-19,15.374519348144531,15.636691710472185,15.116093101282315,15.460661430431937,54949600
2022-08-22,15.531822204589844,15.591747189147735,15.112345883960272,15.367027425512394,53275000
2022-08-23,15.851740837097168,16.03499777981314,15.615034134805294,15.618851350604979,27895600
2022-08-24,15.588305473327637,15.970091042131394,15.553944713879444,15.870825978660452,21973200
2022-08-25,15.958638191223145,15.958638191223145,15.592124355514233,15.733384623286028,36882800
2022-08-26,15.878458976745605,16.046444072162547,15.69901932599844,15.98917712109582,22573800
2022-08-29,16.20680046081543,16.3404248502082,15.790654061339438,15.855556920074038,26342400
2022-08-30,16.16098403930664,16.370965813634026,15.996816126047902,16.283155306420625,33588200
2022-08-31,15.916641235351562,16.325151713294872,15.836466608404892,16.183891448236952,35911000
2022-09-01,16.16098403930664,16.27551942017645,15.836465427713058,16.034994100872378,32369000
2022-09-02,16.23733901977539,16.447322237965604,16.191525161441298,16.256429462444537,25208800
2022-09-05,15.893733024597168,16.37860085306023,15.825011508349093,16.37860085306023,27135800
2022-09-06,15.130166053771973,15.405050737535415,14.965998104109296,15.38978041805729,67883800
2022-09-08,15.065254211425781,15.324868446068564,14.859089709257223,15.263782829470026,34886400
2022-09-09,15.481409072875977,15.615034935060647,15.202705700520697,15.244702358453113,45153800
2022-09-12,15.721928596496582,15.950999337104449,15.584485569573364,15.615029111732412,26211200
2022-09-13,15.458168029785156,15.681084651408232,15.323648039055305,15.396673637667554,32529800
2022-09-14,15.473543167114258,15.707991035215448,15.354398586771968,15.43126695656383,30654000
2022-09-15,15.31596565246582,15.619594946090285,15.269845211074255,15.500450350316875,42610400
2022-09-16,15.143010139465332,15.235251000982176,14.958525484147525,15.235251000982176,72317400
2022-09-19,15.44279670715332,15.51966507698635,14.720236376550364,14.993117696622525,31859000
2022-09-20,15.67724323272705,15.746424613037627,15.435108401640036,15.488915816072243,34701400
2022-09-21,15.565787315368652,15.77717425728716,15.477389192971545,15.746427785477998,24569000
2022-09-22,15.850202560424805,15.923226726209755,15.408210407463867,15.661875073942133,28798000
2022-09-23,15.654184341430664,15.719522971930527,15.40436396071119,15.68108805218288,34142400
2022-09-26,15.000807762145996,15.542727754900483,14.98927801745202,15.488920324805251,17178800
2022-09-27,14.812480926513672,14.95468647895738,14.79326419772005,14.889349307830582,22239600
2022-09-28,14.81632137298584,14.98158785386923,14.674115842740434,14.777887921398065,22874200
2022-09-29,14.735611915588379,14.793263565648386,14.551128687995664,14.64336956872084,37109600
2022-09-30,14.804793357849121,15.000806329640954,14.49732131085097,14.704864026235741,41095600
2022-10-03,15.934751510620117,16.219164031705446,15.565785104462535,15.777172016356431,90279400
2022-10-04,15.077672958374023,16.31524945334839,14.94315441159081,16.149982972362043,55373800
2022-10-05,15.319807052612305,15.508133008813921,14.889346258009343,15.08920195589698,44850000
2022-10-06,15.592689514160156,15.669557885433717,15.315963964032226,15.45048398029652,36355600
2022-10-07,15.627278327941895,15.68492996599705,15.415891431976426,15.588844879999831,27124000
2022-10-10,15.400519371032715,15.896318827971442,15.296747289384452,15.784859762555651,23049200
2022-10-11,15.031553268432617,15.400519700309324,14.931623943460423,15.292904857547521,29225800
2022-10-13,15.135327339172363,15.319810579328543,14.631840821606511,14.912409174311271,30284800
2022-10-14,15.050768852233887,15.442796206135634,14.86628565030521,15.242939037510695,25022800
2022-10-17,15.177602767944336,15.312121319066435,14.93546790978231,15.104577154927556,20077200
2022-10-18,15.354400634765625,15.95781499898145,15.281375013959092,15.358243394003779,43483200
2022-10-19,16.007776260375977,16.06158367511734,15.7579544449144,15.90015996475116,25457000
2022-10-20,16.757240295410156,16.787988230134324,16.0269944394178,16.103862810086,70753200
2022-10-21,17.17232894897461,17.272256806473578,16.591974132056666,16.68805923071201,64165600
2022-10-24,15.450483322143555,16.787987647217058,15.450483322143555,16.76492669697466,75329200
2022-10-25,15.185293197631836,15.554261208610637,15.054617363067884,15.412054161547436,42736400
2022-10-26,14.647211074829102,15.043081168913535,14.289774429554814,15.03155142749891,64148400
2022-10-27,14.831695556640625,15.143011797159156,14.727923476467781,14.797104863249677,41654200
2022-10-28,14.920096397399902,14.950844337654615,14.58572061091358,14.697179695123182,40856000
2022-10-31,14.228282928466797,14.731769420778702,13.840098272201368,14.089920138754065,101533600
2022-11-01,14.566500663757324,14.912406118361481,14.182160292324594,14.374330478040958,49280600
2022-11-03,14.87013053894043,15.000806342292652,14.297464125825078,14.989276598689989,60835800
2022-11-04,15.089205741882324,15.365931340916216,14.916253708628636,14.9739038976657,54580800
2022-11-07,14.56265926361084,15.062301550156743,14.458887167259064,14.954686694447842,47342400
2022-11-08,14.631837844848633,14.720235954472177,14.343582565846662,14.520378785093751,29484600
2022-11-09,14.24365234375,14.820162805809048,14.189843469065273,14.466568960019032,37975000
2022-11-10,13.963086128234863,14.481945033191632,13.709420080491752,14.2205934683734,129116200
2022-11-11,13.65177059173584,14.086075635415925,13.590276189049103,13.955399846438828,108313600
2022-11-14,13.989991188049316,14.14372646882101,13.70173588719233,13.836254441135345,46067800
2022-11-16,13.548001289367676,13.851630606308557,13.478819888896524,13.744014279940929,45099200
2022-11-17,13.259745597839355,13.536471192525072,12.929212574440854,13.45960280887432,80265400
2022-11-18,13.213624954223633,13.567217461068843,13.106008632283503,13.286649111208853,45290400
2022-11-21,13.528780937194824,13.613334819242976,13.148283336480738,13.271272134134518,42765800
2022-11-22,13.389026641845703,13.731225189556934,13.302493089377757,13.605359022572504,26437600
2022-11-23,13.554224014282227,13.581757141670103,13.18055821344875,13.294624884308753,26649000
2022-11-24,13.774491310119629,14.140290309394413,13.51095800398566,13.60535837495202,21639400
2022-11-25,13.455891609191895,13.857090555941461,13.34182493306405,13.809891121160035,19184600
2022-11-28,13.699759483337402,13.845291958486271,13.4126256938955,13.526692377323863,16474600
2022-11-29,13.864958763122559,14.053758021545946,13.605359595235011,13.76662572224935,18270400
2022-11-30,13.876757621765137,14.085224679311619,13.648625757463044,13.931823882098639,25598000
2022-12-01,13.861021995544434,13.98688813054057,13.65648915106504,13.813821069588869,18236800
2022-12-02,14.171756744384766,14.443156885487735,13.809891890171556,13.975090671327223,27612800
2022-12-05,13.845288276672363,14.144219970517463,13.774488388574872,14.140287310264346,20721200
2022-12-06,13.986888885498047,13.986888885498045,13.802022333300423,13.920021653673107,17258800
2022-12-07,13.955422401428223,14.136354803088608,13.955422401428223,14.002621832199877,13206600
2022-12-08,13.778421401977539,14.14422033304267,13.69188937020704,13.955421126757878,24538200
2022-12-09,13.758758544921875,13.837425275685021,13.60535924517744,13.802025321863761,14063800
2022-12-12,13.290691375732422,13.920022105090716,13.06255804856328,13.727290225668469,53108400
2022-12-13,12.661027908325195,13.491585025506216,12.661027908325195,13.435949867140543,43709800
2022-12-14,12.347085952758789,12.545783829714603,12.021221555826811,12.517966248216348,80022400
2022-12-15,12.696796417236328,12.927285198464563,12.124546239300525,12.207998995472229,94932200
2022-12-16,12.955101013183594,13.018684273378016,12.629237373166362,12.716664166440632,43696800
2022-12-19,13.094192504882812,13.292890413861475,12.919337374776955,12.998816841557367,31158000
2022-12-20,13.431979179382324,13.575041925298164,12.967026771100686,13.090218512126675,26498000
2022-12-21,13.559142112731934,13.6942567238576,13.412106114606614,13.551194016084022,17495000
2022-12-22,13.68233871459961,13.845270946243632,13.475692698572713,13.638624930216736,14796600
2022-12-23,14.020123481750488,14.16318621375932,13.722076628713651,13.722076628713651,17488800
2022-12-26,14.000252723693848,14.135367345441662,13.80552964631716,14.135367345441662,9105400
2022-12-27,13.535299301147461,14.087679131115916,13.471716044085143,14.087679131115916,17731600
2022-12-28,13.777710914611816,13.829372790287564,13.36044565032515,13.551195442114924,21450400
2022-12-29,13.801554679870605,13.924747912254835,13.670414866250196,13.841295165774163,18673000
2023-01-02,13.217381477355957,13.598882535023828,13.074320286167982,13.598882535023828,23557000
2023-01-03,12.970996856689453,13.273018471409491,12.883569307805582,13.217381793791462,21547400
2023-01-04,13.137906074523926,13.217384024071746,12.939208168764946,13.04650521978816,19519000
2023-01-05,13.737970352172852,13.80552841499349,13.145851559636924,13.229304299640875,33937600
2023-01-06,13.92872142791748,14.01614898237333,13.686309765795027,13.769764029568591,29504600
2023-01-09,13.793607711791992,13.928722343035089,13.702206860648817,13.80155580962331,20027200
2023-01-10,14.028071403503418,14.09960276860915,13.642598509261045,13.7101550674472,19309600
2023-01-11,14.22676944732666,14.246638934292074,13.932697401971282,14.028071545783146,29084800
2023-01-12,14.135366439819336,14.254584859383565,13.91282427827351,14.135366439819336,20173200
2023-01-13,14.167158126831055,14.246636058650326,13.888980817630474,14.107548162022225,20087000
2023-01-16,14.151262283325195,14.353933439977014,14.036017157021014,14.171131766770367,18437800
2023-01-17,14.981822967529297,14.981822967529295,14.12344804262398,14.222796999284062,52121000
2023-01-18,15.19641399383545,15.446772222331807,15.057324573170783,15.120907831892085,46469200
2023-01-19,15.54214859008789,15.62560133679515,14.922210651809955,15.10103904900018,46824200
2023-01-20,15.923645973205566,16.015046804562292,15.54214645555724,15.581885420166484,61422400
2023-01-23,15.804428100585938,16.392573589269432,15.550095080176252,15.923646514409931,58229000
2023-01-24,15.72494888305664,16.05081325972277,15.609703757762803,15.804428332084955,33155800
2023-01-25,16.154138565063477,16.289253186733315,15.446773067641589,15.661367146048606,30466000
2023-01-26,16.14619255065918,16.48397839043598,16.12234825577874,16.205801013943162,26301400
2023-01-27,15.967363357543945,16.27733159629156,15.77263874862258,16.261435400472536,24856600
2023-01-30,16.217716217041016,16.257455173690364,15.919669494338837,16.05478406926825,28495800
2023-01-31,16.174007415771484,16.37270529184744,16.062735574326698,16.27335635380946,29569200
2023-02-01,15.979281425476074,16.31309388857628,15.836218724726793,16.193875476599995,26311400
2023-02-02,15.677262306213379,16.352835369988874,15.597782854720181,15.89980295126099,37048600
2023-02-03,15.577916145324707,15.871988197497206,15.458697704823836,15.756744564048372,24334800
2023-02-06,15.6653413772583,15.784561327494314,15.347425047166421,15.526253456575803,27313800
2023-02-07,15.450750350952148,15.768666712917257,15.283843313454973,15.732901027449634,24883800
2023-02-08,15.816349983215332,15.875959949968998,15.462668020869462,15.565990245172133,44485600
2023-02-09,15.73289966583252,15.923649466502981,15.55009796301641,15.86801429746718,21309200
2023-02-10,16.042865753173828,16.138241398703958,15.474589718248959,15.637521912573572,29831400
2023-02-13,16.134265899658203,16.34885995592967,15.90775045668645,16.185927768600088,32489600
2023-02-14,16.51179313659668,16.988668340573607,16.39257471458857,16.801891852662727,118462000
2023-02-15,16.662805557250977,16.76215450452009,16.364758715443642,16.60319558251166,49143800
2023-02-16,16.84958267211914,16.92508732903214,16.440263963736342,16.55153581954117,43014800
2023-02-17,17.0164852142334,17.13967843755414,16.6826727369252,16.829708734089397,44727400
2023-02-22,16.595245361328125,17.012512099221624,16.55550639388324,17.008537292910475,22328200
2023-02-23,16.730358123779297,16.929055970930804,16.56345265982528,16.65088019767411,48294200
2023-02-24,16.408864974975586,16.834489873680862,16.311580079090945,16.765579867955534,24550800
2023-02-27,16.18592071533203,16.514260758086778,16.100796034500856,16.41292141053089,22472400
2023-02-28,16.33589744567871,16.534523185608823,16.173755467711615,16.271040345228823,33330200
2023-03-01,15.808938980102539,16.335903303509465,15.553563378993998,16.335903303509465,54529600
2023-03-02,15.172526359558105,15.841366633151345,15.14820436088204,15.808937301583258,34978600
2023-03-03,15.342772483825684,15.533290900921495,15.13198805823645,15.281969819399475,33717800
2023-03-06,15.691383361816406,15.812990263090079,15.35088311046073,15.35088311046073,20465200
2023-03-07,16.052154541015625,16.125119006355185,15.606261960665845,15.808940687427741,38627000
2023-03-08,16.21429443359375,16.368330663681263,16.039990644727368,16.09268753460492,26042600
2023-03-09,15.861632347106934,16.291310116192026,15.861632347106935,16.18591789348685,24777400
2023-03-10,15.561668395996094,15.833258624177155,15.411686609687028,15.808936626539642,25785800
2023-03-13,15.464380264282227,15.634629573196845,15.318451401603838,15.456272933431732,18280400
2023-03-14,15.346570014953613,15.604324105435023,15.232013335058635,15.514314393678848,22174800
2023-03-15,15.362936019897461,15.461128576644954,15.035630098602054,15.072452112292645,23139000
2023-03-16,15.52658748626709,15.612504985385689,15.260650586270458,15.41202926005811,25555600
2023-03-17,15.260652542114258,15.596141300379934,15.260652542114258,15.383392065259653,42093400
2023-03-20,15.174734115600586,15.579776234309872,15.015172589075528,15.264743822139899,20987400
2023-03-21,15.354750633239746,15.452943173721511,15.252467452233423,15.264742495242071,17838800
2023-03-22,15.391570091247559,15.649324101687947,15.301561968159548,15.358840290320252,23718400
2023-03-23,15.22382926940918,15.604322852178509,15.047902061861313,15.43248784613692,22840800
2023-03-24,15.379302024841309,15.5184072393642,15.15836993811946,15.272928183485108,15880600
2023-03-27,15.387480735778809,15.608412763168698,15.313836726648846,15.538859394227131,13828800
2023-03-28,15.493856430053711,15.579775491617093,15.346568393907965,15.387482604347086,15889400
2023-03-29,15.673871994018555,15.722967473798205,15.403844514154736,15.56340599397647,14395600
2023-03-30,15.9602689743042,16.033912999161192,15.710699290864037,15.935722006496993,26295200
2023-03-31,16.001184463500977,16.16892885332622,15.780252371325926,16.021640791876187,16900200
2023-04-03,15.812979698181152,16.070732179032618,15.63296030883007,16.042093014493567,17920600
2023-04-04,16.07482147216797,16.152556110323626,15.845706636584842,15.915259995538541,16471600
2023-04-05,16.017541885375977,16.234381663555148,15.886619578469645,16.09936715665468,15532400
2023-04-06,15.96435832977295,16.09528067046132,15.894804958378707,16.054368024265234,13361800
2023-04-10,15.972539901733398,16.238475202307505,15.94390073952876,16.099370031291855,21916800
2023-04-11,16.340761184692383,16.418497404679428,16.058460154033927,16.078916479029314,26685800
2023-04-12,17.478147506713867,17.694987314256753,16.369396826426915,16.38985470773393,127943200
2023-04-13,17.4699649810791,17.75226595602571,17.347225494611763,17.445416459498734,36793600
2023-04-14,17.768632888793945,17.79318141210364,17.244943543926038,17.43723484734121,42258000
2023-04-17,17.809547424316406,17.899557125290332,17.600890416543017,17.74408624925833,24098000
2023-04-18,17.8422794342041,17.866826400285678,17.604981690631693,17.81773090740495,17350600
2023-04-19,17.63361930847168,17.80545585952871,17.527245489792524,17.75226816983041,21009600
2023-04-20,17.801366806030273,17.838188819144968,17.474060889853963,17.58452692919804,20726200
2023-04-24,17.764543533325195,18.0182069660039,17.61316485046169,17.764543533325195,20519600
2023-04-25,17.60089111328125,17.72772282779087,17.4822422410675,17.592708270985376,23691200
2023-04-26,17.457693099975586,17.699081476699597,17.39632412599204,17.699081476699597,23633000
2023-04-27,17.478147506713867,17.674530993666952,17.396320663637443,17.457689625406847,12372800
2023-04-28,17.53542709350586,17.71544491268514,17.3267685505743,17.596796059701887,20796000
2023-05-02,17.11811065673828,17.494511956990866,17.069015174252563,17.494511956990866,25239200
2023-05-03,17.064922332763672,17.232666655614477,17.003553372140512,17.20811969565209,11261800
2023-05-04,17.257219314575195,17.367685343047263,16.995374607404766,17.183575295593815,14752000
2023-05-05,17.69498634338379,17.719534863174975,17.261305191375637,17.261305191375637,14382200
2023-05-08,17.62544059753418,17.911832289857742,17.57634354109214,17.772727084707295,16195200
2023-05-09,17.572248458862305,17.760449112171198,17.457690250168707,17.588614140206715,20231600
2023-05-10,17.801366806030273,17.838188819144968,17.429056033745148,17.592709772192162,21044400
2023-05-11,18.16549301147461,18.255501146699846,17.62134575613746,17.764541580848583,27159800
2023-05-12,18.09593963623047,18.28414030888455,17.96092665305426,18.022295623328013,24417400
2023-05-15,18.181856155395508,18.349600495623747,18.014111815167272,18.20231403843975,17265000
2023-05-16,17.658164978027344,18.30459530928282,17.564064656525062,18.181854266637316,43215400
2023-05-17,17.68680763244629,17.94046948663748,17.564068126271035,17.69499047428697,35046200
2023-05-18,17.674531936645508,17.723627420823835,17.510878241761343,17.633617732565813,23424000
2023-05-19,18.018203735351562,18.050933538421205,17.588614730310233,17.7318105450849,67932000
2023-05-22,17.780908584594727,18.251411861966005,17.77272574247237,18.022296964692742,16150800
2023-05-23,18.198223114013672,18.25959364601637,17.731812065089038,17.78909039590891,25822400
2023-05-24,18.25140953063965,18.402788188773116,18.067299508197678,18.198221843997,21842800
2023-05-25,18.271869659423828,18.57462859947975,18.271869659423828,18.410974865279087,23390800
2023-05-26,18.16549301147461,18.541894356839535,18.063209833618824,18.513255191897308,19180600
2023-05-29,18.13275909423828,18.23095161788037,18.00592740968334,18.23095161788037,6615800
2023-05-30,18.288232803344727,18.353693975783862,18.087757084846302,18.329145450850138,36854000
2023-05-31,18.25550079345703,18.468249986566477,18.214588147393346,18.304597841594337,34850800
2023-06-01,18.304595947265625,18.423243232858553,18.10821089647495,18.325052268180457,20393800
2023-06-02,18.628292083740234,18.628292083740234,18.628292083740234,18.628292083740234,0
2023-06-05,18.744874954223633,18.85729442927698,18.382635482374056,18.569999685812828,27334000
2023-06-06,18.961387634277344,19.219535193433334,18.71989357792855,18.749039193237277,22932200
2023-06-07,18.953060150146484,19.107115772751513,18.953060150146484,19.040496996356076,22222000
2023-06-09,19.877399444580078,19.877399444580078,19.04466384568102,19.04466384568102,36932200
2023-06-12,20.597713470458984,20.71013295557477,19.973161834249233,20.014797974669772,77115600
2023-06-13,20.38332748413086,20.748065272803355,20.286903047816672,20.618101067720307,26532200
2023-06-14,20.48394012451172,20.542633106075442,20.165318797074658,20.458785304157065,26083800
2023-06-15,20.903186798095703,21.062497532412852,20.416871250574758,20.50071908965034,41930800
2023-06-16,20.748064041137695,20.92414301892907,20.647446340068264,20.894796522630507,30393800
2023-06-19,21.13376235961914,21.15891718541207,20.760641239643544,20.781602794838907,11787200
2023-06-20,21.129568099975586,21.154721323423168,20.940910927798956,21.083451724636415,17141000
2023-06-21,21.796161651611328,21.796161651611328,21.020571198810153,21.045726028380226,27413000
2023-06-22,21.38111114501953,21.74165562805309,21.23857034008217,21.649422872133606,18000800
2023-06-23,21.38949966430664,21.43980772173975,21.196650778092803,21.42723110719755,13483800
2023-06-26,21.43980598449707,21.544615361894312,21.150532678615797,21.272111940219997,16848400
2023-06-27,21.045719146728516,21.582342541306726,20.907370028227895,21.452378363254375,25779000
2023-06-28,20.78998565673828,21.045720762622302,20.639059915609092,21.007989327340002,15524200
2023-06-29,20.982839584350586,21.04572585813487,20.63487324073352,20.7774140752821,16565200
2023-06-30,20.7103328704834,21.297264403295145,20.513290736280304,21.129570365033555,28009000
2023-07-03,21.125377655029297,21.1714940365357,20.760641472886906,20.777411356937264,26031200
2023-07-04,20.991222381591797,21.15053308609883,20.890606272939934,21.125378259303755,7572800
2023-07-05,20.852872848510742,20.96606556015928,20.71033204209459,20.961873889057657,11332400
2023-07-06,20.546829223632812,20.7857960705642,20.391711796031867,20.76483291609951,19116000
2023-07-07,20.94510269165039,21.09602843006206,20.559405003944093,20.559405003944093,23079200
2023-07-10,20.55940818786621,20.98283737574957,20.454598808767297,20.957684148294923,17806000
2023-07-11,20.26594352722168,20.5510251933302,20.07309463522602,20.542640250295907,24673600
2023-07-12,19.938936233520508,20.517482836628613,19.855088413004154,20.517482836628613,24458200
2023-07-13,20.12759017944336,20.282709194415943,19.951511210141327,20.064705518662933,14068400
2023-07-14,19.993432998657227,20.42105538066913,19.876047026864757,20.10662729971308,26211600
2023-07-17,20.169511795043945,20.20304995580119,19.89700684229634,20.039547623858137,10774000
2023-07-18,20.236597061157227,20.312059949331733,20.05632478376972,20.16532584487492,9060600
2023-07-19,19.884435653686523,20.29109655887239,19.838319270715232,20.29109655887239,16210800
2023-07-20,20.10244369506836,20.14436681631189,19.871863329699824,19.93894128324821,13507600
2023-07-21,20.34140396118164,20.479751506395665,20.102438710959465,20.102438710959465,20264400
2023-07-24,19.943130493164062,20.479754055290883,19.77962810153257,20.22402048845907,35741000
2023-07-25,19.838321685791016,20.23240442588229,19.829936742478722,20.23240442588229,21533400
2023-07-26,20.006013870239258,20.03955203838465,19.733508857461338,19.87604967042355,24767000
2023-07-27,19.59516143798828,20.02278228029348,19.557429999047923,20.006013995747654,23501400
2023-07-28,19.821548461914062,19.94312772057601,19.64546947979467,19.758663796556053,14552200
2023-07-31,20.20305633544922,20.25755766306173,19.90539806795617,19.95570612461003,20779800
2023-08-01,19.85508918762207,20.13597755815653,19.67900859774178,20.089861175110165,25360200
2023-08-02,19.943130493164062,20.02278505339715,19.74608832926746,19.813166274533316,11204000
2023-08-03,19.976669311523438,20.115016867349865,19.846705099098607,20.0814786959506,16752600
2023-08-04,19.87186050415039,20.106632508555585,19.72512640213281,19.913783619432937,22979000
2023-08-07,19.838321685791016,20.12340336135131,19.788013625181673,19.964092636946578,11456400
2023-08-08,19.699970245361328,19.86766428083743,19.435850180387945,19.80058634679417,23776200
2023-08-09,19.59096908569336,19.76704967542319,19.49873631967944,19.704163407820204,15315400
2023-08-10,19.691585540771484,19.82993308172328,19.590967838863175,19.74608526334371,24978000
2023-08-11,19.9053955078125,19.980858382719724,19.720931590963772,19.77962458272182,17290800
2023-08-14,19.708354949951172,19.99343658915516,19.679008451732898,19.99343658915516,13148400
2023-08-15,19.603546142578125,19.84670467692359,19.57000797189228,19.762856851312595,17451800
2023-08-16,19.771240234375,20.01020547899657,19.624507750577237,19.624507750577237,23000000
2023-08-17,19.955705642700195,19.99763035495287,19.779626649031687,19.917974201304908,18367600
2023-08-18,20.03536033630371,20.173707878495076,19.84251147178768,19.94732084588519,20640200
2023-08-21,19.964088439941406,20.14436068509644,19.834125844083648,20.123399130854615,15745000
2023-08-22,20.46132469177246,20.508244811585282,20.08170063457697,20.132885480219635,15715200
2023-08-23,20.550901412963867,20.678864358288575,20.316302408679046,20.521043446626006,15535200
2023-08-24,20.282175064086914,20.51677403338578,20.1883364526495,20.51677403338578,12775200
2023-08-25,20.017717361450195,20.346156556665807,19.79591420518237,20.30776751755913,17948200
2023-08-28,20.593551635742188,20.687391872134633,20.026248745978318,20.115822629551005,15418400
2023-08-29,20.708721160888672,21.003037708447067,20.614882540730335,20.700190081394815,19569600
2023-08-30,20.410137176513672,20.849478762845276,20.38881029417994,20.77270068473439,11510800
2023-08-31,20.09023094177246,20.46559028912266,20.056108252269883,20.452794483951315,26407200
2023-09-01,20.22672462463379,20.346158103790092,20.128619656598328,20.14568181464022,11074000
2023-09-04,20.16274642944336,20.34616058289972,20.12435738274,20.260851409432576,7264600
2023-09-05,20.09023094177246,20.388812203820642,20.051841899121452,20.1968669905656,15288200
2023-09-06,19.953737258911133,20.2395227205061,19.94947253282927,20.1414177492532,14183600
2023-09-08,19.89402198791504,20.056109245707617,19.748996889287376,19.98359588282526,15485200
2023-09-11,20.20966148376465,20.277908479981555,19.97932726135631,20.08169856925004,14399800
2023-09-12,20.318859100341797,20.456322711677146,20.22864891265838,20.271605676689862,15370400
2023-09-13,20.301677703857422,20.576606591828675,20.245834232951587,20.34033945070528,14725600
2023-09-14,20.357521057128906,20.585194858537427,20.271605889468635,20.400479460306805,14569800
2023-09-15,20.426258087158203,20.490694889055817,20.237245980925653,20.370412968093337,21606000
2023-09-18,20.34033966064453,20.66681700155072,20.34033966064453,20.464916583850727,20200800
2023-09-19,20.310270309448242,20.52076241601957,20.22006010893013,20.34034037628761,15278200
2023-09-20,20.490692138671875,20.726957649423568,20.30597507930156,20.327453464152494,14760600
2023-09-21,20.0224552154541,20.357522592027188,19.96231508516618,20.327452526883228,16633600
2023-09-22,20.056821823120117,20.245835548298825,20.018160073760452,20.08689189054477,10722800
2023-09-25,19.940837860107422,20.09118984561574,19.83344428704257,20.02675304629848,18254000
2023-09-26,19.657318115234375,19.854923527266443,19.575699592863963,19.773303366200214,23590000
2023-09-27,19.829147338867188,19.97949767107402,19.5971768502946,19.824852317388014,22109000
2023-09-28,20.464916229248047,20.533648041085407,19.859216625338913,19.884991669288794,23827200
2023-09-29,20.26731300354004,20.572310324102915,20.23294627737739,20.550831939599107,10906400
2023-10-02,20.21146583557129,20.3403377681721,20.14703068861865,20.263014280872508,9462400
2023-10-03,19.95372200012207,20.241535928736518,19.897876895056758,20.224354206074178,12873200
2023-10-04,20.104076385498047,20.220061640102532,19.837740785311368,20.018161200009995,16379400
2023-10-05,20.164215087890625,20.550832575708913,20.018159774569913,20.09548327213357,15530000
2023-10-06,20.984695434570312,21.147934061556843,20.065407065590545,20.164208918091663,41413600
2023-10-09,20.87301254272461,21.01047616945354,20.718365552980643,20.851534158303657,19707000
2023-10-10,20.838640213012695,21.10497735203848,20.821458493313653,20.89878196739272,19682000
2023-10-11,21.036251068115234,21.113574562451074,20.83864567220382,20.842942332275634,16514000
2023-10-13,20.971813201904297,21.190896970860802,20.898786371382524,21.0877984374644,21928200
2023-10-16,21.3970947265625,21.474418225347257,21.126462480815857,21.20378597960061,15472400
2023-10-17,21.203784942626953,21.598992460469567,21.135053129145817,21.306881843500815,16189200
2023-10-18,21.10068702697754,21.349840882398627,21.00618180483139,21.074913620344837,22840800
2023-10-19,21.26392364501953,21.530259199516326,21.031953175605103,21.100684984465424,16271800
2023-10-20,21.1951904296875,21.568919513147083,21.113571924174284,21.208077130901305,19846600
2023-10-23,21.165124893188477,21.388503714597622,20.976112800624964,21.169419914946268,15813600
2023-10-24,21.06632423400879,21.409983349022,20.924563927299385,21.263928020304395,17053000
2023-10-25,21.070613861083984,21.324062700768515,21.001882055679477,21.08350220120049,12625200
2023-10-26,21.508779525756836,21.56462462919694,21.031951913473563,21.10927539863817,19577600
2023-10-27,20.96322250366211,21.504486961650652,20.847237262664564,21.43575514906274,20337800
2023-10-30,20.81716537475586,21.143642684990613,20.71406848424685,21.049135836444417,18010200
2023-10-31,20.76991081237793,20.984697900980372,20.52505366246678,20.82575591424929,14087400
2023-11-01,20.791400909423828,20.93745626601179,20.653937237187655,20.774217540720247,21810000
2023-11-03,21.521669387817383,21.676316380858726,20.984701572365893,21.027659980819447,24765400
2023-11-06,21.672021865844727,21.75793704606398,21.478713120025343,21.603290049408475,12216800
2023-11-07,21.91687774658203,21.989904580225467,21.534556938223645,21.67202056283125,29055000
2023-11-08,22.196096420288086,22.226168119575107,21.91687419498084,21.94264923492883,18976000
2023-11-09,21.268220901489258,22.06293426607721,21.143645611439954,21.908287270213794,62427200
2023-11-10,21.58180809020996,21.646243235682505,21.246739106709853,21.37990769593257,17832400
2023-11-13,21.500186920166016,21.60328544218095,21.405681716905686,21.521665300966298,9641600
2023-11-14,21.603290557861328,21.882512851775946,21.465826921753496,21.5560371256938,37860000
2023-11-16,21.59899139404297,21.684906566326344,21.41857100707393,21.607583075140866,34225200
2023-11-17,21.762229919433594,21.89110185769318,21.573217852565907,21.598991257000463,24494200
2023-11-20,21.878211975097656,22.037153954556313,21.60328477645716,21.88250699564719,15070600
2023-11-21,22.032859802246094,22.08870326506748,21.809481034874256,21.878212837242867,20642000
2023-11-22,21.843849182128906,22.062932959526687,21.736455623438605,21.736455623438605,16195600
2023-11-23,21.91687774658203,22.114481502118508,21.822370890153426,21.822370890153426,8247600
2023-11-24,21.891103744506836,22.028567375657918,21.779415158707483,21.938357174970474,8815000
2023-11-27,22.294902801513672,22.32926788718931,21.9383554102922,21.97272213466345,22614400
2023-11-28,22.617084503173828,22.681519656274638,22.32067722734477,22.324973887435572,19633200
2023-11-29,22.65144920349121,22.788912827526282,22.492507195456096,22.66863256616951,21020000
2023-11-30,23.3129940032959,23.36024743148558,22.6514492860317,22.6514492860317,35416400
2023-12-01,23.360244750976562,23.540665122966537,23.145457657448226,23.347356411051937,18946400
2023-12-04,23.27003288269043,23.54496173839583,23.17982269686445,23.325877985737907,13915800
2023-12-05,23.27003288269043,23.428976511464366,23.20130107843795,23.26573786185392,11725800
2023-12-06,22.771728515625,23.403203138816817,22.724476728272823,23.36024637260735,17640200
2023-12-07,23.14116096496582,23.14975264533818,22.767431881593268,22.767431881593268,11561400
2023-12-08,23.390316009521484,23.45475115765892,23.050951991099414,23.154050522293097,20784200
2023-12-11,23.38602066040039,23.502005899982688,23.22707865298568,23.39031732040102,11474000
2023-12-12,22.695348739624023,23.257328473839916,22.656442361536374,23.257328473839916,25063600
2023-12-13,22.902851104736328,23.023892448774692,22.323579224022584,22.682382706800073,36160000
2023-12-14,23.05415153503418,23.153578576430174,22.652119522527,23.12764044208427,36873200
2023-12-15,23.60749053955078,23.60749053955078,22.833686672002592,23.019572554130143,36441400
2023-12-18,23.62477684020996,23.78904674069004,23.417275067593582,23.63342123575995,15518200
2023-12-19,23.711238861083984,23.741499198920877,23.473478357052073,23.590197509736406,15467000
2023-12-20,23.434568405151367,23.776079764821553,23.369725540685995,23.7112352512917,15653800
2023-12-21,23.469154357910156,23.689622752246002,23.296236741480964,23.689622752246002,20008000
2023-12-22,23.53399658203125,23.6118093423845,23.374048863111593,23.559934718503854,14606400
2023-12-26,23.75014305114746,23.75878909673991,23.473476188447396,23.533996858529964,7966400
2023-12-27,23.715560913085938,23.763113340104628,23.59451957090353,23.689622775876302,6745000
2023-12-28,23.94467544555664,23.94467544555664,23.64207043987109,23.715561004382327,11680800
2024-01-02,23.672327041625977,23.89711924899053,23.538317475992894,23.82795254280639,16341000
2024-01-03,23.69394874572754,23.806344052241524,23.559937498403585,23.63775026793817,16296800
2024-01-04,23.44321632385254,23.73285308528585,23.395663896672097,23.6680085665735,16199800
2024-01-05,23.72420310974121,23.832276190317028,23.343785404376323,23.421598154316058,16455800
2024-01-08,23.92738151550293,23.983579984156375,23.680975001722153,23.797694137049547,18107600
2024-01-09,23.568580627441406,23.840925287099854,23.46482973121667,23.814987150777533,15367600
2024-01-10,23.529674530029297,23.63342377843528,23.41727758701415,23.41727758701415,9878600
2024-01-11,23.689619064331055,23.711233350753716,23.438890373512336,23.5167031238854,13486200
2024-01-12,23.827953338623047,23.86253751740235,23.477797598336814,23.689619921634637,10126600
2024-01-15,24.29483413696289,24.29483413696289,23.776082907353153,23.819311489377007,16827600
2024-01-16,24.156497955322266,24.411550518085395,24.1089455310515,24.191080487205404,17944400
2024-01-17,24.204050064086914,24.25160083867333,24.048424549980133,24.126237307033524,19366200
2024-01-18,23.923059463500977,24.255924781303868,23.888475282867923,24.22998664582908,14648800
2024-01-19,24.17378807067871,24.359673918103848,23.897121223087204,24.00519431349417,25325000
2024-01-22,24.013839721679688,24.264570076324514,23.93170476881213,24.238631941651597,13091400
2024-01-23,24.441810607910156,24.463424896254434,24.01384044280969,24.126237380703124,20134400
2024-01-24,24.489364624023438,24.657958392761188,24.398581968571524,24.50233286806031,13342600
2024-01-25,24.459102630615234,24.64066463108278,24.4374866932662,24.53259154059558,12011200
2024-01-26,24.62769889831543,24.63634494432347,24.44613523027595,24.48504161277979,16392200
2024-01-29,24.43316650390625,24.653634901036664,24.234312396837307,24.62337456513768,11264600
2024-01-30,24.307802200317383,24.424521349788204,24.18676085230232,24.420199151243963,11859800
2024-01-31,24.40289878845215,24.571492508638546,24.26024154887035,24.381284504926942,13112000
2024-02-01,24.96056365966797,24.96056365966797,24.33806155429996,24.402906073297334,22648600
2024-02-02,24.951915740966797,25.01675860603243,24.701185378665762,24.943269695811814,14969000
2024-02-05,25.219934463500977,25.219934463500977,24.7919643334978,24.956235879758694,15148800
2024-02-06,25.76462745666504,25.820825932750772,25.245877874246517,25.254522271430748,16578000
2024-02-07,25.695457458496094,25.85108297299879,25.36259214115743,25.751655927414177,16353000
2024-02-08,25.306394577026367,25.820821880112202,25.185351597603944,25.704102747667964,21199200
2024-02-09,24.887073516845703,25.323689767493324,23.905769563830102,25.289105583691093,48132000
2024-02-14,25.224262237548828,25.237232131610615,24.675252311186593,24.796293661998458,17196600
2024-02-15,25.22858238220215,25.328009427070082,25.07727906683092,25.224258535127966,16017200
2024-02-16,25.016761779785156,25.41879386064098,24.817907663186386,25.323690649999882,19018800
2024-02-19,25.470666885375977,25.526865357942317,24.90004106119891,25.038374494389437,18263600
2024-02-20,25.634939193725586,25.898637823669663,25.392856503204843,25.444731129878623,36826400
2024-02-21,25.695457458496094,25.76030197256038,25.531187547911685,25.643582836683358,45832200
2024-02-22,25.116186141967773,25.401499041393347,25.03837338311857,25.371238707292495,19798400
2024-02-23,24.8049373626709,25.185353471838326,24.70118646531142,25.129156649455485,20556200
2024-02-26,25.04269790649414,25.15509320060861,24.748738953807592,24.81790566920063,13441800
2024-02-27,25.345304489135742,25.39717911665719,25.07295980878497,25.15509477311598,13960200
2024-02-28,25.39717674255371,25.565770503036937,25.250197270761884,25.323687831190057,12335000
2024-02-29,25.012435913085938,25.470664753781982,24.94326920227911,25.397175845015433,20423600
2024-03-01,25.038372039794922,25.22858172858346,24.99946731152211,25.051341931616964,10255800
2024-03-04,24.93462371826172,25.163738143764242,24.843842717485003,25.08160318816595,12990200
2024-03-05,25.107540130615234,25.232903657083998,24.938944731244177,24.986497152933623,9412000
2024-03-06,25.47930908203125,25.509569412903836,25.116183462495833,25.168059728904,12482600
2024-03-07,25.237228393554688,25.552801617904468,25.181029925116803,25.479311059321926,14857800
2024-03-08,24.990821838378906,25.14644570222369,24.221340318890274,24.644986632329665,40005000
2024-03-11,24.740093231201172,24.943271181786198,24.597437600306595,24.943271181786198,25163800
2024-03-12,25.07972526550293,25.301786268980674,24.657376843709006,24.822832173046386,22722000
2024-03-13,24.801063537597656,25.140685977978155,24.7662314463327,25.040539770800184,20799400
2024-03-14,24.69221305847168,24.97087646072199,24.639964085790968,24.79671266479799,20707800
2024-03-15,24.944753646850586,25.04489820660427,24.718339209638582,24.740109477243305,28391400
2024-03-18,24.396133422851562,25.158104410182112,24.304697303003483,24.949106852972953,22635600
2024-03-19,24.309049606323242,24.570296108074473,24.00426091363697,24.487568436745025,20241800
2024-03-20,24.570295333862305,24.60077403607407,24.12617496610768,24.30904884034297,17687400
2024-03-21,24.2263240814209,24.818484683482964,24.147949786385333,24.644319214300587,17742000
2024-03-22,24.12617301940918,24.37435766651637,24.056507182694258,24.239379381209215,13137600
2024-03-25,24.221967697143555,24.439673676220252,24.06521912645396,24.134884973319913,12901400
2024-03-26,24.352590560913086,24.57029653649002,24.17407172737859,24.248090961811652,15477000
2024-03-27,24.370010375976562,24.487571816278717,24.095700348604876,24.457091447935213,15874600
2024-03-28,24.653026580810547,24.76623462914111,24.23067807701866,24.278572001042424,17073600
2024-04-01,24.417905807495117,24.783650293721152,24.256802171268923,24.687860782980273,10910800
2024-04-02,24.457088470458984,24.5311093657703,24.282924686779907,24.40483950145174,10513000
2024-04-03,24.552879333496094,24.661732319837867,24.230675424064707,24.422256082078917,14600800
2024-04-04,24.718338012695312,25.2321242759193,24.622546846715117,24.622546846715117,23352000
2024-04-05,24.82283592224121,24.853316288527708,24.579006279668185,24.77494200028213,12803800
2024-04-08,25.210355758666992,25.619642445497217,24.93169068020356,25.03619029224797,19696000
2024-04-09,25.4237060546875,25.589163077417695,25.33226993461224,25.362748641303995,9392800
2024-04-10,25.07972526550293,25.47159664754329,24.96216551185544,25.40193080862107,14139800
2024-04-11,25.140687942504883,25.284373029268252,24.966522489676404,25.036188338614824,12447600
2024-04-12,24.814128875732422,25.188581774338772,24.740107977206442,25.140687852898257,11304400
2024-04-15,24.583356857299805,24.96651981590905,24.474503876180734,24.931686064687902,14411400
2024-04-16,24.304697036743164,24.7314005856579,23.982493095770675,24.583360443302592,22923700
2024-04-17,24.356945037841797,24.531110490470777,24.191489684905605,24.3830703540256,17703800
2024-04-18,24.322114944458008,24.583361483924897,24.121825820135726,24.51369562933606,15349100
2024-04-19,24.130535125732422,24.400491793880267,24.0869945849164,24.400491793880267,18465200
2024-04-22,23.85186767578125,24.426611355127914,23.721244414286986,24.20890536564918,21288500
2024-04-23,24.03474235534668,24.147948742747104,23.520956070525255,23.83445323711865,21742700
2024-04-24,23.947660446166992,24.095700595363716,23.843160833395483,24.034743179982417,11037800
2024-04-25,23.843156814575195,24.078279657956834,23.712533566351414,23.98249016177391,11303300
2024-04-26,23.843156814575195,23.843156814575195,23.843156814575195,23.843156814575195,0
2024-04-29,23.99119758605957,24.08698874579149,23.843157457821498,24.008614462549875,8658100
2024-04-30,23.87799072265625,24.15665409694528,23.87799072265625,23.94765656622851,12221500
2024-05-02,24.130535125732422,24.19149420822608,23.843163237837263,23.982496622571887,14604400
2024-05-03,24.57465171813965,24.69656820281379,24.295988314824303,24.400487921550006,17315600
2024-05-06,24.7139835357666,24.76623416985709,24.522402860329542,24.64431768461086,10006000
2024-05-07,24.63560676574707,24.957810650323708,24.63560676574707,24.801062096328746,12606600
2024-05-08,24.7139835357666,24.83590002101283,24.39177959703314,24.618194028530525,14023400
2024-05-09,23.6341609954834,24.635609846585442,23.555786708684717,24.60948453066427,56649000
2024-05-10,24.05215835571289,24.165364738980866,23.817035489350694,23.817035489350694,23660500
2024-05-13,24.235029220581055,24.356944035827002,24.078280651856385,24.078280651856385,14278500
2024-05-14,24.391782760620117,24.44403174052233,24.235034159948356,24.26986792052658,13200800
2024-05-15,24.07828140258789,24.200197882599834,23.843158542170045,24.16536412803504,20313600
2024-05-16,24.10441017150879,24.34823984453201,24.078284851842696,24.25245032768649,9827300
2024-05-17,24.113115310668945,24.22632169179558,23.98249205214903,24.121823749365586,17116600
2024-05-20,24.313405990600586,24.4266123790504,24.052159456661045,24.078283113476026,16513000
2024-05-21,24.29598617553711,24.496275271413737,24.27856929912225,24.33952836657426,9999300
2024-05-22,23.947660446166992,24.313406599419782,23.869286151829613,24.226323865604357,15877800
2024-05-23,23.459997177124023,23.999907084454886,23.32066548097639,23.947658113640735,25677100
2024-05-24,23.581911087036133,23.634160055836325,23.33807979769395,23.52095367994178,13949800
2024-05-27,23.869285583496094,23.921534558155287,23.581913731423082,23.63416270608228,31296700
2024-05-28,23.790912628173828,24.052160838082965,23.76478896985845,23.991201759761964,35304600
2024-05-29,23.790912628173828,23.92153590264587,23.616748815866124,23.92153590264587,25627500
2024-05-31,23.616744995117188,23.947657347641915,23.616744995117188,23.843157748391338,19114900
2024-06-03,23.642868041992188,23.85186557416093,23.57320219793594,23.668993356375058,27700400
2024-06-04,23.712533950805664,23.729950827108475,23.49482797991476,23.642868106559163,18277800
2024-06-05,23.764785766601562,23.86057526912156,23.64286928735774,23.729952012256234,14021500
2024-06-06,24.07828140258789,24.139238812111444,23.686411629522983,23.773492694005295,13834300
2024-06-07,23.668994903564453,24.10440687261909,23.581912177560557,23.947658298005045,13651100
2024-06-10,23.69511604309082,23.817032510938915,23.599326549524417,23.729949794180182,12719000
2024-06-11,23.95636749267578,24.034741782456006,23.72995306230679,23.825744230030374,11037400
2024-06-12,23.502910614013672,24.17593894866399,23.43206374817443,24.17593894866399,19141600
2024-06-13,23.662311553955078,23.733156732385872,23.4763435939801,23.5737563477283,13566600
2024-06-14,23.603628158569336,23.79102854271139,23.478692867048796,23.692865464107935,11155000
2024-06-17,23.603628158569336,23.630398669393916,23.39837793039006,23.603628158569336,10363900
2024-06-18,23.27344512939453,23.603628958187453,23.255596986845173,23.541160459264695,22540300
2024-06-19,23.442996978759766,23.505463769992474,23.228824393636593,23.282367114394287,12079600
2024-06-20,23.550085067749023,23.76425767694924,23.442999614195212,23.541160996270772,16467900
2024-06-21,23.74641227722168,23.755336349091195,23.451924713898315,23.559010172147172,34467200
2024-06-24,23.924888610839844,24.13013885967488,23.648249191226537,23.74641227970883,13258500
2024-06-25,23.996274948120117,24.049819369222273,23.782102369988547,23.924884088742928,10743600
2024-06-26,23.835647583007812,24.00520153005431,23.621474982466594,24.00520153005431,15089500
2024-06-27,23.826723098754883,23.93380853847267,23.56793016560087,23.907038029589412,17283200
2024-06-28,23.835647583007812,23.862419796360165,23.612550911349143,23.82672521398289,15567200
2024-07-01,23.523313522338867,23.915962437582422,23.487617237993533,23.862419713156942,20469000
2024-07-02,23.603628158569336,23.701789535080295,23.541159661762816,23.576855945652255,16107800
2024-07-03,23.835647583007812,23.98735338781941,23.630399053584043,23.692865849313666,14438300
2024-07-04,23.960582733154297,24.067668181737734,23.746410133894912,24.005201386381977,10529500
2024-07-05,23.853496551513672,23.97843184939313,23.67502022925994,23.96058370653998,11971800
2024-07-08,23.46084976196289,23.817804141132907,23.371610741647203,23.817804141132907,19760700
2024-07-09,23.380529403686523,23.451920263000844,23.193127334178715,23.451920263000844,18032800
2024-07-10,23.74641227722168,23.755336349091195,23.416228426420247,23.48761929928371,20180600
2024-07-11,23.630399703979492,23.951659464679835,23.48761796635547,23.764257370240443,18918900
2024-07-12,23.942733764648438,23.942733764648438,23.559007232601576,23.710713031269115,15241100
2024-07-15,24.049819946289062,24.08551452578796,23.817799222222853,23.96058094440323,11535200
2024-07-16,24.130138397216797,24.21937571002572,24.014127167216976,24.085518038719698,11135300
2024-07-17,24.371078491210938,24.442469353827487,24.06766689956749,24.228296765977838,9615100
2024-07-18,24.263994216918945,24.656643129174256,24.21937386182686,24.397851878010187,10820600
2024-07-19,24.19260597229004,24.47816946745202,24.08551881055795,24.263996846080534,14144500
2024-07-22,24.21937370300293,24.371079505136162,24.112288255669174,24.246145915882614,11566500
2024-07-23,24.07659149169922,24.29076408418824,24.031972839882012,24.228297290807166,10978000
2024-07-24,23.978429794311523,24.1658301719306,23.924885370341123,24.1390579599454,9728400
2024-07-25,23.996274948120117,24.1390566668745,23.844569159182043,23.951656299294005,11896200
2024-07-26,24.201528549194336,24.237223132838157,23.844572500200595,23.99627831039516,10544500
2024-07-29,24.237226486206055,24.281845147457243,24.040901993770877,24.281845147457243,18350200
2024-07-30,24.049819946289062,24.263992529559626,23.96950501480105,24.23722031836616,10185700
2024-07-31,23.6928653717041,24.13905870602691,23.657170790046372,24.094440053431626,17872300
2024-08-01,23.532236099243164,23.844570056970557,23.398376743540098,23.78210326542508,22830700
2024-08-02,23.344837188720703,23.728563762649635,23.255598173512848,23.64824881917183,20402500
2024-08-05,23.380529403686523,23.496538911787663,22.845097107782948,23.20205140435455,20254500
2024-08-06,23.782106399536133,23.924888142482896,23.50546698533836,23.559009713420235,14827100
2024-08-07,23.46976661682129,24.049819261517133,23.371605249424977,23.960580262172208,18931200
2024-08-08,23.371610641479492,23.532240536940748,22.65770018410645,23.344838424871707,33846000
2024-08-09,23.6928653717041,23.76425623711205,23.425150051947416,23.469768704542698,13007300
2024-08-12,24.201528549194336,24.201528549194336,23.69286669000603,23.755335190044747,15568300
2024-08-13,24.51386260986328,24.567407038622843,24.210450988596143,24.272919488815628,12964400
2024-08-14,24.924360275268555,25.120684732355755,24.451394721535838,24.51386151687756,19387500
2024-08-15,25.120685577392578,25.37947854061958,24.9243611137012,24.977903839782016,11631000
2024-08-16,25.3170108795166,25.504411265452806,25.209923728915545,25.254542382112017,18682500
2024-08-19,25.99522590637207,26.03092219423862,25.263469026034738,25.34378397164178,19984500
2024-08-20,26.111234664916992,26.146929247307575,25.923832575565726,26.030919726922527,16156400
2024-08-21,25.99522590637207,26.182628013486067,25.941683176664938,26.155855797586156,21926500
2024-08-22,25.409788131713867,25.95408954005062,25.282785104206997,25.95408954005062,16022900
2024-08-23,25.600296020507812,25.845231945830516,25.527722605258866,25.53679449845082,12058300
2024-08-26,25.70008087158203,25.80894184162303,25.491432553480404,25.600291793234984,9358000
2024-08-27,25.409788131713867,25.74543948449244,25.409788131713867,25.74543948449244,8294500
2024-08-28,25.564006805419922,25.582150589410162,25.300927128420863,25.40071621008071,9415600
2024-08-29,25.672863006591797,25.90872697965596,25.418856981973676,25.49143037904832,13712600
2024-08-30,25.509578704833984,25.645653632301784,25.38257393961567,25.582152114835914,31814700
2024-09-02,25.78172492980957,25.890585894628583,25.536789056681542,25.745437364774453,11920800
2024-09-03,26.017589569091797,26.099234862197488,25.7454380153107,25.79986936423875,14433300
2024-09-04,26.298810958862305,26.480245325806077,26.05387508257412,26.08109075670159,15514700
2024-09-05,26.534677505493164,26.552821289996455,26.217168197831665,26.362315013284945,8433600
2024-09-06,26.099233627319336,26.570961580657784,26.090161736260562,26.525602125363914,9653100
2024-09-09,26.42581558227539,26.42581558227539,26.044804772785437,26.180881421399786,14429900
2024-09-10,26.035736083984375,26.43488896962135,25.88151737307891,26.38045934526841,17718400
2024-09-11,26.044801712036133,26.289737574413675,26.008515878879972,26.2171641778151,10000400
2024-09-12,25.776901245117188,25.97778505070794,25.585150421532585,25.9321288487073,9920100
2024-09-13,25.95039176940918,26.14214259624427,25.795164163187703,25.84081862435623,9241700
2024-09-16,26.087358474731445,26.20606286752969,25.922999617999206,26.023441528581387,8948800
2024-09-17,25.92300033569336,26.123884162419316,25.79516643985409,26.087359196975974,7979400
2024-09-18,25.795166015625,26.05996678591566,25.6947241039139,25.813428498046324,8611400
2024-09-19,25.484710693359375,25.968656026225258,25.484710693359375,25.895607838397027,14963300
2024-09-20,25.110336303710938,25.52123341259589,25.073811342207378,25.475577210716438,24479500
2024-09-23,25.019025802612305,25.155990925920296,24.900323160173652,25.110336465352976,12354400
2024-09-24,25.000761032104492,25.493837520783202,24.99163153411196,25.29295547443588,15235800
2024-09-25,24.927717208862305,25.16512425505033,24.845537779735444,25.110338549501147,13854100
2024-09-26,25.092073440551758,25.256432281600883,24.90945386063517,25.064681461447567,13119200
2024-09-27,24.882062911987305,25.21991187196138,24.836408447323382,25.092076236011252,14855700
2024-09-30,24.818145751953125,25.092076020799574,24.818145751953125,24.93684840402494,14796200
2024-10-01,24.726835250854492,24.882062868690387,24.544213909304197,24.74509773333076,19254100
2024-10-02,24.790748596191406,25.128597506493218,24.790748596191406,24.927713711652057,12662400
2024-10-03,24.562477111816406,24.76336094173177,24.42551197244172,24.75422970022596,19101500
2024-10-04,24.525951385498047,24.690310232623858,24.443771961935138,24.65378527032654,11911600
2024-10-07,24.644657135009766,24.763361535826892,24.498560750624282,24.69944284375275,9578500
2024-10-08,24.635522842407227,24.635522842407227,24.516820197896585,24.56247465926082,11728700
2024-10-09,24.133317947387695,24.57160706708632,24.06026976077126,24.471165157386412,19545500
2024-10-10,23.923303604125977,24.32506774250902,23.91417236348917,24.32506774250902,20486300
2024-10-11,24.04200553894043,24.16070818050004,23.89590917627967,23.9963510787112,12175400
2024-10-14,24.215496063232422,24.270281764825366,23.996351515254588,24.115054158973642,11953100
2024-10-15,24.169841766357422,24.41638005537429,24.12418730169779,24.35246310820833,14418700
2024-10-16,24.434640884399414,24.608130973257158,24.069399967019482,24.19723385270094,26028400
2024-10-17,24.398115158081055,24.4985570603185,24.197233095212177,24.361591938289447,12424800
2024-10-18,24.370723724365234,24.626391493449624,24.31593628104196,24.44377190719021,15980000
2024-10-21,24.306808471679688,24.617261964061164,24.233760283777073,24.370725418393704,25128900
2024-10-22,24.01461410522461,24.28854611751,23.9872221231204,24.242889911326007,27391300
2024-10-23,24.04200553894043,24.14244744137196,23.88677793591262,24.01461181783928,12126400
2024-10-24,24.069400787353516,24.160709713605936,23.96895887854849,24.115055250479724,8727600
2024-10-25,24.078529357910156,24.197231993837466,23.968956220310695,24.069398117976373,7807800
2024-10-28,24.032875061035156,24.242888371322085,23.91417241570961,24.19723390964443,18192100
2024-10-29,23.895912170410156,24.151581707904597,23.877649687387787,24.078533517421363,13433400
2024-10-30,24.078529357910156,24.096790096171787,23.82285986458204,23.90503928238015,14377600
2024-10-31,24.04200553894043,24.16070818050004,23.95069487687595,24.04200553894043,11163300
2024-11-01,23.82286262512207,24.105924129446134,23.74981443879308,24.060269666092818,15216400
2024-11-04,23.959829330444336,24.12418819588101,23.877649897726,23.9872230552192,12169700
2024-11-05,23.968955993652344,24.005480953042085,23.795465919762915,23.987218473347212,14050600
2024-11-06,24.01461410522461,24.078532793882196,23.685898128730802,23.831994505307204,12445400
2024-11-07,23.914173126220703,24.325068518345876,23.859385680652444,24.01461329321692,11667700
2024-11-08,23.731550216674805,23.859384097975482,23.649370795379795,23.831992118614487,15878800
2024-11-11,23.749814987182617,23.83199441640104,23.695029281572392,23.83199441640104,10515100
2024-11-12,23.69502830505371,23.82286219341134,23.558061434263557,23.74981400840611,15391500
2024-11-13,23.69502830505371,23.804599711758506,23.631109619268788,23.73155152675327,27198100
2024-11-14,23.165428161621094,23.548931562228656,22.63582839331599,23.5398003215468,80824400
2024-11-18,23.47588348388672,23.567194156283644,23.13803626010618,23.17455948410122,23386200
2024-11-19,23.603713989257812,23.695024641799236,23.411961444760234,23.530665815545838,29342400
2024-11-21,23.064985275268555,23.603716261354865,23.03759155438745,23.55806005988636,31594700
2024-11-22,23.375442504882812,23.375442504882812,23.028462310071905,23.24760687129693,13737200
2024-11-25,23.512407302856445,23.594586729845403,23.375442171743558,23.548932266676484,36581800
2024-11-26,23.88770866394043,23.990071832040314,23.45964595863883,23.5992327423822,22044000
2024-11-27,23.468952178955078,23.990072155471363,23.366590784394855,23.924930827217047,20884000
2024-11-28,22.780330657958984,23.45964566054346,22.715191106330288,23.441035627877877,26984000
2024-11-29,23.05019760131836,23.115337155937322,22.631440786025394,22.817555320582212,22743200
2024-12-02,22.86408042907715,23.189779939517813,22.761717269387916,23.078110876682327,21487000
2024-12-03,23.14325523376465,23.171171171944824,22.93852888753791,22.99436253881803,22179600
2024-12-04,23.42242431640625,23.57131523040256,23.07811296846496,23.16186432945285,19375200
2024-12-05,23.710905075073242,23.822574170799705,23.51548637620201,23.62715369700841,18238400
2024-12-06,23.01297378540039,23.589927417600666,22.798943314955018,23.49687015112711,33652400
2024-12-09,22.957141876220703,23.161866458050092,22.724499579856456,23.11533870874519,17774100
2024-12-10,23.106029510498047,23.18978086724532,22.817553601101658,23.059501767824944,15266700
2024-12-11,23.59923553466797,23.869099680335065,22.957142288202284,23.171172778717548,29090900
2024-12-12,23.286706924438477,23.511608503761124,23.04306309999922,23.474124013527916,19824400
2024-12-13,22.968095779418945,23.41789893556784,22.95872465691265,23.28670679519746,17217300
2024-12-16,22.640113830566406,23.052434287498922,22.6120004628123,22.97746709418018,16061900
2024-12-17,22.883756637573242,22.949352705388854,22.49954956548855,22.724451135438702,27695800
2024-12-18,22.24653434753418,22.86501410391074,22.237163225484988,22.86501410391074,29428400
2024-12-19,22.387096405029297,22.53703077507189,22.255904278081697,22.312129220008,16306300
2024-12-20,22.56514549255371,22.621370437850846,22.368357290334345,22.41521111352216,49200400
2024-12-23,22.415210723876953,22.611998922675536,22.37772623609127,22.555773978355763,12708100
2024-12-26,22.67759895324707,22.86501604809042,22.424583998481676,22.443326244173686,15208900
2024-12-27,22.593257904052734,22.836901706521907,22.593257904052734,22.808788341382062,10465000
2024-12-30,22.64948272705078,22.79941709895199,22.574515541100176,22.583886662763838,27146200
2025-01-02,22.415210723876953,22.752563964513097,22.34024353566434,22.64948341046122,14492900
2025-01-03,22.24653434753418,22.546403103673267,22.190309402597794,22.41521096970211,13778900
2025-01-06,22.45269203186035,22.537030336788998,22.31212878609882,22.47143427459086,12112300
2025-01-07,22.724451065063477,22.84627207814966,22.508920617948572,22.621370508896003,15724400
2025-01-08,22.640113830566406,22.743194391639253,22.443325618364288,22.705709901300445,16417000
2025-01-09,22.743196487426758,22.743196487426758,22.480810392952826,22.640115916855027,8286700
2025-01-10,22.686965942382812,22.902498170832143,22.611998754727008,22.724450429890084,17167200
2025-01-13,22.686965942382812,22.893127048955325,22.64011212035746,22.686965942382812,9941700
2025-01-14,23.099287033081055,23.118029277374188,22.649483894198674,22.724451084012404,18049200
2025-01-15,23.68028450012207,23.77399393583347,23.192996864309848,23.34293124650456,19626500
2025-01-16,23.783363342285156,23.858330533607894,23.530350188670173,23.68965569365085,13590200
2025-01-17,23.7552490234375,23.88644114628492,23.605314658080843,23.839587327370445,13271300
2025-01-20,23.830215454101562,23.989520935685608,23.670909972517517,23.755248273788986,10499700
2025-01-21,24.045747756958008,24.130086064833502,23.84895956348766,23.84895956348766,10675500
2025-01-22,24.486181259155273,24.626746305836775,23.961410923583127,23.97078204585248,19236600
2025-01-23,25.0390625,25.367044597748944,24.589259399443037,24.589259399443037,30067700
2025-01-24,24.945356369018555,25.160886810976333,24.842275815317556,25.029692891531763,9081200
2025-01-27,25.96678352355957,25.96678352355957,24.87975840914912,24.89850065289796,21719600
2025-01-28,25.798110961914062,25.957416473079288,25.601320959952833,25.948045350380283,13016900
2025-01-29,25.71377182006836,26.004269464982464,25.62943350584187,25.863706203724597,11592900
2025-01-30,25.901187896728516,26.182316195649022,25.563836440326185,25.64817475126646,22311000
2025-01-31,25.938674926757812,26.238543711772063,25.919932680854686,25.99489987710825,19675000
2025-02-03,25.873075485229492,25.97615424955973,25.638802804015487,25.863704363497888,13290300
2025-02-04,26.02301025390625,26.313507882568288,25.741881959759567,25.84496251301589,16154100
2025-02-05,26.079235076904297,26.35099224791718,25.854333515044704,26.06986395507364,13663000
2025-02-06,26.379104614257812,26.41658910270048,25.844963165461298,26.079235856151612,13960200
2025-02-07,26.032381057739258,26.500926421567375,25.929300505742283,26.379103626051183,15270100
2025-02-10,26.06986427307129,26.332250325454073,26.051122029181357,26.12608921738233,10942700
2025-02-11,26.294767379760742,26.444701764955763,26.1073502919464,26.1073502919464,18486400
2025-02-12,25.863704681396484,26.219798374780794,25.76999525028733,25.910558503271695,18063900
2025-02-13,25.723142623901367,25.85433476113613,25.563837119819663,25.85433476113613,19004600
2025-02-14,26.941356658935547,27.156887083240967,25.826218265461808,25.826218265461808,35295700
2025-02-17,27.32556915283203,27.644180186101238,26.903877553693683,26.931990922755894,21145100
2025-02-18,27.597322463989258,27.765997292483267,27.17563092435747,27.19437316775415,27342000
2025-02-19,27.044437408447266,27.44738668401895,26.85701855880879,27.438015562801166,22819400
2025-02-20,26.23853874206543,26.52903634910646,26.04175055943207,26.332248166473097,88971000
2025-02-21,26.21980094909668,26.28539702110583,25.901189924458883,26.23854319463041,20157500
2025-02-24,26.06049156188965,26.444698601409534,25.891814951884108,26.238539293268676,28014300
2025-02-25,26.454071044921875,26.547780475981607,26.069863986199838,26.069863986199838,16895800
2025-02-26,26.304134368896484,26.707083636049337,26.172942249305724,26.68834139400535,22481400
2025-02-27,26.2010555267334,26.49155493520699,26.116719006775075,26.26665337814784,31089200
2025-02-28,25.59194564819336,26.257280952044738,25.488866890094762,26.19168489124783,28266200
2025-03-05,26.02301025390625,26.182315751048414,25.53572264060566,25.5919475844915,18081300
2025-03-06,25.985523223876953,26.191684310217934,25.751250562022978,26.163570947346372,17819500
2025-03-07,26.294767379760742,26.4728151324394,25.76999703157818,25.891818049289558,16830600
2025-03-10,26.210426330566406,26.238539695117442,25.901186469939727,26.201055209049397,14457100
2025-03-11,25.97615623474121,26.304138370978013,25.779368025414442,26.238542301202422,20095600
2025-03-12,25.94778060913086,26.091669954577053,25.85185681833877,25.995744334155933,15085100
2025-03-13,26.36985206604004,26.494555920647837,25.650412662104184,25.947780436768213,18344200
2025-03-14,26.743959426879883,26.9454034072935,26.408222508905492,26.408222508905492,22864700
2025-03-17,27.300329208374023,27.396254838131895,26.705593597207788,26.73437183502391,19847000
2025-03-18,27.338699340820312,27.482586866161956,27.204404561118665,27.300328358260327,16806400
2025-03-19,27.23318099975586,27.568919779025578,27.23318099975586,27.348292117939163,18962900
2025-03-20,27.098886489868164,27.31951415315255,26.964591708674046,27.204404863451643,14013900
2025-03-21,27.213998794555664,27.31951534310594,26.926221898510377,27.194813302226795,66960300
2025-03-24,27.204402923583984,27.28114305445553,26.94540429578163,27.28114305445553,13497500
2025-03-25,27.309921264648438,27.578512655261832,27.19481197554924,27.2044047212457,15292700
2025-03-26,27.63606834411621,27.6936248204699,27.21399849529787,27.338700534805735,11927300
2025-03-27,27.52095603942871,27.674436300320192,27.31951205349049,27.645658065292153,14399300
2025-03-28,27.472993850708008,27.799139880748186,27.367477308962634,27.520957578436935,12444500
2025-03-31,27.041330337524414,27.34829086578671,26.811109941327693,27.33869812057488,17667600
2025-04-01,27.17562484741211,27.415437986492567,26.868664322129774,27.022144584770942,14219000
2025-04-02,27.19481086730957,27.38666028453306,26.974183214169468,27.242772764208173,9089100
2025-04-03,27.348289489746094,27.52095523561315,27.07010538148717,27.10847636040384,14824700
2025-04-04,26.839887619018555,27.175626398823777,26.648038194579254,27.05092436441969,15612700
2025-04-07,26.552112579345703,27.11807176650711,26.245152036403073,26.74396200387027,22342100
2025-04-08,26.504148483276367,27.06051491704819,26.283520824800966,26.887850986260354,21884600
2025-04-09,26.619258880615234,26.9549976468371,25.98615232928444,26.37944573754663,28796100
2025-04-10,26.437000274658203,26.59048053924262,26.034114122716844,26.58088779400246,18618400
2025-04-11,26.667221069335938,26.76314669353941,26.30270589291766,26.600073681282236,14793700
2025-04-14,26.926218032836914,27.060512800600414,26.734368625978913,26.83029241459342,13391400
2025-04-15,26.638444900512695,26.97418367340613,26.571297511859832,26.88785079381556,25468600
2025-04-16,26.523332595825195,26.753552987872613,26.264333968660964,26.64803645170236,21762700
2025-04-17,26.312299728393555,26.64803851220049,26.187595862873952,26.55211288402291,17336900
2025-04-22,26.64803695678711,26.782331730619592,26.23555806043984,26.283519956914564,14220700
2025-04-23,26.897443771362305,27.07010770240412,26.724778010691356,26.84948004360419,13812200
2025-04-24,26.571298599243164,26.91662830210834,25.93819200942294,26.897444640014694,37053800
2025-04-25,26.868663787841797,26.974182152420244,26.398630264146288,26.571296013591375,17884400
2025-04-28,27.19481086730957,27.25236550951371,26.71518457980721,26.86866484543764,14161300
2025-04-29,27.338699340820312,27.54973425601278,27.07970069742786,27.21399730675866,15861200
2025-04-30,27.751178741455078,27.751178741455078,27.20440503779868,27.252366937209906,15925000
2025-05-02,27.722400665283203,27.866288193983017,27.559327644855628,27.722400665283203,12319300
2025-05-05,27.93343734741211,28.2499906416371,27.82791897279405,27.971806501145554,19470000
2025-05-06,27.722400665283203,28.010177552312022,27.626475036273597,27.933437415030177,20080000
2025-05-07,28.115694046020508,28.154065029405693,27.664845969019705,27.779955259916886,31415700
2025-05-08,28.211620330810547,28.815950525774355,28.211620330810547,28.29795321580538,29500900
2025-05-09,28.32672691345215,28.777574928668198,28.25957770173028,28.278763190793672,19842500
2025-05-12,27.885473251342773,28.470617932520387,27.693623825941163,28.31713766034743,20623700
2025-05-13,28.451431274414062,28.49939317139045,27.885472107873042,27.923843089157426,20288300
2025-05-14,28.5473575592041,28.700837828638335,28.326729900596035,28.413062780856432,19723000
2025-05-15,28.2020263671875,28.691245417827616,27.981398706005432,28.54735789225797,40596400
2025-05-16,24.624013900756836,24.940567180244,24.000500087176558,24.508902785657366,152180700
2025-05-19,24.019685745239258,24.652792308622576,23.9909075088567,24.604828581318316,60409800
2025-05-20,24.4609432220459,24.62401625004471,24.06764977151276,24.06764977151276,28138800
2025-05-21,24.2307186126709,24.614419250594914,24.144385740434377,24.53767912301011,34009800
2025-05-22,24.029277801513672,24.38420208189364,24.029277801513672,24.173167160626406,61464900
2025-05-23,23.42494773864746,24.0676470311553,23.42494773864746,24.04846154072126,35980700
2025-05-26,23.66476058959961,23.731907975665163,23.501687582170813,23.511280327270043,11584100
2025-05-27,23.56883430480957,24.1827553368469,23.549648815151155,23.904573055315858,30416900
2025-05-28,23.09880256652832,23.64557625653835,23.089209820959653,23.597614358324154,31863700
2025-05-29,22.73428726196289,23.089209697967252,22.676730788857483,23.05084054552611,43563400
2025-05-30,22.465696334838867,22.858989760939842,22.398548944474676,22.782249624862313,53293100
2025-06-02,22.331401824951172,22.638362372984172,22.2162907046242,22.56162223597592,36268800
2025-06-03,22.4532470703125,22.550955221617656,22.257832631330164,22.443476068819187,20832400
2025-06-04,21.83768653869629,22.599805937001676,21.83768653869629,22.531410797525837,38469100
2025-06-05,21.730209350585938,22.01356279802862,21.730209350585938,21.88654164447571,40306500
2025-06-06,21.212356567382812,21.837687580187833,21.202587430101303,21.837687580187833,56659900
2025-06-09,21.231897354125977,21.49570877269793,20.977856935904217,21.21235535342559,47713300
2025-06-10,21.046255111694336,21.407772826667497,20.811754817471698,21.3784598239827,43092300
2025-06-11,20.909461975097656,21.329605675594173,20.909461975097656,21.007170115803692,32228100
2025-06-12,20.929006576538086,21.007172726090044,20.557717832073283,20.8996935715956,28710900
2025-06-13,21.095109939575195,21.153734086005255,20.753132335415145,20.889922631627957,33033700
2025-06-16,21.476167678833008,21.66181296607008,21.202587111986624,21.280753254460997,35118400
2025-06-17,21.39800262451172,21.564105918670094,21.21235732783402,21.51525277599972,33345300
2025-06-18,21.3100643157959,21.485938601632018,21.212356172150518,21.427314460895925,29776400
2025-06-20,20.86060905456543,21.310063897431412,20.86060905456543,21.300292896895918,32952400
2025-06-23,20.606569290161133,20.880151723015945,20.538174147854395,20.860609721320348,31206000
2025-06-24,20.94854736328125,21.173274797238964,20.58702777783058,20.74336006785576,19703100
2025-06-25,20.772672653198242,20.88015179928879,20.616340366318102,20.870380798405296,20659800
2025-06-26,21.104877471923828,21.104877471923828,20.74335792383952,20.80198392426035,34081400
2025-06-27,21.231897354125977,21.270981355526754,20.919232797430812,21.075565075778396,28128900
2025-06-30,21.583646774291992,21.739979058883627,21.056023916074356,21.24166920288736,28763500
2025-07-01,21.407772064208984,21.994019051630094,21.398001063662054,21.70089462610564,32448000
2025-07-02,21.485937118530273,21.564103255325467,21.085335434501438,21.40777098173508,22781500
2025-07-03,21.78883171081543,21.994018994512462,21.437085010178475,21.52502215124466,27335900
2025-07-04,21.91585350036621,22.023332645645556,21.661813070196395,21.75952121466599,15002500
2025-07-07,21.554332733154297,21.964705426334376,21.485937594895574,21.92562328888414,18607600
2025-07-08,21.49570655822754,21.749746950278265,21.49570655822754,21.554330690661534,19468700
2025-07-09,20.958316802978516,21.544561915084067,20.899690800865752,21.505479777303318,30185400
2025-07-10,20.723817825317383,21.036484265368987,20.67496468411163,20.714048687978533,27565700
2025-07-11,20.655420303344727,20.714046302393275,20.342755762929798,20.694504302710424,26044900
2025-07-14,20.205968856811523,20.645652741119456,20.147344711629394,20.63588360327908,28395000
2025-07-15,20.42092514038086,20.577257435410097,20.235279841173153,20.274363846744443,30999200
2025-07-16,20.401382446289062,20.50886159434019,19.70765814355734,20.50886159434019,55147900
2025-07-17,20.264591217041016,20.420923499508564,20.108258934573467,20.362299359490187,28673400
2025-07-18,19.795595169067383,20.342758179800537,19.736971026681516,20.127801748633768,42591900
2025-07-21,19.40476417541504,19.942156177621488,19.40476417541504,19.89330303692194,42352600
2025-07-22,19.4340763092041,19.717429757924197,19.41453617010075,19.531784459232686,24707100
2025-07-23,19.746742248535156,19.951929563987225,19.4145374975289,19.492703650170622,35932600
2025-07-24,19.609949111938477,19.76628139461801,19.443845828637997,19.727199255762034,44775000
2025-07-25,19.776052474975586,20.000779899280033,19.668573331339623,19.727199335301687,38899700
2025-07-28,19.482929229736328,19.893301925009958,19.482929229736328,19.795593785444282,24985300
2025-07-29,19.49270248413086,19.600179772816457,19.42430547398624,19.570868632096737,37210200
2025-07-30,19.44384765625,19.639263959781353,19.170267067659694,19.453618657789367,79807500
2025-07-31,19.248432159423828,19.375451445205044,19.150724013023265,19.375451445205044,37149600
2025-08-01,17.92937660217285,19.541554473512022,17.70464917299815,19.44384632841889,91196200
2025-08-04,18.2908935546875,18.5840179777615,18.03685313347448,18.11502113719644,54775000
2025-08-05,18.193187713623047,18.476539279399724,18.154103710824703,18.349519997560762,38162300
2025-08-06,18.27135467529297,18.525393250367724,18.27135467529297,18.388602961692406,34102000
2025-08-07,18.476539611816406,18.603560759568467,18.232270180815526,18.38860246756586,30090000
2025-08-08,18.496082305908203,18.789204888630213,18.37883215464264,18.515624308390453,38600300
2025-08-11,18.662185668945312,18.711038811704135,18.329979080027083,18.496082374486196,21789700
2025-08-12,18.798974990844727,19.082328422402682,18.769661988523193,18.818516992392414,26665200
2025-08-13,18.838058471679688,19.140952032760165,18.798974469667865,18.838058471679688,33738000
2025-08-14,19.394990921020508,19.50246819079716,18.63286971471556,18.720806848659503,70251100
2025-08-15,20.176654815673828,20.323216102912415,18.58401893072622,18.59378993169251,131820200
2025-08-18,20.58702850341797,20.694507655458835,19.688116872277188,20.098489613963807,59254100
2025-08-19,19.34613800048828,20.45023686143864,19.238660719166663,20.323215714929667,58349400
2025-08-20,19.40476417541504,19.5708674628725,19.0823286013656,19.316827031253567,38402300
2025-08-21,19.238662719726562,19.346140012224364,19.013933405679083,19.21912071613495,34799500
2025-08-22,20.030094146728516,20.2255104448307,19.170266535060364,19.238661680307747,38192400
2025-08-25,19.590408325195312,20.09848920721595,19.590408325195312,20.020323061030307,24054000
2025-08-26,19.912843704223633,19.95192770872424,19.473159835359212,19.60017912273038,35682300
2025-08-27,20.1571102142334,20.22550721217679,19.473157007448243,19.522010142351597,43263600
2025-08-28,20.56748390197754,20.821524316032413,20.352527488682366,20.381840489252145,29893700
2025-08-29,20.89969253540039,20.909463536563447,20.587027952694292,20.635882958509566,31255300
2025-09-01,20.606569290161133,21.036484009325022,20.479548142767598,20.909462861931488,17070500
2025-09-02,19.951929092407227,20.19619854659261,19.619722485624862,19.678346632813504,46246800
2025-09-03,19.815135955810547,20.078945512181463,19.61971967500535,19.942155233794487,27313600
2025-09-04,19.951929092407227,20.07894838858729,19.58064034204178,19.834678934401907,30302400
2025-09-05,20.665193557739258,20.94854699317117,20.2939048413962,20.332986981398058,40453000
2025-09-08,20.46977996826172,20.79221555689214,20.186426521232715,20.65542340221733,41757900
2025-09-09,20.909461975097656,20.94854597683118,20.450236136495388,20.61633941660732,36226500
2025-09-10,21.544565200805664,21.759523514079834,20.811756835286722,20.811756835286722,69024000
2025-09-11,21.71066665649414,22.033102235326254,21.53479422919035,21.583647370614532,41313800
2025-09-12,21.798603057861328,21.86699819897166,21.38823034757151,21.534793494096878,39368300
2025-09-15,21.368690490722656,21.88654048800929,21.319835486696093,21.80837434519464,36708800
2025-09-16,21.437088012695312,21.632502459613097,21.3198378536422,21.44685901458541,23706000
2025-09-17,21.368690490722656,21.69112606278658,21.173274201872097,21.456625770714773,39196600
2025-09-18,21.59341812133789,22.072185983531508,21.52502297868564,21.544563116852096,35973700
2025-09-19,21.124420166015625,21.691125143306373,21.124420166015625,21.593417003022914,49988600
2025-09-22,21.016942977905273,21.358920568854685,20.8606106843789,21.104880125967348,29380400
2025-09-23,21.622730255126953,21.642272257820277,21.026714082004208,21.143962370908245,84333800
2025-09-24,21.60318946838379,22.2089766246913,21.57387646522263,21.642271608970777,29027100
2025-09-25,21.290525436401367,21.661814167846412,21.231899428572195,21.661814167846412,28793600
2025-09-26,21.60318946838379,21.671584612131937,21.30029402660214,21.31006502765586,15230100
2025-09-29,21.612960815429688,21.945165538434825,21.49571066453593,21.827917251168994,17908100
2025-09-30,21.583646774291992,21.808374200438987,21.446856491181272,21.622728913625984,26500000
2025-10-01,21.42731475830078,21.681355189853647,20.82152575019351,21.593418045715048,33351400
2025-10-02,21.261211395263672,21.78883239459076,21.124421110924768,21.388230678774388,29996100
2025-10-03,21.085338592529297,21.476169335041412,21.007172444026875,21.339379041069165,16402600
2025-10-06,20.919233322143555,21.16350274614208,20.841067181009137,21.143960744951524,16949600
2025-10-07,20.723817825317383,20.86060997522367,20.58702753903897,20.821525971356767,18484400
2025-10-08,20.635881423950195,20.87037984354161,20.587026421767955,20.70427656337755,15223100
2025-10-09,20.70427894592285,20.85084024207956,20.528404645083604,20.743361088538244,12039500
2025-10-10,20.1375732421875,20.792215416330084,20.1375732421875,20.762902412606234,31221700
2025-10-13,20.401382446289062,20.48931959221673,20.254821157618913,20.2841341608041,14359200
2025-10-14,20.225507736206055,20.67496255257043,20.19619473632798,20.32321400854427,19911800
2025-10-15,19.854217529296875,20.225508079544607,19.766280391797554,20.225508079544607,59520500
2025-10-16,19.903072357177734,20.137570767264727,19.561094810273815,19.82490622048207,25380500
2025-10-17,20.42092514038086,20.42092514038086,19.697887809963643,19.90307511195699,69050600
2025-10-20,20.29390525817871,20.430695546436326,20.039864820251786,20.235279251530102,18843700
2025-10-21,20.069177627563477,20.28413405895855,19.903074337603865,20.28413405895855,25719800
2025-10-22,20.21573829650879,20.23527843430794,20.01055100878116,20.11803015300172,13590700
2025-10-23,20.176654815673828,20.37207110774386,20.078946669638814,20.264591960742557,11428700
2025-10-24,20.049636840820312,20.469780591692132,20.00078183279568,20.254822283639758,23127500
2025-10-27,20.3720703125,20.4013814506268,20.098487887007092,20.245049168524513,21147500
2025-10-28,20.47954750061035,20.596797643479587,20.323215219203234,20.36229922136891,17489600
2025-10-29,20.733585357666016,20.95831461504896,20.55771296057109,20.55771296057109,17099800
2025-10-30,21.134191513061523,21.339378815478725,20.508862331652846,20.538175335891864,27700600
2025-10-31,21.39800262451172,21.671585068898434,21.251441332872666,21.261212334132328,31430300
2025-11-03,21.57387351989746,21.63249765458836,21.212353984777035,21.485936386047296,23059400
2025-11-04,21.759521484375,21.866998767358677,21.456626046402075,21.46639704733293,18372500
2025-11-05,22.09172821044922,22.1796653557919,21.700895625091565,21.759521631071944,21186000
2025-11-06,22.335994720458984,22.375076855701742,22.003788184571164,22.091725318401917,23305100
2025-11-07,22.36530876159668,22.39462176455771,22.05264418452391,22.296913618315497,16303700
2025-11-10,22.257831573486328,22.46301700421017,22.081957282221385,22.384850859606626,18881800
2025-11-11,22.93201446533203,23.04926461708583,22.32622729488325,22.32622729488325,31294700
2025-11-12,22.277372360229492,22.980869545762346,22.033102918281237,22.932014539195926,49688100
2025-11-13,21.9842472076416,22.179663483827284,20.801984141238627,20.81175327778296,66538100
2025-11-14,21.92562484741211,22.550954000087803,21.603189270110217,21.837687702363603,36144600
2025-11-17,21.9842472076416,22.101497346078556,21.769290794739533,21.925623070236988,18797000
2025-11-18,21.37845802307129,21.876767844968242,21.37845802307129,21.788830707949504,25637700
2025-11-19,21.085338592529297,21.41754518957159,21.056025587980397,21.36869204561807,21302000
2025-11-21,21.49570655822754,21.49570655822754,20.93877264103569,21.08533390393446,32134300
2025-11-24,21.339378356933594,21.691126945731508,21.339378356933594,21.44685750653916,23116900
2025-11-25,21.46639633178711,21.612959477236647,21.34914805178085,21.39800119117882,19668500
2025-11-26,21.71066665649414,21.857229808022463,21.456626221107037,21.46639722211745,15757200
2025-11-27,21.652042388916016,21.818145677877244,21.534794104724487,21.76929253673542,8595700
2025-11-28,21.95493507385254,22.169893358868364,21.661812511629982,21.681354512745564,19115200
2025-12-01,21.74974822998047,22.013559636896808,21.612957958376892,21.994017637059816,15511100
2025-12-02,22.114328384399414,22.153539084868786,21.771242233968813,21.84966363490756,21443700
2025-12-03,21.982545852661133,22.29686444767795,21.85485538708824,22.188817372094814,20882500
2025-12-04,22.365617752075195,22.49330819912589,22.01201055489609,22.01201055489609,26591100
2025-12-05,20.784212112426758,22.493310627515683,20.784212112426758,22.345974903943002,51737100
2025-12-08,21.216400146484375,21.38338114555322,21.039596515296715,21.245866169365307,27278400
2025-12-09,21.10835075378418,21.334265647336625,20.744922772586825,21.088705491699105,20754600
2025-12-10,21.216400146484375,21.31462459419702,20.94137206758407,21.11817569877173,14096700
2025-12-11,21.18692970275879,21.4324898557782,21.04941661658001,21.098527897793776,17143500
2025-12-12,21.31462287902832,21.599471693650397,21.255687091057936,21.294977616371526,22651600
2025-12-15,21.619117736816406,21.648585631865473,21.41284621842382,21.520893293461622,18133500
2025-12-16,21.324443817138672,21.746807600453227,21.22622124997514,21.550360592650783,22792200
2025-12-17,21.167285919189453,21.353912173091114,20.902082359248105,21.3440895414673,26144900
2025-12-18,21.206575393676758,21.42266765825462,21.088705693513624,21.1083509557867,17004900
2025-12-19,21.059240341186523,21.265509981166883,21.029772446842735,21.206576065954692,41700500
2025-12-22,20.921724319458008,21.167284472848245,20.843145145312146,21.05923927931974,17942700
2025-12-23,21.36373519897461,21.36373519897461,20.931548766927975,20.96101666234324,14967000
2025-12-26,21.461959838867188,21.50124849296964,21.06906393046531,21.11817521646224,9742800
2025-12-29,21.334264755249023,21.49142309840747,21.216396934617805,21.363732647144445,9988400
2025-12-30,21.530715942382812,21.736985587465114,21.38338021397039,21.38338021397039,13121900
2026-01-02,21.29497718811035,21.80574276606289,21.245864032456073,21.65840517257538,16077000
2026-01-05,21.491424560546875,21.570003737472124,21.19675311544603,21.29497755497143,10675500
2026-01-06,21.727163314819336,21.766451965368944,21.530714441645397,21.530714441645397,28809400
2026-01-07,21.31462287902832,21.687873502130614,21.255687091057936,21.687873502130614,27650400
2026-01-08,21.432491302490234,21.50124785022075,21.245865049024964,21.314623470230895,23579700
2026-01-09,21.471782684326172,21.5110713388194,21.29497905541792,21.432492156357455,20280800
2026-01-12,21.481603622436523,21.619116712532783,21.206575568768663,21.461958360001248,15846700
2026-01-13,20.823503494262695,21.432491676334415,20.67616589115541,21.39320302272113,39312600
2026-01-14,21.118173599243164,21.118173599243164,20.774389003165073,20.921724723348447,20884400
2026-01-15,21.078882217407227,21.275331085312477,20.96101439544428,21.118172740378377,20166900
2026-01-16,20.990482330322266,21.157463306338432,20.87261263464457,21.078882260236465,55093000
2026-01-19,20.931547164916992,21.108350776925892,20.872613252072462,20.980660320183524,10910800
2026-01-20,21.1574649810791,21.216398896845295,20.744923823764942,20.902082181458393,20625300
2026-01-21,22.00218963623047,22.159347986430483,21.24586390497083,21.30479969140232,52298400
2026-01-22,23.03354263305664,23.07283128253167,22.051302041002632,22.100413321215232,47402900
2026-01-23,23.848804473876953,24.15329856124049,23.01389951806523,23.033544781372665,70331700
2026-01-26,23.966670989990234,24.22205377852933,23.465728044026086,23.966670989990234,42487400
2026-01-27,24.251522064208984,24.634595316477267,24.133652362408938,24.192586276571284,35277600
2026-01-28,24.948911666870117,25.0766039981188,24.28098773765484,24.310455631052687,37374300
2026-01-29,25.047136306762695,25.440032187859984,24.59530651186965,25.047136306762695,50632400
2026-01-30,24.77210807800293,25.184649218605333,24.330100917448778,24.870332515951183,32426800
2026-02-02,24.85068702697754,24.998024619293563,24.693528677084068,24.73281920129509,18511500
2026-02-03,25.233762741088867,25.62665862511728,25.017668599766722,25.02749123105185,35191200
2026-02-04,24.65424156188965,24.96855828125319,24.42832665403153,24.870333838083226,26372500
2026-02-05,24.005962371826172,24.801576785725853,23.760402205630864,24.654241060703747,38580000
2026-02-06,23.897916793823242,24.11400907913892,23.38715116655836,24.005963873218832,36083700
2026-02-09,24.379213333129883,24.49708303884288,23.80951381471379,23.90773825722872,17847600
2026-02-10,24.359567642211914,24.968557676331134,24.241699812043926,24.37921290506504,26925100
2026-02-11,24.467613220214844,24.7721072819416,24.300632243111412,24.59530554748673,28271000
2026-02-12,25.567724227905273,26.41244989424058,24.09436328552413,25.61683550992785,111154300
2026-02-13,24.978378295898438,25.135536639114513,24.09436214693921,25.047134836871066,61597600
2026-02-18,25.361454010009766,25.361454010009766,24.899801565731636,24.958735481847363,38768500
2026-02-19,25.990087509155273,26.117779846778266,25.106071271318946,25.27305226195834,32852600
2026-02-20,26.510677337646484,26.667835706108352,25.695417598697226,25.891866496012323,40353900
2026-02-23,26.353515625,26.844635932490476,26.19635727648107,26.51067397351893,72770500
2026-02-24,26.85912322998047,27.11662052871012,26.40354716276415,26.512489635381314,26761400
2026-02-25,27.314697265625,27.542484353543653,27.017583836948596,27.04729404641557,29552800
2026-02-26,27.01758575439453,27.463255929038482,26.720470415630654,27.255276892004886,24720400
2026-02-27,26.690759658813477,26.987873102506644,26.61152928122855,26.829412347336792,20417600
2026-03-02,26.690759658813477,26.720469869782068,25.84893571634789,26.056914749132865,23891500
2026-03-03,25.588708877563477,26.105051139633776,25.20145123404552,25.99582438198378,62065500
2026-03-04,25.75751304626465,26.28378329264803,25.56884916291735,25.82702029435827,14597900
2026-03-05,24.824125289916992,25.74758305373078,24.79433565775413,25.568849048614503,24730900
2026-03-06,24.575883865356445,24.982999365752963,24.238275612257315,24.724828237269485,20986400
2026-03-09,24.52623748779297,24.853915878471895,24.138979830495668,24.347503475798913,18981100
2026-03-10,24.9631404876709,25.330538385625605,24.476587845573942,24.893633237932836,21786700
2026-03-11,25.161733627319336,25.489412006456185,24.645391365064164,24.754618122753268,16908800
2026-03-12,24.059541702270508,25.07236646551997,23.99996433205891,24.982999463237345,34978900
2026-03-13,23.58292007446289,24.506377879354957,23.52334270141743,24.287924354970702,38122400
2026-03-16,23.73186492919922,24.168770092784865,23.652427798904608,24.089332962490253,30930000
2026-03-17,23.503482818603516,24.019825099352172,23.483623063052292,23.731864325651006,22315500
2026-03-18,23.245311737060547,23.67228701283985,23.245311737060547,23.433975627413606,15566500
2026-03-19,23.344608306884766,23.56305993376884,22.72896914903981,22.967280531258034,29427500
2026-03-20,23.10629653930664,23.294958530043047,22.848125406059975,23.26517079146913,37796900
2026-03-23,23.791440963745117,24.11912123843066,23.414115089575525,23.414115089575525,23714600
2026-03-24,23.483623504638672,23.791442145748753,23.235382237372026,23.662357520099548,14982000
2026-03-25,23.69214630126953,24.14890930751388,23.56305978633578,23.64249691324482,20200600
2026-03-26,22.89777374267578,23.632567659463202,22.758759240398057,23.414116028179553,28327000
2026-03-27,22.500587463378906,22.828265848032753,22.361572965019846,22.828265848032753,16957900
2026-03-30,22.242416381835938,22.907703030343907,22.16297925487665,22.738898898814107,23669500
2026-03-31,22.83819580078125,23.056647426625915,22.292065789204333,22.560164909217626,25610100
2026-04-01,23.463762283325195,23.632566410281367,22.967279779798858,23.046716904605855,22064800
2026-04-02,23.225452423095703,23.364468821019006,22.639602879225524,22.917633781141557,16378700
2026-04-06,23.26517105102539,23.51341230954008,23.116226674702677,23.23538141818865,11198800
2026-04-07,23.275100708007812,23.32474820166793,22.867985199417305,23.116226455578857,13760900
2026-04-08,24.317712783813477,24.625531405552003,23.98010453006266,24.258135413719348,40278600
2026-04-09,24.54609489440918,24.71489902550451,24.198558648563345,24.39715051848518,16299100
2026-04-10,24.5560245513916,24.873773055556384,24.536164796398683,24.675181187418634,22773400
2026-04-13,24.575883865356445,24.655320989972097,24.25813536689384,24.397149861488618,29435700
2026-04-14,25.201452255249023,25.310679017325064,24.575885104110203,24.625532599273562,28487700
2026-04-15,24.22834587097168,25.112086017954404,24.12904899116199,24.863844765395413,36240900
2026-04-16,24.10919189453125,24.486517777051585,23.761653751146685,24.307783766514923,20801800
2026-04-17,24.22834587097168,24.724828376089665,24.12904899116199,24.407079875843028,22413600
2026-04-20,24.10919189453125,24.357433154958724,24.00989501157416,24.22834663893535,13669600
2026-04-22,23.235382080078125,23.97017599894148,23.195664462428226,23.97017599894148,25207400
2026-04-23,22.83819580078125,23.285030824020907,22.709111179584514,23.195663819372978,24573300
2026-04-24,22.540307998657227,22.927563772512354,22.44101111220113,22.897774138396354,20235200
2026-04-27,22.351642608642578,22.75875811134236,22.351642608642578,22.560164351714462,15576900
2026-04-28,22.381433486938477,22.500588234205253,22.093472708837744,22.272206723668468,11919500
2026-04-29,21.557270050048828,21.964387457745666,21.50762255575752,21.934597824812577,33020900
2026-04-30,22.053752899169922,22.16297966096422,21.7459342633039,21.7459342633039,16978900
2026-05-04,21.755863189697266,22.20269820119666,21.686355942115238,22.053751934743225,12949300
2026-05-05,21.76579475402832,22.01403602545021,21.755864875899775,21.81544225074046,11722300
2026-05-06,21.914737701416016,22.441009844144254,21.914737701416016,22.014034582261218,15301600
2026-05-07,21.537412643432617,21.96438792150285,21.537412643432617,21.904808654378716,19233100
2026-05-08,21.646636962890625,22.01403485844808,21.596989468810385,21.755863722583747,22432400
2026-05-11,21.38846778869629,21.696286419615756,21.38846778869629,21.61684929247749,19018400
2026-05-12,21.170015335083008,21.61685038145217,21.170015335083008,21.438116362904506,18272200
2026-05-13,20.613954544067383,21.299100954839464,20.57423503321427,21.179944316210637,31119200
2026-05-14,20.613954544067383,20.941632932883504,19.60112974447918,19.85930088323287,69887800
2026-05-15,20.55437660217285,20.574234463118646,20.157189080369527,20.40543033453137,35294300
2026-05-18,20.27634620666504,20.65367208879815,20.10754207399037,20.55437709987347,21577400
2026-05-19,20.087682723999023,20.375643500697024,19.92880846579687,20.047965106413763,36742400
2026-05-20,20.55437660217285,20.633813727747423,20.16711895780766,20.25648596082036,38517100
2026-05-21,20.673532485961914,20.901913997867563,20.335924210131576,20.47494060801679,21652100
2026-05-22,20.792688369750977,20.82247610869484,20.455080106230177,20.683461609808806,14910500
2026-05-25,21.497692108154297,21.51755186291649,20.98134984792004,20.991279725301137,15414500
2026-05-26,20.96149253845215,21.487762795979876,20.95156266080986,21.438115301698943,22798700
2026-05-27,20.92177391052246,21.348749197501384,20.92177391052246,21.289171823064734,13716500
2026-05-28,20.465009689331055,21.03099944828499,20.465009689331055,20.911842812432887,19444000
2026-05-29,20.157190322875977,20.55437786916228,20.13733246070613,20.52458823501163,60512500
2026-06-01,19.938737869262695,20.405430754885927,19.908948236334634,20.365713138245688,50279700
2026-06-02,19.889999389648438,20.18000030517578,19.889999389648438,20.139999389648438,19384600
2026-06-03,19.530000686645508,19.8700008392334,19.459999084472656,19.770000457763672,27323000
2026-06-05,19.170000076293945,19.649999618530273,19.170000076293945,19.600000381469727,51227600
2026-06-08,19.100000381469727,19.34000015258789,19.100000381469727,19.170000076293945,15329800
2026-06-09,19.110000610351562,19.469999313354492,19.040000915527344,19.229999542236328,18242900
2026-06-10,19.0,19.18000030517578,18.8700008392334,19.1200008392334,18849900
2026-06-11,19.40999984741211,19.559999465942383,18.90999984741211,19.06999969482422,32600200
2026-06-12,19.459999084472656,19.65999984741211,19.219999313354492,19.299999237060547,13773000
2026-06-15,19.389999389648438,19.969999313354492,19.329999923706055,19.899999618530273,16495300
2026-06-16,19.399999618530273,19.420000076293945,19.209999084472656,19.350000381469727,25391100
2026-06-17,19.40999984741211,19.799999237060547,19.360000610351562,19.600000381469727,14117900
2026-06-18,19.530000686645508,19.700000762939453,19.299999237060547,19.420000076293945,23842500
2026-06-19,19.420000076293945,19.6299991607666,19.420000076293945,19.520000457763672,13185600
2026-06-22,19.579999923706055,19.75,19.459999084472656,19.479999542236328,18434100
2026-06-23,19.860000610351562,19.899999618530273,19.329999923706055,19.489999771118164,18028200
2026-06-24,19.729999542236328,20.059999465942383,19.68000030517578,19.709999084472656,16362000
2026-06-25,20.049999237060547,20.25,19.829999923706055,19.889999389648438,15674300
2026-06-26,20.34000015258789,20.450000762939453,19.969999313354492,20.049999237060547,18066100
