Date,Close,High,Low,Open,Volume
2016-01-04,5.0600457191467285,5.1346150617551585,5.001456177013569,5.065372139328123,22798501
2016-01-05,5.078431129455566,5.142411494380985,5.014450764530148,5.097091956627446,16877732
2016-01-06,5.006453514099121,5.0651015975213305,4.9211461791320845,5.003787913226983,31314962
2016-01-07,4.905153274536133,4.985128905147953,4.889158580790434,4.89982207026812,43702638
2016-01-08,4.809181213378906,4.979795361993381,4.798517727752258,4.963800133553408,26191820
2016-01-11,4.673226356506348,4.883827886886252,4.659896721555738,4.827845365789097,23604420
2016-01-12,4.646563529968262,4.742534330824039,4.619905364514774,4.731870848454456,24265567
2016-01-13,4.57991886138916,4.73187217663091,4.5372649199384085,4.7185425496922395,26244542
2016-01-14,4.718542098999023,4.718542098999023,4.537264486559987,4.611908336498548,26951607
2016-01-15,4.598579406738281,4.635901603204358,4.513272610042709,4.635901603204358,34419162
2016-01-18,4.558590412139893,4.638565445479871,4.558590412139893,4.6012437992859105,19736394
2016-01-19,4.590579509735107,4.670555069474978,4.550592270335524,4.665223329460963,20056125
2016-01-20,4.601244926452637,4.6172401532271605,4.513272530369202,4.537264559825119,34352410
2016-01-21,4.534597873687744,4.646563353372092,4.513271450229575,4.571920060562826,31875342
2016-01-22,4.627906322479248,4.633238067830469,4.537267191979389,4.574589409437934,28205447
2016-01-26,4.574586391448975,4.622571527481866,4.537264198612977,4.566589048933672,24044688
2016-01-27,4.630569934844971,4.689218561186806,4.558591682174103,4.56925516704909,42961133
2016-01-28,4.6385674476623535,4.689219278805388,4.590582298852059,4.689219278805388,28774756
2016-01-29,4.838504314422607,4.838504314422607,4.627902441317472,4.662558486800882,45583398
2016-02-01,4.963801383972168,4.966467526285769,4.747868177755196,4.803850680691561,28885727
2016-02-02,4.76338529586792,4.910155919782298,4.742037107073013,4.827430944296726,53295853
2016-02-03,4.9928812980651855,5.094286668856115,4.899481429355498,5.01689780430891,106029201
2016-02-04,5.265074729919434,5.409177009923505,4.958189763817173,5.062263993390306,68902314
2016-02-05,5.211705207824707,5.345133169513787,5.179682107483388,5.265076500704766,34412147
2016-02-10,5.270413398742676,5.283755544962644,5.128978858092651,5.128978858092651,16781855
2016-02-11,5.134313106536865,5.219707446325324,5.0782735275378315,5.169005047376932,21285943
2016-02-12,5.150324821472168,5.198358902536242,5.064930478785734,5.198358902536242,20533171
2016-02-15,5.150324821472168,5.270410565154171,5.139650461008637,5.217039303858331,11267765
2016-02-16,5.334455490112305,5.377152930719558,5.126307631239149,5.163667891770496,26978819
2016-02-17,5.393167018890381,5.529263836221669,5.262407384691898,5.371818827381266,42743019
2016-02-18,5.283753871917725,5.361142731870464,5.22504541741547,5.361142731870464,27180564
2016-02-19,5.305100917816162,5.353134994286873,5.203695585153352,5.230380942738519,23900767
2016-02-22,5.582634449005127,5.625331367863663,5.425189459272643,5.441200465705815,37900279
2016-02-23,5.52925968170166,5.65468149750703,5.478557291569421,5.494567746893841,24877393
2016-02-24,5.518585681915283,5.52392286138457,5.345129242739587,5.457208929551108,20443247
2016-02-25,5.502579689025879,5.617327810704718,5.425191861283871,5.467888799046536,22469204
2016-02-26,5.518585681915283,5.630665368726804,5.449202889836309,5.614653830318947,18230213
2016-02-29,5.694713115692139,5.721398482018396,5.542604255340313,5.60131271048441,43985379
2016-03-01,5.85482931137085,5.894857377095185,5.724069123862669,5.729406307497013,34267587
2016-03-02,5.982757568359375,5.982757568359375,5.803809032529588,5.846542922333781,32723991
2016-03-03,6.516929626464844,6.516929626464845,6.516929626464845,6.516929626464845,58264657
2016-03-04,7.189991474151611,7.206016884143027,6.516931835378508,6.516931835378508,92716133
2016-03-07,6.987002372741699,7.18464685247671,6.837434104121926,7.18464685247671,35402166
2016-03-08,7.021727561950684,7.198004917342165,6.906880136613302,6.944271679373962,49113623
2016-03-09,6.703892707824707,7.264775507795729,6.703892707824708,7.136573322695195,51949750
2016-03-10,6.904207706451416,7.016384480262735,6.682525330926166,6.85079022089795,45017490
2016-03-11,7.149923324584961,7.179302949816972,6.888177867876162,6.904203265681816,41492367
2016-03-14,7.104519844055176,7.390303730265849,7.091165613729396,7.173962708133486,33809249
2016-03-15,6.730600357055664,6.938927934747771,6.631777828902447,6.842777119921648,33692539
2016-03-16,6.581034183502197,6.631780512542035,6.303263065024988,6.591717792191813,46399308
2016-03-17,7.438380241394043,7.470430506131071,6.912218524810688,7.264773061388661,71874072
2016-03-18,7.339559078216553,7.505153328455428,7.171294739008219,7.403660165646175,47691626
2016-03-21,7.462418079376221,7.505151949313098,7.304836832454561,7.3448995309321115,23422658
2016-03-22,7.384965419769287,7.475774986984918,7.33421856246353,7.3956484841843375,30869379
2016-03-23,7.144584655761719,7.320862484391036,7.053775111387651,7.283470414617646,24105276
2016-03-24,7.013708114624023,7.080479786749878,6.9228980773832705,6.944265272378739,19821641
2016-03-28,7.3555827140808105,7.441050990568024,7.149925807528623,7.31552001788923,29838756
2016-03-29,7.483785152435303,7.531860822948404,7.184646985199038,7.390304982821082,25745599
2016-03-30,7.494467258453369,7.692111702369768,7.451732856317807,7.547884719632678,25079776
2016-03-31,7.227380275726318,7.227380275726319,7.227380275726319,7.227380275726319,151362
2016-04-01,7.371613502502441,7.371613502502441,7.371613502502441,7.371613502502441,31037
2016-04-04,7.071993350982666,7.071993350982666,7.071993350982666,7.071993350982666,247239
2016-04-05,7.10406494140625,7.10406494140625,7.10406494140625,7.10406494140625,54634
2016-04-06,6.91697883605957,6.91697883605957,6.91697883605957,6.91697883605957,124150
2016-04-07,6.970427513122559,6.9704275131225595,6.9704275131225595,6.9704275131225595,19983
2016-04-08,7.325904369354248,7.387376582458364,7.205631870607685,7.243049692335129,22920739
2016-04-11,7.448843479156494,7.448843479156495,7.448843479156495,7.448843479156495,54422
2016-04-12,7.7989630699157715,7.798963069915771,7.798963069915771,7.798963069915771,100978
2016-04-13,8.578863143920898,8.578863143920898,8.578863143920898,8.578863143920898,312503
2016-04-14,7.670676231384277,7.96467466025261,7.571786294107113,7.900529499239277,30188887
2016-04-15,7.7054219245910645,7.7695665423533296,7.619894864470279,7.726803283224267,24838915
2016-04-18,7.661591053009033,7.790950501464529,7.48519195289594,7.643951251370285,22452699
2016-04-19,7.679229259490967,7.679229259490967,7.679229259490967,7.679229259490967,38458
2016-04-20,7.673348903656006,7.70274874525441,7.520469944089359,7.638069310482978,20546757
2016-04-22,7.511651992797852,7.602791146072099,7.452852294360305,7.496952339119859,15283482
2016-04-25,7.33819580078125,7.567514385689226,7.291156132738305,7.4969551545563045,16770433
2016-04-26,7.602790355682373,7.641010101507157,7.317612877446753,7.39405236909632,15378180
2016-04-27,7.870326042175293,7.93206586179455,7.602787907550296,7.602787907550296,27109521
2016-04-28,7.708633899688721,7.8468133062352505,7.529295119546587,7.643954419584463,40427150
2016-04-29,7.614552021026611,7.802710642969425,7.526352463792351,7.776250938358,27196682
2016-05-02,7.464611053466797,7.652769622486391,7.37641097917766,7.61749002626089,17665039
2016-05-03,7.308380126953125,7.455488868844591,7.237767562102707,7.305437778589407,29212203
2016-05-04,7.620246887207031,7.620246887207032,7.340740217380179,7.343682021826498,25984741
2016-05-05,7.429007053375244,7.752646835755575,7.361336857902822,7.682034835101386,21580705
2016-05-06,7.4643120765686035,7.573172953017432,7.340741091600129,7.3525093953231115,12477136
2016-05-09,7.511384010314941,7.590822464163202,7.152437897203405,7.361332512954617,36473993
2016-05-10,7.835026264190674,7.835026264190673,7.55257670549921,7.599651541569771,23659036
2016-05-11,7.911524772644043,8.070402866547589,7.840912768480923,7.940947164069693,24617225
2016-05-12,8.082165718078613,8.179257694033502,7.814427468983317,8.00272673006682,27377574
2016-05-13,7.755587100982666,8.07922679647209,7.62024674637405,8.026267810199897,24756759
2016-05-16,7.620246887207031,7.8114885782823,7.593767393581556,7.702628257065978,14136090
2016-05-17,7.373102188110352,7.693800035906929,7.3642756915900796,7.661436396088607,14381918
2016-05-18,7.405471324920654,7.590828960398248,7.2819002909601,7.293668599348852,22923677
2016-05-19,7.252471923828125,7.361332753835903,7.193628261243808,7.340737959972532,17903524
2016-05-20,7.173033237457275,7.381927311080256,7.134784912230268,7.346621331568532,10308359
2016-05-23,7.193634510040283,7.26718942329859,6.9700290487050935,7.020046259576325,15825579
2016-05-24,7.214229106903076,7.328973622999966,7.128905357819749,7.27307281000343,11777144
2016-05-25,7.184800624847412,7.364273387634523,7.173032328014175,7.281893140730475,12818435
2016-05-27,7.081828594207764,7.284839152482545,7.031811948100718,7.196574163900606,12230535
2016-05-30,7.061232566833496,7.13478743989871,7.011215925561605,7.061232566833496,4255998
2016-05-31,6.708174228668213,7.114194925096633,6.540469615374054,7.017102866179224,58986410
2016-06-01,6.831747055053711,6.8964754729478,6.646389389754217,6.796441039670366,27542813
2016-06-02,7.0522847175598145,7.096453300101522,6.787271594174808,6.831440719428103,22413274
2016-06-03,7.087619781494141,7.208347605620169,7.011060541143098,7.096453498249138,19384484
2016-06-06,7.046395301818848,7.140621967000501,6.907999514219102,7.122954535117885,15182213
2016-06-07,7.137678146362305,7.155345580552449,6.963947472306511,7.022839281414742,14177448
2016-06-08,7.361464023590088,7.417411604310315,7.140620623885378,7.18478919528403,26825234
2016-06-09,7.373243808746338,7.396800744445318,7.202457924419018,7.31729622213914,14854249
2016-06-10,7.078789710998535,7.314357059702632,7.075845499038051,7.270188453176555,11750087
2016-06-13,7.196569919586182,7.237794294298711,6.961003227039491,7.022839246396663,16523059
2016-06-14,7.055232048034668,7.302577286051011,6.928614674877415,7.175959912893759,23603763
2016-06-15,7.067007064819336,7.1936243857604225,6.961002471709471,7.096452966031485,36633433
2016-06-16,7.173014163970947,7.199515319502061,6.89327883995634,6.952170658499955,19819902
2016-06-17,7.128840923309326,7.311405224675224,7.046392756732715,7.2731256218519125,23682034
2016-06-20,7.246626377105713,7.355576253113696,7.199512506509776,7.287850742521409,20459210
2016-06-21,7.332022666931152,7.361468035436397,7.11706756931829,7.16712567265835,20287401
2016-06-22,7.317296504974365,7.508695122470049,7.261350001627684,7.346742947092036,19817969
2016-06-23,7.557579040527344,7.625825758711536,7.3498709240257,7.444822737093758,15928201
2016-06-24,7.3706464767456055,7.403286420324697,7.222283842597626,7.251956369427222,32914894
2016-06-27,7.079853057861328,7.421086699130885,7.035344012932825,7.376577654202381,33925071
2016-06-28,7.254922389984131,7.31426743669604,7.151068831682484,7.26679205559258,20548110
2016-06-29,7.429986953735352,7.444822387679245,7.296460391806665,7.349870579067646,21027978
2016-06-30,7.471526622772217,7.605052056034404,7.358770900981968,7.391410269038956,38885892
2016-07-01,7.602086067199707,7.637692853517333,7.403280781075578,7.50119944344905,24447928
2016-07-04,7.634443759918213,7.7294659098473835,7.625535467568182,7.664138250182736,7497954
2016-07-05,7.631479740142822,7.6849295295854905,7.494885104064511,7.601784682949848,10983227
2016-07-06,7.631479740142822,7.658204634864156,7.429556853909758,7.557243191747625,14151937
2016-07-07,7.6611714363098145,7.774010759463049,7.578026614271278,7.62553825388956,15144527
2016-07-08,7.872000217437744,7.880908511013001,7.678986277818284,7.720558679365039,21797350
2016-07-11,7.961089134216309,7.98484386860631,7.791830357810362,7.898729946327379,13592639
2016-07-12,7.895753860473633,8.06204232634407,7.863089761484878,8.017500870716843,22926189
2016-07-13,8.070952415466309,8.070952415466309,7.8333975676713115,7.874969419753449,19348151
2016-07-14,8.40353775024414,8.406506818781217,8.165981618828587,8.165981618828587,39439972
2016-07-15,8.40353775024414,8.492620752231232,8.332270801360727,8.40353775024414,18994483
2016-07-18,8.578729629516602,8.611393742522662,8.379776979279919,8.391654888308796,24600024
2016-07-19,8.546070098876953,8.58467291097727,8.471834090159016,8.55497839803136,14239871
2016-07-20,8.6203031539917,8.655936338400204,8.451044980757809,8.581700355117988,18119783
2016-07-21,8.554976463317871,8.661876576288883,8.412443161787705,8.611395860967715,23175496
2016-07-22,8.611392974853516,8.670781967410212,8.483706695585957,8.554973596112665,13327292
2016-07-25,8.58466625213623,8.688596693184682,8.495582782397594,8.652963524206527,12337988
2016-07-26,8.516373634338379,8.63515165890312,8.495587425310193,8.581701328931565,11948373
2016-07-27,8.546070098876953,8.685634364452099,8.51340597044835,8.54310048339426,20073847
2016-07-28,8.165976524353027,8.492615453976734,8.08580132528949,8.462920956075179,46027280
2016-07-29,8.421348571777344,8.4629204284128,8.136281519155004,8.151129040826739,23099544
2016-08-01,8.433229446411133,8.605457266891461,8.412443783078894,8.448076974269695,13228342
2016-08-02,8.328922271728516,8.507207833209867,8.192236364252535,8.367550873943062,27382599
2016-08-03,8.522063255310059,8.530977503880363,8.260577352709667,8.290291697163747,17367417
2016-08-04,8.61418342590332,8.691440661624618,8.542868843829991,8.557725751779685,19956151
2016-08-05,8.667669296264648,8.703326314888955,8.504240564023826,8.63201227764034,14449366
2016-08-08,8.581489562988281,8.66766097369613,8.545832578601319,8.605261251018945,10702998
2016-08-09,8.536924362182617,8.667667095718503,8.495324152576009,8.60823838132604,12220485
2016-08-10,8.415095329284668,8.608238377136466,8.287323648168996,8.557723915161514,17840134
2016-08-11,8.66469669342041,8.670638798582267,8.358638846103483,8.424010217775846,18687198
2016-08-12,8.676580429077148,8.765722943564338,8.60229427012534,8.614180668936116,14100143
2016-08-15,8.804349899291992,8.845950094109492,8.66766401431383,8.703321011209272,10584336
2016-08-16,8.670634269714355,8.789491645334552,8.637948874780223,8.756805702741245,23168345
2016-08-17,8.768694877624512,8.768694877624512,8.53692325027703,8.643894265059545,18498962
2016-08-18,8.792464256286621,8.831092853044524,8.67063526795217,8.736007160664956,14335149
2016-08-19,8.741954803466797,8.777611819323702,8.605268845802634,8.750869057431023,13751500
2016-08-22,8.507206916809082,8.73600745365902,8.474521517015702,8.706292557677164,11787966
2016-08-23,8.415095329284668,8.664696039143424,8.409152676912083,8.587438272343284,23305561
2016-08-24,8.355664253234863,8.435893049715322,8.266521754544648,8.379435951325098,13735653
2016-08-25,8.394293785095215,8.468579391481942,8.325950830062068,8.379436882881599,12534341
2016-08-26,8.510185241699219,8.652813897774262,8.358642328848218,8.453728099564913,22092074
2016-08-29,8.66469669342041,8.7211532643716,8.459667230022688,8.542867655477933,11415939
2016-08-30,8.691439628601074,8.733039842171072,8.590410694976645,8.706295987125474,9759497
2016-08-31,8.634981155395508,8.84595325619926,8.536924378881496,8.694409869904218,26165247
2016-09-01,8.548810005187988,8.685495944167084,8.501267141324751,8.670638491151387,23760691
2016-09-02,8.798266410827637,8.830973378646819,8.607968983791476,8.625809247696601,22081638
2016-09-05,8.82800579071045,8.914234151245399,8.726910169106175,8.830978804507533,7757697
2016-09-06,8.920181274414062,8.920181274414062,8.750697567150127,8.887473738480047,12818242
2016-09-08,9.039114952087402,9.056955223655317,8.795296628610517,8.88449853447097,26499009
2016-09-09,8.539581298828125,8.917202060749885,8.524714594289623,8.890441663768184,25256339
2016-09-12,8.569318771362305,8.572291784487115,8.399835102414103,8.497957140012401,21173117
2016-09-13,8.212510108947754,8.456327826797427,8.129254797273553,8.429567425768182,31728657
2016-09-14,8.280899047851562,8.370100394116967,8.206563861935985,8.292792195339747,21088662
2016-09-15,8.50687313079834,8.554447345846045,8.271975615256732,8.292788889073377,21344153
2016-09-16,8.35226058959961,8.492010286559358,8.260085129302134,8.450382623972057,29287188
2016-09-19,8.396865844726562,8.554455897879084,8.313611022166985,8.486067792625413,15799876
2016-09-20,8.489034652709961,8.536608877755846,8.426593174075595,8.459300693553697,14812118
2016-09-21,8.655546188354492,8.670413444474756,8.399834205668952,8.590131138258606,27672877
2016-09-22,8.822059631347656,8.860714295144557,8.717990984571333,8.74772550996004,16932580
2016-09-23,8.839898109436035,8.851792355588124,8.715016197132044,8.792324412953226,18691063
2016-09-26,8.72988510131836,8.765565654412354,8.69123043810516,8.72988510131836,8892720
2016-09-27,8.911258697509766,8.9201788325006,8.661493273703922,8.771508454597821,23310199
2016-09-28,8.9647798538208,8.994513820946002,8.816110566215642,8.932072325576824,18221052
2016-09-29,8.816110610961914,9.009380576225395,8.762588702635714,8.923152235530914,21240951
2016-09-30,8.822059631347656,8.935048964553213,8.759618662490277,8.81313949293946,18724884
2016-10-03,9.04935073852539,9.076690594679796,8.809371724690058,8.839748907180425,17791046
2016-10-04,9.179739952087402,9.204057399271665,9.033836949679008,9.05815439686327,41553670
2016-10-05,9.252692222595215,9.331723089773819,9.185819519419148,9.210136967889067,16715161
2016-10-06,9.252692222595215,9.295247477301361,9.179740437417879,9.25573204371206,21767782
2016-10-07,9.383401870727539,9.383401870727539,9.219260413265415,9.33476751005835,18620330
2016-10-10,9.380362510681152,9.495869613170019,9.346926140970453,9.422917228219733,13712268
2016-10-11,9.346922874450684,9.368200505900326,9.255733825712968,9.301328350081825,15691456
2016-10-13,9.359079360961914,9.413793337341463,9.161502202265421,9.243572886718548,27578566
2016-10-14,9.435070991516113,9.517141676211212,9.416833186079957,9.432031170532623,19806374
2016-10-17,9.623530387878418,9.623530387878418,9.395557219421732,9.462428811012497,24571422
2016-10-18,9.857587814331055,9.909262563441553,9.584019435922524,9.620495070314925,29082718
2016-10-19,9.787677764892578,9.948779440164573,9.757281772050835,9.811995231445378,17068635
2016-10-20,9.930536270141602,9.95485260312794,9.647848534873527,9.666086344845814,21212542
2016-10-21,9.836305618286133,9.924454830454053,9.811988169235894,9.860621946871502,12218939
2016-10-24,9.742080688476562,9.93661814069526,9.687367240127328,9.878865990047828,15456837
2016-10-25,9.696481704711914,9.76943293153231,9.562736294921363,9.684322419931934,19167645
2016-10-26,9.656972885131836,9.757281450953666,9.593139957706008,9.61137777690401,21969739
2016-10-27,9.818071365356445,9.909260431720481,9.650890103146224,9.650890103146224,17341907
2016-10-28,9.854548454284668,9.906222079481605,9.726882621964553,9.769437899404592,13992304
2016-10-31,10.164592742919922,10.182830559431197,9.924460184978416,9.924460184978416,24715788
2016-11-01,9.866706848144531,10.213227600525482,9.787675936956914,10.182830492894993,19360133
2016-11-03,9.632200241088867,10.006295658459067,9.60482696816118,9.814686111326115,22071008
2016-11-04,9.632200241088867,9.781230760841387,9.480129243117972,9.638283439766196,18425909
2016-11-07,9.966757774353027,10.018462724319877,9.784271891938968,9.902888668460413,17696734
2016-11-08,9.960674285888672,10.176616635866575,9.848141832840165,9.963717006462257,13842526
2016-11-09,9.686949729919434,9.969802891400319,9.525753866303893,9.525753866303893,27302589
2016-11-10,8.823180198669434,9.811644485625125,8.765393735311088,9.723442589522007,77904942
2016-11-11,8.83838939666748,9.048248020543086,8.506874062602169,8.789726600479547,58245446
2016-11-14,8.902257919311523,8.990459261022377,8.719772597363622,8.786683863392513,29182054
2016-11-16,9.036079406738281,9.203357811997611,8.880966275615595,9.01783093497327,22315290
2016-11-17,8.753226280212402,9.185108640647549,8.738019407491745,9.154694334646198,20415340
2016-11-18,8.905303955078125,8.963090447626618,8.70456950906995,8.74714967896512,21232255
2016-11-21,8.957006454467773,9.042165654953637,8.817100692308829,9.002627654928167,20275998
2016-11-22,9.01783561706543,9.182071948222612,8.887054087433889,9.118202263883708,21153791
2016-11-23,9.057371139526367,9.075619615769735,8.92658964570198,8.966128758309525,12491051
2016-11-24,8.972210884094238,9.069537025510845,8.929631853379858,9.06345438691739,5282794
2016-11-25,9.014788627624512,9.023912863357246,8.79580584891881,8.850551823875255,11782362
2016-11-28,9.127326011657715,9.160781932497523,8.92050896784148,9.017835130131743,12335862
2016-11-29,8.83838939666748,9.106035616541494,8.83838939666748,9.042164820669436,18552881
2016-11-30,9.048248291015625,9.145573886300774,8.953963735197952,8.999585493373052,18859587
2016-12-01,8.543370246887207,8.911382504668074,8.470376339487458,8.865761312543231,40935234
2016-12-02,8.680011749267578,8.740880912252116,8.351315015705453,8.448706910546294,23903704
2016-12-05,8.634361267089844,8.740883029285882,8.543056659090796,8.719579125597905,13405949
2016-12-06,8.820014953613281,8.865667545205822,8.49740596147119,8.543057992124606,21152438
2016-12-07,8.76523208618164,8.947841321701715,8.683058435042794,8.862623454083375,22511837
2016-12-08,8.673928260803223,8.850450762307304,8.640450290556961,8.823059542758775,13693329
2016-12-09,8.789579391479492,8.847405475736494,8.68610072211714,8.841318726160669,21613559
2016-12-12,8.424361228942871,8.725665700075629,8.369578240866625,8.655665558107609,17890382
2016-12-13,8.457840919494629,8.649580575518046,8.36957995045252,8.36957995045252,22231608
2016-12-14,8.357406616210938,8.536972225710812,8.357406616210938,8.47305881448983,25843853
2016-12-15,8.384796142578125,8.45479629078929,8.193057069558087,8.339144115892182,20723978
2016-12-16,8.339140892028809,8.512619648247668,8.33001049022138,8.454793022215474,24946735
2016-12-19,8.156535148620605,8.421318594700454,8.126100837147524,8.354362099769302,18388223
2016-12-20,8.333053588867188,8.436532224002784,8.217401458606465,8.220445673796037,18498962
2016-12-21,8.263060569763184,8.424365969609791,8.21740852145893,8.42132231274306,15881432
2016-12-22,8.226888656616211,8.300700201547123,8.125397994899306,8.279171810657484,20145547
2016-12-23,8.399112701416016,8.472923657406067,8.239188207657882,8.239188207657882,21059866
2016-12-26,8.552888870239258,8.571341615635777,8.392964321022802,8.392964321022802,4191642
2016-12-27,8.469852447509766,8.635927741179163,8.414494205231643,8.611324266889449,11211082
2016-12-28,8.774320602416992,8.795848420342361,8.494452734204677,8.512905473474863,13852383
2016-12-29,8.91887378692627,8.91887378692627,8.648232095689643,8.808156705655142,13093446
2017-01-02,8.85736083984375,8.85736083984375,8.765096546338095,8.848134467176681,5198726
2017-01-03,9.232495307922363,9.25711498533627,8.893970064012438,8.924745086186068,26106302
2017-01-04,9.174029350280762,9.26327681234006,9.12786706549449,9.152487328853008,15809152
2017-01-05,9.275586128234863,9.346368670154353,9.100168894266154,9.180183892330907,17786601
2017-01-06,9.334054946899414,9.334054946899414,9.204800043406966,9.28173733740739,10221778
2017-01-09,9.346368789672852,9.38329861472615,9.210958485796224,9.26943146507557,13939737
2017-01-10,9.346368789672852,9.435616245024137,9.28481870311154,9.386376289216832,12783841
2017-01-11,9.41715145111084,9.435616363870064,9.278664038207936,9.40176421288106,10811031
2017-01-12,9.63873291015625,9.740290517967912,9.60180307720977,9.647965935601707,31209751
2017-01-13,9.561788558959961,9.721818474015077,9.503316744468771,9.638725843595406,17513909
2017-01-16,9.580252647399902,9.629493140653679,9.47869568988701,9.571020763925285,9275571
2017-01-17,9.854151725769043,9.894159205035828,9.537169564565577,9.558711006247515,15900758
2017-01-18,9.755678176879883,9.875700692345736,9.700282297112881,9.854158102306922,12131585
2017-01-19,9.746437072753906,9.80798711692578,9.651034901333329,9.734127517686192,13241870
2017-01-20,9.70028018951416,9.820302678902493,9.617188656752296,9.798761227961622,20708903
2017-01-23,9.921860694885254,9.964944728158956,9.660272014701926,9.672582710852067,20906996
2017-01-24,9.884929656982422,9.964944643610387,9.77414019907474,9.909549914656546,13328258
2017-01-26,10.106505393981934,10.183442673763347,9.93416593264824,10.054188361367268,19825120
2017-01-27,10.137284278869629,10.19575667587048,10.020339484867927,10.066501187078828,11795697
2017-01-30,9.958788871765137,10.115740012034436,9.832611063543233,10.051113405575629,14959962
2017-01-31,10.06342601776123,10.100355838324168,9.857232061714031,9.974178006053055,11291672
2017-02-01,9.98033618927002,10.291164382396387,9.971104297666205,10.15575460833771,26636611
2017-02-02,9.607417106628418,9.678241617616107,9.456531930958786,9.551989968734325,50476346
2017-02-03,9.841446876525879,9.912270268155153,9.53967532311348,9.54583313863698,25759592
2017-02-06,9.638218879699707,9.921514893393068,9.585870037012636,9.872245527932522,23888823
2017-02-07,9.622819900512695,9.810656607258476,9.51812337990266,9.782943590240425,20375914
2017-02-08,9.801416397094727,9.801416397094727,9.54583355677855,9.6351338041336,14294564
2017-02-09,9.85992431640625,9.918430952132098,9.709037945790131,9.80449715652093,18701306
2017-02-10,10.00772762298584,10.069313712470985,9.835286118395032,9.850682356996069,22402451
2017-02-13,10.035445213317871,10.081635085318428,9.869162582181078,10.069318315822985,17255519
2017-02-14,9.973856925964355,10.02928407925849,9.86916043524348,10.02312512830983,15699187
2017-02-15,10.189409255981445,10.229440173006715,10.020048295149154,10.023126636005266,24390143
2017-02-16,10.155538558959961,10.331058493584639,10.084714008796725,10.158618035282046,20673537
2017-02-17,10.133984565734863,10.164777062456881,9.973860858584253,10.075477913897656,10117417
2017-02-20,10.174010276794434,10.220200133279848,10.109344704731082,10.167852461655876,7602702
2017-02-21,10.460389137268066,10.485023811464709,10.201727895907114,10.201727895907114,16403237
2017-02-22,10.5281343460083,10.577402559968062,10.380327433965952,10.444993028927076,19062125
2017-02-23,10.368002891540527,10.63282291916551,10.263307578246692,10.589713685204947,24054641
2017-02-24,10.291028022766113,10.411120794103399,10.161697957139145,10.217125128122131,12713108
2017-03-01,10.198641777038574,10.371082113936007,10.17092764473328,10.324893406868226,10137129
2017-03-02,10.167519569396973,10.235302321467621,10.059681824195607,10.179843396392023,18873309
2017-03-03,10.407838821411133,10.43556770571278,10.186002068340514,10.195244651197234,13436484
2017-03-06,10.306170463562012,10.469467181588296,10.247630280687037,10.392439549216991,9644313
2017-03-07,10.167519569396973,10.349302548032469,10.149033261038442,10.349302548032469,18266275
2017-03-08,9.99498176574707,10.167522202756746,9.905631441494666,10.167522202756746,13215587
2017-03-09,9.905630111694336,10.050440491677907,9.837846215435713,9.890225042095757,20693056
2017-03-10,9.850168228149414,10.16751896347796,9.788547961114423,9.991897340939957,22677269
2017-03-13,9.973413467407227,10.0473587144789,9.85941435554971,9.868656943567608,11704478
2017-03-14,9.890225410461426,10.05352097145966,9.874819204556982,9.902549239452883,12045777
2017-03-15,10.065840721130371,10.142867167817254,9.807031360540577,9.939516712554235,19100197
2017-03-16,10.019621849060059,10.118215812017132,9.840920220217159,10.075081876005028,13849290
2017-03-17,9.711522102355957,10.13362827614012,9.705360755983524,10.130548170819928,31875342
2017-03-20,9.884063720703125,9.930278934926166,9.588280443868282,9.674550660922794,21741305
2017-03-21,9.591361045837402,9.890225544174836,9.505091402400607,9.890225544174836,24866725
2017-03-22,9.62833309173584,9.779304798923347,9.502009038479251,9.551305482073003,15341460
2017-03-23,9.637577056884766,9.723847265181485,9.492766674595865,9.520496708900403,13128426
2017-03-24,9.77622127532959,9.807032539146135,9.612924643577342,9.674546035478787,11653070
2017-03-27,9.859418869018555,9.871743839660738,9.631419405197246,9.723852142083045,8985099
2017-03-28,9.914875030517578,9.942605070901031,9.622174096391458,9.84401101226211,16014009
2017-03-29,10.12130355834961,10.192168689128435,9.834764065916705,9.837845306698211,18390156
2017-03-30,10.056605339050293,10.226064570824096,9.96417375354887,10.222983328685308,18144134
2017-03-31,9.976492881774902,10.121303243882883,9.924115197312489,10.01038425785459,13043005
2017-04-03,10.025785446166992,10.0904869252755,9.921028993911708,9.951840249625073,10093452
2017-04-04,10.102546691894531,10.142623924103475,9.957652957288897,9.988481072959756,11639349
2017-04-05,9.895992279052734,10.15186964454334,9.80042265237555,10.15186964454334,16092473
2017-04-06,9.791173934936523,9.914488619832186,9.667859250040863,9.81891900038179,17316590
2017-04-07,9.812761306762695,9.95149014560074,9.748020878932918,9.769601021542844,11775404
2017-04-10,9.87441349029541,9.932988950672733,9.735684708610611,9.8127572641196,34252842
2017-04-11,9.899076461791992,9.985396994918426,9.661696132088887,9.911408615892677,21709610
2017-04-12,9.800424575805664,9.93915448632656,9.757264310718435,9.880579029140643,25369204
2017-04-13,9.501386642456055,9.800424315303735,9.501386642456055,9.754182149420469,24990992
2017-04-17,9.926816940307617,9.973060218694801,9.55687298599802,9.587702217054119,25084530
2017-04-18,9.868255615234375,10.05939278058161,9.772687032560757,9.88058664201969,18618977
2017-04-19,9.769596099853516,9.985396280842707,9.704855704638405,9.957651208889454,13631872
2017-04-20,9.600040435791016,9.862083982749482,9.52605204393279,9.837420806665145,23396007
2017-04-24,9.775761604309082,9.914491517660654,9.711022341751837,9.800424775775666,25987833
2017-04-25,9.86516284942627,9.895992090591436,9.664776759232772,9.711020052783367,15305513
2017-04-26,10.031639099121094,10.133372539905713,9.772678667136487,9.803506775908591,32025120
2017-04-27,10.324516296386719,10.407753826319496,10.151876293248606,10.173456435690255,42093642
2017-04-28,10.299849510192871,10.321429645083628,10.173452875998066,10.296767607832486,20841867
2017-05-02,10.577000617980957,10.67534308012704,10.390486426378182,10.471873879392897,21791254
2017-05-03,10.569865226745605,10.617369285892254,10.40020397406844,10.563079095022715,21376797
2017-05-04,10.413779258728027,10.590226675052076,10.3730601868507,10.512181597772763,20653121
2017-05-05,10.427353858947754,10.50539781661175,10.373062509015138,10.43074806326956,10338068
2017-05-08,10.42056655883789,10.546115717920767,10.352702947556752,10.413780425127126,11538923
2017-05-09,10.51218318939209,10.597014412466134,10.434139237382988,10.522363527446107,11304901
2017-05-10,10.668267250061035,10.719165505309109,10.593616399891447,10.620762060218,14828053
2017-05-11,10.73273754119873,10.75309707028701,10.620761836842545,10.654693627265521,13937646
2017-05-12,10.841323852539062,10.91936892999498,10.787032514637522,10.7972128511732,18794827
2017-05-15,10.858287811279297,10.909186070928618,10.729345629306776,10.909186070928618,16892258
2017-05-16,10.875252723693848,10.909184512918594,10.763275886205651,10.89900531727703,11598131
2017-05-17,10.661479949951172,10.851500708749168,10.529144714123287,10.77345679341035,17191110
2017-05-18,9.263477325439453,9.704594643553865,8.666271588688938,8.666271588688938,90429550
2017-05-19,9.416176795959473,9.70120640583455,9.40939009240499,9.565478020179752,42561914
2017-05-22,9.148106575012207,9.344912902740429,8.97844590845042,9.287228514897542,36396003
2017-05-23,9.209183692932129,9.365271513589073,9.148105677031515,9.178644969253368,25250278
2017-05-24,9.314380645751953,9.562085970900144,9.297414737874346,9.368672574338673,20439480
2017-05-25,9.249903678894043,9.450103084907001,9.114175364401051,9.389025627656748,19232124
2017-05-26,9.463676452636719,9.528147543936896,9.263477047306264,9.327947570063259,16851673
2017-05-29,9.463676452636719,9.463676452636719,9.463676452636719,9.463676452636719,0
2017-05-30,9.517970085144043,9.528149853299407,9.365275268443552,9.365275268443552,11403113
2017-05-31,9.338129997253418,9.558687846307363,9.338129997253418,9.497610375576011,19832991
2017-06-01,9.2872314453125,9.42296036251458,9.209187502697885,9.385634924497591,12689530
2017-06-02,9.15784740447998,9.381954719496532,9.083144776495306,9.35818564977982,23255295
2017-06-05,9.151055335998535,9.235944783284438,9.049188226830426,9.083144119532273,9915178
2017-06-06,9.273295402526855,9.351393442660598,9.140868389941367,9.151055214510425,11464605
2017-06-07,9.422707557678223,9.439685230763809,9.317444960459541,9.422707557678223,11706357
2017-06-08,9.28009033203125,9.371770650087255,9.188410013975245,9.371770650087255,13345212
2017-06-09,9.08993911743164,9.33781616663432,9.08314827714537,9.33781616663432,14258284
2017-06-12,8.943928718566895,9.103520273375493,8.804710820045088,9.079751766291064,29742722
2017-06-13,8.872623443603516,9.049193273831413,8.862437182155473,8.977886599006368,28608455
2017-06-14,9.215575218200684,9.263113375264602,9.00505006938222,9.00505006938222,44258571
2017-06-15,9.215575218200684,9.215575218200684,9.215575218200684,9.215575218200684,0
2017-06-16,9.171431541442871,9.195200047127162,9.066168984349616,9.157849294364308,24328949
2017-06-19,9.195198059082031,9.300461162354498,9.12049600076967,9.144265070252567,8123295
2017-06-20,8.981281280517578,9.215575515424538,8.96430361056333,9.134082016918908,17963452
2017-06-21,8.930351257324219,9.09673373018379,8.872625680935995,9.042404144072332,14099458
2017-06-22,9.042401313781738,9.055984132761571,8.876018893000214,8.947326132424623,9682737
2017-06-23,8.967698097229004,9.096729740899569,8.940533600554952,9.008445411177723,6094755
2017-06-26,9.371769905090332,9.395538979907515,9.04919082315198,9.066169058842878,25899987
2017-06-27,9.266507148742676,9.415912433573395,9.21557358063562,9.35139604962938,24657493
2017-06-28,9.344602584838867,9.375162487680202,9.16803229763794,9.327624355316004,13164777
2017-06-29,9.388749122619629,9.436287277225347,9.218970730519045,9.402331371230169,11493770
2017-06-30,9.558528900146484,9.589088819896213,9.385353935459783,9.443078923688683,14842635
2017-07-03,9.640484809875488,9.691764020957708,9.541344849036935,9.613135973671435,12965191
2017-07-04,9.65381908416748,9.688029013076783,9.575138081865695,9.578559418667178,5349821
2017-07-05,9.657240867614746,9.701713092072119,9.496458082414861,9.677766597854198,13830649
2017-07-06,9.516983985900879,9.677766774027642,9.496458255287779,9.64013722321083,14871097
2017-07-07,9.527244567871094,9.60592613897499,9.383566772107027,9.558033158264154,21390325
2017-07-10,9.63330078125,9.674351117781015,9.513568244765269,9.564882025205975,21645430
2017-07-11,9.800917625427246,9.824864114251616,9.585400372376283,9.633293350025022,11721994
2017-07-12,10.060909271240234,10.088276529197982,9.841970061209638,9.920652217502855,29220214
2017-07-13,10.14985179901123,10.22169127556027,10.064329267711058,10.084854996206287,24366723
2017-07-14,10.160110473632812,10.231949916505284,10.108796749633616,10.22168648388465,17851712
2017-07-17,10.09169864654541,10.153275844984927,10.02327991929109,10.153275844984927,12200755
2017-07-18,10.21827507019043,10.21827507019043,9.982231953119037,10.081438729794485,13595574
2017-07-19,10.09169864654541,10.259324127089423,10.040384887696863,10.218272661463077,20218811
2017-07-20,10.057486534118652,10.218269286372612,10.054064624472737,10.095116076539805,16250455
2017-07-21,10.016432762145996,10.105377172234766,9.961698269645888,10.05748420470514,11725859
2017-07-24,10.101957321166992,10.119062283445633,9.995909077049813,10.084853505256712,10448754
2017-07-25,10.266161918640137,10.28668649761283,10.12590489715163,10.143008712962208,29064024
2017-07-26,10.177218437194824,10.361947689703037,10.132747365584198,10.26958363663316,25062815
2017-07-27,10.163536071777344,10.273005096032216,10.067750102370061,10.262742804896522,16651209
2017-07-28,10.177218437194824,10.197744164444282,10.074590947315988,10.105380111374405,9378438
2017-07-31,10.327737808227539,10.331158571343261,10.136167049168723,10.208005367335568,16801250
2017-08-01,10.454315185546875,10.491944738462914,10.303794681145302,10.327741177135039,19170105
2017-08-02,10.597733497619629,10.645656253331481,10.412889402074729,10.436850779930653,22867895
2017-08-03,10.59430980682373,10.662771045106734,10.536118385177755,10.549811091666774,11301914
2017-08-04,10.604573249816895,10.649073090122737,10.560074556591534,10.594304585321924,12293344
2017-08-07,10.72780990600586,10.755194176139087,10.584042774576716,10.611427044709945,13046536
2017-08-08,10.840763092041016,10.98453011827882,10.683303367214647,10.707264729434344,23748990
2017-08-09,10.847614288330078,10.84761428833008,10.70727007983955,10.765461496988236,10366355
2017-08-10,10.744916915893555,10.881838157109769,10.645648585856682,10.881838157109769,11211082
2017-08-11,10.840763092041016,10.881838893645938,10.669610668626081,10.717533393065478,14456816
2017-08-14,11.056421279907227,11.100921144944905,10.79969305404543,10.816807504382137,18590321
2017-08-15,11.083800315856934,11.207030035521099,11.059838949614441,11.107761682099428,12444967
2017-08-16,11.083800315856934,11.18991444618201,10.957147707741067,11.138568825245322,23259688
2017-08-17,10.991379737854004,11.090648109325217,10.950303921884363,11.022186886601432,11509231
2017-08-18,11.217300415039062,11.244684673917961,10.981110752053283,11.005072121957413,16628896
2017-08-21,11.213873863220215,11.296026613022942,11.141989776987684,11.241258113154457,11117965
2017-08-22,11.467178344726562,11.535639545827062,11.265219923578877,11.296027062595954,23973349
2017-08-23,11.569880485534668,11.63149481557471,11.432959114844907,11.467188023665605,16114997
2017-08-24,11.607526779174805,11.652026629298298,11.539066706610223,11.586988298573134,19674517
2017-08-25,11.617794036865234,11.658869841950324,11.545908797035237,11.617794036865234,12341660
2017-08-28,11.43979549407959,11.655447787758566,11.364489654855198,11.63833219861817,22816592
2017-08-29,11.634917259216309,11.634917259216309,11.330266217446008,11.415843074533797,13016141
2017-08-30,11.51853084564209,11.648606389594468,11.43295516193371,11.634913683719008,11425075
2017-08-31,11.494568824768066,11.583567393174055,11.385031772243485,11.559606019549186,14205752
2017-09-01,11.734184265136719,11.857414052710016,11.556185937993337,11.556185937993337,14556433
2017-09-04,11.73039722442627,11.733822007127731,11.61394887399968,11.702997815099199,7439853
2017-09-05,11.56258487701416,11.953027659705057,11.429012497108902,11.915353869564141,31203426
2017-09-06,11.73725414276123,11.81945242223646,11.61738093453729,11.655055863286,26445335
2017-09-07,11.73725414276123,11.737254142761229,11.737254142761229,11.737254142761229,0
2017-09-08,11.64477825164795,11.792050859686093,11.617378830119446,11.785200143517047,14782197
2017-09-11,12.093440055847168,12.158514375404826,11.77492146714333,11.8091715922644,19469484
2017-09-12,12.076322555541992,12.271543322478779,12.024948488287666,12.024948488287666,17319717
2017-09-13,12.127696990966797,12.230445128594658,12.04207392551562,12.100297564113776,17968723
2017-09-14,12.03522777557373,12.182500468123601,12.021528630806237,12.059202426633398,14347887
2017-09-15,12.292094230651855,12.305794518692728,11.98042501567092,12.072898803727321,30785279
2017-09-18,12.39826774597168,12.47361646447307,12.237295953238988,12.237295953238988,16643303
2017-09-19,12.435940742492676,12.463341318133425,12.264694604893037,12.38114303435966,16197923
2017-09-20,12.364022254943848,12.52156930714779,12.1208521042073,12.449645353476452,16202316
2017-09-21,12.36744499206543,12.494167799618955,12.250996541455551,12.41196950092065,13241554
2017-09-22,12.336614608764648,12.449637069531601,12.250990419489519,12.381139095370452,9299904
2017-09-25,12.127696990966797,12.33661805111463,12.04207392551562,12.281819197408588,16666494
2017-09-26,12.113997459411621,12.292094318924859,12.093447601060827,12.192770959992844,12826745
2017-09-27,11.987273216247559,12.227019621699668,11.87425073061731,12.189344694678887,13946079
2017-09-28,11.836579322814941,11.987275617942478,11.771504957521179,11.987275617942478,15679281
2017-09-29,12.004403114318848,12.069477492740779,11.884529863392405,11.91878001949511,13329576
2017-10-02,12.124262809753418,12.14138787027926,11.905067544056267,11.970141855882193,14325222
2017-10-03,12.64478874206543,12.64478874206543,11.95943460633428,12.137626957223956,31477681
2017-10-04,12.562545776367188,12.641361509650029,12.483730043084346,12.62080063393896,17644747
2017-10-05,12.572823524475098,12.805844042601413,12.555689274442015,12.648211468625739,23437664
2017-10-06,12.442608833312988,12.535132203874767,12.3672208663098,12.535132203874767,9453635
2017-10-09,12.43575668334961,12.43918445336148,12.264418709349187,12.418623574948565,13474346
2017-10-10,12.72017765045166,12.778433658221301,12.531705438447007,12.569399421515318,17780733
2017-10-11,12.64478874206543,12.747591977258258,12.511144765981065,12.665349618770309,15744638
2017-10-12,12.64478874206543,12.64478874206543,12.64478874206543,12.64478874206543,0
2017-10-13,12.548840522766113,12.778435672024672,12.470025922869086,12.778435672024672,16488694
2017-10-16,12.514571189880371,12.661921635700748,12.459741808453236,12.661921635700748,13063930
2017-10-17,12.483734130859375,12.54884225221053,12.370650999916903,12.524855895746759,11486567
2017-10-18,12.428897857666016,12.60709014332512,12.346655529284385,12.494007085341773,18147050
2017-10-19,12.37749195098877,12.38777295616521,12.192446489451061,12.336370226944501,9418672
2017-10-20,12.31581974029541,12.483732248546971,12.308966496624816,12.439185016356394,5760062
2017-10-23,12.199313163757324,12.384358829105627,12.117070773417192,12.302116438765495,13025629
2017-10-24,12.363788604736328,12.387777242337846,12.189024087906514,12.288400665122179,12634363
2017-10-25,12.40148639678955,12.4528880065473,12.16161260069719,12.38777991329756,9771461
2017-10-26,12.288410186767578,12.58996562387712,12.260996056121256,12.456321593434796,14582260
2017-10-27,12.26441764831543,12.408342636422772,12.192455154261758,12.319245887118733,13736127
2017-10-30,12.045103073120117,12.281551422656644,11.949154233137191,12.281551422656644,16746785
2017-10-31,11.884048461914062,12.117069110056052,11.743551207911153,12.055387612851234,23157611
2017-11-01,11.513956069946289,12.000558201077371,11.513956069946289,11.942303331751381,23069589
2017-11-02,11.513956069946289,11.513956069946289,11.513956069946289,11.513956069946289,0
2017-11-03,11.630180358886719,11.63360891698298,11.469031234478818,11.554748633827161,31975065
2017-11-06,11.630180358886719,11.630180358886719,11.630180358886719,11.630180358886719,0
2017-11-07,11.229020118713379,11.55131831849994,11.153588405128783,11.55131831849994,25837968
2017-11-08,11.637042045593262,11.68504302203482,11.21188118398044,11.297599757512431,20572127
2017-11-09,11.215307235717773,11.68846896798904,11.205021560704315,11.68846896798904,20734994
2017-11-10,11.225595474243164,11.304455772892187,11.030158432515124,11.277026153752562,16996795
2017-11-13,11.280448913574219,11.280448913574219,11.280448913574219,11.280448913574219,14364402
2017-11-14,11.040441513061523,11.376456279236555,11.019870165279034,11.280452060329402,15227225
2017-11-15,11.040441513061523,11.040441513061523,11.040441513061523,11.040441513061523,0
2017-11-16,11.32845687866211,11.441603914443906,11.030158476719807,11.074732038868138,14659037
2017-11-17,11.527318000793457,11.5958926035969,11.277022941072854,11.294165730038344,12236420
2017-11-20,11.527318000793457,11.527318000793457,11.527318000793457,11.527318000793457,0
2017-11-21,11.791328430175781,11.901048024359767,11.561605866398653,11.61303538222986,18544641
2017-11-22,11.65760612487793,11.849614506738272,11.551316263053904,11.849614506738272,20363405
2017-11-23,11.57189655303955,11.64732830404123,11.469035178853716,11.64732830404123,4794634
2017-11-24,11.469027519226074,11.609604100537723,11.469027519226074,11.571888824715648,7420703
2017-11-27,11.451891899108887,11.479320372154335,11.263311955073881,11.390174387813797,12436358
2017-11-28,11.48617172241211,11.6576076357229,11.393597225428966,11.554746317532498,14475615
2017-11-29,11.266732215881348,11.602745699955243,11.211873012234193,11.537600826491783,15736381
2017-11-30,11.194734573364258,11.29073880134508,11.040442556529644,11.187877456788673,29262908
2017-12-01,11.167299270629883,11.263303449716243,10.992435993125536,11.139870818296721,14198548
2017-12-04,11.359068870544434,11.506589663541128,11.21841033859761,11.293886012945917,18126670
2017-12-05,11.242423057556152,11.640384681352431,11.197823543363098,11.324759826308851,18589619
2017-12-06,11.359068870544434,11.407098949643359,11.029721727551864,11.122350180399762,13123313
2017-12-07,11.276737213134766,11.341921250027157,10.978266085355337,11.142939731740501,26804977
2017-12-08,11.307609558105469,11.492867635116164,11.290456777599958,11.458562074105142,15995526
2017-12-11,11.307609558105469,11.465422036657179,11.266441735242076,11.389947503132595,18095397
2017-12-12,11.530600547790527,11.530600547790527,11.108623954368372,11.25271299008953,18194663
2017-12-13,11.335060119628906,11.729591448738963,11.218415424698227,11.643824068406486,29550691
2017-12-14,11.245856285095215,11.311040294379694,11.115489416176326,11.22870235640981,18741768
2017-12-15,11.201262474060059,11.36250672679328,11.153232368960857,11.245862021602267,23992850
2017-12-18,11.29045581817627,11.424253243000456,11.208119029796007,11.29045581817627,20710924
2017-12-19,11.21840763092041,11.273298808170626,11.10176416667614,11.269868253298707,13792349
2017-12-20,11.321331024169922,11.386513878405896,11.252716464761022,11.280162058594588,9314311
2017-12-21,11.654109001159668,11.726152961161091,11.235562863637593,11.345345230925373,17920759
2017-12-22,11.688416481018066,11.688416481018066,11.527173474632297,11.595788033576227,19216136
2017-12-25,11.688416481018066,11.688416481018066,11.688416481018066,11.688416481018066,0
2017-12-26,11.71299934387207,11.846621088935551,11.642671675497917,11.741130175551044,8691658
2017-12-27,11.727063179016113,11.84310269092677,11.720029588632723,11.748160415106616,8025434
2017-12-28,11.902889251708984,11.902889251708984,11.744653973583379,11.80443187624795,10960896
2017-12-29,11.902889251708984,11.902889251708984,11.902889251708984,11.902889251708984,0
2018-01-02,12.166616439819336,12.236944145211435,11.96266809738415,11.973216722933637,14794320
2018-01-03,12.222546577453613,12.324577274930427,12.088851465346172,12.159217748192354,9683264
2018-01-04,12.42308521270752,12.507525200318197,12.240135050218004,12.240135050218004,16803885
2018-01-05,12.493450164794922,12.493450164794922,12.289390026819945,12.391419506307441,11602172
2018-01-08,12.489938735961914,12.521603155496354,12.324579183614917,12.479384322450638,11357609
2018-01-09,12.373833656311035,12.489936903907209,12.299949235567816,12.489936903907209,9807303
2018-01-10,12.243656158447266,12.359759401093617,12.197918017222777,12.233100567933711,15648359
2018-01-11,12.489938735961914,12.489938735961914,12.250694752034148,12.306987315428843,11252369
2018-01-12,12.489938735961914,12.50401128731028,12.359761740986448,12.4406824482414,8755435
2018-01-15,12.57789134979248,12.577891349792482,12.458269988880984,12.507526259491673,11004644
2018-01-16,12.662328720092773,12.736213117574579,12.535669921409692,12.581408050184153,13154060
2018-01-17,12.97897720336914,12.97897720336914,12.567337515554867,12.669368198064461,13036697
2018-01-18,12.964900970458984,13.070450948336568,12.869907758869207,12.950828426075327,15550323
2018-01-19,13.056384086608887,13.102122237893077,12.901578943032133,13.00712779737986,19189958
2018-01-22,13.235814094543457,13.253404779908111,13.095081537624067,13.137301540499955,15453341
2018-01-23,13.295621871948242,13.460981352175684,13.161926797445188,13.161926797445188,33601622
2018-01-24,14.002801895141602,14.002801895141603,13.41524702790974,13.41524702790974,36601035
2018-01-25,14.002801895141602,14.002801895141603,14.002801895141603,14.002801895141603,0
2018-01-26,14.495360374450684,14.502396647526098,14.108347670300201,14.108347670300201,34145915
2018-01-29,14.073164939880371,14.396847645072606,14.013354261529667,14.38981137209021,21285261
2018-01-30,14.213892936706543,14.213892936706543,13.851509636718669,14.006314679761982,21703232
2018-01-31,14.337038040161133,14.766269588227303,14.175196675447669,14.432031269536296,31883178
2018-02-01,13.957061767578125,14.249080066351771,13.883177364008855,14.217415658822132,42657314
2018-02-02,13.523744583129883,13.826463294672608,13.428705892892703,13.777183449558002,34889093
2018-02-05,13.305519104003906,13.819435793465138,13.305519104003906,13.446317954630485,19859520
2018-02-06,13.622307777404785,13.692707742758026,13.030951843044893,13.080231700835682,56699497
2018-02-07,13.418135643005371,13.724373955671236,13.337176292455252,13.622294518115948,23766032
2018-02-08,13.252710342407227,13.682147428395504,13.136551517366076,13.463909063983733,21307574
2018-02-09,13.10134220123291,13.340700513985984,12.890143620594078,13.217502128322685,23947170
2018-02-14,13.580069541931152,13.597669830726362,13.210471734186447,13.354791507264263,25548954
2018-02-15,13.636382102966309,13.777180790717996,13.565982169308336,13.720860136053062,11886090
2018-02-16,13.611748695373535,13.69270812699746,13.551908192339905,13.664548375978914,12653337
2018-02-19,13.544867515563965,13.706786366452153,13.495587660151953,13.657506511040141,9525844
2018-02-20,13.956698417663574,13.967259056277692,13.446302151865455,13.446302151865455,20210553
2018-02-21,14.03061580657959,14.343893860399302,13.946136609716351,14.005975893382306,38791036
2018-02-22,14.115100860595703,14.255900760024307,14.002461884704442,14.076381654969781,16135026
2018-02-23,14.245345115661621,14.245345115661621,13.935587823306756,14.192545429746424,15156070
2018-02-26,14.245345115661621,14.350944487492015,14.122146634902789,14.284065514434067,13407407
2018-02-27,14.090459823608398,14.266459094202713,14.041181160223848,14.199578970324966,11935636
2018-02-28,13.64694595336914,14.090462257387621,13.646945953369142,14.072863152983484,32392334
2018-03-01,13.724385261535645,13.910944021231217,13.573025889469458,13.696225515519217,16457245
2018-03-02,13.812067031860352,13.812067031860352,13.463419750541048,13.604287040937992,13088702
2018-03-05,13.903629302978516,13.963497748830655,13.650068201648867,13.79445701461089,12496620
2018-03-06,13.9282808303833,14.104365808653863,13.924759296037328,14.104365808653863,13732789
2018-03-07,13.681763648986816,13.94236900805483,13.579634426097545,13.931803224226224,15425933
2018-03-08,13.502151489257812,13.83319094182553,13.396500775905753,13.829669408732252,17527209
2018-03-09,13.790933609008789,13.790933609008789,13.551458677953347,13.572589061898565,18565197
2018-03-12,13.90010929107666,13.90363082590794,13.755719282160038,13.857848512823253,11530490
2018-03-13,13.69936752319336,13.963493140694741,13.65006369694878,13.963493140694741,14128272
2018-03-14,13.62541675567627,13.766284039106507,13.46694061926515,13.720502909578512,13252271
2018-03-15,13.428204536437988,13.664158029255999,13.385944931540845,13.505681855578494,23401120
2018-03-16,13.463417053222656,13.62189316572156,13.400027080278596,13.438765134824688,34084950
2018-03-19,13.326068878173828,13.509198071801245,13.2485927764465,13.340156193121569,16808102
2018-03-20,13.311997413635254,13.417648261688862,13.220433896054098,13.414126724105735,12647715
2018-03-21,13.378896713256836,13.491590523142886,13.315505560091868,13.371853645173646,19658529
2018-03-22,13.459893226623535,13.56906548373169,13.297894427541364,13.364807103264276,17920408
2018-03-23,13.55146312713623,13.720505074058684,13.333118508339643,13.333118508339643,18935205
2018-03-26,13.62894058227539,13.766286354235199,13.438769422628027,13.734591357650494,14497752
2018-03-27,13.463417053222656,13.716978125137649,13.38593976399172,13.664152754304682,10027796
2018-03-28,13.55146312713623,13.607810049397342,13.311988117456947,13.347204648835362,12477294
2018-03-29,13.910673141479492,13.97406311990643,13.611329740914071,13.62893741262219,27092760
2018-04-02,13.783185958862305,13.973004192069336,13.721203892846374,13.810303186502946,12985715
2018-04-03,13.937832832336426,14.116125410734167,13.829305990970747,13.937832832336424,21676719
2018-04-04,13.817678451538086,13.883568902257538,13.56961896444071,13.79442202594501,12782391
2018-04-05,13.860310554504395,14.174260422036783,13.682018022562932,14.166508675497475,38537081
2018-04-06,13.817678451538086,13.933955856427586,13.608377705814222,13.860313657433432,13999458
2018-04-09,13.294429779052734,13.81768054174584,13.28667802960542,13.81768054174584,18329467
2018-04-10,13.406822204589844,13.488217285973503,13.197522759601545,13.406822204589844,20090060
2018-04-11,13.720781326293945,13.740161289482936,13.356444394494027,13.395203140102913,13541381
2018-04-12,13.472718238830566,13.720777687243944,13.3525643881568,13.720777687243944,28981992
2018-04-13,13.178143501281738,13.414574652473469,13.139384780089795,13.333179566817861,17707198
2018-04-16,12.891329765319824,13.240163128595736,12.825439320675304,13.209156138355693,15979826
2018-04-17,13.054121971130371,13.10838421221732,12.829317715748752,12.914588132511568,14813391
2018-04-18,13.492094993591309,13.542481927940843,13.104503009245892,13.170393434046282,38906833
2018-04-19,13.468838691711426,13.488218643625116,13.298297948715138,13.337056671774107,19068172
2018-04-20,13.278924942016602,13.457217522876233,13.240165017916796,13.32156015006497,11970215
2018-04-23,13.27504825592041,13.27504825592041,13.10838389122387,13.251793010309756,9100366
2018-04-24,13.298304557800293,13.457217172472197,13.224662357004824,13.410706681686321,11295398
2018-04-25,13.461090087890625,13.57736746496621,13.120008522315645,13.166519000838406,23200128
2018-04-26,13.461090087890625,13.647134363519035,13.263417602247182,13.573492182140322,34209628
2018-04-27,13.608367919921875,13.740149907364207,13.492090598648378,13.720769960229251,16047228
2018-04-30,13.399073600769043,13.674264703967669,13.34481020046356,13.604497812365924,13858425
2018-05-02,13.054121971130371,13.387450708685888,13.00761029800109,13.25566979956283,20946958
2018-05-03,12.786128997802734,13.100255798680214,12.73571365824426,13.034328228709002,21102845
2018-05-04,12.797760963439941,12.937372188066462,12.646513796396526,12.739588339958837,16202635
2018-05-07,12.681417465209961,12.859810446804225,12.673661351352292,12.755101137574783,16279940
2018-05-08,12.615485191345215,12.704682239519663,12.468116720264328,12.5650698793974,22512054
2018-05-09,12.716322898864746,12.797763881447242,12.526296302373915,12.658151443553914,12173538
2018-05-10,12.972274780273438,13.084740193913914,12.747343952992484,12.758978713518689,14180101
2018-05-11,12.739587783813477,12.999421710097584,12.673660231133626,12.97227472327828,14556880
2018-05-14,12.55732250213623,12.964523927125997,12.425466161265673,12.778374771784065,18760072
2018-05-15,12.483633041381836,12.638757674358997,12.18889718387234,12.29360648834701,20378674
2018-05-16,12.685308456420898,12.747357427659614,12.409962011526273,12.475889634184954,12176094
2018-05-17,12.157876014709473,12.650395853263952,12.153997366191845,12.61161527525873,29459395
2018-05-18,12.212163925170898,12.254823134581578,11.634325865362715,11.921305571785927,42002207
2018-05-21,12.037652015686035,12.340144007239315,11.963967160230258,12.235435877089166,31932340
2018-05-22,12.382804870605469,12.503026426229248,12.09194642073299,12.15011905585479,23688392
2018-05-23,12.05704116821289,12.3323861305828,12.026015535084959,12.216043255296011,18810703
2018-05-24,12.076433181762695,12.091945410592324,11.828233976186532,11.991114741765703,16767245
2018-05-25,11.835992813110352,12.142363537985876,11.696381540096343,12.13072995440472,23886285
2018-05-28,11.335715293884277,11.700257431877878,11.324081711869741,11.673110438120391,13660372
2018-05-29,11.382258415222168,11.67311582122785,11.324086934021032,11.517992265169715,20385063
2018-05-30,11.312446594238281,11.568401930622336,11.281420953157905,11.362861931880525,39316515
2018-06-01,11.587793350219727,11.727404606587337,11.293056244068023,11.479205373514276,23224246
2018-06-04,11.707686424255371,11.85514854563449,11.618433874972633,11.727089614954165,16451958
2018-06-05,11.145001411437988,11.730968683940814,11.094555252334075,11.610670814043575,24472458
2018-06-06,10.958738327026367,11.30022888039214,10.838440410983013,11.032468812072329,22191656
2018-06-07,10.764710426330566,10.799635705655966,10.26411672630748,10.69874097968685,34889396
2018-06-08,10.671579360961914,10.885011019112245,10.32232766418727,10.683220335470645,32059158
2018-06-11,10.469797134399414,10.811288024723442,10.38830434528898,10.702630972576197,16091151
2018-06-12,10.442623138427734,10.648293704060363,10.337847299591958,10.47754841803966,19028721
2018-06-13,10.229194641113281,10.512476893995666,10.035164988233042,10.512476893995666,22976680
2018-06-14,9.813971519470215,10.33396909745533,9.813971519470215,10.26411852655329,40013693
2018-06-15,9.988598823547363,9.988598823547363,9.650989257485794,9.798450873059096,53285466
2018-06-18,9.666512489318848,9.895466279632682,9.631587194604945,9.876063075417155,22808974
2018-06-19,10.167104721069336,10.31068580760698,9.581138217886283,9.592779783826304,35212989
2018-06-20,10.384414672851562,10.547398916032845,10.120535703459153,10.330086197729605,28603615
2018-06-21,9.953673362731934,10.438745127163394,9.89546494014975,10.302925080409983,21106359
2018-06-22,10.143823623657227,10.213673033306513,9.953675053037959,10.108898327740008,31857272
2018-06-25,10.128300666809082,10.252478566644319,9.872182049007899,10.225314318565815,27012645
2018-06-26,10.073968887329102,10.248595295072802,9.91874567648685,10.205908971200415,23741419
2018-06-27,9.910982131958008,10.167099404163723,9.829490030809401,10.077846854205902,19255523
2018-06-28,10.248594284057617,10.306802686835084,9.887700531778945,9.887700531778945,15723315
2018-06-29,10.438745498657227,10.489192878836104,10.229194933466896,10.333970807154557,23760266
2018-07-02,10.302923202514648,10.341729598619565,10.178745335785331,10.213669437221128,15750468
2018-07-03,10.780179977416992,10.85008051936824,10.380194988844389,10.419027966022565,20965805
2018-07-04,10.931626319885254,10.951042207676887,10.679207948294373,10.79570800716403,12568366
2018-07-05,10.908329010009766,10.985996136242191,10.644261254031667,10.982112247566906,20764398
2018-07-06,10.939397811889648,10.962698783045036,10.714164160622344,10.873381154020837,16017999
2018-07-10,10.795711517333984,11.110263908011092,10.640378449345349,11.00152922247959,25825126
2018-07-11,10.7529935836792,10.873376360771465,10.601542070055189,10.698626252323903,19724461
2018-07-12,11.067547798156738,11.067547798156738,10.846196865854214,10.877264431302473,23753558
2018-07-13,11.288897514343262,11.335497078066354,10.978229024068103,11.028712476283271,26517513
2018-07-16,11.33938217163086,11.385981740306237,11.18793061585981,11.277248230366595,15271308
2018-07-17,11.665580749511719,11.719948086899764,11.26559586167176,11.31219660558012,21778940
2018-07-18,11.378213882446289,11.727715340835632,11.300546760245291,11.622864548409739,18886890
2018-07-19,11.521900177001953,11.521900177001953,11.083082200597794,11.19958231799118,22265926
2018-07-20,11.921882629394531,12.112167139128724,11.766548384020917,11.91799992392686,43679107
2018-07-23,11.785964012145996,11.863631125288771,11.70829689900322,11.797614493177969,20498624
2018-07-24,11.960722923278809,12.022855706905007,11.844221587917854,11.921888750481518,20255051
2018-07-25,12.178184509277344,12.30245120320624,11.941300421551098,12.042267332186523,48499137
2018-07-26,11.867515563964844,12.329633193212988,11.716064035642457,12.329633193212988,33913986
2018-07-27,11.999555587768555,12.050039064611823,11.851987864594674,11.96460530641077,26784884
2018-07-30,12.088865280151367,12.158764613832277,11.937413766267467,12.038380653503332,14686254
2018-07-31,11.85586929321289,12.096637322337168,11.805385826852076,12.038386076815641,17103456
2018-08-01,12.011201858520508,12.104403373950023,11.727718154948656,11.743251346510048,18553075
2018-08-02,12.014683723449707,12.076855781973563,11.812626012942408,11.89034079015818,12988909
2018-08-03,12.4732084274292,12.550924441883604,12.088521731924686,12.088521731924686,32439611
2018-08-06,12.387721061706543,12.543150708417125,12.313892512209616,12.512065252577763,13496659
2018-08-07,12.201205253601074,12.519835892556715,12.065204616533007,12.43434971018497,23513818
2018-08-08,11.909778594970703,12.352752324321436,11.847606490432531,12.181779924659255,21775106
2018-08-09,11.785433769226074,12.10017818236129,11.715490303250027,11.902006607105152,14525895
2018-08-10,11.198681831359863,11.641655291918978,11.128738404164983,11.629997659467717,29139316
2018-08-13,11.416281700134277,11.44736832381382,11.082109669690373,11.101537477764271,14440604
2018-08-14,11.61057186126709,11.672742755091168,11.357998461958864,11.571713868870496,18507075
2018-08-15,11.470684051513672,11.595027012824797,11.350226178872907,11.424054701174219,24697503
2018-08-16,11.470684051513672,11.595027012824797,11.361883812396883,11.470684051513672,12794051
2018-08-17,11.120965957641602,11.37353928853789,11.097651878772417,11.284166877238345,20858952
2018-08-20,11.190912246704102,11.245311778010405,11.00439720042657,11.113197446795708,16861480
2018-08-21,10.918913841247559,11.260858575102159,10.802341019588233,11.132628116149851,31138691
2018-08-22,11.187020301818848,11.206449287883922,10.705190207198877,10.84119074214254,18825876
2018-08-23,10.907249450683594,11.276394320492944,10.821763320149055,11.171479201085253,21177434
2018-08-24,11.00439739227295,11.152054449292214,10.942225314511045,11.152054449292214,11641511
2018-08-27,11.299713134765625,11.37354284993736,11.051025997687535,11.113198077896207,14927431
2018-08-28,11.229771614074707,11.330800521853414,11.105428616137097,11.256971977805158,13109178
2018-08-29,11.365772247314453,11.459029791693274,11.27251470293563,11.30748643004729,12102942
2018-08-30,10.880053520202637,11.31136943550615,10.880053520202638,11.245312267026225,24706927
2018-08-31,11.027709007263184,11.117081423010838,10.833422639504466,10.899479791466298,18953812
2018-09-03,10.93056869506836,10.977198053659135,10.763482626277785,10.887825609592088,8012194
2018-09-04,10.685198783874512,10.9029460725686,10.615208160881732,10.887392864026895,14768509
2018-09-05,10.751303672790527,10.805741103243436,10.560775035316253,10.67353642266728,18032228
2018-09-06,11.058483123779297,11.089590732722307,10.669648080712442,10.813517070338285,20384265
2018-09-10,11.101256370544434,11.26067859133397,10.976829473632812,11.194576839367032,33457187
2018-09-11,10.766852378845215,10.84073069435851,10.622982272209322,10.84073069435851,21427396
2018-09-12,10.770745277404785,10.953497299769747,10.712420138680745,10.813517203743134,23259704
2018-09-13,10.727975845336914,10.856291654185577,10.615213252490086,10.844626149906363,13329113
2018-09-14,10.774636268615723,10.871845652455272,10.587996478608614,10.673539172773816,21348334
2018-09-17,11.081812858581543,11.175134500152119,10.712419925817587,10.716307636559058,15075491
2018-09-18,11.17125129699707,11.299567138843786,11.042935455150356,11.081818505154219,19103470
2018-09-19,11.221796989440918,11.330670686213088,10.98460748358008,11.081815676051216,21024582
2018-09-20,11.198464393615723,11.408435127173865,11.101255040649605,11.276231639077542,15624129
2018-09-21,11.37732982635498,11.451208183789484,11.179023390071789,11.280120463789162,28994770
2018-09-24,11.074036598205566,11.392882193950507,11.019600354238175,11.38121787680663,15144490
2018-09-25,11.081812858581543,11.081812858581543,10.829070200947744,10.930167264001264,31067137
2018-09-26,11.109026908874512,11.28011453901263,11.035148590243917,11.155687710073488,24086574
2018-09-27,11.36177921295166,11.365666924992976,11.182914845156935,11.182914845156935,21252662
2018-09-28,11.147917747497559,11.27623354653177,11.058484985493902,11.198466287915073,15520950
2018-10-01,11.0234956741333,11.18291917432648,10.910734212946025,11.136258319876804,12234711
2018-10-02,11.672882080078125,11.742919611999096,11.279895023576033,11.32658592129067,34841959
2018-10-03,12.178701400756836,12.64172576676799,12.0502997156953,12.587251893584874,59115885
2018-10-04,12.237070083618164,12.244851899025127,11.94524785713597,12.108668351379954,24886771
2018-10-05,12.05419635772705,12.447183431776997,11.980268507036637,12.412164664252836,31184691
2018-10-08,12.871295928955078,13.229264151247104,12.711765762139937,13.229264151247104,61743918
2018-10-09,12.917990684509277,13.058064565371165,12.645622368504808,12.871298600655956,35844362
2018-10-10,12.497764587402344,12.793478331399859,12.458855508112645,12.727332303932895,29962034
2018-10-11,12.423832893371582,12.645617539954184,12.205939746186274,12.645617539954184,27053852
2018-10-15,12.489981651306152,12.630056694883507,12.458854390666225,12.563910673349243,23334932
2018-10-16,13.08530044555664,13.085300445556639,12.610602570816972,12.610602570816972,30352549
2018-10-17,13.10086727142334,13.178686633557325,12.910209774927617,12.937446729476894,30397271
2018-10-18,12.738997459411621,13.034709856133679,12.738997459411621,12.984128673428842,22166740
2018-10-19,12.781801223754883,12.972458619096289,12.657291021609607,12.867402358151196,11544561
2018-10-22,12.937445640563965,13.046392264242083,12.855734783793531,12.879081420213158,14200705
2018-10-23,12.984131813049316,13.054168134355313,12.707873285844492,12.727328412214897,15043547
2018-10-24,12.672860145568848,13.03861028244779,12.672860145568848,12.917991527433262,22560609
2018-10-25,13.038610458374023,13.252613390076169,12.774025123301293,12.801262075581407,29407646
2018-10-26,13.2642822265625,13.2642822265625,12.902422522854208,13.202026526007058,39156955
2018-10-29,13.015260696411133,13.248718686038037,12.79347602113763,13.112533969744124,49942846
2018-10-30,13.521099090576172,13.567790023367017,12.79348864577796,13.073637798572753,40421298
2018-10-31,13.346002578735352,13.7740086409398,13.124217726988475,13.696189249143565,31402070
2018-11-01,14.10861587524414,14.10861587524414,13.595009175589482,13.700065414704758,64765661
2018-11-05,14.411874771118164,14.513092512213325,13.94860786136474,14.080970343852586,32364862
2018-11-06,14.25615406036377,14.33790647631261,14.010894440578824,14.13547101893894,31382743
2018-11-07,13.979751586914062,14.3885160590043,13.87464031604425,14.32622776671449,33333564
2018-11-08,13.687779426574707,14.189975846897827,13.664421756923971,14.143260507596361,25262912
2018-11-09,13.890215873718262,13.905788840506832,13.532060171003547,13.606027908848054,24888848
2018-11-12,13.878533363342285,13.95639342946422,13.679990254029818,13.901891027388096,18200573
2018-11-13,13.629382133483887,13.968072431542225,13.500913195260155,13.878534121490757,20710892
2018-11-14,13.820141792297363,13.862963593256348,13.520380883797927,13.703351073239064,33974999
2018-11-16,14.48973274230957,14.489732742309569,13.8318163347251,13.940819948853079,36361535
2018-11-19,14.427443504333496,14.446907627781055,14.17829157609603,14.404084658646006,15467923
2018-11-21,14.267837524414062,14.310660516538809,14.096545555915085,14.151047977153723,21664899
2018-11-22,14.3262300491333,14.372946572285736,14.221119947486889,14.267835284669857,10421570
2018-11-23,14.295089721679688,14.396307494420647,14.221123161438923,14.26783850917949,16182191
2018-11-26,14.08874797821045,14.555908151670621,13.909670267507984,14.400188093850565,25024769
2018-11-27,14.664921760559082,14.664921760559084,14.065399957566628,14.135474150170586,20574331
2018-11-28,14.964681625366211,15.011396959886293,14.380731642079418,14.610418335059977,27309245
2018-11-29,15.15153980255127,15.15153980255127,14.77391898287945,14.812849600066093,22266086
2018-11-30,14.972460746765137,15.272221492000645,14.956888975630358,15.026961945736863,25225537
2018-12-03,14.71552848815918,15.182687727380815,14.618203103085408,15.182687727380815,36888452
2018-12-04,14.676180839538574,14.839769006907892,14.42300938204146,14.789134715408467,29335772
2018-12-05,14.668396949768066,14.722926756383139,14.485333616045082,14.6839765554965,9515638
2018-12-06,14.828086853027344,14.843665267964838,14.275002693723907,14.454170484135734,18354223
2018-12-07,14.757974624633789,15.053991766380715,14.6333366399691,14.800820303828173,17569519
2018-12-10,14.473648071289062,14.85924861441566,14.438593368589787,14.80082450543868,30698663
2018-12-11,14.64112377166748,14.746286635659043,14.41132058269661,14.683967066451785,26426312
2018-12-12,14.738496780395508,14.870924529559499,14.539853970084737,14.738496780395508,38736731
2018-12-13,15.128002166748047,15.128002166748049,14.683977443798785,14.711242348755702,13205809
2018-12-14,14.95661449432373,15.124098124659525,14.83976633292842,14.94103489767967,19249294
2018-12-17,14.6644926071167,15.026723561292897,14.641124399188993,14.937140289122395,18087171
2018-12-18,14.937145233154297,15.018938734233373,14.680078248955438,14.722922746321913,14721072
2018-12-19,14.722928047180176,15.178638080800688,14.722928047180176,15.034523748763913,16838800
2018-12-20,14.800820350646973,14.964408521800355,14.691760778834647,14.898193442752842,23420542
2018-12-21,14.68786334991455,14.894295969950651,14.559329898942911,14.820292293293594,36331827
2018-12-26,14.537022590637207,14.632348463555287,14.27090825956065,14.461557585405622,21125046
2018-12-27,14.874621391296387,14.894479824920078,14.513181443416808,14.53701228976208,17595394
2018-12-28,15.351248741149902,15.394939243559326,14.973921454887591,15.06924607741769,19362695
2019-01-02,16.042354583740234,16.201229372035677,15.25989788487869,15.351250101651695,37247502
2019-01-03,16.20486831665039,16.24857935382308,15.831337965510285,16.0141294654539,31131823
2019-01-04,16.07770538330078,16.39957849867821,15.89491391623904,16.073732313670945,23808981
2019-01-07,16.268442153930664,16.40752256383994,16.033992354671124,16.033992354671124,30560665
2019-01-08,16.3677921295166,16.371766410739696,15.890944963758862,16.312160666340464,33927722
2019-01-09,16.649930953979492,16.649930953979492,16.39561200713214,16.483034107280787,27569588
2019-01-10,16.598276138305664,16.832726146554815,16.451248249102935,16.534696085208882,29781071
2019-01-11,16.49098014831543,16.598271229203025,16.35587393732872,16.522769560179587,17275155
2019-01-14,16.685691833496094,16.685691833496094,16.423425577327208,16.530716648641008,13903785
2019-01-15,16.653900146484375,16.689663832030416,16.435343752341346,16.59032012656211,20090699
2019-01-16,16.733366012573242,16.800920282496214,16.566470503699318,16.57441785123792,17328981
2019-01-17,16.78900909423828,16.884378534559374,16.57442815615681,16.709534358876706,15448757
2019-01-18,16.95987892150879,17.07114305840875,16.8088768146392,16.912193599658014,20097727
2019-01-21,16.76516342163086,16.99961329563795,16.610187055284047,16.947954910376914,12483555
2019-01-22,16.689664840698242,16.88040249086505,16.55853051206159,16.765165286656337,15685941
2019-01-23,16.975765228271484,16.975765228271484,16.689658260541464,16.74926397969883,17293203
2019-01-24,17.146642684936523,17.146642684936523,16.876429102233796,16.876429102233796,25768905
2019-01-28,17.285724639892578,17.404937343786326,16.928088949339188,16.928088949339188,26271224
2019-01-29,17.063196182250977,17.500307842295435,17.063196182250977,17.464544150013943,21450715
2019-01-30,17.023460388183594,17.245988696645203,16.705561421165218,17.190357224811837,34294439
2019-01-31,17.985095977783203,18.255309503531887,17.567854664422327,17.702960822014884,50802779
2019-02-01,17.7625675201416,17.98112145321058,17.571827495237578,17.977148383633743,26545304
2019-02-04,18.155715942382812,18.271003209026656,17.50374836813184,17.615059668891366,28072546
2019-02-05,18.16368293762207,18.362452330832326,17.952985636866835,18.06429702993891,27787606
2019-02-06,17.308958053588867,17.972852520388628,17.229450822005724,17.905270768004257,27403000
2019-02-07,17.57133674621582,17.71047622756644,17.1976478880478,17.499780232923847,30796731
2019-02-08,17.7581844329834,17.984783119943692,17.380519551023685,17.511708328267943,29588609
2019-02-11,17.654823303222656,17.805888282907546,17.41232317329061,17.726379825194513,16768204
2019-02-12,18.008636474609375,18.223309693845053,17.73433220927859,17.925153252291775,32518832
2019-02-13,17.73036766052246,18.15176240513015,17.690614010596473,18.11598351465754,36950583
2019-02-14,18.40618133544922,18.426057546166632,17.39642453669064,17.789990948417383,34746766
2019-02-15,18.286922454833984,18.485693087804307,18.147782890646937,18.35052949337264,24143434
2019-02-18,17.869487762451172,18.267028672445207,17.72637235665013,18.163669295366965,15755259
2019-02-19,18.02056884765625,18.255118348792866,17.929133660036516,18.00864215024729,24445625
2019-02-20,17.722410202026367,18.2551161752575,17.722410202026367,18.167656967546748,22781981
2019-02-21,17.877445220947266,17.925150777884674,17.611092928869283,17.79396201015378,37820577
2019-02-22,17.73036766052246,18.044425733712316,17.49979406879484,18.008646843239706,44009248
2019-02-25,17.55146598815918,17.82974626748103,17.47593347883176,17.77011521158276,24582824
2019-02-26,17.865520477294922,17.86949523407515,17.47990488249864,17.555437372099227,26716683
2019-02-27,17.666749954223633,17.88937389277342,17.61109487789447,17.821790912042868,16541880
2019-02-28,17.20163345336914,17.7303635352996,17.157903843085652,17.706511350893557,26590345
2019-03-01,16.915395736694336,17.308962074301032,16.83588727556471,17.308962074301032,26155268
2019-03-06,16.7877254486084,17.038288153328377,16.688295188452983,16.9905612892006,13570769
2019-03-07,16.90703582763672,16.946808404669152,16.660449727213663,16.732039396577534,20419722
2019-03-08,17.14168930053711,17.161575588343236,16.63260857170335,16.86328611772374,16822509
2019-03-11,17.83769416809082,17.83769416809082,17.161571450274895,17.181457733285956,26233850
2019-03-12,17.88939666748047,17.88939666748047,17.610993565291707,17.841669832890922,21300099
2019-03-13,18.060420989990234,18.15189694692977,17.706451600779012,17.849629726416467,28321710
2019-03-14,18.100191116333008,18.100191116333008,17.805879400579737,18.000762104814818,24349473
2019-03-15,18.175764083862305,18.23939949460658,18.052471005628327,18.0564487488829,22256023
2019-03-18,18.271211624145508,18.30302871505375,18.112123746368145,18.243371063791756,10846425
2019-03-19,17.877466201782227,18.28711661999229,17.865534189198648,18.28711661999229,34472687
2019-03-20,17.39225196838379,17.992807399951804,17.36441140964527,17.937126282474765,36744384
2019-03-21,17.01044464111328,17.499639158615,16.767836253777563,17.43202722344635,25797175
2019-03-22,16.40987205505371,16.783728605368356,16.218967252808845,16.75588806928743,39760377
2019-03-25,16.4456729888916,16.660440668591505,16.270676652981503,16.286585190497426,20953507
2019-03-26,16.553064346313477,16.72010527159639,16.445679855816188,16.644539081034214,23256190
2019-03-27,15.980352401733398,16.37807216648682,15.96842159634269,16.27466539113642,35715308
2019-03-28,16.791696548461914,16.879194755061942,15.908758998572543,15.988302932901478,36142879
2019-03-29,17.078046798706055,17.078046798706055,16.815553482357224,16.982594353228958,26932625
2019-04-01,17.214868545532227,17.558497951436188,17.114643504079904,17.367592995182434,22168736
2019-04-02,16.994728088378906,17.2955627871461,16.7273213529843,17.2955627871461,17454734
2019-04-03,16.8037166595459,17.243029648085315,16.641361674959807,17.128426628718078,16439979
2019-04-04,17.23825454711914,17.25735484827595,16.765516032209497,17.013823584015185,22280008
2019-04-05,17.381505966186523,17.47700866629158,17.080672642693916,17.290778340473945,16063572
2019-04-08,17.405385971069336,17.477013318277585,17.171404839046424,17.42926256164263,11535510
2019-04-09,17.338537216186523,17.338537216186523,17.00427821517883,17.295561526498588,19063380
2019-04-10,17.09022331237793,17.424483379061414,17.07589808876387,17.424483379061414,15823859
2019-04-11,16.818044662475586,17.17140511630302,16.627039208340083,17.05680087401705,13487156
2019-04-12,16.66524314880371,17.052029210207117,16.526763500106448,16.64614162976348,28133480
2019-04-15,16.62704086303711,16.85624694590761,16.5076615331301,16.83237156482859,22395938
2019-04-16,16.598386764526367,16.827594026111296,16.498108966412893,16.607936915560433,14552089
2019-04-17,16.36918067932129,16.703439601548357,16.09699652642382,16.670014073002385,32402928
2019-04-18,16.59362030029297,16.808501234583794,16.235484601637317,16.51721784011549,18296325
2019-04-22,16.732097625732422,16.8705760803062,16.397837364216855,16.588842881581108,14163703
2019-04-23,17.13797378540039,17.23825156136071,16.794163575104722,16.837140457519435,20794079
2019-04-24,17.023380279541016,17.133208265673755,16.71299662964307,17.118883034298552,21182731
2019-04-25,17.223926544189453,17.223926544189453,16.541081189884814,17.094998319912726,41204964
2019-04-26,17.171405792236328,17.29555897863481,17.071127985480658,17.17618086816489,13804998
2019-04-29,16.946977615356445,17.333763706537834,16.899225632463644,17.26691262764655,18010825
2019-04-30,16.989948272705078,17.114102664070348,16.765517292727246,16.97084918236802,12718104
2019-05-02,16.999492645263672,17.10454669832443,16.73686114937798,16.875339508358323,17284232
2019-05-03,17.18055534362793,17.26655250836559,16.99900213492075,17.051557170717807,20207508
2019-05-06,16.717126846313477,17.099342713545497,16.698016356177472,17.056342897837098,15218520
2019-05-07,16.61202049255371,16.683686054488113,16.234583402709127,16.66935318468175,22871371
2019-05-08,16.95600700378418,17.166224763956563,16.678901333410742,16.683678954646386,21069596
2019-05-09,16.65979766845703,16.812682823485943,16.50691130052556,16.769684214762908,13867555
2019-05-10,16.511686325073242,16.760126330636236,16.334911869005662,16.61201760920587,14566197
2019-05-13,16.10080337524414,16.315800005629942,16.038694288759096,16.196357028892628,18722777
2019-05-14,16.053024291992188,16.25368680757785,15.957470655384629,16.196354140452495,16503601
2019-05-15,15.881024360656738,15.938357016435937,15.632584469482628,15.871469120177174,24808509
2019-05-16,15.694713592529297,15.86671055350797,15.474940371780589,15.72338056129459,29397264
2019-05-17,15.8141508102417,15.881038767178028,15.494045112184414,15.637376275204703,32340771
2019-05-20,16.244138717651367,16.244138717651367,15.704260008589376,15.818925393328312,19525370
2019-05-21,16.913007736206055,16.96556278436712,16.167689096589438,16.339685892332056,29764620
2019-05-22,16.61202049255371,16.965569466054355,16.56424425986583,16.956014219516778,20361504
2019-05-23,16.530792236328125,16.65978920990511,16.24890775954155,16.483014815768755,18735954
2019-05-24,16.36835289001465,16.67412429855502,16.239354686311696,16.66456905574771,12938251
2019-05-27,16.602466583251953,16.774463460586876,16.416136834956237,16.521245768238092,11599798
2019-05-28,17.06111717224121,17.09456173631834,16.49257292485377,16.554682005607287,43920338
2019-05-29,17.40033721923828,17.472002772816854,16.927346506263607,16.95601224253406,27660575
2019-05-30,17.720441818237305,17.720441818237305,17.233118230565616,17.290450916780944,18513145
2019-05-31,17.677446365356445,17.858998489025073,17.55800456175425,17.581892679894153,18205284
2019-06-03,17.620105743408203,17.815990649851894,17.505441615009822,17.720437007369554,24380060
2019-06-04,17.71044158935547,17.810825731123174,17.54791759962465,17.748683456106665,19514323
2019-06-05,17.437969207763672,17.829941879085002,17.265883881530193,17.71999759977787,14948061
2019-06-06,17.820388793945312,17.8825310833046,17.476219194908513,17.67698509772839,16194277
2019-06-07,17.825170516967773,18.049838067770118,17.763029435417263,17.78692985139823,15805092
2019-06-10,17.614839553833008,17.724782650442407,17.232428149873307,17.667421667964504,19707850
2019-06-11,17.69609260559082,17.801256777078695,17.461866293204608,17.734334453457166,26825772
2019-06-12,17.49055290222168,17.90164593316429,17.423630555133066,17.734340672206013,28634335
2019-06-13,17.299346923828125,17.543134689407317,17.026878672954847,17.471431049119115,44256548
2019-06-14,17.270658493041992,17.361481207931114,17.050772431110875,17.23241786088911,16948155
2019-06-17,17.227643966674805,17.394949219459082,17.112920815503987,17.23720412814517,18445929
2019-06-18,17.375835418701172,17.51445902558157,17.285012637115077,17.394955748818894,26954347
2019-06-19,17.5909366607666,17.638738686275673,17.09380214851579,17.32324847308491,20888447
2019-06-21,17.98768424987793,17.98768424987793,17.68175548071664,17.68653556085074,23594503
2019-06-24,18.13109016418457,18.212352744845553,17.925544279085464,17.997246698907084,12982973
2019-06-25,17.978124618530273,18.236252593944755,17.772578739664173,18.08328759810069,20308531
2019-06-26,18.202795028686523,18.27449624461141,17.877744662387524,18.040269845537022,17154726
2019-06-27,18.11676025390625,18.22192329663428,17.801271125722163,18.03071754376021,13366833
2019-06-28,18.04026985168457,18.298397869681757,18.02114952743142,18.221915359142606,22523048
2019-07-01,18.078603744506836,18.347646132979648,17.99212740206074,18.30440674209647,15761435
2019-07-02,18.13579559326172,18.275190123693157,17.828164096642862,18.082921048444206,18177200
2019-07-03,18.45784568786621,18.48187901538102,17.98197848141954,18.030046356724736,15631130
2019-07-04,18.77989959716797,18.92890869734943,18.58763049902946,18.61647049766749,19060053
2019-07-05,18.943309783935547,19.01060426718091,18.582805279779492,18.722200907910985,17271854
2019-07-08,18.85680389404297,18.996198414557384,18.755862697732372,18.967358421404523,12413172
2019-07-10,18.77028465270996,19.198084030489852,18.707797994359204,19.034654945021067,27363230
2019-07-11,18.61166000366211,18.722215749589946,18.308836419412266,18.722215749589946,26312139
2019-07-12,18.26557731628418,18.7462512384803,18.236737320251667,18.67895669412873,23367036
2019-07-15,18.18865966796875,18.400155284942237,18.087717302307574,18.400155284942237,15665736
2019-07-16,18.1934757232666,18.279995703741296,18.06369331200336,18.212702385594312,12215252
2019-07-17,18.097339630126953,18.318448668372127,18.097339630126953,18.23673414025313,17275847
2019-07-18,18.491483688354492,18.53955032087848,18.121365736819758,18.169432369343745,18491716
2019-07-19,18.073301315307617,18.42419268045085,18.001201352833174,18.40977268795596,19097853
2019-07-22,18.32325553894043,18.501104592673883,18.12137315910124,18.130986489543535,18066062
2019-07-23,18.3857421875,18.49629670052842,18.25596101486236,18.472263376016897,19371507
2019-07-24,18.731822967529297,18.731822967529297,18.42419279818023,18.433806126571582,23880802
2019-07-25,17.640697479248047,18.255959062885506,17.616662937030938,18.121370019460766,71658244
2019-07-26,17.414779663085938,17.866612192863098,17.414779663085938,17.856998864599245,33354860
2019-07-29,17.376327514648438,17.568595313087105,17.275385120562053,17.472462024005427,19152291
2019-07-30,17.015825271606445,17.275388869277553,16.857204089925972,17.260968872786197,40448158
2019-07-31,16.58322525024414,17.09754470727122,16.47267069183839,17.06389803914475,42927545
2019-08-01,16.43901824951172,17.035053318856033,16.434211583968047,16.823557594383335,39146440
2019-08-02,16.486618041992188,16.7415163706045,16.308669046437604,16.50585537525662,32229765
2019-08-05,16.18842887878418,16.438517787354947,16.048957040030007,16.207666205377524,27430179
2019-08-06,16.433698654174805,16.525077121944868,16.226895074735115,16.351938843964568,37678081
2019-08-07,16.77999496459961,16.866564205504506,16.198056950474147,16.351958094516885,42189505
2019-08-08,16.861753463745117,16.991606703788065,16.664567105230947,16.91946547222952,25420635
2019-08-09,16.582805633544922,16.943510509632,16.51547374736728,16.818465403737406,19384018
2019-08-12,16.236526489257812,16.3759983544094,16.082625405477806,16.250954486933562,29025516
2019-08-13,16.400041580200195,16.69822377700039,16.130715370555798,16.159571357711595,22951098
2019-08-14,16.077808380126953,16.274993362586578,15.899860718697127,16.18361486674294,29252185
2019-08-15,15.967204093933105,16.231721111969474,15.770018969076697,16.169198552520015,29948032
2019-08-16,16.000865936279297,16.22690823511564,15.880631398316893,16.116291141561312,19358729
2019-08-19,15.770018577575684,16.145151483053585,15.659401462614408,16.140342149442482,32985640
2019-08-20,15.616113662719727,15.822917399614306,15.404500593383533,15.818108067172695,21706480
2019-08-21,15.923914909362793,15.967198898854434,15.688253970383931,15.842153820640112,25938128
2019-08-22,15.717105865478516,16.010478713955525,15.702677872743093,15.967194735749258,16565093
2019-08-23,15.375649452209473,15.678642399544406,15.207321529299437,15.447790688286988,29252451
2019-08-26,15.21693229675293,15.467019994568364,15.082268563203861,15.462210662723932,21668813
2019-08-27,15.409309387207031,15.558399908638311,15.164029778400439,15.31793085305782,32621345
2019-08-28,15.317931175231934,15.500688247374187,15.178458094461604,15.255408633408756,17731715
2019-08-29,15.60649585723877,15.721921063146207,15.313122899287384,15.447785436020606,21709275
2019-08-30,15.846966743469238,15.9864398497831,15.721922857874587,15.755588190662765,36239536
2019-09-02,15.683446884155273,16.02972373348701,15.678637551300818,15.943153300201333,12854798
2019-09-03,15.427902221679688,15.899497208689603,15.36534329161831,15.615577790200604,18683247
2019-09-04,15.620389938354492,15.702197394164507,15.48564903692008,15.678136737062509,17994853
2019-09-05,15.981308937072754,16.414406988551058,15.711825840782206,15.822506114586787,26544931
2019-09-06,16.65020179748535,16.65020179748535,16.082361701566697,16.087173833297843,32827784
2019-09-09,16.86195182800293,17.107374412007164,16.727209586001443,16.727209586001443,32587006
2019-09-10,16.563587188720703,16.91487782336251,16.41440982750092,16.79938539688118,27172365
2019-09-11,16.49140167236328,16.688701548554494,16.385532313840855,16.640579001802166,19352473
2019-09-12,16.3133487701416,16.630954395871388,16.270039578449435,16.626142263461148,24002056
2019-09-13,16.10161781311035,16.414411409628713,16.010186045486563,16.38072524997961,28031259
2019-09-16,15.889875411987305,16.082363141797796,15.784007282757873,16.024616334189286,20793547
2019-09-17,16.3133487701416,16.3133487701416,15.81769302356943,15.832129420800152,24177215
2019-09-18,16.361482620239258,16.433665877928565,16.188243290450647,16.33260980582926,18018811
2019-09-19,16.164169311523438,16.597267279631943,16.140108652646106,16.481773673694136,19203534
2019-09-20,16.448089599609375,16.448089599609375,16.19785506938885,16.23635334724152,39010279
2019-09-23,16.48177719116211,16.48177719116211,16.125674477126505,16.39034666791555,17156323
2019-09-24,16.270036697387695,16.539519729632147,16.17379284456205,16.50583480872531,15409120
2019-09-25,16.375905990600586,16.404780003688323,16.08236227946255,16.226728679911208,12891001
2019-09-26,16.611696243286133,16.67906605800303,16.322964800939715,16.390335837319373,19977511
2019-09-27,16.602088928222656,16.736829916836594,16.361478536534324,16.592464659154803,18152444
2019-09-30,16.322978973388672,16.640583469231444,16.322978973388672,16.592462131223673,19269951
2019-10-01,16.10161781311035,16.515467445248284,16.00537391148867,16.496218909256722,18953040
2019-10-02,15.47999095916748,15.937408978862756,15.417396528359765,15.937408978862756,25454443
2019-10-03,15.523332595825195,15.63407569599227,15.297030308881425,15.489628546056913,22194291
2019-10-04,15.682219505310059,15.720738404457181,15.359618835526753,15.5233266016151,18406931
2019-10-07,15.58110523223877,16.00963410478641,15.57147550727776,15.889261320417253,29808410
2019-10-08,15.566661834716797,15.908521986390685,15.561846971868244,15.754443930523678,22898790
2019-10-09,16.0096378326416,16.13001064503965,15.648518173090611,15.730372076675474,18797979
2019-10-10,16.192609786987305,16.32261236426461,16.00964247238535,16.00964247238535,15544216
2019-10-11,16.37557601928711,16.53446899840223,16.29853818442607,16.29853818442607,21677863
2019-10-14,16.60668182373047,16.683719605859434,16.27926636025725,16.32260011270479,15452510
2019-10-15,16.741504669189453,16.866693551021967,16.520018528034516,16.616317009713622,26255439
2019-10-16,17.141138076782227,17.141138076782227,16.59223775043211,16.755945487209043,27560617
2019-10-17,16.852251052856445,17.30966920316982,16.818545785555354,17.141145311378033,28942595
2019-10-18,16.76962661743164,16.90858835458243,16.680294432097874,16.839107486007038,17146208
2019-10-21,16.888729095458984,16.938358627638856,16.635622387095495,16.779545636567985,16341086
2019-10-22,17.370141983032227,17.370141983032227,16.839111571384638,16.88873987532101,38381381
2019-10-23,17.51902198791504,17.767167200011837,17.171620202884675,17.246062632584852,36496419
2019-10-24,17.49917221069336,17.603392881350725,17.325470672957394,17.533912014272126,28947120
2019-10-25,17.727462768554688,17.801906455898255,17.469391907060082,17.533909937413963,21644988
2019-10-28,18.3676815032959,18.377607163008843,17.657986754450135,17.69272782336671,50467127
2019-10-29,18.11457633972168,18.342869054121266,17.9905030619676,18.288276660718907,27647665
2019-10-30,18.198942184448242,18.21879476315846,17.70761574481454,17.990500817321365,25465490
2019-10-31,17.454504013061523,17.762204429852616,17.32546920790204,17.613317050120088,51040389
2019-11-01,17.305620193481445,17.677837432366236,17.146807135313736,17.59346807395971,29501881
2019-11-04,17.324975967407227,17.513668708395137,17.28525171061284,17.404425741603287,15937394
2019-11-05,17.558351516723633,17.61297360870743,17.255450397267097,17.578213637224366,30057706
2019-11-06,17.464008331298828,17.72718525718661,17.32993773314838,17.558354681288257,16237800
2019-11-07,17.50870132446289,17.60304768497817,17.419320495521724,17.553391108629896,13497937
2019-11-08,17.00220489501953,17.47890209892966,16.927721941757643,17.38455702479793,29049873
2019-11-11,16.96248435974121,17.032003058582934,16.79365377424292,16.917794578018942,23574139
2019-11-12,16.803586959838867,17.00221075824644,16.604963161431296,16.853243539744383,19981903
2019-11-13,16.629779815673828,16.78867925348487,16.460949320575395,16.70922953457935,20086653
2019-11-14,16.560270309448242,16.699306438360864,16.465922699026844,16.53544139378666,24764985
2019-11-18,16.451026916503906,16.798617859578936,16.346748246913723,16.763859143453526,25034645
2019-11-19,16.421228408813477,16.570196819431466,16.292123377389437,16.485781554828826,15653092
2019-11-21,16.515581130981445,16.684411725593083,16.361647131081337,16.515581130981445,38837115
2019-11-22,16.788684844970703,16.79861590556564,16.475852654409692,16.540405808883612,22091538
2019-11-25,16.704275131225586,16.90289893047252,16.61985982745455,16.853243610964412,19302162
2019-11-26,16.346752166748047,16.659585729319897,16.287165781958954,16.560273827397463,42977457
2019-11-27,16.619850158691406,16.739024116787483,16.29212145877557,16.416260945933708,23903562
2019-11-28,16.490745544433594,16.565229742786638,16.25239636182516,16.38646817098195,20297750
2019-11-29,16.57020378112793,16.659584612929265,16.416269776190298,16.57516931286094,18767100
2019-12-02,16.6794376373291,16.82343923960699,16.580125796259576,16.619850028444784,15525848
2019-12-03,16.738554000854492,16.902511653031592,16.668997279232215,16.78823863476127,19495556
2019-12-04,17.170799255371094,17.170799255371094,16.743516103622735,16.793200719029322,22446117
2019-12-05,17.240358352661133,17.439094304793606,17.131053705120177,17.190674995287537,23276794
2019-12-06,17.046592712402344,17.39934963592461,17.031687703462396,17.240360351260087,26245855
2019-12-09,17.190671920776367,17.24035526926421,16.892566784574008,17.066461026919107,26372167
2019-12-10,17.13106346130371,17.295021156648986,17.041632105780813,17.190684785425567,29095660
2019-12-11,17.031696319580078,17.30495873901005,16.877675293311597,17.19068568467529,34195519
2019-12-12,17.260238647460938,17.2801119984147,17.016786314318676,17.116154330407046,18787597
2019-12-13,17.290054321289062,17.528537115870773,17.19068627999337,17.290054321289062,31059151
2019-12-16,16.986984252929688,17.47388788619932,16.986984252929688,17.389426105042475,35736817
2019-12-17,17.299983978271484,17.404320316222172,17.016783724994724,17.14099467219455,27434705
2019-12-18,17.781919479370117,17.876319146048537,17.25029983916871,17.299984471729704,64706165
2019-12-19,18.109832763671875,18.109832763671875,17.727265775674507,17.73720244951139,43858712
2019-12-20,18.005767822265625,18.12684856154418,17.889732060424667,18.076398787168195,29786715
2019-12-23,18.11676788330078,18.121812863321647,17.899831180849933,18.005777042064924,13666574
2019-12-26,18.34378433227539,18.40937031222701,18.071351739525632,18.126846484981883,13913608
2019-12-27,18.273143768310547,18.49008022077309,18.21260279704816,18.414405607664328,13847724
2019-12-30,18.247920989990234,18.40936274468755,18.141975238712472,18.343776791696357,9923270
2020-01-02,18.923965454101562,18.923965454101562,18.263064481696457,18.42955128927988,25031584
2020-01-03,18.933536529541016,19.180867999878366,18.615537094216002,18.62563343308845,39999078
2020-01-06,18.595340728759766,18.81743448082208,18.393437084807942,18.7770542646011,33675497
2020-01-07,18.27230453491211,18.65592191163741,18.171352661111985,18.549922508218483,19775066
2020-01-08,17.989648818969727,18.43383807419886,17.898791954977966,18.35812380730159,28306110
2020-01-09,17.701927185058594,18.115829767218496,17.52526107371984,18.060306937692964,30779241
2020-01-10,17.378873825073242,17.858395403795264,17.338493600096122,17.722110863073738,26446970
2020-01-13,17.56564712524414,17.641360094124657,17.449551343444938,17.5555507813022,21719790
2020-01-14,17.545454025268555,17.5908818022121,17.33345517001651,17.580788022093504,18941860
2020-01-15,17.237546920776367,17.474783376442925,17.096214809588144,17.454593257905195,28302783
2020-01-16,17.48487663269043,17.616114952500762,17.23754514325956,17.303164303164728,32815006
2020-01-17,17.893733978271484,17.94925808330073,17.555544381525504,17.590877087456068,29995016
2020-01-20,17.545454025268555,17.8432621850606,17.469739782271564,17.797834408117055,18649572
2020-01-21,16.95992088317871,17.500013985825618,16.954873355944077,17.41420474141333,31255074
2020-01-22,17.02049446105957,17.232493192294086,16.92963767889854,17.161826521408027,23771926
2020-01-23,17.4697322845459,17.6463983485752,16.833735991749055,16.904401392221683,38929221
2020-01-24,17.33849334716797,17.606016178010087,17.141637190428693,17.52525444781023,17851638
2020-01-27,16.939739227294922,17.19716708899019,16.87412005907672,17.151738039785542,18971275
2020-01-28,16.95992088317871,17.176967117114994,16.848874002593256,17.08611162689159,16647083
2020-01-29,16.71764373779297,17.12145120469053,16.65707210518872,17.09116602910042,21514683
2020-01-30,16.884212493896484,16.924594007070354,16.44002481895162,16.515737753482703,21038983
2020-01-31,16.60154914855957,16.798405366340678,16.465264567566543,16.67726337418864,23105760
2020-02-03,16.707551956176758,16.904408214069004,16.561172286130297,16.65202911911321,20154401
2020-02-04,16.71712303161621,17.050456023251257,16.6868204986161,17.04540560108457,27380134
2020-02-05,17.04036521911621,17.474708192158683,17.015111811244996,17.181778405262627,52370324
2020-02-06,16.8433895111084,17.308034853953203,16.75247932965051,17.171670863925087,31171620
2020-02-07,17.035308837890625,17.27268130090893,16.747429576788672,16.767632552453886,30296088
2020-02-10,17.217132568359375,17.404000861914867,16.929254490354364,17.095921083451792,32551069
2020-02-11,17.3686466217041,17.61107087392622,17.227233436193938,17.43430343041911,36211052
2020-02-12,17.136327743530273,17.43430672843701,16.96966111873448,17.363599481226757,65565592
2020-02-13,16.80803871154785,17.015108668457685,16.681776824149928,17.015108668457685,25560923
2020-02-14,16.429258346557617,16.82824842968962,16.363602805540538,16.802995016369714,29435464
2020-02-17,16.292890548706055,16.515111798939632,16.292890548706055,16.479758826180365,14387045
2020-02-18,16.229143142700195,16.380959776266575,16.03178228988931,16.203839513966457,34812571
2020-02-19,16.461931228637695,16.699777173689263,16.102632718405182,16.13805729325206,36195879
2020-02-20,16.224082946777344,16.623865127928223,16.19877931761801,16.623865127928223,27882985
2020-02-21,16.097564697265625,16.219018490183792,15.945749383180999,16.14311019078712,21578305
2020-02-26,15.232218742370605,15.652244134248354,15.090524311718157,15.520669357882664,38676996
2020-02-27,15.166433334350586,15.743334591828392,15.034858551951562,15.034858551951562,47990536
2020-02-28,15.449822425842285,15.530792512079376,15.02979829350895,15.217038245570398,55779548
2020-03-02,15.657296180725098,15.728144000292522,15.242331481580319,15.459935407058232,44379000
2020-03-03,15.251691818237305,15.717547091924875,15.150419044435436,15.494747246660252,41219739
2020-03-04,15.418789863586426,15.509935473889776,15.054208707870261,15.484617605888076,38989515
2020-03-05,14.91242790222168,15.388410306427934,14.780773686993417,15.26688323964051,32076434
2020-03-06,14.487075805664062,14.806086003869257,14.289593914154613,14.45669437173858,40149215
2020-03-09,13.443978309631348,13.899706671169282,13.24143265683629,13.504742519669108,61036066
2020-03-10,13.76804256439209,14.365551942598232,13.276869513799094,14.178197154542401,44294615
2020-03-11,12.654045104980469,13.555374324828959,12.157808319304248,13.418655226577815,47226275
2020-03-12,10.957721710205078,11.545103993359769,10.633648482594381,11.140012940907885,51490932
2020-03-13,12.805957794189453,13.033821294935663,11.145081656157611,13.01356699006896,79427025
2020-03-16,10.977972030639648,12.238819467368128,10.957717742450528,11.342554360031167,61220542
2020-03-17,11.859058380126953,12.436313888583761,10.962792369024239,11.317247911742744,72201692
2020-03-18,10.47667407989502,11.398257233024044,9.97537391879609,11.038738403292678,78717070
2020-03-19,10.507057189941406,10.881767418314993,9.580411015752881,10.127284030753781,72420907
2020-03-20,9.742451667785645,10.988109402054548,9.600670249587116,10.902027321702699,67041671
2020-03-23,8.9474515914917,9.975370736610056,8.760097519541114,9.874097379334996,70904765
2020-03-24,10.29438304901123,10.43616566822437,9.580410236286216,9.62598239464229,49044688
2020-03-25,11.064055442810059,11.859047924434005,10.066518768134735,10.122218067712188,47534934
2020-03-26,11.29698371887207,11.783093127752853,10.815937882714161,11.241283133423467,51020557
2020-03-27,10.562758445739746,11.038740846869922,10.48680354742695,10.734921896367426,42285204
2020-03-30,10.891895294189453,11.053930944532866,10.512121466843512,10.704539846092876,42414843
2020-03-31,10.517187118530273,10.881770296199287,10.329832276168352,10.760241927560834,52023599
2020-04-01,10.056390762329102,10.21336408327992,9.813336064782476,10.12728206393563,34088640
2020-04-02,10.111625671386719,10.329570105143313,9.944365391189137,10.060940231101288,39838294
2020-04-03,9.736557960510254,10.05080357831847,9.234777754397726,10.03559833198159,54433374
2020-04-06,10.659026145935059,10.836423332388524,10.405601410040541,10.461355289424503,75409934
2020-04-07,11.059431076049805,11.622032875946422,11.034089000394918,11.404088451861687,49370250
2020-04-08,11.35340404510498,11.566280073395202,11.013816340304196,11.099980692083852,45025201
2020-04-09,11.348331451416016,11.79942670660071,11.282440786260677,11.50545485035336,50273467
2020-04-13,11.64230728149414,11.64230728149414,11.049294952863141,11.338198493995662,42999286
2020-04-14,11.769527435302734,12.299183995354237,11.769527435302734,11.98696621774833,41663446
2020-04-15,11.42943286895752,11.741651937202002,11.373680291095262,11.563240857244208,43839147
2020-04-16,11.133939743041992,11.618994495329607,11.100487424940791,11.607843722629209,35433640
2020-04-17,11.351380348205566,11.535365553876458,11.016859686887353,11.418283708433126,32352012
2020-04-20,10.983405113220215,11.195268498444065,10.899775608387392,11.083762063091454,50772084
2020-04-22,10.944381713867188,11.228723910090437,10.7994229219352,10.871901674537746,52473465
2020-04-23,10.788269996643066,11.234295772104435,10.609858914422535,11.094912395591098,51634451
2020-04-24,9.946398735046387,10.715795338256747,9.589577700058152,10.6098635908668,88260909
2020-04-27,10.236309051513672,10.626582140675662,10.119227253437703,10.392417901160583,53192084
2020-04-28,11.133939743041992,11.290049274120998,10.81057119491018,10.899776089786783,69331911
2020-04-29,11.507485389709473,11.557662568512729,11.089335370475402,11.446156154062237,44718333
2020-04-30,10.676765441894531,10.922080577294565,10.621012206737447,10.621012206737447,85093250
2020-05-04,10.202859878540039,10.448174963460827,10.080202657761316,10.431448159983114,53674269
2020-05-05,10.21345043182373,10.62645343977745,10.135314640585033,10.325073266749504,62144511
2020-05-06,10.00136661529541,10.291584388699501,9.873000281406,10.23577330319991,50904216
2020-05-07,9.57162094116211,10.090664915795402,9.487903984083198,10.073921395573404,85305726
2020-05-08,10.00136661529541,10.11856995924766,9.750215764500687,9.84509506067172,48497526
2020-05-11,9.850675582885742,10.358557813051362,9.850675582885742,9.934392533093641,37148936
2020-05-12,9.543716430664062,10.029274077901341,9.543716430664062,10.00136885092933,49303265
2020-05-13,9.45999813079834,9.77254126593899,9.270240166766424,9.644174921414809,65038105
2020-05-14,9.979039192199707,9.995782062445302,8.991180866320923,9.303723890024635,82827525
2020-05-15,9.549293518066406,10.06275681656068,9.549293518066406,9.900904122072408,48846974
2020-05-18,10.05159854888916,10.08508494930952,9.733474846755497,10.018111504437634,58094641
2020-05-19,9.755796432495117,10.046015498098457,9.755796432495117,10.01252845990271,42144179
2020-05-20,9.856257438659668,9.945554918137264,9.694404710556089,9.82277040083229,33736010
2020-05-21,10.403207778930664,10.492506556645282,9.884163785713342,9.934393704146702,63209795
2020-05-22,10.464600563049316,10.604129266110276,10.17438274125346,10.286004930864856,51975913
2020-05-25,11.206890106201172,11.245957034825949,10.754818891580744,10.933415165516395,50529600
2020-05-26,10.721330642700195,11.463619547324672,10.643194866840089,11.435713683077841,73392187
2020-05-27,10.905506134033203,11.00596594546304,10.704585867142587,10.938993167197115,38394873
2020-05-28,10.65993881225586,10.972481303063319,10.637614762646741,10.81062985029617,44381711
2020-05-29,10.576221466064453,10.659937770975507,10.308327744674623,10.659937770975507,85059733
2020-06-01,11.050615310668945,11.128750433235547,10.48692207195381,10.542733793831307,73584335
2020-06-02,11.547237396240234,11.563996972837934,11.195290155580686,11.267913698206671,57911810
2020-06-03,12.061192512512207,12.290237454834186,11.932702439802984,12.08912384771698,92530636
2020-06-04,12.234375953674316,12.379624356282497,11.737180242418022,11.949465675069717,70904185
2020-06-05,12.45783519744873,13.200835469334049,12.390796880967159,13.038827493801156,88795971
2020-06-08,13.11145305633545,13.128212636375764,12.62542910305923,12.68129436986028,70020280
2020-06-09,12.820954322814941,13.077931932925638,12.64218678518676,12.770675590242108,62607457
2020-06-10,12.223199844360352,13.117036142976161,12.17850764264037,13.07234394125618,74329574
2020-06-12,12.083539009094238,12.200853457262328,11.837733194698368,11.92711759604133,89793858
2020-06-15,11.815390586853027,12.010917733289004,11.619864729714703,11.731593975121982,81559324
2020-06-16,12.307003021240234,12.446664922447884,12.005333108344054,12.284656910759354,63720657
2020-06-17,12.50252914428711,12.74833507489788,12.284657141600203,12.290243669325399,65846627
2020-06-18,12.45783519744873,12.714812832032942,12.262308063675052,12.35169119635291,66061281
2020-06-19,12.491353034973145,12.720398037113933,12.212029295597642,12.653361010098548,89256255
2020-06-22,12.055606842041016,12.558390304590302,11.999742872400514,12.508111571546136,45392424
2020-06-23,12.03884506225586,12.34610002941486,11.921528052509396,12.290236075975535,44536712
2020-06-24,11.647797584533691,12.083544147793512,11.569587489395916,11.971813598599804,55327613
2020-06-25,11.927118301391602,12.0332609949662,11.63103503302771,11.793041691448089,49717932
2020-06-26,11.5584135055542,11.910362128633462,11.524894343489944,11.753940661631313,55023540
2020-06-29,11.960640907287598,11.960640907287596,11.597520479262535,11.670144049148403,59291694
2020-06-30,11.564002990722656,11.89360559007387,11.4913794103035,11.854499890995376,54322829
2020-07-01,11.820975303649902,11.932704531950046,11.597516847049615,11.631036002328896,40633494
2020-07-02,11.859542846679688,12.234172157422362,11.848359766616802,12.088793407059514,45546578
2020-07-03,11.93782901763916,11.960193895947832,11.742126331410827,11.842772800392895,15265844
2020-07-06,12.664717674255371,12.692675376191355,12.150301120452218,12.245356016579825,69057483
2020-07-07,12.139121055603027,12.631171570105746,12.139121055603027,12.552891275691245,67814208
2020-07-08,12.552889823913574,12.631170109274738,12.222991478169947,12.30127305398602,63011960
2020-07-09,12.273314476013184,12.70385924103594,12.222990609422471,12.619986130051418,97748398
2020-07-10,12.452242851257324,12.452242851257324,12.105569896678732,12.267723292178083,83139221
2020-07-13,12.27890682220459,12.631170040082525,12.27890682220459,12.575255919546533,45588807
2020-07-14,12.48578929901123,12.496972379451265,12.139117676734266,12.29008797222003,46757788
2020-07-15,12.692671775817871,12.938696902158144,12.580842290249961,12.636756387806729,57340932
2020-07-16,12.469019889831543,12.625581774769996,12.424287554004811,12.580849438943265,36847041
2020-07-17,12.530518531799316,12.709446484276581,12.496969298749633,12.569659303690615,54564466
2020-07-20,12.647940635681152,12.748588343413807,12.452239340443311,12.558477297039953,48562745
2020-07-21,12.989026069641113,13.128813306449574,12.754182634293565,12.86042191501372,77298188
2020-07-22,12.765359878540039,13.056117301367019,12.608798090059794,13.028160899154447,50483015
2020-07-23,12.58084487915039,12.798912356359263,12.541704099488157,12.798912356359263,37550656
2020-07-24,12.659124374389648,12.782136955355849,12.346000737136832,12.469014608557593,34986303
2020-07-27,13.240646362304688,13.268604075199365,12.765369114460926,12.798918369934537,66450296
2020-07-28,13.151174545288086,13.497846091697252,13.056118382350487,13.089667616328464,51909000
2020-07-29,13.564939498901367,13.587305648670142,13.36364673189052,13.36364673189052,56100440
2020-07-30,13.089669227600098,13.548171610375158,12.966656644993046,13.40279286902963,79453077
2020-07-31,12.547293663024902,13.235046516483719,12.457830328343599,13.195905742986833,92756543
2020-08-03,12.413100242614746,12.720632365779478,12.290087651439787,12.675900045186888,67604394
2020-08-04,12.155097961425781,12.54683671755983,11.936843935948914,12.272619459110139,82536278
2020-08-05,12.211063385009766,12.38454816513876,11.99280929729444,12.32858620776611,45419286
2020-08-06,12.295002937316895,12.457294997422036,12.065555007557881,12.255828680018803,50515322
2020-08-07,12.222254753112793,12.619589904183837,12.043174958428732,12.14950382868967,70822510
2020-08-10,12.328588485717773,12.440513712702426,12.132718369825247,12.28381787830024,35251898
2020-08-11,12.227848052978516,12.563623518163329,12.227848052978516,12.474083652425715,38937074
2020-08-12,12.115920066833496,12.423715172811287,11.992802282754017,12.31738635359149,53486114
2020-08-13,11.864091873168945,12.295004897471955,11.81932128626206,12.171887075036608,39513639
2020-08-14,11.880879402160645,12.015189855031448,11.785743208081703,11.908861015583403,40462037
2020-08-17,11.53391170501709,11.880881180270364,11.416391494170131,11.836110592093522,61115406
2020-08-18,11.657029151916504,11.836108895842425,11.589873279275453,11.80253225108034,50875902
2020-08-19,11.612259864807129,11.7801482735692,11.545103984678866,11.707396070096916,64540311
2020-08-20,11.58427906036377,11.65143494520093,11.349236046551066,11.405199283915364,41295606
2020-08-21,11.58427906036377,11.645838621464499,11.449968582248129,11.56749008915448,29621405
2020-08-24,11.84730052947998,11.987207293975182,11.701797442742638,11.70739376498478,38914326
2020-08-25,11.84730052947998,11.981610971733039,11.718586409469061,11.948034329838523,30182361
2020-08-26,11.601067543029785,11.90886275245423,11.472353394070973,11.836110546944377,46002990
2020-08-27,11.774551391601562,11.948036115476967,11.584277698490615,11.617855636961698,42850335
2020-08-28,12.015185356140137,12.076743591062288,11.813719106490487,11.886471274148786,43992212
2020-08-31,11.606663703918457,11.970420851695538,11.606663703918457,11.92005523245297,57366705
2020-09-01,11.841704368591309,11.931245525685645,11.735375536100133,11.7801461146473,50020311
2020-09-02,11.829933166503906,11.941960126027636,11.712306151722194,11.925156082099075,33742060
2020-09-03,12.294836044311523,12.485280503382034,11.790720107507598,11.796321453148426,129192789
2020-09-04,12.306038856506348,12.569299518776639,12.199614581002594,12.485280626056344,57514809
2020-09-08,12.109989166259766,12.227617388150183,12.042774332182503,12.137995885757483,33833173
2020-09-09,12.076386451721191,12.317243053364226,12.003570241492719,12.210817472135005,35740012
2020-09-10,11.678692817687988,12.132397921795942,11.65628872856557,12.053980378073422,56327799
2020-09-11,11.460246086120605,11.734709503807958,11.38742986780587,11.706702768795376,47278451
2020-09-14,11.59467601776123,11.639486789515807,11.32581397266948,11.572271924601797,68687586
2020-09-15,11.471445083618164,11.633882801629955,11.36502081758201,11.622680111234828,45286791
2020-09-16,11.493849754333496,11.684294186567701,11.426634908832737,11.471444374927415,42998197
2020-09-17,11.521856307983398,11.577868462951729,11.337013223337742,11.353817257643481,30859114
2020-09-18,11.247392654418945,11.488247886637733,11.22498727603256,11.465842508251349,76123157
2020-09-21,11.079358100891113,11.135371569565343,10.922521681321216,11.03454732595173,57832434
2020-09-22,11.146567344665527,11.280999601632777,11.023339068496178,11.101757885060406,30436824
2020-09-23,10.883310317993164,11.140969612037358,10.866504989657384,11.062550779152346,32262351
2020-09-24,11.090560913085938,11.185782518131258,10.860908274504531,10.88891371642283,41345700
2020-09-25,11.079358100891113,11.079358100891113,10.905717640718946,11.028945979084305,20911462
2020-09-28,11.045748710632324,11.538663298395395,10.978533848906965,11.2305918426332,83360409
2020-09-29,10.782487869262695,11.079356628343659,10.748880438883864,11.0625525899748,55956329
2020-09-30,10.872109413146973,10.972932350697226,10.78808922125695,10.838501336390964,39182704
2020-10-01,10.922516822814941,10.967327577821802,10.76568111936699,10.894511393653026,29290107
2020-10-02,11.011651992797852,11.409731015664589,10.843450536470971,10.882698146803085,62918911
2020-10-05,11.168642044067383,11.2527440730143,10.85466501792961,11.0565072994484,41923233
2020-10-06,11.129400253295898,11.415344680117714,11.0565117985489,11.297601791680258,36957998
2020-10-07,11.011651992797852,11.224709154909661,10.978012477918556,11.202281949005597,35786960
2020-10-08,11.577934265136719,11.645215885749675,10.989226554657625,11.022866070987247,79523136
2020-10-09,11.628397941589355,11.852667469809107,11.33123997561305,11.471408754244678,86877032
2020-10-13,11.695672988891602,11.802200890095632,11.56111108895588,11.678852589652587,36440965
2020-10-14,11.706887245178223,11.813415152358811,11.673246444812834,11.734919951506239,34703768
2020-10-15,11.628397941589355,11.807814340551435,11.482622360053378,11.53308358619253,41188642
2020-10-16,11.398518562316895,11.589147222133356,11.398518562316895,11.577933619323353,28485820
2020-10-19,11.555506706237793,11.813418283420232,11.387305247783216,11.488226381651325,62748180
2020-10-20,12.054509162902832,12.166643909175667,11.662036903959448,11.662036903959448,78651694
2020-10-21,12.177860260009766,12.346063064346904,11.908736290661233,12.05451188188979,76419244
2020-10-22,12.738532066345215,12.839453204852093,12.166643458178116,12.166643458178116,81425740
2020-10-23,12.682464599609375,13.091757267210493,12.581543456715423,12.783387036480258,77700150
2020-10-26,12.839452743530273,12.90673436276868,12.575935656133511,12.609576465752713,47649921
2020-10-27,12.48062515258789,13.175862294837023,12.40212990605649,13.114187458276637,94080404
2020-10-28,11.77417278289795,12.228319907667279,11.751745572690519,12.228319907667279,80850506
2020-10-29,11.656425476074219,11.718098979759425,11.196671775435036,11.66203227586164,118969499
2020-10-30,11.303202629089355,11.611572780692835,11.174246215066347,11.46579725881734,69347036
2020-11-03,11.690071105957031,11.785386752284793,11.398521246179849,11.516262809431172,70121073
2020-11-04,11.605315208435059,11.919579489082082,11.386453370757382,11.897131855442234,86799350
2020-11-05,11.784893989562988,11.86345940552818,11.521136906826216,11.81295352924888,59907463
2020-11-06,11.756836891174316,11.812955982199181,11.616540458767727,11.644600004280159,47718891
2020-11-09,12.873591423034668,13.053171149156197,12.26751065684642,12.43025466222327,144734997
2020-11-10,13.704154014587402,13.816390924389198,12.918494350818998,12.918494350818998,164328769
2020-11-11,13.648033142089844,13.799553403976088,13.255203361151887,13.670480780170127,92258144
2020-11-12,13.109292984008789,13.648031034102912,13.025115649364885,13.636807216796328,66495429
2020-11-13,13.575079917907715,13.575079917907713,13.092459573825792,13.24959174875582,67209934
2020-11-16,14.175544738769531,14.197991075340152,13.81077331353387,13.85566857698572,114690334
2020-11-17,14.254114151000977,14.254114151000977,13.872508190137454,14.029640361117885,76666205
2020-11-18,13.816386222839355,14.265335004430511,13.816386222839355,14.203604012710125,61293155
2020-11-19,13.827610969543457,14.091368088868824,13.771491882386789,13.821999060827789,39838161
2020-11-23,13.737820625305176,13.939848046784473,13.676090923711156,13.844446892417986,37882196
2020-11-24,14.35512638092041,14.562764430051871,13.866895463393854,13.872507372567979,89390444
2020-11-25,14.16993236541748,14.411243125446058,14.018413432705755,14.321452593284585,51217848
2020-11-26,13.939852714538574,14.125044471643026,13.86128726025071,14.102596828944797,25190627
2020-11-27,13.827610969543457,14.214828785458009,13.827610969543455,14.052084727859157,40041804
2020-11-30,13.63680362701416,13.93423211703195,13.597521571937282,13.765876196907051,61542657
2020-12-01,14.400019645690918,14.697448200120828,13.878117345918447,13.911787501111045,78138775
2020-12-02,14.556690216064453,14.6521619490032,14.287121902732032,14.545458094999464,54318715
2020-12-03,14.365751266479492,15.005975945651517,14.332054889650912,14.545463980117717,66249678
2020-12-04,14.489299774169922,14.64654819775912,14.292738920654957,14.612851829251317,48098226
2020-12-07,14.584773063659668,14.876805696031797,14.337668927379871,14.41067773352991,42097352
2020-12-08,14.410676002502441,14.786948223735411,14.34328326645924,14.539844117138053,41379459
2020-12-09,14.449992179870605,14.556697382520403,14.343288273335116,14.410681032903408,39119300
2020-12-10,15.045282363891602,15.107057733906185,14.567922400991577,14.573537165435015,74726938
2020-12-11,14.92734432220459,15.067744520585912,14.691472403680285,14.82625524616832,48451667
2020-12-14,14.848718643188477,15.163215380794174,14.848718643188478,15.022815190375212,36431285
2020-12-15,14.848718643188477,15.123904260678529,14.848718643188478,14.848718643188478,33169730
2020-12-16,15.185688018798828,15.432792179557838,14.775719339685065,14.92173567033614,57006367
2020-12-17,15.25869369506836,15.483334874566427,15.129525567705414,15.387863118545289,45968142
2020-12-18,15.286766052246094,15.494558937978063,15.168830110014785,15.23622281764028,54097164
2020-12-21,14.91611099243164,15.213759544384056,14.899262814459233,14.938575229728183,66521686
2020-12-22,15.219378471374512,15.303618080995758,15.028433714489086,15.028433714489086,38527126
2020-12-23,15.567569732666016,15.668658815690225,15.253072955484532,15.34292991817272,31883742
2020-12-28,15.71920108795166,15.870833406987206,15.67988996532282,15.780977745975349,45444938
2020-12-29,15.693710327148438,15.893231391038261,15.602501412142638,15.85902755454857,26853167
2020-12-30,15.471380233764648,15.813414479599638,15.471380233764648,15.750707477598565,26660051
2021-01-04,15.066641807556152,15.693705366837575,14.969730968132644,15.693705366837575,48196357
2021-01-05,14.974782943725586,15.060352635437335,14.649617061958278,14.94625927429556,47107478
2021-01-06,15.47109603881836,15.676463894541005,14.986197445365343,14.997606916969799,73317409
2021-01-07,15.881831169128418,15.961696144237797,15.379818428254035,15.499616549207408,56545599
2021-01-08,15.744916915893555,16.206995137794532,15.533843058843033,16.00733206616727,60861427
2021-01-11,15.465385437011719,15.62511534573116,15.260016342606585,15.471090170650145,44169961
2021-01-12,15.453971862792969,15.630817242008742,15.317059608433834,15.550950992295462,46567697
2021-01-13,15.220084190368652,15.568070331636429,14.980487995233094,15.493908789545966,56170741
2021-01-14,15.687865257263184,15.836186994876476,15.20867164730222,15.305652105811967,72262168
2021-01-15,15.25432014465332,15.56237330034566,15.21438830341839,15.459689353974548,53980036
2021-01-18,15.305649757385254,15.607997919074478,15.180146970442577,15.328468685298084,51058007
2021-01-19,15.060349464416504,15.471087584569549,14.917733780451371,15.448268653830151,38386524
2021-01-20,14.74659538269043,15.18585591719373,14.706662247759697,15.174446450070665,41861039
2021-01-21,14.535527229309082,14.83787424892697,14.398614899387884,14.780828212797347,43414921
2021-01-22,14.26740550994873,14.478479391315975,14.159016860014601,14.233178416049627,49504004
2021-01-26,13.925122261047363,14.62109320323804,13.85666677187988,14.2445834047928,70337058
2021-01-27,14.124784469604492,14.347267758441983,13.748276010174116,13.862369363039846,79338490
2021-01-28,14.564048767089844,14.735189498976823,14.096265767598288,14.130492860712828,62478350
2021-01-29,14.113380432128906,14.546937709650555,13.993582299704201,14.364387484890713,67913428
2021-02-01,14.404318809509277,14.569754821428758,14.273111210382522,14.364386977829788,54510500
2021-02-02,14.346634864807129,14.729135375595346,14.13540237417798,14.620665278143155,82720803
2021-02-03,14.415148735046387,14.626381327161223,14.30667858548023,14.45511190714865,45415172
2021-02-04,14.849031448364258,15.157316157429966,14.72914324318729,15.07168078404025,114781326
2021-02-05,14.7691068649292,14.957502056957544,14.689180514010419,14.849031898279303,49424023
2021-02-08,14.455107688903809,14.791937406050307,14.409436823111601,14.769101314370115,30201237
2021-02-09,14.529327392578125,14.740559977182148,14.221044028599428,14.35805929622391,54631621
2021-02-10,14.369474411010742,14.654922936742514,14.266711993098168,14.483653557789802,34475320
2021-02-11,14.386605262756348,14.603545566911153,14.29526086726498,14.48365736539733,29089005
2021-02-12,14.386605262756348,14.5750004433201,14.249589987087893,14.329515015574243,26965092
2021-02-17,14.375179290771484,14.466522318352652,14.203909961184907,14.28954396719426,20858827
2021-02-18,14.233369827270508,14.541920389541426,14.12480566728386,14.296222206753095,58438039
2021-02-19,14.113374710083008,14.43906712053371,14.061948967991217,14.19908296152578,36792107
2021-02-22,13.187724113464355,13.707690370068407,13.176296167718283,13.604838858353753,104356450
2021-02-23,13.816254615783691,13.970530565536604,13.393424576867341,13.427708414303671,58129852
2021-02-24,13.719118118286133,13.99338617482183,13.52484436211062,13.947674392495697,43288839
2021-02-25,13.421992301940918,13.839106982752838,13.336282722012143,13.679118404306516,43365553
2021-02-26,13.142010688781738,13.6162651031577,13.09058493934851,13.46770314572766,69104310
2021-03-01,12.707749366760254,13.416275131718331,12.69632142549399,13.370563366653279,70533925
2021-03-02,13.050293922424316,13.324796130857655,12.266817934303402,12.46697507970801,86893609
2021-03-03,13.1646728515625,13.393424308084565,12.70716861868167,13.050297123301467,68702348
2021-03-04,13.673639297485352,13.890954271471022,13.261886068699772,13.296199167724263,87727541
2021-03-05,14.319860458374023,14.422799739118242,13.702231373088175,13.782293938275563,94742879
2021-03-08,13.810897827148438,14.571498666821665,13.759428150834786,14.033930451500632,70396348
2021-03-09,13.925270080566406,14.17117805506765,13.605018356500143,13.816613222046843,51552413
2021-03-10,14.15973949432373,14.31414715542908,13.80517468278151,14.033926088948336,68433970
2021-03-11,14.405647277832031,14.56005625688627,14.022488215243643,14.36561664013584,69172433
2021-03-12,14.308432579040527,14.422809636131396,14.165462577513741,14.302713726185983,53786436
2021-03-15,14.508583068847656,14.554332546494077,14.176892426771735,14.211205524883603,37805845
2021-03-16,14.26839542388916,14.537178745839942,14.039642733833293,14.485709093614227,37929628
2021-03-17,14.863150596618652,14.868869447383924,14.142583319212333,14.165457402437102,73650280
2021-03-18,15.137656211853027,15.343532228268101,14.76021464869789,14.783090054929897,109927895
2021-03-19,15.292060852050781,15.400719019486768,14.966090309251873,15.269185448380046,96725464
2021-03-22,15.21200180053711,15.286345559938571,14.937499532254284,15.063312961897523,56779734
2021-03-23,15.046151161193848,15.349247585085493,15.011838059658295,15.017556909914221,44842358
2021-03-24,14.891748428344727,15.177688395635768,14.891748428344727,15.086188081243822,48280210
2021-03-25,15.223433494567871,15.246307574696486,14.76021060479004,14.868867434786477,66434203
2021-03-26,15.326375007629395,15.469344970530587,15.120497680323641,15.154810788180674,48706372
2021-03-29,15.389280319213867,15.452186355390767,15.143371065544114,15.360686066480609,50369880
2021-03-30,15.646626472473145,15.715251361470063,15.292060366507416,15.297779217243518,45199308
2021-03-31,15.309215545654297,15.669500470042696,15.126214978184697,15.669500470042696,48801357
2021-04-01,14.748772621154785,15.412152608193603,14.743053771273583,15.377840828742507,61328003
2021-04-05,14.885539054870605,15.040060381489608,14.765356094346492,14.948492726044565,39431722
2021-04-06,14.65089225769043,14.994271863938614,14.542155448418887,14.914150352056328,36674979
2021-04-07,14.49064826965332,14.74246025125922,14.427694613848011,14.593663342789279,40372497
2021-04-08,14.444866180419922,14.656616760335224,14.370466399882062,14.65089370029385,38028364
2021-04-09,14.421977996826172,14.713850178609896,14.341855133710215,14.364747380314775,38960911
2021-04-12,14.69095230102539,14.719567595740275,14.450585146227874,14.519261853543597,27353018
2021-04-13,14.59366512298584,14.708125008513758,14.421974634290047,14.593665122985838,34344035
2021-04-14,14.765361785888672,15.00000605717642,14.496380456078263,14.650901842259977,50114933
2021-04-15,14.765361785888672,14.971390741067124,14.57078027796244,14.82831548132913,33300410
2021-04-16,14.937050819396973,15.057233813837922,14.690961767884154,14.696684830515075,33964942
2021-04-19,14.869519233703613,15.03319644776836,14.781384333200776,15.03319644776836,34552870
2021-04-20,14.64288330078125,14.97023893727287,14.63029203897377,14.8569228642372,29159900
2021-04-22,14.542162895202637,14.793974999561344,14.485504181115694,14.69954513022475,29729150
2021-04-23,14.812862396240234,14.90729095215464,14.579935190882821,14.64288888230084,25618340
2021-04-26,14.825453758239746,15.184287059902319,14.674366469373991,15.03949474453717,39296070
2021-04-27,14.693248748779297,15.001718216835338,14.680658805172854,14.812859817081417,42098650
2021-04-28,15.480161666870117,15.53052408023418,14.90728756384376,14.932470091333904,62279250
2021-04-29,14.96394157409668,15.555700405846304,14.96394157409668,15.404613213162277,38657630
2021-04-30,15.01430606842041,15.203164425245847,14.812856450042405,14.913581259231407,63985680
2021-05-03,15.46127700805664,15.624955528582229,15.171692441283774,15.209464915562082,56953380
2021-05-04,14.99442195892334,15.662242146082546,14.956621589399738,15.624440454729049,54545480
2021-05-05,15.01962661743164,15.133029067838475,14.578613856931419,15.107828376433607,69076920
2021-05-06,15.095218658447266,15.101518496653695,14.887312101171846,14.899913099413954,48443120
2021-05-07,15.15821361541748,15.271617266877097,14.99440863482664,15.120411957654701,39517720
2021-05-10,15.523625373840332,15.52362537384033,15.01331087697699,15.139314211666301,60087170
2021-05-11,15.498427391052246,15.649631418866221,15.30942169537024,15.30942169537024,43745350
2021-05-12,15.183418273925781,15.378723806140865,15.019614572075694,15.322022626410378,47810290
2021-05-13,15.536226272583008,15.592928769040045,15.151916401906375,15.177117070833187,37995870
2021-05-14,15.681135177612305,15.832339236764865,15.441729411535425,15.681135177612305,42070930
2021-05-17,15.750438690185547,15.775639368825646,15.466930064112347,15.630735136187715,28853990
2021-05-18,16.002443313598633,16.033943827183588,15.637034183622864,15.693735372441642,47018290
2021-05-19,16.10954475402832,16.10954475402832,15.70633268904619,15.838637205515095,31737860
2021-05-20,16.260744094848633,16.260744094848633,16.021337124206376,16.065438616981847,35715570
2021-05-21,16.336355209350586,16.43085676142927,15.989845552907108,16.21665165718893,60487790
2021-05-24,16.292253494262695,16.46865823989699,16.229251138478592,16.38045520616513,25234770
2021-05-25,16.210346221923828,16.34894924355482,16.096942548017577,16.34894924355482,25695010
2021-05-26,16.582063674926758,16.6135641951779,16.235553986675498,16.26705450692664,42588260
2021-05-27,16.6828556060791,16.73325693461123,16.260744149165347,16.582052949014845,76937740
2021-05-28,16.720666885375977,16.802570089218527,16.51906143929506,16.544262120055176,30718600
2021-05-31,16.6828556060791,16.777357105705313,16.550552449139442,16.752157763267956,16464250
2021-06-01,17.060869216918945,17.060869216918945,16.74586018534398,16.84036302699937,54375970
2021-06-02,17.728513717651367,17.734817973207658,16.96565778990134,17.022398735420136,72726170
2021-06-04,17.70958709716797,17.848287235044527,17.43218417590453,17.596103963673368,40250650
2021-06-07,17.930259704589844,18.157224799637454,17.55828747870565,17.709598864826766,37756180
2021-06-08,17.804170608520508,18.06265834083438,17.671773291500614,17.87352007238095,34704120
2021-06-09,17.715904235839844,18.176138710204675,17.495243382179787,17.760036671123082,52013830
2021-06-10,17.747432708740234,17.9870077314645,17.665473389495222,17.810479254683248,35655950
2021-06-11,17.678068161010742,17.728504825676048,17.43218776732308,17.696980918193656,39460080
2021-06-14,17.60242462158203,17.841998273305066,17.438504693345177,17.772647483560387,28142400
2021-06-15,17.61503028869629,17.690685322715954,17.507852654524118,17.596116199502355,18155060
2021-06-16,17.703296661376953,18.005918168548654,17.539378056196753,17.652859963974382,72971470
2021-06-17,17.62763786315918,18.132006052584348,17.558287088303167,17.79155775620466,34797730
2021-06-18,17.400671005249023,17.652854412961755,17.27457930139266,17.52676270910539,35541330
2021-06-21,17.444805145263672,17.54567851825393,17.23044856628137,17.331323262027635,28258890
2021-06-22,17.12327003479004,17.413281628214794,17.0160924123313,17.33762660246346,43905180
2021-06-23,17.04761505126953,17.394367584177786,17.022396709289946,17.224143445126614,30743570
2021-06-24,17.173709869384766,17.24306065306919,16.94674475049079,17.224146562472313,23603690
2021-06-25,16.637821197509766,17.205233362746693,16.536946483355287,17.14849241077425,30688680
2021-06-28,16.555856704711914,16.73868935319183,16.347805714277662,16.644121562930042,32689800
2021-06-29,16.454980850219727,16.61259513292666,16.272148229369453,16.518026034200204,33584870
2021-06-30,16.221710205078125,16.536938744296883,16.183882039628724,16.35410613863978,43697390
2021-07-01,16.01995849609375,16.291055854334683,15.837124624980554,16.22170512124882,38459520
2021-07-02,16.40419578552246,16.40419578552246,15.962545414432444,16.158134059966464,39391330
2021-07-05,16.113622665405273,16.203823466789082,16.107180137240256,16.13295160166872,19020650
2021-07-06,15.91388988494873,16.09429009521543,15.739932201392392,16.04274717799637,34748560
2021-07-07,16.029865264892578,16.094293248154063,15.785035684254888,16.062079256523322,33947100
2021-07-08,15.843025207519531,15.958996137980181,15.617524523906663,15.778595861443604,71023700
2021-07-12,16.24247932434082,16.339122649943544,15.907450300450611,15.926779235924823,34999910
2021-07-13,16.22960090637207,16.364900806491942,15.984771228280028,16.113628597862974,35166230
2021-07-14,16.300464630126953,16.74502199449742,16.178049852417683,16.429321935145076,68463230
2021-07-15,16.05563735961914,16.3391234710025,15.913893628043258,16.248924020537455,36420670
2021-07-16,16.05563735961914,16.145838161852595,15.675507917776624,16.100737760735868,37051630
2021-07-19,15.469335556030273,15.604635401976122,15.372692229596804,15.533763539140354,47496240
2021-07-20,15.707716941833496,15.720603345976935,15.353359076756622,15.475773833163393,50840460
2021-07-21,15.714165687561035,15.855908066438488,15.591750893233876,15.656178878604972,31971500
2021-07-22,15.59174919128418,15.739934082169633,15.443562948630477,15.714163972248903,29645220
2021-07-23,15.430678367614746,15.630407557277787,15.308264923934674,15.598193564297157,35162490
2021-07-26,15.55953311920166,15.623962446280693,15.404904356333807,15.411348235279442,33585200
2021-07-27,15.681950569152832,15.681950569152832,15.359807934117065,15.469336321887752,39891170
2021-07-28,16.04918670654297,16.158715038005152,15.701271433728385,15.82368616688668,52118660
2021-07-29,15.894564628601074,16.14583672472195,15.72060691961214,16.05563593051721,35160180
2021-07-30,15.623961448669434,16.049191195288625,15.598189989837001,15.791476606964297,40227000
2021-08-02,15.720602989196777,16.184489196009054,15.675502603370264,15.85590279490837,48047120
2021-08-03,15.81021785736084,15.939175467282015,15.468479176454391,15.92627902987967,59400990
2021-08-04,15.18476676940918,15.468473405388885,15.120287312094726,15.436234353141634,108007020
2021-08-05,14.95909595489502,15.365312755549056,14.862377411344928,15.313729712698398,69889160
2021-08-06,15.287942886352539,15.333078400913537,14.959100548983734,15.049371578105731,50173090
2021-08-09,15.281493186950684,15.520065814370541,15.217013696268909,15.217013696268909,38625510
2021-08-10,15.062251091003418,15.378198013399524,15.062251091003418,15.339510082975739,38955290
2021-08-11,15.120283126831055,15.371751993777387,14.894608470746629,15.062252578284749,30339760
2021-08-12,14.907506942749023,15.158974514157912,14.817237330316534,15.075152441294911,40036700
2021-08-13,14.978431701660156,15.023567177552037,14.726964167770742,14.926848687160772,42676590
2021-08-16,14.855928421020508,15.075157008175358,14.77210632276437,14.92685543623122,31897250
2021-08-17,14.797898292541504,14.959094952442443,14.623805196381912,14.881720393351552,45561120
2021-08-18,14.70117473602295,15.081599859868984,14.662488146096507,14.772101729177948,46310550
2021-08-19,14.668938636779785,14.855926790153134,14.45615896732666,14.585116547725546,56256860
2021-08-20,14.585116386413574,14.681834908848064,14.475501429671757,14.520636920517203,31478480
2021-08-23,14.68828010559082,14.772103540881622,14.559322535320405,14.668937484665289,31936080
2021-08-24,15.075152397155762,15.165423362143828,14.76565291206802,14.830132366033766,40907240
2021-08-25,15.100944519042969,15.133183570920037,14.907507502140682,15.05580903472311,20103600
2021-08-26,14.810786247253418,15.126731844406697,14.804337356406949,15.055804867652014,33102630
2021-08-27,15.004228591918945,15.03646900216259,14.746313426890802,14.894614984987028,22746900
2021-08-30,14.843037605285645,15.017130746191965,14.785005656436415,14.959098797342737,22814990
2021-08-31,14.926855087280273,15.10094817406571,14.791449954367273,14.875272050663867,35247850
2021-09-01,14.90106201171875,15.152529627148873,14.881718036804099,15.010675614868248,26944060
2021-09-02,14.377689361572266,14.861677889763087,14.306704088598899,14.8423180236919,42032980
2021-09-03,14.306714057922363,14.493855949865674,14.126025007855482,14.493855949865674,48821960
2021-09-06,14.455132484436035,14.513210748857537,14.18409832724913,14.203458200033609,17038560
2021-09-08,13.622668266296387,14.24217457109166,13.519417441152445,14.216360510874058,58961320
2021-09-09,13.680749893188477,13.842080362738866,13.325824755682351,13.674297053507408,76710590
2021-09-10,13.512967109680176,14.042128363666574,13.500060077177158,13.880797904004117,55216260
2021-09-13,13.790453910827637,13.900157592966979,13.583950871018505,13.745281328559019,41682960
2021-09-14,13.700101852416992,13.880790736637202,13.596851061434016,13.809805479353614,36636930
2021-09-15,13.577494621276855,13.74527787587247,13.493603670944802,13.74527787587247,18948050
2021-09-16,13.403261184692383,13.512964849929068,13.203212368838445,13.493604981377993,74356480
2021-09-17,12.919275283813477,13.358090036104976,12.919275283813477,13.358090036104976,88977020
2021-09-20,12.435285568237305,12.822477614384063,12.357847429794344,12.719225409194824,83070790
2021-09-21,12.615974426269531,12.783757734777502,12.377207173711982,12.564350355111632,54100090
2021-09-22,12.80311393737793,13.009615578539123,12.75794136489103,12.80311393737793,42577590
2021-09-23,13.370996475219727,13.422621897188193,12.828929544550823,12.86764793406124,51252410
2021-09-24,13.074146270751953,13.319367639212624,13.02897505355679,13.229022496959265,44736120
2021-09-27,13.467796325683594,13.687205076085945,12.938635001018195,13.041885859105879,89182170
2021-09-28,13.183856010437012,13.861439404743745,13.183856010437012,13.583952394737329,109024520
2021-09-29,13.422625541687012,13.577501849644284,13.203218115713659,13.319374669715497,63995360
2021-09-30,13.441984176635742,13.642033061079248,13.332280473785604,13.57104775467476,77271700
2021-10-01,13.777546882629395,13.848532175653977,13.461341514517871,13.493607064462918,46504920
2021-10-04,13.389348030090332,13.667081825422322,13.286006703720249,13.647704733855873,42585840
2021-10-05,13.615403175354004,13.783335620216544,13.357046610285021,13.524979055147563,35939200
2021-10-06,13.718757629394531,13.757511825135602,13.35059954553723,13.447483679753333,38029200
2021-10-07,13.376433372497559,13.93835964699449,13.376433372497559,13.809181270968551,63955540
2021-10-08,13.466854095458984,13.828554810465068,13.39580702326511,13.518525432583276,75912210
2021-10-11,13.22141170501709,13.583110949531362,13.182657536965616,13.524981052589755,39408270
2021-10-13,13.182662010192871,13.286006041685642,12.924305319301105,13.2601690174604,51281670
2021-10-14,13.059943199157715,13.260168612126334,12.969517682541673,13.260168612126334,49092780
2021-10-15,13.744590759277344,13.789803527545144,13.079321815232834,13.10515748922353,64975020
2021-10-18,13.983572006225586,14.061079029562194,13.563741280133371,13.667083977915514,40842340
2021-10-19,13.550822257995605,13.84147321677548,13.518526653025273,13.84147321677548,49452260
2021-10-20,14.015863418579102,14.041699087786082,13.557279951371196,13.69937680957762,53331080
2021-10-21,13.725214004516602,14.119209058973095,13.51207002760496,13.654166915636958,63172340
2021-10-22,13.208498001098633,13.679999989815995,12.730537433735632,13.679999989815995,85791750
2021-10-25,13.408723831176758,13.62186910762194,13.279545491726347,13.33121682750651,27476570
2021-10-26,13.105152130126953,13.357050187311522,13.079316466701249,13.350591610239038,40538850
2021-10-27,13.279545783996582,13.583115227170326,13.20203877862048,13.240791603740515,31750950
2021-10-28,13.234331130981445,13.357050877377565,13.014727302949662,13.2407897083876,29216880
2021-10-29,12.853259086608887,13.324761144398485,12.853259086608887,13.305384050486849,30768100
2021-11-01,13.298922538757324,13.389346698514478,12.97597601359949,13.07286010666044,30642040
2021-11-03,13.188355445861816,13.453414946360423,13.06552249817251,13.181890910821819,50494950
2021-11-04,12.315597534179688,13.317654866638168,12.315597534179688,13.25947133003931,78727770
2021-11-05,12.92329216003418,13.188351582894898,12.677626336612928,12.865107292559378,118130540
2021-11-08,12.625913619995117,13.168963157699046,12.625913619995117,12.800465596210772,56784310
2021-11-09,12.483678817749023,12.949149594126549,12.438425731779144,12.70348514034222,66943360
2021-11-10,13.181893348693848,13.47927693577672,12.457825955114158,12.483685456442501,96874910
2021-11-11,13.246535301208496,13.485736595225243,13.149563233337764,13.408158127097362,39270990
2021-11-12,13.375834465026855,13.479272435808118,13.065520552683061,13.395229423644757,46733060
2021-11-16,13.35644245147705,13.569782952492785,13.175424624693003,13.388766482094562,41142090
2021-11-17,13.414628028869629,13.576249563053828,13.291795066079782,13.453416600263981,43446370
2021-11-18,13.285330772399902,13.472811809726277,12.929762305604806,13.440487773577466,61360750
2021-11-19,13.272400856018066,13.369374324590773,13.065524846468886,13.214217317428886,43549440
2021-11-22,13.046128273010254,13.472810668292503,13.039663737605386,13.317653680260038,41808360
2021-11-23,13.298258781433105,13.298258781433105,12.865110536462758,13.168959947588165,41310170
2021-11-24,13.64089584350586,13.692614831023741,13.084916049495762,13.123704611941314,37099150
2021-11-25,13.75080394744873,13.899496436155145,13.602111458742318,13.686155864941934,17497370
2021-11-26,13.20128345489502,13.427554347332809,13.05905557174477,13.356440405757684,43187100
2021-11-29,13.104315757751465,13.434024761756813,13.104315757751463,13.414629795312683,30746980
2021-11-30,12.871576309204102,13.162495291714178,12.735812941831705,13.084916805952439,65055100
2021-12-01,12.819856643676758,13.291793474433137,12.80692757355553,13.065522539838804,42846430
2021-12-02,13.472772598266602,13.511598316254817,12.974499487341971,13.065095092122814,64814970
2021-12-03,13.433943748474121,13.776911226782762,13.3562909650677,13.459828009609595,41316880
2021-12-06,13.718670845031738,14.074579780878775,13.440416051544274,13.55042382374559,46710070
2021-12-07,13.556896209716797,13.977515172120594,13.446888424045344,13.977515172120594,47259850
2021-12-08,13.472772598266602,13.673374630294893,13.220400679445685,13.673374630294893,35081420
2021-12-09,13.129805564880371,13.388648220082661,13.045682041360891,13.388648220082661,28753890
2021-12-10,13.078041076660156,13.27217380691673,12.929206164488178,13.213934530913946,30212710
2021-12-13,12.838605880737305,13.29158113433283,12.838605880737305,13.129803482228807,33137500
2021-12-14,13.032736778259277,13.362761440984778,12.974497531215011,13.00038179186633,45201860
2021-12-15,13.032736778259277,13.136273820864549,12.812721241565475,13.039207504000908,44282040
2021-12-16,13.194514274597168,13.226869260619848,12.942142396713733,13.149216479554545,39404310
2021-12-17,12.825665473937988,13.17510374733916,12.806253292504106,13.058623870310406,62958720
2021-12-20,12.56035327911377,12.767427428923032,12.411518394517056,12.722129619230952,49098940
2021-12-21,12.506551742553711,12.801362445119842,12.48689732917447,12.644129887147155,24044790
2021-12-22,12.565510749816895,12.591716170184588,12.408278227610731,12.578612772735587,33019030
2021-12-23,12.604820251464844,12.788258203990498,12.480342779802312,12.611371263279594,29967190
2021-12-27,12.748950958251953,12.81446520808014,12.558961970452154,12.696540108201626,22208010
2021-12-28,12.70309066772461,12.814464751006922,12.637577794763725,12.781706939995974,19267820
2021-12-29,12.644128799438477,12.762052520508314,12.558961514829091,12.742399483350344,15056580
2021-12-30,12.58516788482666,12.709642627638226,12.434486341440374,12.70309161475985,36097050
2022-01-03,12.899633407592773,13.050314955771062,12.676886591868694,12.716195419450269,35620970
2022-01-04,12.984208106994629,13.062900202293351,12.833381247041366,12.905516011695909,110060060
2022-01-05,12.892402648925781,13.062902912036012,12.767807837415923,12.951421388678503,45808070
2022-01-06,13.076014518737793,13.108803922806345,12.820264871797596,12.84649556953874,36651120
2022-01-07,13.26618766784668,13.266187667846678,12.8005924544691,13.095687450274221,84778540
2022-01-10,13.312091827392578,13.390785302554942,13.082572860452403,13.148150297802282,51092910
2022-01-11,13.331769943237305,13.397347403937403,13.161271021959212,13.312096567441598,53026600
2022-01-12,13.233403205871582,13.443248859169346,13.148153753183523,13.331768699819067,49113570
2022-01-13,13.469484329223633,13.528503090092514,13.141599725555555,13.141599725555555,57497660
2022-01-14,13.685879707336426,13.72522506726841,13.423572721602522,13.462918081534504,56481590
2022-01-17,13.764571189880371,13.843263282095013,13.521937582849263,13.613744335838271,21673410
2022-01-18,14.013768196105957,14.013768196105957,13.63997960101943,13.692441013397545,74687690
2022-01-19,13.836702346801758,14.164585291010637,13.810471656230815,14.066221233261444,50084980
2022-01-20,13.823589324951172,13.935069440198815,13.738339905988626,13.876050717521366,28939130
2022-01-21,13.679327011108398,13.980980834828499,13.679327011108398,13.771133799290599,44387750
2022-01-24,13.967863082885742,14.079343231977125,13.67932533615384,13.698998708304233,86358580
2022-01-25,14.525269508361816,14.597404310384077,13.849829705711118,13.921963131876465,74485400
2022-01-26,14.53837776184082,14.721992647597611,14.387550904576553,14.682647288577813,75827730
2022-01-27,14.610506057739258,14.813794220946727,14.459679267239808,14.669524758071889,65708720
2022-01-28,14.820362091064453,14.853150128366908,14.45968955316782,14.531824335918454,49132160
2022-01-31,14.951518058776855,15.082671605269919,14.669537589852577,14.840037888221945,62474390
2022-02-01,15.003973007202148,15.108895799150684,14.88593417833196,14.925280913240748,29653910
2022-02-02,14.73421573638916,14.950798321427545,14.662021082376867,14.878605044413746,51841460
2022-02-03,14.950793266296387,15.0295506684991,14.616075339683375,14.845784773690797,42935860
2022-02-04,15.049246788024902,15.160820854859734,14.845791111558452,14.924548547383772,40621790
2022-02-07,14.996742248535156,15.17394682832773,14.931111738685257,15.08206383913814,33281710
2022-02-08,14.911418914794922,15.134565630989343,14.734214372081464,15.00330326175685,48921730
2022-02-09,13.631607055664062,14.281355964845394,13.585663516694085,14.051646531983627,226386930
2022-02-10,13.828502655029297,13.992581641240228,13.46753081316286,13.716929990924568,80558500
2022-02-11,13.874445915222168,14.163223135981127,13.769436016764363,13.97289303927596,89646920
2022-02-14,13.894128799438477,13.94663234591249,13.657855266817892,13.94663234591249,42557020
2022-02-15,13.907256126403809,14.031955679900236,13.874440889272508,13.913818898430486,45128050
2022-02-16,14.071334838867188,14.077897610787907,13.84818820058177,13.940071138465493,44218790
2022-02-17,13.907256126403809,14.1107130752141,13.854751196194565,14.025392907873558,25904450
2022-02-18,13.986016273498535,14.084463381260036,13.920385786322985,13.95320102991076,33335500
2022-02-21,13.821944236755371,14.012274378499399,13.716934313448496,13.98602189767268,22943580
2022-02-22,13.769438743591309,14.012273837615158,13.69068130415125,13.920390846767761,44470030
2022-02-23,13.703804016113281,13.913823811103745,13.677551541739474,13.782561439234705,26533320
2022-02-24,13.290322303771973,13.434711548128146,12.962165806506599,13.323137540399145,79078560
2022-02-25,13.35595703125,13.474092459356463,13.165625588414638,13.22469330246787,55603460
2022-03-02,13.21812915802002,13.355955645845148,13.014672189609815,13.264071320628396,42620050
2022-03-03,13.473525047302246,13.624617923739496,13.177908190372978,13.177908190372978,42707830
2022-03-04,13.085943222045898,13.473528866934133,12.95455837448067,13.473528866934133,43527770
2022-03-07,12.750913619995117,13.131930429940995,12.645805724600866,13.000545560698182,52141650
2022-03-08,12.915142059326172,13.145065884078642,12.698357408297111,12.777188315787969,68288990
2022-03-09,13.742874145507812,13.788859209097268,13.12536437240336,13.16478053498972,62361860
2022-03-10,13.657472610473633,13.723165747241028,13.420979799021696,13.611487552564826,33495110
2022-03-11,13.598343849182129,13.847975756238458,13.532652112556733,13.716590904704406,42839830
2022-03-14,13.696885108947754,13.972794032169412,13.604916386729526,13.604916386729526,36692150
2022-03-15,13.664034843444824,13.808558846843916,13.414404353414183,13.690311809673474,51826390
2022-03-16,13.861116409301758,13.900531179825297,13.611484475613537,13.762577415567808,51718480
2022-03-17,13.913674354553223,14.005644476014293,13.690319329779056,13.933382434621139,52868970
2022-03-18,13.88082504272461,14.005642405272491,13.703456483188816,13.907103397785761,91396580
2022-03-21,14.209287643432617,14.209287643432619,13.893963928718396,13.926809804430237,46281290
2022-03-22,14.386655807495117,14.518040672461352,14.274979016844666,14.281547915522127,48284500
2022-03-23,14.294684410095215,14.445777321038733,14.202714332726764,14.41949897469077,30857860
2022-03-24,14.504903793334961,14.616580591055078,14.294687996081336,14.320963592454554,43444170
2022-03-25,14.636285781860352,14.721685588091777,14.44577809771849,14.577162945106535,40055180
2022-03-28,14.564026832580566,14.734827859228961,14.439210856754835,14.695411707585675,25232680
2022-03-29,14.826796531677246,14.931904431320405,14.721688632034086,14.747965606944875,54799690
2022-03-30,14.73482894897461,14.846505756417374,14.596875164587454,14.846505756417374,27442800
2022-03-31,14.59687328338623,14.826795768305235,14.41950198901616,14.734827049994319,36693250
2022-04-01,14.43920612335205,14.741391925944214,14.366945499500059,14.675698820835159,35110570
2022-04-04,14.379364013671875,14.458263052761362,14.195264876321989,14.431961993590452,22034760
2022-04-05,13.978290557861328,14.392510789620731,13.886242383844897,14.392510789620731,41254180
2022-04-06,13.905965805053711,13.978290255593215,13.728442655356433,13.912540378882532,44633160
2022-04-07,13.965137481689453,14.030887347822013,13.741590971681402,13.965137481689453,33112640
2022-04-08,14.12293815612793,14.208413136092597,13.886242456146364,13.912540752167256,37651020
2022-04-11,14.103215217590332,14.28073838191267,13.991440555921145,14.063765012419026,32351330
2022-04-12,13.978290557861328,14.280737514217142,13.951990882503178,14.234712737471833,29440620
2022-04-13,14.12293815612793,14.21498771009782,13.958565529152201,14.057189657127315,35077570
2022-04-14,14.09006118774414,14.182110723951727,13.998013031010482,14.116360858164319,30043860
2022-04-18,14.339908599853516,14.405657085494747,14.090061043679443,14.12293528650006,34271160
2022-04-19,14.153841018676758,14.472067779243925,13.965797995590439,14.392510744233588,32993200
2022-04-20,14.103215217590332,14.24063154698888,13.994729222580645,14.233398963391664,22521400
2022-04-22,13.900714874267578,13.973039371655192,13.756067258967398,13.900714874267578,35690800
2022-04-25,13.813918113708496,13.907938937049574,13.625875087552139,13.784987780696348,38839200
2022-04-26,13.220858573913574,13.63310611600203,13.105140014010642,13.611408368717463,66772900
2022-04-27,13.300413131713867,13.466759754982109,13.15576563342601,13.372737570594763,62402800
2022-04-28,13.177468299865723,13.358278793780055,13.068982279412042,13.307652076199977,66856100
2022-04-29,13.003888130187988,13.546319517615483,13.003888130187988,13.30764976232636,61884300
2022-05-02,12.996652603149414,13.141301492165075,12.823074764015047,13.018350350343976,43038200
2022-05-03,13.082791328430176,13.140711767047364,12.901789785134945,13.003150207481976,55511000
2022-05-04,13.271035194396973,13.328955642158625,12.887311364893268,12.974192727001949,54528700
2022-05-05,12.83663272857666,13.198635916957949,12.691832281783688,13.176916609451917,47513400
2022-05-06,13.104514122009277,13.430316123870842,12.778710739215306,12.99591345472209,73889800
2022-05-09,13.299997329711914,13.408598006618234,12.923513694232971,12.945233001054717,66525900
2022-05-10,13.430315971374512,13.546156865956503,13.321715305320444,13.408596666723133,57446300
2022-05-11,13.661998748779297,13.777839640031631,13.466516726941348,13.466516726941348,44034600
2022-05-12,13.748880386352539,13.821281297357707,13.575119028499646,13.589599486887183,25040300
2022-05-13,13.908159255981445,14.038480600584402,13.792318367652667,13.857479039954145,27983200
2022-05-16,14.13984203338623,14.219481778888255,13.864718895303518,13.966080705565071,29746400
2022-05-17,14.429442405700684,14.436682632719485,14.255681100045733,14.306361308245247,37015800
2022-05-18,14.161561965942383,14.44392534452215,14.096401292495695,14.35704398628245,45581800
2022-05-19,14.052961349487305,14.205003381667538,13.929880230458485,14.176042468516124,55752600
2022-05-20,14.241202354431152,14.38600415031391,14.139841925872583,14.176041684377138,38174000
2022-05-23,14.472882270812988,14.5308027055668,14.284640512630078,14.34256094738389,36222200
2022-05-24,14.776969909667969,14.784210139084013,14.320846503917696,14.38600718772953,40495800
2022-05-25,14.610442161560059,14.748003696323877,14.494601305211136,14.66836258973452,30288400
2022-05-26,14.690089225769043,14.769728983724663,14.494607183552302,14.617688315955528,39550400
2022-05-27,14.900049209594727,14.965209885367416,14.595966516299633,14.690088106163472,40497700
2022-05-30,14.755248069763184,14.972450792494001,14.66836808541682,14.91453034261894,16964100
2022-05-31,14.84212875366211,14.936248962538496,14.682847869051152,14.776968077927538,55770400
2022-06-01,14.574246406555176,14.863850035179235,14.487366422713915,14.863850035179235,35754500
2022-06-02,14.515533447265625,14.68221172653364,14.377842033757563,14.68221172653364,27083600
2022-06-03,14.428568840026855,14.530024934782515,14.305371561151144,14.493791010151387,17800100
2022-06-06,14.44305419921875,14.595238249012127,14.356090897740545,14.515523386744789,11405400
2022-06-07,14.319857597351074,14.450301863937138,14.240141349496295,14.334351711912825,21522200
2022-06-08,14.0662202835083,14.33435595329986,14.029986368617529,14.218405766967091,23629700
2022-06-09,14.058971405029297,14.232896662024713,13.972009467649126,14.07346552200435,40261700
2022-06-10,13.8488130569458,13.97201029405034,13.740108555438443,13.928527940553336,39495800
2022-06-13,13.645902633666992,13.80533381909836,13.529952429310459,13.711124796396977,28188100
2022-06-14,13.508208274841309,13.79808510417357,13.450233185421888,13.740108632518988,23589800
2022-06-15,13.602420806884766,13.754604922302628,13.500963347704145,13.696629823728864,42167500
2022-06-17,13.392258644104004,13.587925097240722,13.247321605741234,13.413999821864268,56517300
2022-06-20,13.747356414794922,13.870553659072625,13.500961926239516,13.5227031042539,38181500
2022-06-21,13.649662971496582,13.949896872719144,13.576436280825398,13.825409543184696,30440200
2022-06-22,13.591083526611328,13.678957528562533,13.481242071704731,13.64966572900884,35022300
2022-06-23,13.23226547241211,13.656986728309837,13.173683278381722,13.656986728309837,36957800
2022-06-24,13.122432708740234,13.32014826807329,13.122432708740234,13.32014826807329,34188700
2022-06-27,13.305493354797363,13.342106701724202,13.093132031834658,13.166360122397993,24748500
2022-06-28,13.11510181427002,13.429981648474062,13.027229216688744,13.364076501933226,31457800
2022-06-29,12.888101577758789,13.173689739128662,12.822196402564147,13.11510751636791,45403300
2022-06-30,12.59518814086914,12.76361182565305,12.543927483286549,12.697706662614111,42129000
2022-07-01,12.690383911132812,12.763612026406754,12.404795797945576,12.595188338973776,22723600
2022-07-04,12.557674407958984,12.682298209010707,12.506358971921351,12.63831374929856,10774200
2022-07-05,12.586999893188477,12.645646312912929,12.352414214290672,12.455045099248228,19873600
2022-07-06,12.484366416931152,12.682297168517373,12.411058057931498,12.543012824482746,20841700
2022-07-07,12.740946769714355,12.814255147089485,12.565007502958643,12.623653925210547,39176300
2022-07-08,12.74827766418457,12.931547907307367,12.660308730500583,12.777601574239894,19211100
2022-07-11,12.491698265075684,12.689629030485394,12.411058924720146,12.601660112134578,15202200
2022-07-12,12.54301643371582,12.696962773496324,12.352415204767778,12.506361544548282,25334600
2022-07-13,12.25711441040039,12.557677523101182,12.25711441040039,12.49170151628689,30571100
2022-07-14,11.978541374206543,12.081172247254722,11.861248548368403,12.081172247254722,45285000
2022-07-15,12.051850318908691,12.205796635876824,11.89057162695254,12.051850318908691,39165900
2022-07-18,12.205801010131836,12.352417801137443,12.066515198500642,12.161816532126691,27541200
2022-07-19,12.652978897094727,12.674971831624864,12.205799016003077,12.308431312235937,32754800
2022-07-20,12.491698265075684,12.674968476254088,12.411058924720146,12.601660112134578,35322500
2022-07-21,12.660313606262207,12.71896005071788,12.374410966079457,12.41839684810236,28221100
2022-07-22,12.499029159545898,12.740945807851919,12.396398277913312,12.689630367035624,32676600
2022-07-25,12.667638778686523,12.73361617322975,12.506360081696014,12.513691058672027,24554900
2022-07-26,12.579669952392578,12.799593694918741,12.477039058979177,12.660309310497997,25712700
2022-07-27,12.652978897094727,12.704294346090599,12.513693108219421,12.623654984387876,20248300
2022-07-28,12.74827766418457,12.762939619212231,12.433052622294802,12.60899328614476,32776400
2022-07-29,12.777600288391113,12.990193021934388,12.696960942094949,12.748276381286745,31334800
2022-08-01,12.74827766418457,12.880232462951541,12.667639708014415,12.792263529267554,22790100
2022-08-02,12.967683792114258,13.158493115230238,12.740180960608427,12.769535487366783,40541200
2022-08-03,13.173178672790527,13.239228145783672,12.886963823230758,13.033740740941841,28300300
2022-08-04,13.415358543395996,13.52544052306607,13.239227095970215,13.283259607884581,46297600
2022-08-05,13.576804161071777,13.701564039083138,13.048410124665287,13.283251918623728,70278300
2022-08-08,13.620845794677734,13.701573240476883,13.488746846922202,13.620845794677734,28027200
2022-08-09,13.818992614746094,13.885042080968995,13.510762238961975,13.650200156517913,33583700
2022-08-10,14.03915023803711,14.075845147040239,13.789631855654095,13.818986383088946,40650200
2022-08-11,14.156576156616211,14.30335163074947,14.11988123825689,14.178591707863795,38010400
2022-08-12,14.332709312438965,14.34004829700537,14.171254451514368,14.237303912843851,29995100
2022-08-15,14.25932788848877,14.310699405983126,14.068518395103396,14.127228900778213,30443000
2022-08-16,14.464813232421875,14.516186147106497,14.20061667003067,14.244649197134404,23972600
2022-08-17,14.486824035644531,14.589567021786909,14.32537057173962,14.369403080119469,23628000
2022-08-18,14.5748872756958,14.61891977447913,14.435449396486051,14.538192360236447,22363200
2022-08-19,14.3914213180542,14.530857840324234,14.24464441066978,14.464808371978078,22014600
2022-08-22,14.19327163696289,14.318031577092544,14.127222174554943,14.215288591021606,15569700
2022-08-23,14.296013832092285,14.347385322285573,14.163914914584899,14.1712538988651,12149300
2022-08-24,14.215291023254395,14.384083500613631,14.207952037312458,14.229967595369827,23308700
2022-08-25,14.318029403686523,14.44278932487824,14.200608466067024,14.281334485825436,33878200
2022-08-26,14.266660690307617,14.545535121394229,14.2299657653171,14.384081650740743,29014500
2022-08-29,14.318029403686523,14.406094407017152,14.031816043209993,14.163913548205937,19061800
2022-08-30,14.274002075195312,14.457472531690016,14.24464613026728,14.442794559226,18597600
2022-08-31,13.914398193359375,14.391422481022827,13.855687705614887,14.332711993278341,50789500
2022-09-01,14.031822204589844,14.229969248974214,13.694235810873444,13.921738802436897,32988800
2022-09-02,14.185330390930176,14.442444382924652,14.045755384807386,14.082485354595796,49703800
2022-09-05,14.214717864990234,14.361639169873872,14.111871410297043,14.251447840921452,14188800
2022-09-06,14.126562118530273,14.288177354328338,13.994331980571344,14.21471601088909,35403700
2022-09-08,14.045753479003906,14.200021012573622,13.920869637046275,14.14125222819111,18121700
2022-09-09,14.236751556396484,14.36898167692461,14.155945350308054,14.185329043115193,17577500
2022-09-12,14.376328468322754,14.640788718906176,14.310213405676897,14.361635920810686,21459500
2022-09-13,14.266139030456543,14.398369173045314,14.17798513501115,14.295522728165917,20325400
2022-09-14,14.200021743774414,14.317559318591794,14.104522989669698,14.192675470203525,17631500
2022-09-15,14.148595809936523,14.317555857750664,14.053095677757694,14.214710854934765,17430800
2022-09-16,13.986982345581055,14.082481078729746,13.781290934207883,14.045751120093659,55848400
2022-09-19,14.34695053100586,14.405719343475992,13.906183736900367,13.979645102777786,47561500
2022-09-20,14.809749603271484,14.868518395301985,14.339599267027477,14.346945541176105,55045000
2022-09-21,14.721602439880371,14.912600032184987,14.626102242569033,14.831793789643505,36242300
2022-09-22,15.059521675109863,15.13298303668365,14.70690882094641,14.912598951962293,39088100
2022-09-23,14.76567554473877,14.905251971901837,14.501215240884267,14.853828045251115,38353600
2022-09-26,14.501212120056152,14.728940998721685,14.479173299091707,14.618749696216325,10591200
2022-09-27,14.41305923461914,14.537943080934518,14.383674140823338,14.464481747603404,29141500
2022-09-28,14.420408248901367,14.721599942186439,14.317563193392528,14.41306337450113,38504200
2022-09-29,14.530596733093262,14.662825451022227,14.244097674684543,14.258790221507223,36767300
2022-09-30,14.574671745300293,14.692209307668984,14.44244163734595,14.44244163734595,23472700
2022-10-03,15.581094741821289,15.654556103686163,14.802407668835079,14.86852275439757,72013900
2022-10-04,15.57298755645752,15.881800392510145,15.455344704857795,15.852388978403507,32759000
2022-10-05,15.74209213256836,15.911203482878362,15.462690832161085,15.617096481814704,28893000
2022-10-06,15.418581008911133,15.852389566174795,15.30829100674876,15.852389566174795,47265200
2022-10-07,15.050947189331055,15.198001464944236,14.749487186496195,15.183295756900215,73837200
2022-10-10,14.823009490966797,15.095059391419866,14.712719521425896,15.043589430048598,49206300
2022-10-11,14.786251068115234,14.874482509234161,14.690665370754015,14.712723932240483,32893900
2022-10-13,14.57302188873291,14.74213331229584,14.425969025709524,14.631843314424948,37633900
2022-10-14,14.477434158325195,14.778894068677417,14.389201339542876,14.587724129993289,26359800
2022-10-17,14.580375671386719,14.698018530267635,14.45537995852406,14.521554241946262,18923800
2022-10-18,14.690662384033203,14.81565806888369,14.536256692260173,14.7347794980368,44309400
2022-10-19,14.7568359375,14.793600197388045,14.587724549254345,14.690661672114635,29547600
2022-10-20,14.925945281982422,14.984766687335945,14.705365362509944,14.77889246980508,49603500
2022-10-21,15.242112159729004,15.322992124882939,14.830362287188422,14.830362287188422,50452400
2022-10-24,14.595078468322754,15.117118375182871,14.492139935523195,15.050944104959303,41018300
2022-10-25,14.50684642791748,14.698016396448796,14.462730712845115,14.587726407561233,24860900
2022-10-26,13.874517440795898,14.20538742980257,13.845106027152609,13.9995131439531,55001100
2022-10-27,14.13186264038086,14.256858364255368,13.970104045772398,14.02157262576538,32956100
2022-10-28,14.212735176086426,14.27890943059174,14.058329517182614,14.13920807081242,23368600
2022-10-31,14.602429389953613,14.71271935827147,13.786281100058007,13.786281100058007,58768900
2022-11-01,14.683307647705078,15.117116062853478,14.528901975743617,14.77889331336856,48476000
2022-11-03,14.43232250213623,14.550077184761033,14.240970791934288,14.424962659003862,31611800
2022-11-04,14.277772903442383,14.726713643484556,14.277772903442383,14.64575674839578,41996600
2022-11-07,13.806751251220703,14.27777002872611,13.792031563486988,14.182094865950331,52267000
2022-11-08,13.674280166625977,13.784675043756895,13.50500792810877,13.747877219295596,56009200
2022-11-09,11.29710578918457,12.695444301010175,11.22350872987856,12.658646473230744,499194800
2022-11-10,10.96591567993164,11.44429498524641,10.921758022132318,11.333899437001472,180563000
2022-11-11,11.149910926818848,11.407499915333862,10.818725585780635,11.039516047097285,121144900
2022-11-14,11.157270431518555,11.400139720979494,10.90704129646825,11.311823679527654,73637500
2022-11-16,11.194066047668457,11.363338240980077,11.046872683511978,11.25294339333105,69709700
2022-11-17,11.43693733215332,11.444297177153931,11.068953504604147,11.17934837211952,111982000
2022-11-18,11.48845386505127,11.790201167518418,11.466375033803125,11.591489580664934,76091400
2022-11-21,11.40749740600586,11.650366649467726,11.208785823969762,11.562050624742808,46728300
2022-11-22,11.363338470458984,11.554690198663355,11.260303464405352,11.466374178385955,40922700
2022-11-23,11.282384872436523,11.37070091289731,11.194068831975734,11.275025026929749,48131200
2022-11-24,11.51053237915039,11.628287071213585,11.326540497333319,11.407496672658432,25028500
2022-11-25,11.29710578918457,11.5399751022714,11.260307259531565,11.510536418923712,31535100
2022-11-28,11.282384872436523,11.363341067390538,11.216147666622557,11.319183398096893,35206100
2022-11-29,11.414857864379883,11.56205124684118,11.19406743975123,11.297103158410845,31529200
2022-11-30,11.466375350952148,11.51053371654321,11.21614625030743,11.370699477066026,39650500
2022-12-01,11.333902359008789,11.503175295875499,11.275024998848236,11.378060730065952,59654400
2022-12-02,11.32577896118164,11.605791800051287,11.163666117048813,11.347885034509943,86889800
2022-12-05,10.90575885772705,11.28156557677377,10.891021008632203,11.274196652226347,48011700
2022-12-06,11.163664817810059,11.163664817810059,10.868914865271309,11.001552695283406,73397300
2022-12-07,11.038395881652832,11.229983701640815,11.038395881652832,11.075239801302724,27019100
2022-12-08,10.721537590026855,11.038393545379064,10.669955832338548,11.038393545379064,40884200
2022-12-09,10.53731918334961,10.795225171844596,10.529950260116816,10.773119104885414,29843800
2022-12-12,10.419421195983887,10.574165099484516,10.168883380531504,10.529952254453194,62653000
2022-12-13,10.10993480682373,10.537322656860617,10.087828029838096,10.485740879966903,46700100
2022-12-14,10.323625564575195,10.426787681233838,9.903606066321869,10.021506732521942,76655700
2022-12-15,10.19836139678955,10.5078492954529,10.176255319096324,10.242573552176006,46986900
2022-12-16,10.183622360229492,10.294154141335245,10.109935208898449,10.205729138094318,50773500
2022-12-19,10.46363353729248,10.53732137949977,10.205727495045656,10.220464641843508,35317400
2022-12-20,10.839438438415527,11.031026233631714,10.412050712311249,10.448894627197319,84518300
2022-12-21,10.927865982055664,11.031028827446328,10.736278141789885,10.935234907313438,43956000
2022-12-22,10.964707374572754,11.053132349036337,10.817332417133448,10.97944451894707,20749500
2022-12-23,11.156296730041504,11.259458863299415,10.986814978241709,11.016289973849588,21104200
2022-12-26,10.891021728515625,11.148928482808188,10.861546731116992,11.119453485409554,13937200
2022-12-27,10.839438438415527,11.038394454417547,10.728907396496542,11.008919463056536,78235200
2022-12-28,11.171032905578613,11.222613967724554,10.82470121023194,10.868914051170792,45117800
2022-12-29,11.163664817810059,11.406833704339356,11.14892767155278,11.237352657314405,41911700
2023-01-02,10.868912696838379,11.045762633078686,10.80259379506347,10.979443731303776,24748300
2023-01-03,10.329543113708496,10.905046033023286,10.292651747573538,10.890289908755872,127764400
2023-01-04,10.359058380126953,10.49924475838464,10.078684919967138,10.440218840839883,153235200
2023-01-05,10.809134483337402,10.853404286858302,10.38119609842889,10.410709066227938,164949200
2023-01-06,11.111639976501465,11.12639610418789,10.698457846614852,10.816509682684043,86788300
2023-01-09,11.25241756439209,11.313822240792474,10.907016076639552,10.983772288140775,73674800
2023-01-10,11.590143203735352,11.666898677851941,11.068202758936241,11.137283198042175,118245200
2023-01-11,11.82041072845459,11.843438030212367,11.48268502135651,11.513387358365426,88295000
2023-01-12,11.544087409973145,11.782031023687264,11.436628885714944,11.751328692756537,97774200
2023-01-13,11.505708694458008,11.551762554377678,11.27544085886219,11.490357895818963,35872400
2023-01-16,11.152634620666504,11.359875949516493,11.083554177716508,11.290795506566496,44231400
2023-01-17,11.229388236999512,11.390575655980417,11.098903148681575,11.16030781000751,36676900
2023-01-18,11.398252487182617,11.490359487781904,11.275442421048863,11.359874387265904,46015200
2023-01-19,11.421278953552246,11.444305520498542,11.229389187663266,11.283118087871744,77758400
2023-01-20,11.260090827941895,11.482682913393997,11.244739296254906,11.398251685119517,39537400
2023-01-23,10.78420352935791,11.283116560324128,10.745825434975602,11.283116560324128,72241700
2023-01-24,10.899340629577637,10.968421075559709,10.814909380044828,10.86863829047466,32256100
2023-01-25,10.82258415222168,10.983771600684605,10.684423272967333,10.89933962691742,44253900
2023-01-26,10.853285789489746,10.930041259242017,10.722800685709354,10.822583455188559,36574500
2023-01-27,10.530913352966309,10.868639108518463,10.477183706490933,10.822585962398495,56910500
2023-01-30,10.584638595581055,10.584638595581055,10.354370748857491,10.454153506837745,58048100
2023-01-31,10.76117992401123,10.84561116926328,10.607667504278094,10.638369841824428,39064700
2023-02-01,10.553936004638672,10.78420384568559,10.484855579124467,10.761177281181284,37948600
2023-02-02,10.714559555053711,10.883656114175922,10.46091508287687,10.476287830530232,77873500
2023-02-03,10.476287841796875,10.799108212735112,10.430170331800147,10.64538440110094,39818600
2023-02-06,10.43785572052002,10.514717985589394,10.307190309709815,10.476286853054706,27231000
2023-02-07,10.376365661621094,10.499344692921214,10.284131388146005,10.491658320211746,32094700
2023-02-08,10.883655548095703,10.90671393536348,10.384053003554008,10.483973659064931,81945200
2023-02-09,10.606952667236328,11.091183196357244,10.599266293834509,10.914400273179968,58306600
2023-02-10,9.738412857055664,10.091977991922413,9.68460970599321,9.761471245652007,237891100
2023-02-13,10.084290504455566,10.138093649576598,9.70766702258259,9.761470167703623,87016300
2023-02-14,10.176525115966797,10.261073755949123,10.022801315561976,10.09197720899737,56512300
2023-02-15,10.576210975646973,10.645386890310988,10.115038699895626,10.168841863295137,85427900
2023-02-16,10.776047706604004,10.82985084684968,10.399423525845842,10.46859941074046,69398600
2023-02-17,10.714559555053711,10.814480215761701,10.576208491238223,10.752990691174162,38594300
2023-02-22,10.606952667236328,10.622324681027054,10.422484103670145,10.530090399243962,36666600
2023-02-23,10.560832977294922,10.752987874551435,10.53008822305439,10.630008857589308,42173800
2023-02-24,10.222639083862305,10.59926244773305,10.176521593198725,10.553144957069472,40443000
2023-02-27,10.122720718383789,10.322562000725476,10.061231205819087,10.276444499795543,24898500
2023-02-28,10.053546905517578,10.307191380375954,10.030488516806715,10.153467567281933,38059200
2023-03-01,9.976686477661133,10.130411052199614,9.799904243160215,10.130411052199614,43825000
2023-03-02,9.845038414001465,10.075962058317456,9.845038414001465,9.945105351007928,32975000
2023-03-03,9.89892292022705,9.968200105068469,9.79885595702125,9.88352839808797,31061100
2023-03-06,10.229910850524902,10.299188016826669,9.929710041245924,9.968197437423129,38725200
2023-03-07,10.468530654907227,10.491622795748329,10.16063226265353,10.214514903397333,58414500
2023-03-08,10.791827201843262,10.868801275296567,10.50702085439891,10.51471848197009,76198500
2023-03-09,10.753341674804688,10.899592953750847,10.676366853831153,10.768736198547616,61048300
2023-03-10,10.445442199707031,10.737945465774796,10.376165013784899,10.668668279852664,40235200
2023-03-13,10.32997989654541,10.45313900219527,10.199123163270889,10.39155944937034,33541200
2023-03-14,10.268399238586426,10.430045730876245,10.152937038901642,10.229911838691498,44785600
2023-03-15,10.414649963378906,10.460834987791065,9.968197908434295,10.114449874001082,70935100
2023-03-16,10.7071533203125,10.784128117453516,10.353070574818757,10.406953226451895,84701000
2023-03-17,10.260702133178711,10.6378770563254,10.260702133178711,10.607087281662123,76083800
2023-03-20,10.083660125732422,10.406953095106724,10.037475101213495,10.283793274418274,34593300
2023-03-21,10.114452362060547,10.291493408671114,10.07596495459722,10.152939035437633,38954800
2023-03-22,10.022080421447754,10.191423795762866,9.975895397670692,10.114449734915828,29424300
2023-03-23,9.675697326660156,10.099057350872974,9.575630358458126,10.060569942474308,61539500
2023-03-24,9.78346061706543,9.875829944437264,9.537142410740534,9.76036846874401,40452000
2023-03-27,9.960502624511719,10.022082916238963,9.821948986862555,9.898923066870706,45000300
2023-03-28,9.945107460021973,10.068266567352023,9.860435757254109,9.929712204562625,30254900
2023-03-29,9.998987197875977,10.152936048349867,9.77576118116733,9.975895053826399,58776800
2023-03-30,10.299190521240234,10.314585043002928,10.083662077959112,10.168333782869432,58758400
2023-03-31,10.137540817260742,10.368464443771192,10.045171513473758,10.291489656905718,60841800
2023-04-03,9.883522987365723,10.17602608874002,9.837337978059962,10.145236327231453,58954700
2023-04-04,10.106291770935059,10.160254165779252,9.928988754772282,9.967533112468857,46417800
2023-04-05,10.191095352172852,10.299018733438706,10.044626855922198,10.098589281728023,51710100
2023-04-06,10.044624328613281,10.26047250718163,9.982953630500242,10.19880107389588,32588600
2023-04-10,10.160256385803223,10.214218057265608,10.052332307705814,10.083167653566125,24189300
2023-04-11,10.692163467407227,10.692163467407227,10.167961990780237,10.260468739150541,94873900
2023-04-12,10.638201713562012,10.946555088088038,10.615075394265668,10.707581406623476,63610500
2023-04-13,10.645909309387207,10.746123591339856,10.49944092467671,10.653617591341177,33003100
2023-04-14,10.6304931640625,10.746125500814427,10.484025488498562,10.584239788258248,41846400
2023-04-17,10.58423900604248,10.63049237842843,10.45318937715585,10.5765307232885,28114200
2023-04-18,10.514864921569824,10.684458983485888,10.391522783122568,10.63049730334648,45070000
2023-04-19,10.322139739990234,10.453190113277952,10.291304401285622,10.406936737634801,45391200
2023-04-20,10.414647102355957,10.422356121821734,10.144837302434224,10.34526739750908,61683400
2023-04-24,10.329849243164062,10.51486203241281,10.260470274264904,10.391519927856127,30197500
2023-04-25,10.561110496520996,10.576528529175295,10.229630881348436,10.229630881348436,66333300
2023-04-26,10.406937599182129,10.615076704048585,10.376102257924787,10.484026319911749,29344200
2023-04-27,10.607369422912598,10.653622074790643,10.399230283943446,10.430065630253027,66471700
2023-04-28,10.676750183105469,10.7769645170614,10.484029065974848,10.630496791518123,34292000
2023-05-02,10.522566795349121,10.707579522685226,10.352972836785124,10.692161489085423,76570500
2023-05-03,10.614416122436523,10.676172666435015,10.313352418296828,10.460024762440298,37376800
2023-05-04,10.861440658569336,10.977234713230967,10.668451303662584,10.668451303662584,71085400
2023-05-05,11.401812553405762,11.533044650242537,10.722489869528868,10.85372270256168,113562200
2023-05-08,11.826388359069824,11.903584401555102,11.44040961903547,11.44040961903547,119305500
2023-05-09,11.710592269897461,12.05797290676843,11.648835744951327,11.71831201956469,63086800
2023-05-10,11.733750343322754,11.795506865956362,11.594798535495048,11.695152332627794,34391600
2023-05-11,11.888144493103027,11.957620781730903,11.625679577236387,11.664276860966542,38711200
2023-05-12,11.942178726196289,11.988495748393593,11.764628177917842,11.772347927015991,33331100
2023-05-15,12.127449989318848,12.166048004030564,11.903582387425972,12.003936931198075,44270100
2023-05-16,12.13516902923584,12.250962330397774,11.996216478884834,12.096571016783244,29720900
2023-05-17,12.081131935119629,12.189206226485208,11.957618879956613,12.065693171322192,31306500
2023-05-18,12.119730949401855,12.150609215741637,11.973059368336871,12.042535651650368,30064600
2023-05-19,12.413070678710938,12.459387694566747,12.065690115009593,12.19692288692721,81459600
2023-05-22,12.289558410644531,12.575183216169338,12.274118913612602,12.389912196569126,24901500
2023-05-23,12.389913558959961,12.7218554196893,12.281840012635671,12.297279511365323,65141600
2023-05-24,12.011656761169434,12.343597923025024,11.926740981000409,12.320439408522518,84758000
2023-05-25,12.443953514099121,12.544307324845475,12.142889137076379,12.173768138777929,57019700
2023-05-26,12.443953514099121,12.737296668304637,12.320439715880685,12.636942857558283,34702600
2023-05-29,12.459389686584473,12.50570818223711,12.351316141511566,12.443951660425217,11951700
2023-05-30,12.119730949401855,12.582904944498598,12.07341391799015,12.567466915622617,46546900
2023-05-31,11.973062515258789,12.181490683785242,11.973062515258789,12.05025783329979,48483600
2023-06-01,12.181486129760742,12.328158430738924,11.988496802512712,12.003936302066567,33499600
2023-06-02,12.196150779724121,12.196150779724121,12.196150779724121,12.196150779724121,0
2023-06-05,12.621238708496094,12.690798623677958,12.342999784850772,12.520764094435773,37490300
2023-06-06,12.822188377380371,12.853103073767267,12.65988143031568,12.675339515591203,33361400
2023-06-07,12.814460754394531,12.953580588958348,12.706257093806812,12.9381225019703,25890200
2023-06-09,13.030872344970703,13.092703232021854,12.868565345108538,12.884023435412482,34371000
2023-06-12,12.922666549682617,13.12361729122945,12.845379050303846,13.100431631081642,38493000
2023-06-13,12.93812370300293,13.077243550481098,12.860834735052343,12.922665614579923,45002300
2023-06-14,13.023138046264648,13.108154560311295,12.82218737587106,13.015409004230582,60815500
2023-06-15,13.061785697937012,13.162261800336578,12.96131106970192,13.023141950346085,29023000
2023-06-16,13.100430488586426,13.154532323099142,12.961310643174057,13.046327179909284,41296400
2023-06-19,13.332297325134277,13.355484459877239,13.100431874362993,13.12361753494137,21307100
2023-06-20,13.36320972442627,13.36320972442627,13.185444690014636,13.285920771312188,28404300
2023-06-21,13.332297325134277,13.525519025498543,13.247279305241333,13.36321350479156,32294600
2023-06-22,12.984498977661133,13.262738725836568,12.891753377712476,13.224094971552084,36675900
2023-06-23,12.822188377380371,13.023139063469719,12.71398472878001,12.992222892918672,43608700
2023-06-26,12.760359764099121,12.953581441676338,12.598052788368767,12.829919685960073,36850700
2023-06-27,12.804869651794434,12.914379355146592,12.515449231846546,12.914379355146592,38301600
2023-06-28,12.593667030334473,12.789220861575824,12.507622867161933,12.773576197006756,48492800
2023-06-29,12.648423194885254,12.703178034679446,12.49198026263132,12.593668355091063,40903300
2023-06-30,12.86744499206543,13.008242522477634,12.757933812468032,12.757933812468032,41639400
2023-07-03,13.031708717346191,13.070818891381624,12.883087370488033,12.98477621011217,17915500
2023-07-04,12.952595710754395,13.038736499741095,12.913439448798014,12.991750479052106,10908500
2023-07-05,12.976089477539062,13.077894276760988,12.8821174252745,12.897778438212699,19944300
2023-07-06,12.662847518920898,12.921272917525043,12.615861490172579,12.866455635042183,40277700
2023-07-07,12.748988151550293,12.897777472100548,12.686339623513678,12.733325646126456,21703000
2023-07-10,12.756819725036621,12.8429605197163,12.670677436698176,12.79597449592204,19191400
2023-07-11,12.764650344848633,12.83513013212098,12.451407675670904,12.764650344848633,30173500
2023-07-12,12.64718246459961,12.87428429619142,12.639351212442104,12.8194670247475,18940500
2023-07-13,12.960428237915039,13.07789555521726,12.64718554364675,12.702002828436326,34783700
2023-07-14,12.866453170776367,13.070061247901323,12.748987374573911,13.007412723682771,30430600
2023-07-17,12.999580383300781,13.046566399117008,12.709830049507268,12.748986307402884,20090100
2023-07-18,12.976089477539062,13.124880302893269,12.90560969151122,13.046569263566907,22381500
2023-07-19,12.929101943969727,13.054398994819667,12.827297156617481,12.92127069158427,24524300
2023-07-20,12.936934471130371,13.07006278748392,12.850792180060777,13.054400281169663,47691600
2023-07-21,13.359810829162598,13.367642081817461,12.913439883446314,12.913439883446314,43331100
2023-07-24,12.999580383300781,13.4381200161221,12.905606858009813,13.35980899398938,62342600
2023-07-25,12.952595710754395,13.124878782386464,12.788142397854932,13.077892761697475,45514000
2023-07-26,13.085722923278809,13.1092166811759,12.82729756104565,12.913439846342941,22666000
2023-07-27,12.7881441116333,13.140543048173445,12.756820591529102,13.085724274088083,30083400
2023-07-28,12.929101943969727,13.023073985277849,12.772479883577965,12.811636145505238,25809200
2023-07-31,13.046567916870117,13.101385190642555,12.944764621815404,13.015244400568161,22318100
2023-08-01,13.015242576599121,13.070059842689412,12.858620536062453,12.983917571028398,26649900
2023-08-02,13.069318771362305,13.21043942862194,12.904677506104145,12.936038316768844,34593700
2023-08-03,12.975238800048828,13.343720875944117,12.928199075917936,13.249639932316462,52594900
2023-08-04,12.112836837768555,12.606758435710718,12.073636568531949,12.410757837210635,150660800
2023-08-07,12.026597023010254,12.33235748271471,11.963876890369189,12.152037288292385,45283000
2023-08-08,12.081478118896484,12.183398531201728,11.861957633452976,11.940357432984142,32711600
2023-08-09,12.018755912780762,12.081476040690045,11.838435731962297,12.081476040690045,37143300
2023-08-10,12.120677947998047,12.246118220794026,12.042277403659057,12.097158083769552,27521100
2023-08-11,12.050117492675781,12.206917832174936,11.979557152980412,12.152037900270981,44038100
2023-08-14,11.987398147583008,12.050118287519785,11.9011581420907,12.003078556408726,27965700
2023-08-15,12.018755912780762,12.05795617964479,11.877635251143422,12.034436318599534,30300300
2023-08-16,11.956035614013672,12.175556058559108,11.916835347709837,12.026595943823999,40641100
2023-08-17,11.830596923828125,12.010917125905546,11.720836313205135,12.010917125905546,49707800
2023-08-18,11.90899658203125,11.94035664932212,11.752196245576908,11.807076924098164,24526300
2023-08-21,11.822755813598633,11.916836009341507,11.744355276638103,11.908995806108868,18689900
2023-08-22,11.901156425476074,11.932516490921108,11.799236025858978,11.877635815630095,25653900
2023-08-23,12.065794944763184,12.09715500498088,11.830594119289051,11.893314239724445,26483400
2023-08-24,11.775717735290527,12.10499809256788,11.728677257003456,12.10499809256788,28986200
2023-08-25,11.626755714416504,11.838436724622088,11.556195377681309,11.814916113921715,21558900
2023-08-28,12.00307846069336,12.097158669848307,11.59539680667221,11.642437285091203,41896500
2023-08-29,12.14419937133789,12.32452034739455,12.018759082437485,12.073639021910639,28648200
2023-08-30,11.885473251342773,12.183394177540258,11.854113193200027,12.167714522310266,24566600
2023-08-31,11.720834732055664,11.861955391293225,11.650274402436883,11.846274985741102,47366800
2023-09-01,11.752195358276367,11.893316024272037,11.712995090201689,11.799235829502566,20774500
2023-09-04,11.696440696716309,11.806340411824895,11.625791681964962,11.72784050837154,12793700
2023-09-05,11.445243835449219,11.672892689567675,11.43739369425842,11.672892689567675,38596300
2023-09-06,11.288244247436523,11.515893091323305,11.280394106598552,11.508042950485331,30673700
2023-09-08,11.288244247436523,11.484493276602047,11.154794847713518,11.264694573553239,26255000
2023-09-11,11.500192642211914,11.57869255218747,11.327494038074693,11.398143807326568,27501400
2023-09-12,11.64149284362793,11.665042518509358,11.468793481025905,11.515893579419428,30070000
2023-09-13,11.688590049743652,11.774939335362673,11.570840207211736,11.610090154722375,38146100
2023-09-14,11.735690116882324,11.829889547581312,11.680740636132215,11.735690116882324,38099300
2023-09-15,11.712141990661621,11.774941619408013,11.610092406791075,11.704291849910664,38634100
2023-09-18,11.712141990661621,11.759241337906102,11.57869259241788,11.743541805034816,16752200
2023-09-19,11.578688621520996,11.704287835939686,11.51588901431165,11.672888032335013,25653600
2023-09-20,11.625791549682617,11.727840374928046,11.531591367158208,11.63364094103419,29633200
2023-09-21,11.194043159484863,11.468791310792854,11.146943070004065,11.429542109627802,52192300
2023-09-22,11.107693672180176,11.28824315075962,11.091994140660107,11.264693479164235,39166700
2023-09-25,11.0762939453125,11.194043801452068,11.037044741896544,11.115543897359023,29657400
2023-09-26,10.95854663848877,11.060596231126075,10.919296679992776,11.060596231126075,35395500
2023-09-27,10.927142143249512,11.201890986464281,10.8643425359942,10.982091612440318,41531600
2023-09-28,11.186190605163574,11.22544054648671,10.903592375171636,10.927142040513372,29948700
2023-09-29,11.225445747375488,11.288245383136216,11.099846475854031,11.248995423628083,20641500
2023-10-02,11.06844425201416,11.30394246061104,11.029194301037831,11.241142838501133,22179800
2023-10-03,10.934009552001953,11.075499492889438,10.902567426209114,11.036196648238535,23190500
2023-10-04,11.303455352783203,11.350618167739615,10.918289115534984,10.965451930491396,45563700
2023-10-05,11.35062026977539,11.586436637146868,11.240573181404384,11.507831681116086,40153400
2023-10-06,11.374198913574219,11.421361722678784,11.059776937773334,11.240569705045726,29367600
2023-10-09,11.27200984954834,11.327033367060757,11.161962064884305,11.319172650376354,20940600
2023-10-10,11.397783279418945,11.476388981201785,11.272014756278026,11.319177577636106,21013500
2023-10-11,11.562850952148438,11.570711669738388,11.303453268794378,11.382058195776017,31695400
2023-10-13,11.389918327331543,11.58643175913356,11.374197642599793,11.515686803742554,31324400
2023-10-16,11.507831573486328,11.57071583757864,11.374202324880278,11.460668000597316,24351900
2023-10-17,11.389918327331543,11.539268955299057,11.319173371940536,11.429221163619797,27989500
2023-10-18,11.287734985351562,11.468527792204563,11.26415357563665,11.334898554420889,32347600
2023-10-19,11.342757225036621,11.50782856249842,11.232709416848966,11.272012259033083,24267000
2023-10-20,11.130521774291992,11.40564090627922,11.130521774291992,11.319174507840152,29052700
2023-10-23,11.146245002746582,11.232710665451473,11.099081436955174,11.122662845031154,25208300
2023-10-24,11.146245002746582,11.319176328156365,11.020476493488758,11.240571384689948,35238200
2023-10-25,11.114802360534668,11.523549996687203,11.08336023467678,11.287733677933343,44133500
2023-10-26,11.397783279418945,11.413504719631325,11.09122194203331,11.154106203603767,52455700
2023-10-27,11.279874801635742,11.492108984330567,11.185547665283059,11.374201188348941,43153700
2023-10-30,11.15410327911377,11.382058854948983,11.083359065625048,11.342756764001694,37855700
2023-10-31,10.996894836425781,11.154105480155344,10.96545270767987,11.154105480155344,32793200
2023-11-01,11.09908390045166,11.154107448054845,10.97331536327889,11.004757497572083,42471800
2023-11-03,11.625640869140625,11.712222891119252,11.310795719798943,11.39737774177757,70577700
2023-11-06,11.617769241333008,11.720093855662359,11.499702032192262,11.704351260850965,23949400
2023-11-07,11.9247407913208,12.027065392415437,11.570540711007457,11.609896442297416,80300200
2023-11-08,11.98770809173584,12.05067770394489,11.814544097767083,11.92473923017483,33468600
2023-11-09,12.011322975158691,12.200229575527443,11.798802486757769,12.003451679147968,45228200
2023-11-10,11.83815860748291,11.90112747635398,11.562669243185887,11.704349573469855,66453700
2023-11-13,11.602025985717773,11.838159639901821,11.507572674173792,11.751577625315221,47338000
2023-11-14,11.846029281616211,11.877513714398225,11.578411227645045,11.649251389066599,42559800
2023-11-16,12.255329132080078,12.255329132080078,11.84603143162785,11.877515870124174,60626800
2023-11-17,12.145133972167969,12.278943023433909,12.082165095177906,12.255329131576467,34543100
2023-11-20,12.176617622375488,12.192359465279798,12.034937282995807,12.153003732046757,26702200
2023-11-21,12.12939167022705,12.223844987990903,12.058551494242101,12.168747406957383,17047900
2023-11-22,12.381265640258789,12.507204132220348,12.145132750620222,12.208101621276926,39082200
2023-11-23,12.711854934692383,13.105410824319371,12.688242542144572,12.892890283609619,70385300
2023-11-24,12.719722747802734,12.782691612839534,12.601656313520756,12.648882586974315,28854100
2023-11-27,12.641010284423828,12.774819299632192,12.56229958472057,12.735464325104575,25263900
2023-11-28,12.75908088684082,12.814179971034317,12.538690555252979,12.609530733633795,43584200
2023-11-29,12.696109771728516,12.97947043538124,12.688239976668182,12.885017881694514,36063500
2023-11-30,12.806306838989258,12.853533117379865,12.696110187682748,12.711852780911725,54061000
2023-12-01,12.845661163330078,12.861403755753354,12.672497150562764,12.8299185709068,43911800
2023-12-04,12.750289916992188,12.915775031876443,12.70300867031722,12.781810247094256,24320200
2023-12-05,12.86849594116211,12.94729903418538,12.742411593542467,12.805453767352288,33186200
2023-12-06,12.734529495239258,12.97881769943648,12.7266490366466,12.900016119597485,33542000
2023-12-07,12.766053199768066,12.852735250898172,12.679369645593948,12.805453995459567,26382800
2023-12-08,12.970938682556152,13.049741774197855,12.64784735956473,12.789692623911005,40696300
2023-12-11,12.86849594116211,13.010341207995204,12.821214686565739,12.907896736151754,17300300
2023-12-12,12.805455207824707,13.057623931430191,12.734532566430145,13.04186301044381,114069600
2023-12-13,13.364950180053711,13.404352470150894,12.805451188066835,12.829092562125144,73283800
2023-12-14,13.593477249145508,13.703800641497988,13.380709418428443,13.396470332491225,62827600
2023-12-15,13.72745132446289,13.798373982811542,13.577725545388565,13.585606007765584,74469300
2023-12-18,13.829886436462402,13.90868951221461,13.617120085888198,13.822007481626471,68532600
2023-12-19,13.829886436462402,13.97961213008723,13.703802116476336,13.829886436462402,31387900
2023-12-20,13.601363182067871,13.822011558649072,13.601363182067871,13.798370178036912,28935500
2023-12-21,13.609247207641602,13.774732406148473,13.514683163463038,13.727451135581438,30227000
2023-12-22,13.813565254211426,13.887434712696132,13.575542661145894,13.723280012620066,36672400
2023-12-26,13.854605674743652,13.895645139999386,13.788944095830006,13.813567774983445,13390200
2023-12-27,13.936683654785156,14.002345236596446,13.739698909351283,13.829984171402657,17838700
2023-12-28,14.026968002319336,14.059798008336763,13.912060633015098,13.953098531910756,14852700
2024-01-02,13.74790096282959,13.961301404440366,13.6822394089105,13.912055630374782,31715700
2024-01-03,13.763492584228516,13.919616222527111,13.689539364364464,13.714190960075939,20470600
2024-01-04,13.574501037597656,13.845662307732475,13.574501037597656,13.771709091580226,31294000
2024-01-05,13.870319366455078,13.93605541777397,13.516989070160461,13.574507919155606,30772400
2024-01-08,13.763492584228516,13.944266250968212,13.755275385658024,13.87031303110416,21044300
2024-01-09,13.393730163574219,13.59915548244665,13.336211325053267,13.56628824640788,49479300
2024-01-10,13.163656234741211,13.426600420603995,13.155439033024127,13.352647172421216,39455700
2024-01-11,13.097915649414062,13.254038519100154,13.032179621795153,13.147218061945875,30915500
2024-01-12,12.991096496582031,13.163653782315448,12.908926061990751,13.065048947351775,39595400
2024-01-15,13.040398597717285,13.056832998678587,12.859624105319812,12.941794542855583,11765400
2024-01-16,12.925358772277832,13.048614415520888,12.843189127084417,13.040397215910959,48307800
2024-01-17,12.950011253356934,13.056832504657576,12.86784081893018,12.908926036143557,35712900
2024-01-18,12.876059532165527,12.999314414653997,12.703502226500412,12.999314414653997,42665600
2024-01-19,12.851408004760742,12.958229262732075,12.687067125644605,12.900709641587271,61792500
2024-01-22,12.703500747680664,12.958228467775422,12.588462296083783,12.859623632900758,30906700
2024-01-23,12.637767791748047,12.785674296450825,12.596682564482215,12.777457094270554,37294600
2024-01-24,12.588464736938477,12.769239257746388,12.530945891805024,12.687068807296749,36308700
2024-01-25,12.621330261230469,12.6952834952645,12.572028627631338,12.60489664457587,30256900
2024-01-26,12.752806663513184,12.834976336936027,12.613117356695241,12.654201801588885,22825700
2024-01-29,12.637767791748047,12.752806271365268,12.604899766662488,12.736371867004722,17302700
2024-01-30,12.547378540039062,12.744586653167262,12.547378540039062,12.6541990135903,35419800
2024-01-31,12.613114356994629,12.810322466671307,12.506293101677585,12.530943919478329,32956700
2024-02-01,12.588464736938477,12.69528600906881,12.42412461967469,12.65420078384399,32717300
2024-02-02,12.60407543182373,12.694575171904415,12.398395345614558,12.587621432922774,41476600
2024-02-05,12.85912036895752,12.89202915465526,12.60407669134453,12.60407669134453,31582200
2024-02-06,13.65715503692627,13.690063027496542,12.908479028578848,12.9907513588258,99040100
2024-02-07,11.485177993774414,12.817985084368804,11.41113302464016,12.628759749565617,341120300
2024-02-08,11.156087875366211,11.575674641923921,10.991543183814063,11.419358126478066,156143100
2024-02-09,11.073817253112793,11.312406151468563,10.843455747536586,11.238361185667229,99727200
2024-02-14,10.999772071838379,11.139634607921739,10.876364320991811,11.040908250323016,46804300
2024-02-15,11.04913330078125,11.213677195232963,11.007997131016527,11.073814688797212,49860300
2024-02-16,11.090270042419434,11.205451174927335,10.983317086399502,11.123179609942213,55291600
2024-02-19,11.230130195617676,11.27126636173126,11.01622354411983,11.10672248188403,28026600
2024-02-20,11.493401527404785,11.534537694733208,11.213676531100068,11.27126669459558,85230500
2024-02-21,11.45226764678955,11.526312605844094,11.337086512192785,11.518085213814192,43236100
2024-02-22,11.518086433410645,11.608585401500216,11.444041466515824,11.485177646413765,42741200
2024-02-23,11.369993209838867,11.600355436771618,11.328857826450367,11.542764487734859,34751100
2024-02-26,11.353540420532227,11.394676592901538,11.238359294819602,11.394676592901538,21888800
2024-02-27,11.534539222717285,11.633265566619531,11.369994531606306,11.435812094207805,45546800
2024-02-28,11.485177993774414,11.600359144050742,11.419360417790054,11.5098593886167,22066700
2024-02-29,11.31240177154541,11.476945640391932,11.164311897280012,11.460491645810809,62632200
2024-03-01,11.353540420532227,11.402903199689616,11.263040684398296,11.34531302913692,29511700
2024-03-04,11.24559497833252,11.393888794050664,11.229118324190267,11.352695980163672,31807800
2024-03-05,11.303266525268555,11.377413441610859,11.187926790326342,11.25383498581113,31456000
2024-03-06,11.385652542114258,11.542185111677654,11.327983061584451,11.369175884400489,31614900
2024-03-07,11.336217880249023,11.426841430692612,11.2867863527514,11.393887340923355,21462000
2024-03-08,11.402125358581543,11.500987621809498,11.262070289253415,11.319739746381199,31663900
2024-03-11,11.468035697937012,11.509228511809736,11.352695976230901,11.37741213596708,27118300
2024-03-12,11.608091354370117,11.665760825164858,11.459797531540655,11.492751627093023,42760600
2024-03-13,11.731671333312988,11.863487741556632,11.599854925069346,11.608093647006516,25253000
2024-03-14,11.805815696716309,11.855247231921592,11.682238037234494,11.73166878675218,41564200
2024-03-15,11.624567985534668,11.855247439617205,11.616330050929129,11.814054623839064,30908700
2024-03-18,11.698714256286621,11.756384509493582,11.632806068925152,11.698714256286621,15035500
2024-03-19,11.632804870605469,11.781098669736501,11.599850780319404,11.739905860457048,16792800
2024-03-20,11.781098365783691,11.797575017657882,11.616327918604455,11.641043289259475,35020600
2024-03-21,11.649285316467285,11.789340432767517,11.624569153105346,11.78110171164687,19771200
2024-03-22,11.500992774963379,11.665763287503987,11.418607125849185,11.641047907044841,28438800
2024-03-25,11.484512329101562,11.591613330681383,11.402127487208482,11.484512329101562,31920500
2024-03-26,11.649285316467285,11.698716071815785,11.443322002577263,11.459798659130865,19219400
2024-03-27,11.830533981323242,11.912919631699827,11.55866243504342,11.649286807595223,35882600
2024-03-28,11.748147010803223,11.929394152043065,11.7151929136971,11.830531860724701,25925000
2024-04-01,11.641043663024902,11.855245644079146,11.566896762991703,11.830529486943083,24308100
2024-04-02,11.706195831298828,11.80519184014497,11.590701798885148,11.640199016564127,24862500
2024-04-03,11.937183380126953,12.027928787817046,11.623698171637605,11.714443579327698,50953400
2024-04-04,12.011430740356445,12.275417969789334,11.978432336677335,11.978432336677335,53741700
2024-04-05,11.978432655334473,12.077427869005334,11.887686452744832,12.02792986879789,18774100
2024-04-08,12.060928344726562,12.192921963735461,11.986681737348048,12.011431130970239,23453800
2024-04-09,12.135173797607422,12.21767019501158,12.060927197292468,12.102175395994548,23248900
2024-04-10,11.879438400268555,12.135176663216498,11.846439990863415,12.110428052848677,28689800
2024-04-11,11.871187210083008,11.912434624214065,11.739192809934048,11.846437817511582,20195300
2024-04-12,11.722696304321289,11.854689943653783,11.656699484655043,11.838191132109296,22530800
2024-04-15,11.549454689025879,11.788693361828791,11.50820647921624,11.755694951329913,30053000
2024-04-16,11.466958045959473,11.56595406227122,11.41746082454775,11.491707443409485,39993200
2024-04-17,11.409209251403809,11.524704061313368,11.285465430371014,11.491705656588355,27611500
2024-04-18,11.359711647033691,11.50820406981766,11.277215244686152,11.425708454214123,40788000
2024-04-19,11.25246524810791,11.384458846157097,11.22771585841576,11.318462047132504,49864000
2024-04-22,11.202969551086426,11.343212974437174,11.16997114481237,11.30196476990859,24572300
2024-04-23,11.277215003967285,11.343211809738975,11.11222298953806,11.136971595016448,29567700
2024-04-24,11.277215003967285,11.318463204260587,11.161720200494836,11.301963609445673,21669200
2024-04-25,11.268963813781738,11.367959010204045,11.227715618586473,11.260714017393907,18043100
2024-04-26,11.450457572937012,11.54945278814036,11.301964356759974,11.334962761827756,23755300
2024-04-29,11.598952293395996,11.598952293395996,11.417460648613307,11.458708856983574,25762000
2024-04-30,11.549454689025879,11.78044356251803,11.4669582694066,11.631951108645158,60459200
2024-05-02,11.417457580566406,11.813438386328883,11.28546397864558,11.813438386328883,79939800
2024-05-03,11.38356876373291,11.6148755222298,11.292698757924684,11.548787314213408,61196700
2024-05-06,11.3753080368042,11.433134330532377,11.309219831055213,11.3753080368042,30205500
2024-05-07,11.3753080368042,11.44139545472902,11.325742079448501,11.400090621569966,30097000
2024-05-08,11.400092124938965,11.433135838258961,11.201829845018977,11.309221322440768,23271100
2024-05-09,11.110957145690918,11.292697931836788,11.036608606457419,11.276175684085285,60548200
2024-05-10,11.04487133026123,11.218351017661114,11.02834986794061,11.11095875519221,38379100
2024-05-13,11.094435691833496,11.119218275650177,11.003564904798775,11.06965232019268,21216600
2024-05-14,11.086176872253418,11.135742050189073,10.962263139589984,11.094437997850793,41886100
2024-05-15,10.97878360748291,11.0696536173417,10.929217646217245,11.0696536173417,31232700
2024-05-16,11.036609649658203,11.069653360460428,10.937478517251526,11.028349312825803,30538600
2024-05-17,11.094435691833496,11.1605231072274,10.970521197101824,11.011826028679048,31448500
2024-05-20,11.01182746887207,11.110958604927893,11.00356634391136,11.069653767948573,27043700
2024-05-21,11.06965160369873,11.119217555948023,10.99530385706092,11.028347562619086,26225200
2024-05-22,10.82182788848877,11.02835131546127,10.82182788848877,11.01182906314778,36303200
2024-05-23,10.640087127685547,10.863132020730358,10.598782284432994,10.83834942990857,47524300
2024-05-24,10.714430809020996,10.780518213001585,10.63182116013326,10.673125984577128,34080500
2024-05-27,10.681389808654785,10.763998690612633,10.656606435025651,10.697911269916675,11028300
2024-05-28,10.673130989074707,10.797044732683917,10.623565018936402,10.788784394181173,26207100
2024-05-29,10.5657377243042,10.615303689817024,10.45008432999047,10.607042564260837,29552400
2024-05-31,10.466605186462402,10.640084860905256,10.466605186462402,10.557475191999444,50760400
2024-06-03,10.532694816589355,10.615304502829602,10.458346256538004,10.507912225847024,30299600
2024-06-04,10.631124496459961,10.697310420458283,10.440839373215947,10.531844821464027,44292600
2024-06-05,10.573212623596191,10.680764961608338,10.540119657207727,10.622852467678165,23783000
2024-06-06,10.796587944030762,10.81313402844316,10.556663802563337,10.606302844798886,26997300
2024-06-07,10.713855743408203,10.846227581971029,10.689036220927273,10.74694870304891,131901800
2024-06-10,10.639396667480469,10.73867554902013,10.606303706967248,10.713856025884818,24749200
2024-06-11,10.697310447692871,10.763496371859697,10.655944047838991,10.680763572151937,24693700
2024-06-12,10.498750686645508,10.763495142062546,10.465657728343174,10.73040218376021,59033400
2024-06-13,10.5070219039917,10.631121063159807,10.49047582283487,10.5070219039917,42051200
2024-06-14,10.614575386047363,10.639394905071338,10.4491106108904,10.523569956960605,43737800
2024-06-17,10.730399131774902,10.7634920806648,10.598027336215308,10.631120285105206,59437200
2024-06-18,10.56405258178711,10.879779416211123,10.529919973032772,10.828580096186826,39586800
2024-06-19,10.615248680114746,10.632315387513378,10.393387180430326,10.581116079102882,29600400
2024-06-20,10.589653968811035,10.734717788694947,10.521388737546342,10.666452557430253,33487200
2024-06-21,10.581120491027832,10.66645243603037,10.521388617797498,10.521388617797498,63797400
2024-06-24,10.615248680114746,10.726179836849656,10.555516831790333,10.623782033814063,29037500
2024-06-25,10.529918670654297,10.623783129672832,10.504319420701147,10.623783129672832,26896300
2024-06-26,10.555519104003906,10.555519104003906,10.359256809384007,10.487253887285195,35848900
2024-06-27,10.598182678222656,10.632315278885796,10.470185629182225,10.572583431171648,20010000
2024-06-28,10.56405258178711,10.649383696780161,10.504320719913416,10.598185190541447,31675700
2024-07-01,10.470189094543457,10.649384696995003,10.436055668797646,10.606719542384061,18567800
2024-07-02,10.45221996307373,10.546230643245567,10.42658105713874,10.477859684054845,26562800
2024-07-03,10.486405372619629,10.580415229810525,10.452219080863607,10.529136607222547,31060900
2024-07-04,10.529134750366211,10.580413363910994,10.460763809003774,10.580413363910994,13768400
2024-07-05,10.648788452148438,10.682973936142243,10.469314457419399,10.54623200016702,41410800
2024-07-08,10.648788452148438,10.776983813363653,10.580417484160826,10.606056393394622,33661100
2024-07-09,10.648788452148438,10.734252569656068,10.55477857492703,10.614602968154632,18579400
2024-07-10,10.828263282775879,10.870995344828437,10.674428185405187,10.725706822877514,32909900
2024-07-11,10.828263282775879,10.930819742674243,10.776984645303552,10.870995344828437,35308200
2024-07-12,10.802619934082031,10.836805406672172,10.751341317673841,10.836805406672172,28892700
2024-07-15,10.776979446411133,10.85389695799092,10.751340547566505,10.836804630443133,18471500
2024-07-16,10.811165809631348,10.84535128259678,10.717155962737898,10.785526908668764,28351100
2024-07-17,10.939363479614258,10.939363479614258,10.776981848957597,10.802621568564069,23144800
2024-07-18,10.73425006866455,10.939362924837788,10.73425006866455,10.905177448808914,22829000
2024-07-19,10.674423217773438,10.8538971428341,10.674423217773438,10.811165100668054,31721300
2024-07-22,10.794075965881348,10.828261446717589,10.691519523372627,10.717158430238268,20828400
2024-07-23,10.717158317565918,10.794075852400344,10.691519410969825,10.77698270463885,22575300
2024-07-24,10.725701332092285,10.811164597400083,10.69151586295999,10.751340230180038,17329000
2024-07-25,10.554776191711426,10.734250145916146,10.54622961888119,10.691518096811013,27476800
2024-07-26,10.640238761901855,10.665877663628523,10.520590010480081,10.563321241675864,45675500
2024-07-29,10.68297004699707,10.700063190294314,10.55477473245148,10.640238003799896,20952000
2024-07-30,10.59750747680664,10.665878429685698,10.56332200036711,10.640239526117563,20995500
2024-07-31,10.623146057128906,10.665877286815043,10.580414012396808,10.59750634126207,32230200
2024-08-01,10.759886741638184,10.836804250521359,10.640237192814814,10.648783763812027,59113900
2024-08-02,10.827484130859375,10.913077219878705,10.716214257920916,10.836043603016545,57959900
2024-08-05,11.649174690246582,11.777564323848882,10.827484137041399,10.9986703151778,133145300
2024-08-06,12.034346580505371,12.137057830102783,11.811805131572752,11.863160348233233,104219100
2024-08-07,12.06002140045166,12.419511099063621,11.923073099318772,12.128495551018103,59096500
2024-08-08,12.196972846984863,12.316803049516526,12.034346901520047,12.051465035438014,44280800
2024-08-09,12.496545791625977,12.57357860539635,12.179851797817001,12.196970745061305,37787700
2024-08-12,12.582136154174805,12.616373227149417,12.462306806901767,12.513662008225582,24117200
2024-08-13,12.736205101013184,12.813238729619773,12.59069731726214,12.642053341758638,36761400
2024-08-14,12.8474760055542,12.941627766262426,12.71052769315084,12.71052769315084,53268600
2024-08-15,12.975863456726074,13.035778132926193,12.847474631646891,12.898829835168067,31738900
2024-08-16,12.813238143920898,13.087134751978777,12.710526915899193,13.035778729829785,49810300
2024-08-19,13.386711120605469,13.592133597232328,12.924510140056855,12.933068797709035,73702900
2024-08-20,13.438064575195312,13.515098197930758,13.189845577645684,13.489420595777695,30434800
2024-08-21,13.37814998626709,13.48942068469886,13.326793965346173,13.438064663777944,25842000
2024-08-22,13.284000396728516,13.378152164759525,13.241203841704822,13.335355609735833,33853100
2024-08-23,13.403828620910645,13.643488165688149,13.369591543085287,13.369591543085287,33620800
2024-08-26,13.361035346984863,13.429509519432104,13.326798260761244,13.40383190883352,13905900
2024-08-27,13.198408126831055,13.36959354154631,13.181289177221307,13.36959354154631,18690000
2024-08-28,13.41238784790039,13.497980949028644,12.984423974811742,13.095694679767947,27179000
2024-08-29,13.37814998626709,13.42094653432181,13.275438760701515,13.352472383944761,29559800
2024-08-30,13.386711120605469,13.412388726114736,13.25832146050641,13.301118013872763,51286000
2024-09-02,13.352473258972168,13.378150862977225,13.224083606394247,13.266880157253555,17133800
2024-09-03,13.497279167175293,13.617255276211965,13.368733978205585,13.368733978205585,26984600
2024-09-04,13.600115776062012,13.8057892270421,13.540128128880951,13.574406901165899,33458800
2024-09-05,13.720090866088867,13.84006615151756,13.522987327174055,13.565835993657304,29843800
2024-09-06,13.454427719116211,13.771506494709454,13.385870190191737,13.75436670384323,19284000
2024-09-09,13.497279167175293,13.60868537900855,13.42872162408873,13.454430498428597,16779800
2024-09-10,13.540127754211426,13.582976422699543,13.308745434737817,13.43729144020217,27410100
2024-09-11,13.385873794555664,13.565837560758128,13.35159502086331,13.531558787065775,19715400
2024-09-12,13.325884819030762,13.428721129875953,13.180199841015819,13.334454715918781,21793200
2024-09-13,13.325884819030762,13.514418464215455,13.19733881752151,13.28303615186101,27724900
2024-09-16,13.223048210144043,13.368733184875312,13.10307210822702,13.317314621976493,27880800
2024-09-17,13.13735294342041,13.180201616361789,13.043086516765745,13.154492739505145,34079400
2024-09-18,13.060221672058105,13.223046418112537,13.000234037864484,13.068791567591543,32088700
2024-09-19,12.88025951385498,13.111641817690074,12.845980744835371,13.111641817690074,38153100
2024-09-20,12.64030933380127,12.95738818172926,12.546042914342806,12.940249204223356,57966500
2024-09-23,12.31466007232666,12.580321159331584,12.28038130148122,12.580321159331584,45384200
2024-09-24,12.297521591186523,12.486054429800008,12.2203941493581,12.46891545232169,44927000
2024-09-25,12.37464714050293,12.451774575629697,12.297520522646487,12.340368371254403,44200800
2024-09-26,12.691728591918945,12.717437468212838,12.408927683604373,12.451776355607821,58564400
2024-09-27,12.803133010864258,12.991666662825928,12.62316925609866,12.666017924808635,44021100
2024-09-30,12.597458839416504,12.854550002929143,12.554610175952684,12.794562364441962,37058100
2024-10-01,12.760354042053223,12.87327763178489,12.603999003380123,12.699549350813783,29701400
2024-10-02,13.220440864562988,13.316115639725304,13.055185716650545,13.072580602469738,48598900
2024-10-03,13.081277847290039,13.229138102456396,12.994300933848656,13.133464161249533,34496900
2024-10-04,13.098670959472656,13.316112370404005,12.959507759719141,12.985601326251576,23637900
2024-10-07,13.220440864562988,13.420487443060534,13.150859662339501,13.220440864562988,28305600
2024-10-08,13.237835884094238,13.350905539132969,13.21174231252685,13.237835884094238,22407600
2024-10-09,12.976906776428223,13.22044098645582,12.898627715836724,13.150859783590793,31287500
2024-10-10,13.046486854553223,13.063882568506475,12.88992874686713,12.976905657686803,21996700
2024-10-11,12.872532844543457,13.046485822954876,12.811648679994537,13.029090110377119,35337900
2024-10-14,13.063880920410156,13.116066396739775,12.855136526672107,12.86383438255144,22762100
2024-10-15,13.17695140838623,13.255230462330724,13.055184728448838,13.089975326927135,29965600
2024-10-16,13.133463859558105,13.272626254288935,13.020394206470982,13.142160887123808,55542100
2024-10-17,13.220440864562988,13.298719924432751,12.933418198022762,12.994301542599974,29445500
2024-10-18,13.324812889099121,13.429184694166995,13.150859880652666,13.263929543511205,39996000
2024-10-21,13.290019989013672,13.39439177603133,13.246531537054674,13.359601180358778,22922500
2024-10-22,13.203044891357422,13.38569573951952,13.07257952582833,13.133463694864556,32416400
2024-10-23,13.150856971740723,13.203043277467964,12.994298884032188,13.089973639619933,19789900
2024-10-24,13.17695140838623,13.298718917796919,13.072579612951339,13.089975326927135,24512500
2024-10-25,12.985601425170898,13.229135575016675,12.93341512118165,13.185647126604495,31639200
2024-10-28,13.220440864562988,13.350906240837046,13.081278460116014,13.08997631776229,22941700
2024-10-29,13.029090881347656,13.385695545033974,13.011695997213822,13.298718635944963,32485200
2024-10-30,13.072579383850098,13.089975097521029,12.94211484921124,13.046486642816982,28738700
2024-10-31,12.498534202575684,12.802952558424801,12.394162408149118,12.61160385390612,84313700
2024-11-01,12.272394180297852,12.585510374690632,12.220208700881216,12.576812518296778,62202000
2024-11-04,12.288921356201172,12.454399859212002,12.140861992703181,12.367305822828376,34631600
2024-11-05,12.132150650024414,12.297628286934096,12.071184505402861,12.236662972902652,80715900
2024-11-06,12.027641296386719,12.062478745946384,11.801197458953732,12.010222156311729,61380900
2024-11-07,11.896998405456543,12.08860476382247,11.801195641568674,11.975382862542158,35235600
2024-11-08,11.766358375549316,11.809905389099658,11.635717334898295,11.801195820271548,44207900
2024-11-11,11.72281265258789,11.801197119489974,11.644428185685808,11.766359670932413,36639600
2024-11-12,11.661844253540039,11.748937436698524,11.60087811168002,11.748937436698524,30009000
2024-11-13,11.740228652954102,11.7489382210284,11.583460580567351,11.670553769539962,30372800
2024-11-14,11.783777236938477,11.940546160858224,11.62700914360897,11.748939790577449,38876900
2024-11-18,11.949254989624023,12.036348184834479,11.714101618316398,11.714101618316398,36262700
2024-11-19,12.03635025024414,12.088606840809673,11.89700044952316,11.940547469896048,20410500
2024-11-21,11.99280071258545,12.10602177112203,11.896997128391284,11.90570669615259,37207100
2024-11-22,12.018933296203613,12.062480321488675,11.897001791523527,12.053770750313578,20755200
2024-11-25,11.844742774963379,11.97538298437503,11.792486192844603,11.90570809527679,39191600
2024-11-26,11.923129081726074,12.07118846198058,11.809907984440047,11.862163747712001,26857200
2024-11-27,11.600881576538086,11.957965644496042,11.461531777392574,11.923128194709664,68995600
2024-11-28,11.113155364990234,11.609589146569693,11.104445796396517,11.583461271378715,57956800
2024-11-29,10.999934196472168,11.182830996150907,10.72994336624537,11.130574411704025,96013500
2024-12-02,10.764782905578613,11.008645906296701,10.712527141560733,10.973808453421316,65638300
2024-12-03,10.728999137878418,10.877286182082766,10.676662191507896,10.833672198751922,34013800
2024-12-04,10.85111141204834,10.912171288366265,10.702825280077327,10.711547406522381,33476400
2024-12-05,10.999402046203613,11.165134981968325,10.94706594260124,10.999402046203613,32611400
2024-12-06,10.746439933776855,11.008122897227594,10.711548927441237,10.999399937676888,26301100
2024-12-09,10.676661491394043,10.894730561881017,10.624325380322961,10.772612414803502,34547600
2024-12-10,10.886004447937012,10.964509423684088,10.624322304603085,10.728995328310104,32732400
2024-12-11,11.077906608581543,11.234916577101288,10.755164542521108,10.938342561838365,45892900
2024-12-12,10.694106101989746,10.990680134500938,10.641769165483554,10.990680134500938,48022200
2024-12-13,10.55454158782959,10.790055712190165,10.545818626813588,10.728996648812858,24692500
2024-12-16,10.380084991455078,10.589431882313587,10.310302971791339,10.580708921888798,52741800
2024-12-17,10.458590507507324,10.545818452490751,10.144571402928191,10.44114541763104,66961700
2024-12-18,10.022451400756836,10.388807400480289,9.909055416855077,10.388807400480289,70432300
2024-12-19,10.03117561340332,10.144571611465874,9.917779615340766,10.048621535505568,39732600
2024-12-20,10.257966041564941,10.380084150145118,10.013728160670139,10.09223313439581,63007200
2024-12-23,10.074788093566895,10.249243129395932,9.99628311947702,10.205629162471865,28062600
2024-12-26,10.153294563293457,10.2492446391666,10.057343655552963,10.09223466785841,17715100
2024-12-27,10.074788093566895,10.231797209879415,10.057342174050376,10.205629162471865,19364200
2024-12-30,10.083511352539062,10.196906505292356,10.06606543250486,10.179461417125408,24874700
2025-01-02,10.203428268432617,10.292932369597999,9.961768561005075,10.122875601673016,31243900
2025-01-03,10.041131019592285,10.256297911334203,9.9783742232502,10.22043676271055,27722400
2025-01-06,10.23836612701416,10.381810698566492,10.112851699407326,10.166643841237994,30587800
2025-01-07,10.38181209564209,10.489395538783791,10.274228652500387,10.336985447250413,31934700
2025-01-08,10.220437049865723,10.363882503387828,10.148714750603295,10.310090351442383,35250500
2025-01-09,10.148714065551758,10.238367361076701,10.112852918341218,10.220436359972837,18386900
2025-01-10,10.023200035095215,10.157679117445586,9.924581243374266,10.148713617289653,46311500
2025-01-13,10.059061050415039,10.202505631063136,9.951477614928965,9.960442259971614,36560700
2025-01-14,10.247331619262695,10.30112290605836,9.915615834032465,10.068025049951576,43570500
2025-01-15,10.605944633483887,10.65973678331859,10.319055447691383,10.336985594304807,42795800
2025-01-16,10.516290664672852,10.605943957013332,10.390777081392773,10.596978456779851,37429100
2025-01-17,10.390778541564941,10.579049797939184,10.310090738119225,10.552154148456372,60743100
2025-01-20,10.426637649536133,10.435603149272788,10.26526207426478,10.345949861900456,17924700
2025-01-21,10.435604095458984,10.507326389860996,10.38181194715888,10.444568741011341,25985500
2025-01-22,10.292159080505371,10.51629147359997,10.247333285884233,10.51629147359997,42528000
2025-01-23,10.211470603942871,10.453533107540943,10.139748317321436,10.310088534298071,36035600
2025-01-24,10.130784034729004,10.22940197693092,10.050096238837801,10.220436476276962,45727800
2025-01-27,10.38181209564209,10.38181209564209,10.112853060289233,10.148714208003133,80300500
2025-01-28,10.426637649536133,10.51629008191135,10.247331929788583,10.354915361637113,24844400
2025-01-29,10.31905460357666,10.516290475176197,10.283193458286096,10.516290475176197,33371500
2025-01-30,10.883869171142578,10.982487114988373,10.319055445486367,10.345951092899364,56868200
2025-01-31,10.83903980255127,11.161790055519152,10.767317524113963,10.883866440323837,37528400
2025-02-03,10.821112632751465,10.910765940005984,10.68663352686699,10.83904363620129,32339300
2025-02-04,10.80223274230957,10.927944822620825,10.667541900531681,10.80223274230957,36005500
2025-02-05,11.053656578063965,11.116512188200515,10.694479583306698,10.909985266354981,42185200
2025-02-06,11.206305503845215,11.296099964290363,10.865088609377905,10.981820209075781,45483400
2025-02-07,10.766314506530762,11.161409103956599,10.649582050761467,11.044676648187304,129620600
2025-02-10,10.775293350219727,11.107531459090296,10.75733411692454,10.775293350219727,31716900
2025-02-11,11.026717185974121,11.107532027249453,10.802231896361942,10.820191130575758,40337300
2025-02-12,10.523873329162598,10.820193919315303,10.254490740930054,10.820193919315303,123782500
2025-02-13,10.667539596557617,10.793251649717595,10.52386916799953,10.559786775139052,44812400
2025-02-14,10.945901870727539,10.999778714692633,10.74835544099009,10.757334201364786,46996800
2025-02-17,10.963859558105469,11.080591989949438,10.945900327201814,11.035694769033563,17475100
2025-02-18,10.954882621765137,11.080594699804912,10.883047393269115,11.01773908895676,25805300
2025-02-19,10.75733470916748,10.909984775207182,10.721417096943046,10.883046780124712,38006500
2025-02-20,10.730398178100586,10.865089884576618,10.703460179342796,10.784275031959707,26359900
2025-02-21,10.631623268127441,10.793252947866812,10.523870433748996,10.775293713965368,45757000
2025-02-24,10.443053245544434,10.64957925090899,10.398156027230291,10.64957925090899,30213900
2025-02-25,10.568768501281738,10.604686115592951,10.461014802004629,10.523871269306856,33494400
2025-02-26,10.362238883972168,10.721414933747724,10.30836204833421,10.685497328770168,51824900
2025-02-27,10.299383163452148,10.43407396638577,10.263465558913634,10.371218372529178,40713100
2025-02-28,10.092859268188477,10.308364958901858,10.065921270935176,10.281426961648558,84387200
2025-03-05,10.299383163452148,10.371218372529178,10.09285629509826,10.09285629509826,41379800
2025-03-06,10.388758659362793,10.460715359486167,10.154898955066058,10.271828807214426,44187500
2025-03-07,10.51468276977539,10.613623878744226,10.271829114052405,10.325796211861267,29808500
2025-03-10,10.361776351928711,10.451721808956759,10.271830037109032,10.397754706298256,42234700
2025-03-11,10.298810958862305,10.388757250716166,10.136908834433328,10.37076764922883,43087500
2025-03-12,10.298810958862305,10.361773706276573,10.190875923312516,10.307805759605973,31708500
2025-03-13,10.478703498840332,10.541666251146003,10.24484466587698,10.307806560391173,35174100
2025-03-14,10.910444259643555,10.973406152583891,10.514681583983409,10.541665987636229,42086800
2025-03-17,11.07235050201416,11.162295967230165,10.91044746371696,10.919442267576072,23901600
2025-03-18,11.06335163116455,11.153297063315783,10.991394942327009,11.099329975583323,19650500
2025-03-19,11.16229248046875,11.270227519687351,10.991395549487159,11.06335224229956,25791100
2025-03-20,11.108325004577637,11.234248783737252,11.009383912047756,11.162292093419925,31369300
2025-03-21,11.261235237121582,11.32419713816955,11.11732097248233,11.135310577234074,74318800
2025-03-24,11.37816333770752,11.450120035445144,11.216261196693617,11.279223092766163,44562300
2025-03-25,11.567049980163574,11.953817877071822,11.37816343257949,11.423136583488366,63764400
2025-03-26,11.755938529968262,11.82789524056122,11.60303030551031,11.67498701610327,49065500
2025-03-27,11.710963249206543,11.845881832788894,11.656995301098743,11.782919941489322,40588300
2025-03-28,11.549062728881836,11.728954498003189,11.504089572153594,11.692976144178918,25978000
2025-03-31,11.39615249633789,11.486098793895792,11.30620619877999,11.486098793895792,38613400
2025-04-01,11.41247844696045,11.59566412157093,11.339204177116256,11.403318944855375,20578300
2025-04-02,11.439056396484375,11.512442412474096,11.319803901793497,11.448228992360352,18113400
2025-04-03,11.65921688079834,11.80598894344771,11.328979739837253,11.328979739837253,46295700
2025-04-04,11.530791282653809,11.613350789423349,11.31980665409212,11.448231775884269,48847400
2025-04-07,11.338152885437012,11.62252442668256,11.136341726958795,11.365673304636303,50116900
2025-04-08,11.026262283325195,11.503271493053214,10.92535583283677,11.439058933528223,56053800
2025-04-09,11.439056396484375,11.576654957757523,10.84279392302999,10.925353409726007,64688900
2025-04-10,11.420709609985352,11.420709609985352,11.154685079706603,11.365670534661653,29807400
2025-04-11,11.576656341552734,11.741775334681973,11.420710820226324,11.484924248015707,28170600
2025-04-14,11.677562713623047,11.769295688327759,11.53996412639646,11.741776145848538,18681300
2025-04-15,11.686735153198242,11.787641591421517,11.650042141525343,11.668389084776996,20639200
2025-04-16,11.668391227722168,11.888549338192448,11.631698209310455,11.64087080779046,29640200
2025-04-17,11.723426818847656,11.824333245485375,11.567481318435096,11.714254223105385,26318600
2025-04-22,11.677562713623047,11.778469160764327,11.558311071269596,11.668390116016962,23746500
2025-04-23,12.06283950805664,12.136225536065572,11.760121923812179,11.760121923812179,38980300
2025-04-24,12.255477905273438,12.338037404514209,12.072012837421978,12.099532378892084,28878200
2025-04-25,12.273825645446777,12.393078165991515,12.19126614085192,12.246306102191994,26229400
2025-04-28,12.246307373046875,12.448118544298824,12.218786952105665,12.283000392804556,19185700
2025-04-29,12.383903503417969,12.512329484318293,12.227957981907013,12.237131453720698,29771000
2025-04-30,12.594888687133789,12.613235631607477,12.227958545964665,12.292171101961646,55291100
2025-05-02,12.328866004943848,12.613237564040404,12.310519932489882,12.539851524563343,27262900
2025-05-05,12.217686653137207,12.474900860005206,12.162568885060463,12.355479759228263,32690500
2025-05-06,12.16257095336914,12.20850228856609,12.052336274536872,12.171757395622,26635800
2025-05-07,11.978848457336426,12.27280764920045,11.896172215607795,12.208504294997068,45197400
2025-05-08,13.852837562561035,14.045748466493366,13.320036185236944,13.320036185236944,218670200
2025-05-09,13.889581680297852,14.091679015067175,13.623181006493088,13.79771989254255,58078200
2025-05-12,13.687484741210938,13.963071864578183,13.586436508938784,13.926326973200371,28273600
2025-05-13,13.981443405151367,14.009001852020452,13.687483426301286,13.687483426301286,41967000
2025-05-14,13.96307373046875,14.13761264488754,13.917142391091835,13.972260173557618,44162100
2025-05-15,14.100866317749023,14.275404338389567,14.00900364831673,14.027376532630125,37314300
2025-05-16,14.146797180175781,14.183542073784002,13.953886269715778,14.009004048161792,35982000
2025-05-19,14.275403022766113,14.385637690285213,14.08249213559087,14.11005058345383,34562300
2025-05-20,14.413198471069336,14.43157135666332,14.20191554314294,14.284591776181061,27806300
2025-05-21,14.155983924865723,14.385639733837762,14.027377232524508,14.33052283028221,25605500
2025-05-22,14.192728996276855,14.413198365383636,14.036562974142702,14.091680754453096,46122600
2025-05-23,14.367265701293945,14.413196155765934,13.779346597739512,14.119237042022348,35866200
2025-05-26,14.440756797790527,14.560177917665678,14.238659450612017,14.33052212007516,16875000
2025-05-27,14.73471736907959,14.918440962786955,14.514247129282525,14.550992023237473,51944300
2025-05-28,14.835762977600098,14.991928977454185,14.734715626260073,14.743900315544538,53685300
2025-05-29,14.771458625793457,15.01948727067682,14.734714614774306,14.780645066581851,35789500
2025-05-30,14.881698608398438,14.900069743328402,14.550993649769822,14.734719016149041,55543700
2025-06-02,14.918439865112305,15.15728209627953,14.881695849928297,14.99192964761494,26220300
2025-06-03,15.175013542175293,15.211802295801162,14.908300340940706,15.02786203604046,50865800
2025-06-04,15.129030227661133,15.44172763479441,15.055454470346504,15.19340879603838,36692500
2025-06-05,14.687572479248047,15.175012013489505,14.623193043980331,15.175012013489505,36435500
2025-06-06,14.678377151489258,14.761149218019824,14.568013519022985,14.678377151489258,19352100
2025-06-09,14.568014144897461,14.74275722829555,14.301301802372363,14.659983404024468,28177300
2025-06-10,14.558815956115723,14.751953404331966,14.503634579847219,14.705967462287944,27623200
2025-06-11,15.009467124938965,15.046255877255273,14.393269557114875,14.503634059879541,48251000
2025-06-12,15.15661907196045,15.21180220205919,14.84392168480483,14.908300249069049,38328100
2025-06-13,14.981877326965332,15.129028827980688,14.843921259852204,14.954285762705853,29855200
2025-06-16,15.303772926330566,15.395743069761652,15.101440014129846,15.119834393652978,25238300
2025-06-17,15.533692359924316,15.533692359924316,15.27617814702164,15.29457076638325,33555400
2025-06-18,15.41413688659668,15.588879977318342,15.276182553578321,15.294575178245456,32449600
2025-06-20,15.285380363464355,15.395743132685052,15.165818650259915,15.294575799078924,39693200
2025-06-23,15.165814399719238,15.257784517749638,14.963481543399638,15.257784517749638,25046300
2025-06-24,15.211803436279297,15.46012052513376,15.184211868991266,15.266984816670904,32515100
2025-06-25,15.08304214477539,15.312966573062162,15.08304214477539,15.20260382982765,33727300
2025-06-26,15.220996856689453,15.220996856689453,14.926693861305985,15.147421107843586,27870800
2025-06-27,15.239394187927246,15.294575571717296,15.000272519257617,15.092242661697409,28697200
2025-06-30,15.478514671325684,15.478514671325684,15.156620074527861,15.202606019318653,30209500
2025-07-01,15.616290092468262,15.728636501150122,15.50394189807243,15.522666894757398,24480600
2025-07-02,15.334142684936523,15.634076718952754,15.18417566792841,15.634076718952754,29531300
2025-07-03,15.699684143066406,15.821531651299203,15.334139830620487,15.352884363446474,34023600
2025-07-04,15.624701499938965,15.737177641761567,15.577837483698996,15.615328339141447,11797800
2025-07-07,15.474738121032715,15.718434995507408,15.418500930845644,15.615331990374411,22852900
2025-07-08,15.512226104736328,15.512226104736328,15.381005422750523,15.484108408738063,18149600
2025-07-09,15.334142684936523,15.512227400291248,15.306023198842055,15.493482863976128,22687500
2025-07-10,15.127935409545898,15.174801215718764,15.034207372695581,15.13730857078047,24133500
2025-07-11,15.0435791015625,15.099818070298495,14.921731578130014,15.034207727854252,20943500
2025-07-14,15.09981918334961,15.146683206336336,14.949851270620686,15.006089349628274,16403700
2025-07-15,15.090447425842285,15.2872784860053,14.90298774095061,15.165430942249346,20723100
2025-07-16,15.052953720092773,15.174803043067605,14.912359860139286,15.13731039361445,18619600
2025-07-17,15.024833679199219,15.081070856866722,14.884238947282816,15.024833679199219,19360000
2025-07-18,14.687407493591309,14.95922291108483,14.63116942030437,14.931104321378285,43557800
2025-07-21,14.696782112121582,14.865494560964265,14.593679116517452,14.715527542493463,28460200
2025-07-22,14.649916648864746,14.818629985287505,14.593678572099192,14.734273317076125,22020400
2025-07-23,14.884241104125977,14.968597776724996,14.631171086328917,14.649917410850456,23447100
2025-07-24,14.696782112121582,14.799884213851774,14.584306848268481,14.799884213851774,40868200
2025-07-25,14.584306716918945,14.771765488319152,14.518695476523426,14.73427373403911,21825400
2025-07-28,14.471830368041992,14.668662298867076,14.312491084873038,14.631170545084867,24295500
2025-07-29,14.443711280822754,14.603051452401012,14.396846366733756,14.490576194911752,28054200
2025-07-30,14.6780366897583,14.809258285920048,14.359356308989765,14.378102634387442,45351600
2025-07-31,14.55618667602539,14.940477366217873,14.424965987983407,14.85612159270827,63011500
2025-08-01,14.584306716918945,14.856122158917728,14.537441800600412,14.724900572000617,30228600
2025-08-04,14.695958137512207,14.958720870229554,14.639652285126898,14.761648596950197,25590900
2025-08-05,14.72410774230957,14.90241165622799,14.649032692753979,14.649032692753979,31469200
2025-08-06,14.705342292785645,14.893029953246158,14.677189367457908,14.789801963734217,24917500
2025-08-07,14.817954063415527,14.82733866965699,14.65841933717192,14.752263609655916,27653400
2025-08-08,14.977489471435547,15.005642396476144,14.780417206220656,14.780417206220656,25120200
2025-08-11,14.921181678771973,14.97748841986522,14.836722909580033,14.968103813855464,13742600
2025-08-12,15.26840591430664,15.334096370630123,14.93995184275854,14.986873980831888,31596100
2025-08-13,15.137020111083984,15.352862438987774,15.052562248775939,15.183943134511036,29193000
2025-08-14,15.024410247802734,15.268404629276652,14.89302845124787,14.968103507860572,29789000
2025-08-15,15.043179512023926,15.099485357197644,14.90241310915909,14.949335243447369,20291000
2025-08-18,15.343480110168457,15.42793977493455,15.033795269336313,15.108870328024997,42207700
2025-08-19,14.817954063415527,15.080716773419285,14.733494397172993,15.071332167177824,44185500
2025-08-20,14.864874839782715,14.949334498298677,14.667802601567216,14.78979978664969,31984600
2025-08-21,14.817954063415527,14.88364451717514,14.66780394341338,14.695956867172455,26082100
2025-08-22,15.30594253540039,15.30594253540039,14.789801702009115,14.87426137146306,36922300
2025-08-25,15.343480110168457,15.381016744547505,15.230866627170137,15.334095504091048,24075600
2025-08-26,15.30594253540039,15.399786811452628,15.193330836082255,15.324711748596977,37241300
2025-08-27,15.418557167053223,15.4560938062969,15.146408925330578,15.315328276754176,20684700
2025-08-28,15.756399154663086,15.887780104301392,15.427944990636131,15.484250856205234,32140300
2025-08-29,15.793931007385254,15.850236855862363,15.700086733302971,15.765777188181373,32575000
2025-09-01,15.690701484680176,15.897159237196998,15.681316878662996,15.803314966955767,13494400
2025-09-02,15.51123332977295,15.586393685058583,15.29514753232228,15.464256987741791,25223800
2025-09-03,15.501836776733398,15.642762207219977,15.44546696293158,15.511232044361046,18858600
2025-09-04,15.811874389648438,15.87763947502525,15.445467889998097,15.464256634417058,22151800
2025-09-05,16.197071075439453,16.40376159529202,15.840059851700627,15.87763913169012,31586500
2025-09-08,16.112516403198242,16.262837115925915,15.943405153388547,16.21586256518511,21367000
2025-09-09,15.96219253540039,16.197068826607513,15.96219253540039,16.187673559923564,23027600
2025-09-10,15.849454879760742,16.15009628298216,15.821269076222192,15.971589777832902,26745800
2025-09-11,15.999774932861328,16.16888437134587,15.896428782706296,15.943403328069106,44461600
2025-09-12,15.811874389648438,15.999776169551483,15.802479121456868,15.962195096785203,26449500
2025-09-15,15.999774932861328,16.07493528062025,15.905824050171667,15.943403328069106,28565000
2025-09-16,15.96219253540039,16.074933943643924,15.887032193892669,16.06553867695997,27075700
2025-09-17,16.516502380371094,16.591662729407204,15.934008331368176,15.934008331368176,44010600
2025-09-18,16.34739112854004,16.497711826442067,16.28162604720341,16.441342012719822,25877600
2025-09-19,16.63863754272461,16.69500914937987,16.39436774840821,16.413156491995867,51887400
2025-09-22,16.666826248168945,16.70440732581627,16.37558006425982,16.53529606033213,31295400
2025-09-23,16.77016830444336,16.95806827067731,16.59166181335173,16.704403226663278,31896600
2025-09-24,16.63863754272461,16.807748778762193,16.63863754272461,16.779564767398664,24592400
2025-09-25,16.507108688354492,16.741985025506864,16.460134137709712,16.6292453871737,22322600
2025-09-26,16.591665267944336,16.676220897542542,16.460135084997944,16.488319100221116,17781600
2025-09-29,16.760774612426758,16.929885852304277,16.713800064444843,16.86412076834394,17152900
2025-09-30,16.90137481689453,17.111566492542313,16.824941314630028,17.02557857470494,31375900
2025-10-01,16.61474609375,17.140227961855757,16.452324690490876,17.00646798002467,39717600
2025-10-02,16.34596061706543,16.65202863124725,16.288573320483653,16.556381920738115,32063000
2025-10-03,16.355525970458984,16.38421870747224,16.116410099032127,16.317266555362213,22193300
2025-10-06,16.25988006591797,16.345961929858756,16.068586629536345,16.298139482918057,25025200
2025-10-07,15.992067337036133,16.14510133457262,15.896422456807692,16.14510133457262,42904900
2025-10-08,16.25031089782715,16.298135156381736,16.011195077981,16.059019336535588,25534300
2025-10-09,16.336395263671875,16.40334741168668,16.192926114453115,16.28857282203536,20125800
2025-10-10,16.11640739440918,16.470297803118537,16.05902010570396,16.40334566224428,28431400
2025-10-13,16.183361053466797,16.288572612887247,16.145101641201475,16.21205561266579,15538000
2025-10-14,16.412914276123047,16.5946428603675,16.23118569187859,16.27900996368473,38399800
2025-10-15,16.604204177856445,16.661591467490275,16.212054354125375,16.31726408106922,35955800
2025-10-16,16.795495986938477,16.929402097040644,16.460733448146666,16.508557710436392,43635200
2025-10-17,16.910274505615234,16.977226656879637,16.5181246273729,16.671158637208478,33720300
2025-10-20,17.22590446472168,17.36937359663227,16.910271644794786,16.910271644794786,19858100
2025-10-21,16.996356964111328,17.369377148213484,16.9102751025017,16.9102751025017,18340400
2025-10-22,17.015483856201172,17.16851784611284,16.977224446568723,17.082435998748895,17711400
2025-10-23,17.197208404541016,17.235467809335784,17.005916853493666,17.034609582780913,21199100
2025-10-24,17.292858123779297,17.407634533975887,17.168518685016377,17.245035683711055,17723600
2025-10-27,17.436325073242188,17.598923903037527,17.321550501803667,17.49371418327037,25859200
2025-10-28,17.445892333984375,17.589361480248375,17.302423187720375,17.45545718697653,33329500
2025-10-29,18.010204315185547,18.01976916734116,17.474585364634216,17.51284294894766,43232000
2025-10-30,17.311986923217773,17.57023246440864,17.158952933840016,17.33111662796726,66549800
2025-10-31,17.369373321533203,17.484149719829222,17.120692645482634,17.455455164177977,35036500
2025-11-03,17.5606689453125,17.80934965300949,17.369375531911984,17.54153923911061,35328300
2025-11-04,17.61713218688965,17.703303090033817,17.425642711388694,17.53096128374548,24920700
2025-11-05,17.990543365478516,18.028840537173732,17.569263519650733,17.617135440818934,32489600
2025-11-06,17.9139404296875,18.06713455281325,17.83734428122274,17.99053840434849,23203700
2025-11-07,17.933090209960938,17.933090209960938,17.684152266922858,17.86606880725766,15628600
2025-11-10,18.268199920654297,18.373520316321574,17.971390054733106,17.990539549617402,28034500
2025-11-11,18.660755157470703,18.79479796727598,18.277774396458263,18.31607155946135,39993600
2025-11-12,18.612886428833008,18.727779763678313,18.440544600368415,18.67033309625566,30776900
2025-11-13,18.651185989379883,18.995869690495947,18.545867389969757,18.565015064100866,32477500
2025-11-14,18.6416072845459,18.90012000554151,18.55543637754736,18.603310118211258,26233700
2025-11-17,18.497989654541016,18.670331467975302,18.36394683351278,18.603310057461183,27809900
2025-11-18,18.27777671813965,18.411819544971323,18.21075530472381,18.33522338303943,31226100
2025-11-19,18.09585952758789,18.363946998245698,18.05756236103477,18.20117993145283,25755800
2025-11-21,17.990543365478516,18.26820379540822,17.846923949580436,18.26820379540822,33815400
2025-11-24,18.000112533569336,18.086283434652508,17.904368711207013,17.990539612290185,32487300
2025-11-25,18.143733978271484,18.296926302869526,18.000114576038833,18.00968932460078,28601700
2025-11-26,18.689481735229492,18.766077897005164,18.172456273596296,18.220330016078933,33913900
2025-11-27,18.651185989379883,18.766081165150858,18.622463565084786,18.670335489707856,9964400
2025-11-28,18.813945770263672,18.96713806089472,18.651178733193664,18.679902972510543,25415300
2025-12-01,18.526714324951172,18.861823211425573,18.526714324951172,18.813949469816936,24721300
2025-12-02,18.72699546813965,18.765330228108752,18.564068625295423,18.573650944295856,23940400
2025-12-03,18.209461212158203,18.87075268380508,17.99861547725136,18.822831952242844,63797200
2025-12-04,18.468229293823242,18.57365125650217,18.27655000678839,18.32447074254168,35919800
2025-12-05,17.366077423095703,18.62157141294763,17.318156688833202,18.496979331854227,72531700
2025-12-08,17.490665435791016,17.615255672936343,17.298986179271733,17.567336772800957,34307900
2025-12-09,17.260652542114258,17.375658641079553,16.848543393512482,17.34690803033272,34063400
2025-12-10,17.567337036132812,17.65359252006056,17.270235829264397,17.270235829264397,26416600
2025-12-11,17.76860237121582,17.921945064189476,17.423580398030552,17.47149930408891,22571700
2025-12-12,17.88360595703125,17.99861387455065,17.749431576582648,17.84527120318401,29409300
2025-12-15,18.132789611816406,18.286132294657175,18.027365831867513,18.05611827039602,22821300
2025-12-16,17.63442611694336,18.056119435971507,17.59609135775303,18.017782848792088,30577300
2025-12-17,17.490665435791016,17.605673355300357,17.126477041991016,17.586505064050655,48096300
2025-12-18,17.567337036132812,17.701511420914244,17.31815473011808,17.31815473011808,22975800
2025-12-19,17.73026466369629,17.921943931796704,17.509834784973094,17.538585395595874,33688200
2025-12-22,17.481082916259766,17.720681095201904,17.41399571863421,17.68234633712546,19424900
2025-12-23,17.644006729125977,17.749430494760812,17.519416501730127,17.529000646604995,26477700
2025-12-26,17.63442611694336,17.672762704122775,17.37565963744956,17.509835864588428,18043500
2025-12-29,17.720680236816406,17.720680236816406,17.500250361584577,17.672761334544774,24923600
2025-12-30,17.805164337158203,18.108605308762403,17.805164337158203,18.000931923001357,18087700
2026-01-02,17.83452796936035,18.059663394179488,17.814952518198712,17.98135598854547,19380800
2026-01-05,18.58802032470703,18.58802032470703,17.804129833590192,17.833526427860455,50153200
2026-01-06,18.695804595947266,19.03875736149392,18.607616688551204,18.617415552588792,24993300
2026-01-07,18.46063804626465,18.71540291242492,18.323457683309993,18.61741613791062,17154200
2026-01-08,18.147083282470703,18.509631946907874,18.078493095628126,18.460639490289584,30919300
2026-01-09,18.16668128967285,18.34305525755324,18.058895640738353,18.15688242441131,16397800
2026-01-12,18.029497146606445,18.137282784192067,17.93151037325063,18.088288463043035,18972100
2026-01-13,17.823726654052734,18.009899468108774,17.696343287654123,17.98050474428006,25752700
2026-01-14,18.147083282470703,18.147083282470703,17.79433161420325,17.931511987888406,31867300
2026-01-15,18.51943016052246,18.68600712368401,18.156881508839437,18.215672828501642,37422400
2026-01-16,18.52922821044922,18.686006301948872,18.294061073199735,18.519429346112705,28353400
2026-01-19,18.51943016052246,18.695805988451436,18.450839976092826,18.51943016052246,10581700
2026-01-20,18.783994674682617,18.90157918778364,18.3038614949931,18.401848277753547,25010600
2026-01-21,19.36211585998535,19.42090718577773,18.96037170734276,18.999565301556828,74374300
2026-01-22,19.891239166259766,20.165601768925026,19.29352337569028,19.40130714867758,56520800
2026-01-23,20.371374130249023,20.557546950762536,19.88144211405959,19.930434568101603,37158300
2026-01-26,20.45956039428711,20.518353582502094,19.96962837281628,20.36157548514682,34782400
2026-01-27,20.998485565185547,21.2336526980696,20.733921839837645,20.733921839837645,34219200
2026-01-28,21.282644271850586,21.282644271850586,20.900497930297842,21.067074876169425,31338800
2026-01-29,21.00828742980957,21.576608549350997,20.733924801121727,21.400232707261846,31208200
2026-01-30,20.880901336669922,21.20425638222154,20.626136472153153,21.008284703399436,26351100
2026-02-02,21.145465850830078,21.165063580122844,20.88090211220474,20.949492295787085,25109800
2026-02-03,21.262147903442383,21.69366802802897,21.154267404648962,21.37983401977421,24905100
2026-02-04,20.575637817382812,21.007157923472363,20.261805693167506,20.869856836774918,46217700
2026-02-05,20.742361068725586,20.860049048906372,20.055853774529783,20.693325501492666,61032100
2026-02-06,20.212770462036133,20.30103598226584,19.447803243574352,19.61452679616524,94063600
2026-02-09,20.506986618041992,20.536409080216117,19.938165443450856,20.41872110210656,40230200
2026-02-10,20.516796112060547,20.771785197414445,20.35007255127481,20.477566158658192,25521200
2026-02-11,21.124847412109375,21.183690471950065,20.61486923859101,20.771785311890945,50967100
2026-02-12,20.820819854736328,21.203304401273165,20.820819854736328,20.977735920284296,32620300
2026-02-13,20.56583023071289,20.71294067499454,20.01662401597894,20.585445206028712,45493100
2026-02-18,20.506986618041992,20.761975678456906,20.301034994583954,20.64428770034735,28450400
2026-02-19,20.91889190673828,21.08561545258218,20.39910629426332,20.50698678586436,42690400
2026-02-20,21.340606689453125,21.428872215104164,20.634484354831987,20.683519926599384,36313800
2026-02-23,20.820819854736328,21.330798003060742,20.742361821962348,21.21311001860624,37464600
2026-02-24,20.987545013427734,21.0954255182133,20.644290392317735,20.909086974652922,30613800
2026-02-25,20.761978149414062,21.173883315939392,20.663905134415234,21.164075827380792,34124600
2026-02-26,20.575637817382812,20.967927972651943,20.301035643987927,20.781591318015987,40191400
2026-02-27,20.742361068725586,21.477905800741294,20.712940476620627,21.08561565111698,69034600
2026-03-02,20.820819854736328,20.948315327110958,20.104890071850356,20.546217675320918,32108900
2026-03-03,19.82839584350586,20.122876209868018,19.553546128576805,20.034531725507268,57300000
2026-03-04,20.113059997558594,20.309381490457234,19.77931458298721,20.17195569652398,64157000
2026-03-05,19.46520233154297,20.01489990855069,19.435753544962697,19.995269256424415,46790000
2026-03-06,19.190349578857422,19.46519926012295,18.984213722103483,19.347406004649073,37187000
2026-03-09,19.190349578857422,19.376854786582612,18.758445344060522,18.964581200814457,38655600
2026-03-10,19.661523818969727,19.8774759703124,19.317962131450486,19.435753533179007,32907500
2026-03-11,19.573179244995117,19.897108406707076,19.3768577466349,19.44556970938281,23976900
2026-03-12,19.033294677734375,19.229616161830478,18.807526281606158,19.200167377537934,45693900
2026-03-13,18.640653610229492,19.28851188757001,18.522862217400544,19.12163918751197,33706400
2026-03-16,18.650468826293945,19.121638115720998,18.650468826293945,18.98421420770319,34664900
2026-03-17,18.503231048583984,18.846792735287885,18.336358336314124,18.562126749308472,24004200
2026-03-18,18.287273406982422,18.581755596856688,18.257826498577135,18.37561787671868,26382300
2026-03-19,18.29709243774414,18.3952531825657,17.73757862619989,17.924083854134803,33436700
2026-03-20,17.992795944213867,18.36580453052616,17.7866600636293,18.2970925703313,53625700
2026-03-23,18.650468826293945,18.92531851458989,18.405067920684814,18.405067920684814,30955400
2026-03-24,18.591577529907227,18.591577529907227,18.27746459600455,18.493416769997445,23064400
2026-03-25,18.925321578979492,19.10200868692858,18.797712038934414,18.94495223168897,29470000
2026-03-26,18.473783493041992,18.846793991092966,18.45415096740548,18.689737530522248,50872800
2026-03-27,18.179302215576172,18.463966334452483,18.100773989100578,18.365805583292836,20727200
2026-03-30,18.130220413208008,18.44433518287011,18.041875926781252,18.424702658717372,32459400
2026-03-31,18.817344665527344,18.886056631033174,18.28727772203556,18.454150440661422,41297600
2026-04-01,19.072561264038086,19.268880891731417,18.827160325225986,18.846792849673495,48850400
2026-04-02,18.786609649658203,19.042074438456112,18.482013701161907,18.511491272526566,29291200
2026-04-06,18.992948532104492,19.04207594751492,18.80626098018148,18.845564411782437,27976500
2026-04-07,19.1699161529541,19.1699161529541,18.730835612432685,18.89050160959844,24923500
2026-04-08,20.127912521362305,20.507118760190767,19.78862182713062,20.507118760190767,67537800
2026-04-09,20.247663497924805,20.327496492600535,19.948288340364268,20.157851140993518,32822000
2026-04-10,20.397350311279297,20.596931848106735,20.2975585911812,20.437265857297284,33816800
2026-04-13,20.54703712463379,20.666785667134057,20.078018510331674,20.187787690395457,34692500
2026-04-14,20.73664093017578,20.926243103857264,20.63684921049836,20.66678539404347,32893100
2026-04-15,20.7565975189209,20.936222231654526,20.566995347363157,20.616890254958623,37389800
2026-04-16,20.806493759155273,21.14578445092998,20.786535035317076,20.936221657366232,35466500
2026-04-17,21.21563720703125,21.5449485233211,21.085907410795755,21.255552749694687,49218700
2026-04-20,20.98611831665039,21.22561729088738,20.91626278371703,21.145784299475054,20455500
2026-04-22,20.36741065979004,20.846408595425896,20.307536393677708,20.74661878636154,35201800
2026-04-23,19.928329467773438,20.5071191507139,19.888413922416536,20.357432524730264,19189100
2026-04-24,19.878433227539062,20.097973470705334,19.788620877296363,19.99818366231886,21380800
2026-04-27,19.68882942199707,19.99818392280411,19.668870698712368,19.88841284810686,17874000
2026-04-28,19.529163360595703,19.60899635003126,19.309623115490076,19.38945610492563,26064600
2026-04-29,19.07012367248535,19.469288609727023,18.970331962332796,19.45930924837491,33825900
2026-04-30,19.279685974121094,19.439351960805304,19.169914894512434,19.19985298077899,24009300
2026-05-04,18.870542526245117,19.339561146103843,18.760771441512077,19.26970751158965,27527900
2026-05-05,19.169193267822266,19.18917013427945,18.86951740759802,18.95941997513724,23567700
2026-05-06,19.249107360839844,19.618705129083615,19.10925785733515,19.448889371834127,31056000
2026-05-07,18.499919891357422,18.879507032783124,18.400027936683113,18.879507032783124,53319900
2026-05-08,18.569843292236328,18.80958283517638,18.479940725473742,18.59981144958403,37000000
2026-05-11,18.070384979248047,18.519897801729034,18.020439956874817,18.439982717483105,33701700
2026-05-12,17.94052505493164,18.18026649954462,17.91055880331539,18.04041700597363,29020600
2026-05-13,17.630863189697266,18.240202427044842,17.62087380323313,17.90057090838691,54103500
2026-05-14,17.82065773010254,18.040418516571997,17.760723316570985,17.780700184227733,28467200
2026-05-15,17.670820236206055,17.720765261834707,17.45105755076655,17.51099386785765,34994000
2026-05-18,17.640851974487305,17.790688955777533,17.471036220950225,17.670820132857585,17534300
2026-05-19,17.371143341064453,17.64085103621007,17.241285138927946,17.461045906112993,37267200
2026-05-20,17.840635299682617,18.000461661840177,17.491014417982754,17.491014417982754,40845900
2026-05-21,17.880590438842773,18.07038495309118,17.620872131260864,17.690795924594365,20334500
2026-05-22,17.60089683532715,17.91056019282877,17.580918062512684,17.780700074815396,20095600
2026-05-25,18.05040740966797,18.05040740966797,17.72076528633358,17.7407440587249,13186100
2026-05-26,17.82065773010254,18.01045226244655,17.67082074363333,17.860613370696687,26326900
2026-05-27,17.980484008789062,18.18026792655453,17.900570822739002,18.0803759676718,23973800
2026-05-28,17.880590438842773,18.19025376872562,17.80067725999299,18.07038495309118,31080500
2026-05-29,17.680809020996094,17.93053795120632,17.680809020996094,17.920548565364246,59372500
2026-06-01,17.48102569580078,17.7906890460764,17.451057537278395,17.77071217900874,27399600
2026-06-02,17.75,17.899999618530273,17.56999969482422,17.600000381469727,21483700
2026-06-03,17.3700008392334,17.6200008392334,17.309999465942383,17.510000228881836,30635400
2026-06-05,17.469999313354492,17.56999969482422,17.31999969482422,17.40999984741211,24164700
2026-06-08,17.200000762939453,17.510000228881836,17.18000030517578,17.399999618530273,18139400
2026-06-09,17.43000030517578,17.6200008392334,17.25,17.329999923706055,26754000
2026-06-10,17.260000228881836,17.40999984741211,17.15999984741211,17.350000381469727,19825200
2026-06-11,17.68000030517578,17.75,17.170000076293945,17.219999313354492,31243100
2026-06-12,17.799999237060547,17.989999771118164,17.479999542236328,17.510000228881836,22078400
2026-06-15,17.649999618530273,18.270000457763672,17.540000915527344,18.06999969482422,18201800
2026-06-16,17.65999984741211,17.690000534057617,17.469999313354492,17.540000915527344,19627200
2026-06-17,17.549999237060547,17.979999542236328,17.5,17.75,30207900
2026-06-18,17.469999313354492,17.81999969482422,17.389999389648438,17.6200008392334,25189700
2026-06-19,17.469999313354492,17.59000015258789,17.399999618530273,17.520000457763672,20299600
2026-06-22,17.68000030517578,17.81999969482422,17.510000228881836,17.510000228881836,21753800
2026-06-23,17.84000015258789,17.93000030517578,17.469999313354492,17.489999771118164,21980600
2026-06-24,17.649999618530273,18.0,17.610000610351562,17.760000228881836,76122900
2026-06-25,17.6200008392334,18.06999969482422,17.540000915527344,17.790000915527344,51834700
2026-06-26,17.920000076293945,18.100000381469727,17.479999542236328,17.68000030517578,54796800
