Date,Close,High,Low,Open,Volume
2016-01-04,0.7473692297935486,0.7644516596778479,0.7473692297935486,0.7601809262033071,16500
2016-01-05,0.7516397833824158,0.7516397833824158,0.7473690509299651,0.7516397833824158,5390
2016-01-06,0.7430986166000366,0.7644517834151889,0.7430986166000366,0.7644517834151889,2860
2016-01-07,0.7302863001823425,0.7388277105250312,0.7302863001823425,0.7388277105250312,2970
2016-01-08,0.7687223553657532,0.7687223553657532,0.7687223553657532,0.7687223553657532,5830
2016-01-11,0.7687223553657532,0.7687223553657532,0.7687223553657532,0.7687223553657532,220
2016-01-12,0.7687223553657532,0.7687223553657532,0.7687223553657532,0.7687223553657532,0
2016-01-13,0.7217451333999634,0.7388280171771643,0.7217451333999634,0.7388280171771643,13750
2016-01-14,0.726015567779541,0.7473691776611945,0.726015567779541,0.7473691776611945,2970
2016-01-15,0.7430986166000366,0.7430986166000366,0.7217450017724882,0.7217450017724882,27720
2016-01-18,0.7473692297935486,0.7473692297935486,0.7430984963190078,0.7430984963190078,2200
2016-01-19,0.7473692297935486,0.7473692297935486,0.7473692297935486,0.7473692297935486,0
2016-01-20,0.726015567779541,0.726015567779541,0.726015567779541,0.726015567779541,13090
2016-01-21,0.7174741625785828,0.7260156296598718,0.7174741625785828,0.7260156296598718,5060
2016-01-22,0.7217451333999634,0.7260158683446535,0.7217451333999634,0.7217451333999634,9460
2016-01-26,0.7174741625785828,0.7174741625785828,0.704662465970521,0.7174741625785828,10560
2016-01-27,0.7174741625785828,0.7260156296598718,0.7174741625785828,0.7260156296598718,18480
2016-01-28,0.7217451333999634,0.7260158683446535,0.7217451333999634,0.7260158683446535,17160
2016-01-29,0.7473692297935486,0.7473692297935486,0.7217448849478443,0.7217448849478443,8250
2016-02-01,0.7279337644577026,0.7666993903532883,0.7236264099340296,0.7666993903532883,1980
2016-02-02,0.7279337644577026,0.7279337644577026,0.7279337644577026,0.7279337644577026,0
2016-02-03,0.7537773847579956,0.7537773847579956,0.7322406814889294,0.7451626808576838,29920
2016-02-04,0.7710064053535461,0.7710064053535461,0.7537775031815659,0.7537775031815659,7040
2016-02-05,0.7710064053535461,0.7710064053535461,0.7710064053535461,0.7710064053535461,1320
2016-02-10,0.7710064053535461,0.7710064053535461,0.7710064053535461,0.7710064053535461,880
2016-02-11,0.7322407364845276,0.7537774413711275,0.7322407364845276,0.7537774413711275,880
2016-02-12,0.7537773847579956,0.7710062842231983,0.7537773847579956,0.7666989322730423,3960
2016-02-15,0.7666990756988525,0.7666990756988525,0.7537775257665814,0.7537775257665814,8140
2016-02-16,0.7666990756988525,0.7666990756988525,0.7623917229429235,0.7623917229429235,2310
2016-02-17,0.7580846548080444,0.7710062009271046,0.7580846548080444,0.762391497957487,6600
2016-02-18,0.7710064053535461,0.7710064053535461,0.7537775031815659,0.7537775031815659,1100
2016-02-19,0.7753133773803711,0.7753133773803711,0.7666986763555729,0.7666986763555729,6270
2016-02-22,0.7753133773803711,0.7968500734606722,0.7580844836660261,0.7753133773803711,12870
2016-02-23,0.7753133773803711,0.7753133773803711,0.7753133773803711,0.7753133773803711,0
2016-02-24,0.7753133773803711,0.7753133773803711,0.7753133773803711,0.7753133773803711,3300
2016-02-25,0.7796210646629333,0.8097719664569599,0.7796210646629333,0.8097719664569599,4840
2016-02-26,0.8097718954086304,0.8097718954086304,0.8097718954086304,0.8097718954086304,2090
2016-02-29,0.8140796422958374,0.8140796422958374,0.8140796422958374,0.8140796422958374,330
2016-03-01,0.816196858882904,0.8422459685525183,0.816196858882904,0.8422459685525183,1540
2016-03-02,0.816196858882904,0.816196858882904,0.8031727879518751,0.8031727879518751,4730
2016-03-03,0.8248798251152039,0.8248798251152039,0.8248798251152039,0.8248798251152039,13310
2016-03-04,0.8379045128822327,0.8465875691625105,0.8075143851998712,0.8248799853916768,12210
2016-03-07,0.8248798251152039,0.8465874046681937,0.8248798251152039,0.8422458773716258,10560
2016-03-08,0.8292214274406433,0.8465874812683649,0.8248798997512491,0.8465874812683649,18040
2016-03-09,0.8465875387191772,0.8465875387191772,0.8465875387191772,0.8465875387191772,550
2016-03-10,0.8379045128822327,0.8422460410223715,0.8379045128822327,0.8379045128822327,1760
2016-03-11,0.8379045128822327,0.8379045128822327,0.8379045128822327,0.8379045128822327,0
2016-03-14,0.8379045128822327,0.8379045128822327,0.8379045128822327,0.8379045128822327,0
2016-03-15,0.8031729459762573,0.8379046056437807,0.8031729459762573,0.8205385480905493,26180
2016-03-16,0.8335626125335693,0.8335626125335693,0.7944894460181684,0.8335626125335693,1320
2016-03-17,0.8292214274406433,0.8335628982001823,0.8292214274406433,0.8335628982001823,1100
2016-03-18,0.8292214274406433,0.8292214274406433,0.8248798997512491,0.8292214274406433,3960
2016-03-21,0.8292214274406433,0.8292214274406433,0.7901481906047924,0.7944897182941866,2970
2016-03-22,0.8248798251152039,0.8248798251152039,0.816196770522068,0.816196770522068,1210
2016-03-23,0.816196858882904,0.8248799144160609,0.8075143157184534,0.8248799144160609,17600
2016-03-24,0.8335626125335693,0.8335626125335693,0.8248796170603477,0.8248796170603477,15180
2016-03-28,0.8465875387191772,0.8465875387191772,0.8161968997609147,0.8292214837129668,36410
2016-03-29,0.8465875387191772,0.8465875387191772,0.8248799557289495,0.8248799557289495,11770
2016-03-30,0.8422461748123169,0.8509292324718897,0.8422461748123169,0.8465877036421033,30030
2016-03-31,0.8465875387191772,0.8465875387191772,0.8379044827511425,0.8465875387191772,3080
2016-04-01,0.8355969190597534,0.8662211578308715,0.8312220114160045,0.8355969190597534,4290
2016-04-04,0.8312214612960815,0.8662205845477894,0.8312214612960815,0.8662205845477894,34870
2016-04-05,0.8312214612960815,0.8662205845477894,0.8312214612960815,0.8312214612960815,2860
2016-04-06,0.8312214612960815,0.8312214612960815,0.8312214612960815,0.8312214612960815,3080
2016-04-07,0.8618460297584534,0.8618460297584534,0.8268468372572086,0.8268468372572086,990
2016-04-08,0.8574709296226501,0.8618458348669397,0.8355964607687334,0.8399713086454923,4510
2016-04-11,0.8618460297584534,0.8618460297584534,0.8312217434908071,0.8355966497244057,7700
2016-04-12,0.8530959486961365,0.8530959486961365,0.8355963866389791,0.8355963866389791,8690
2016-04-13,0.888094961643219,0.9624677422793023,0.8487213761944632,0.8530962827638225,156090
2016-04-14,0.9187185168266296,0.9187185168266296,0.8837197910365838,0.8968445068232672,5280
2016-04-15,0.9274686574935913,0.9405933787639762,0.9143444525311989,0.9143444525311989,13200
2016-04-18,0.9274686574935913,0.9274686574935913,0.923093750403463,0.9274686574935913,5610
2016-04-19,0.9274686574935913,0.9274686574935913,0.923093750403463,0.923093750403463,5500
2016-04-20,0.9274686574935913,0.9274686574935913,0.8968448815382404,0.923093750403463,10560
2016-04-22,0.8749703764915466,0.9274686289121669,0.8749703764915466,0.9143444243542177,21230
2016-04-25,0.9143437743186951,0.9274679695462442,0.8749697544482433,0.8749697544482433,11550
2016-04-26,0.9274686574935913,0.9274686574935913,0.8749704034551536,0.8749704034551536,25740
2016-04-27,0.9274686574935913,0.9274686574935913,0.9274686574935913,0.9274686574935913,0
2016-04-28,0.9230934977531433,0.9274684036458616,0.918718649227964,0.9274684036458616,5830
2016-04-29,0.9230934977531433,0.9230934977531433,0.8968446360722235,0.8968446360722235,4730
2016-05-02,0.9252423644065857,0.9296482782266209,0.9252423644065857,0.9296482782266209,5390
2016-05-03,0.9308552145957947,0.9308552145957947,0.9308552145957947,0.9308552145957947,0
2016-05-04,0.9264227747917175,0.9264227747917175,0.9086920376804668,0.9086920376804668,3850
2016-05-05,0.8998263478279114,0.9308547062866722,0.8998263478279114,0.9308547062866722,1870
2016-05-06,0.9264227747917175,0.9264227747917175,0.8998266400621566,0.9042593388713117,1320
2016-05-09,0.9264227747917175,0.9264227747917175,0.9264227747917175,0.9264227747917175,0
2016-05-10,0.9219900965690613,0.9219900965690613,0.9086920579700426,0.9131247568781725,4180
2016-05-11,0.9219900965690613,0.9219900965690613,0.9219900965690613,0.9219900965690613,2420
2016-05-12,1.019508719444275,1.050537101132903,0.9264231675006315,0.9264231675006315,78320
2016-05-13,1.019508719444275,1.019508719444275,0.9485861478129235,0.9530188485010915,20240
2016-05-16,0.9929121732711792,0.9973449305577198,0.9530185201997985,0.9530185201997985,5720
2016-05-17,0.9840474128723145,0.9884800562579824,0.9751824748534088,0.9884800562579824,6160
2016-05-18,1.0416712760925293,1.0549693146231183,0.9618838005388127,0.9840468299624474,6050
2016-05-19,0.975182294845581,1.0017779177487114,0.975182294845581,0.9796144724098781,6820
2016-05-20,1.006210446357727,1.0195084872684326,1.006210446357727,1.0195084872684326,1540
2016-05-23,0.9530181288719177,0.9840464871308635,0.9308547002921975,0.9530181288719177,5610
2016-05-24,0.9308552145957947,0.9618839968757981,0.9308552145957947,0.9618839968757981,14740
2016-05-25,0.9397204518318176,0.9485858504288284,0.9308551113601827,0.9397204518318176,5720
2016-05-27,1.0150753259658813,1.0150753259658813,0.9308547145733556,0.9352873538570249,6600
2016-05-30,1.0150753259658813,1.0150753259658813,1.0106425704315096,1.0150753259658813,1320
2016-05-31,1.0150753259658813,1.0150753259658813,1.0150753259658813,1.0150753259658813,660
2016-06-01,1.0127897262573242,1.0127897262573242,0.9860196243740595,0.9860196243740595,1540
2016-06-02,1.0127897262573242,1.0127897262573242,1.0127897262573242,1.0127897262573242,440
2016-06-03,1.0083284378051758,1.012790181965406,0.9949434393463656,1.012790181965406,3960
2016-06-06,1.0083284378051758,1.0083284378051758,0.9949434393463656,0.9949434393463656,13860
2016-06-07,1.0217130184173584,1.0217130184173584,0.9637117203233359,1.0083279099545919,12210
2016-06-08,1.0217130184173584,1.0217130184173584,1.0217130184173584,1.0217130184173584,2530
2016-06-09,1.0217130184173584,1.0217130184173584,0.9414033037277907,0.9904812936890347,4400
2016-06-10,1.0217130184173584,1.0217130184173584,1.0217130184173584,1.0217130184173584,0
2016-06-13,1.0217130184173584,1.0217130184173584,0.9681733451370054,0.9681733451370054,2860
2016-06-14,1.0172513723373413,1.0172513723373413,0.9324805514043603,0.9726351200013277,5720
2016-06-15,1.0172513723373413,1.0172513723373413,0.96371181102868,1.0038663796256473,12320
2016-06-16,1.0127897262573242,1.0127897262573242,0.9726350999814212,0.9726350999814212,1870
2016-06-17,0.994943380355835,1.008328378021044,0.9503271115082489,0.9815588507343589,4070
2016-06-20,0.9726352095603943,1.0172514660046186,0.9681735254105215,0.9681735254105215,3080
2016-06-21,0.968173623085022,1.0038665733358454,0.968173623085022,1.0038665733358454,550
2016-06-22,1.0083284378051758,1.0083284378051758,0.954788853508226,1.0038668106558857,1650
2016-06-23,0.9770969748497009,1.003866555422866,0.954788610753271,0.954788610753271,7700
2016-06-24,0.9815589189529419,0.9815589189529419,0.9815589189529419,0.9815589189529419,440
2016-06-27,0.9770969748497009,1.01278992446362,0.9770969748497009,0.994943186382112,3960
2016-06-28,0.994943380355835,0.9994050072405936,0.9592504822886994,0.9592504822886994,2750
2016-06-29,0.994943380355835,0.994943380355835,0.994943380355835,0.994943380355835,4070
2016-06-30,0.9994049668312073,0.9994049668312073,0.9994049668312073,0.9994049668312073,2860
2016-07-01,1.0015957355499268,1.0285448372683588,1.0015957355499268,1.0285448372683588,550
2016-07-04,1.0105785131454468,1.0285445764010448,1.0015954815176478,1.0285445764010448,3300
2016-07-05,1.0375280380249023,1.0465106032222442,1.001596010335736,1.0105790467063576,8800
2016-07-06,1.019561529159546,1.064476097644425,0.9611724134393193,1.0420185778154736,24310
2016-07-07,1.0105785131454468,1.0195615447732458,0.9836299483317094,1.0195615447732458,4180
2016-07-08,1.0105785131454468,1.0105785131454468,0.9881214641456089,1.0105785131454468,770
2016-07-11,1.0285444259643555,1.0285444259643555,0.988121319621273,0.988121319621273,6600
2016-07-12,1.0644760131835938,1.073459043961067,1.01956144826246,1.01956144826246,19690
2016-07-13,1.059984803199768,1.064476379028818,1.024053256706952,1.0330362905717647,5940
2016-07-14,1.0420184135437012,1.0554928997581994,1.037527310782993,1.0420184135437012,7260
2016-07-15,1.113882303237915,1.1498138460473817,1.0330361846750213,1.0465102040212246,140800
2016-07-18,1.145322322845459,1.145322322845459,1.0824421559802233,1.1228652718420769,67760
2016-07-19,1.059984803199768,1.1453225058792633,1.059984803199768,1.1228654512870229,34870
2016-07-20,1.0569108724594116,1.1378660474436884,1.0569108724594116,1.1333685573809202,71830
2016-07-21,1.0793981552124023,1.1198755506474356,1.0704030604976222,1.115377944314326,16500
2016-07-22,1.0883928537368774,1.1018849601162541,1.0614075794155566,1.0704026708559968,14300
2016-07-25,1.0838955640792847,1.0883931700824492,1.0749005879758171,1.0749005879758171,14410
2016-07-26,1.0793981552124023,1.0928902665030955,1.0793981552124023,1.0838956435940728,11770
2016-07-27,1.07490074634552,1.0928903473486475,1.07490074634552,1.088393330440072,7590
2016-07-28,1.0569108724594116,1.074901068613451,1.0569108724594116,1.074901068613451,20680
2016-07-29,1.065906047821045,1.0749011465502634,1.038921223439357,1.0749011465502634,10450
2016-08-01,1.131476640701294,1.1450544676914693,1.0726397860659909,1.0726397860659909,22330
2016-08-02,1.1224238872528076,1.1314758047911064,1.1088460702936338,1.1269499053702317,5170
2016-08-03,1.126950740814209,1.1314766435902777,1.126950740814209,1.126950740814209,2640
2016-08-04,1.1405277252197266,1.1405277252197266,1.095268730896283,1.1178979906649058,34980
2016-08-05,1.1360020637512207,1.1405280833011084,1.104320401688354,1.1405280833011084,6600
2016-08-08,1.1405277252197266,1.145053624652071,1.1405277252197266,1.145053624652071,4730
2016-08-09,1.1450543403625488,1.1450543403625488,1.0862174922698455,1.1314765148822146,11330
2016-08-10,1.081690788269043,1.131475676242534,1.081690788269043,1.131475676242534,11330
2016-08-11,1.1767349243164062,1.2536751039684848,1.0907428261620433,1.126950025384933,149710
2016-08-12,1.1993638277053833,1.2219935578442138,1.1812604709018137,1.1812604709018137,33110
2016-08-15,1.2084165811538696,1.2129424828403026,1.2084165811538696,1.2084165811538696,10120
2016-08-16,1.1676828861236572,1.2084159810741621,1.1360017087475918,1.2084159810741621,25190
2016-08-17,1.1948394775390625,1.1948394775390625,1.1948394775390625,1.1948394775390625,4290
2016-08-18,1.1767349243164062,1.1948387613209746,1.1541051874089765,1.1767349243164062,18370
2016-08-19,1.2129424810409546,1.2129424810409546,1.176735386299811,1.176735386299811,15510
2016-08-22,1.1767349243164062,1.2174679047455952,1.1767349243164062,1.2174679047455952,5390
2016-08-23,1.1993638277053833,1.2129416420493764,1.1993638277053833,1.1993638277053833,12540
2016-08-24,1.1767349243164062,1.212942004842734,1.1767349243164062,1.212942004842734,12540
2016-08-25,1.1360020637512207,1.194839012237306,1.1360020637512207,1.1767351714309289,10560
2016-08-26,1.1767349243164062,1.1812608242192675,1.1405278437900785,1.1812608242192675,6160
2016-08-29,1.1948394775390625,1.1948394775390625,1.113372755668026,1.117898776980465,16500
2016-08-30,1.1948394775390625,1.1948394775390625,1.1767356296825733,1.1948394775390625,10010
2016-08-31,1.1857869625091553,1.1948388819251183,1.131476039496246,1.1360019398559407,5830
2016-09-01,1.1834547519683838,1.206213240084481,1.1515926537319514,1.1834547519683838,6820
2016-09-02,1.197110652923584,1.2016625197449973,1.1925589054766121,1.2016625197449973,9240
2016-09-05,1.2744896411895752,1.3336624495658476,1.1606957697448679,1.1971100903307232,33880
2016-09-06,1.2517321109771729,1.279042364967836,1.2016628742878765,1.279042364967836,1980
2016-09-08,1.192558765411377,1.269938224172851,1.192558765411377,1.269938224172851,12650
2016-09-09,1.1606963872909546,1.2244209748795982,1.1379378873919253,1.1834553646877788,43450
2016-09-12,1.1606963872909546,1.169800002124574,1.1106270428910672,1.15159324995513,21780
2016-09-13,1.192558765411377,1.201662378610549,1.169799792100661,1.201662378610549,57640
2016-09-14,1.151593804359436,1.2062144452867736,1.137938435222216,1.2062144452867736,25630
2016-09-15,1.188006043434143,1.192557906442352,1.165247086516123,1.165247086516123,15620
2016-09-16,1.1743513345718384,1.2016621694148484,1.1470410966008608,1.1925585578005116,9900
2016-09-19,1.1470410823822021,1.1834549315161325,1.1470410823822024,1.1789031854525904,14410
2016-09-20,1.1697994470596313,1.1789030575736257,1.160695836545637,1.160695836545637,19250
2016-09-21,1.188006043434143,1.188006043434143,1.1424886070954683,1.165247086516123,8910
2016-09-22,1.151593804359436,1.1834559344312627,1.1515938043594363,1.174352315214947,17160
2016-09-23,1.188006043434143,1.188006043434143,1.188006043434143,1.188006043434143,220
2016-09-26,1.1834547519683838,1.188006497341358,1.1834547519683838,1.188006497341358,5720
2016-09-27,1.1834547519683838,1.1834547519683838,1.1606957863547391,1.1652475317277131,1320
2016-09-28,1.1834547519683838,1.1834547519683838,1.1424890436116162,1.1834547519683838,3740
2016-09-29,1.1606963872909546,1.1834553646877788,1.1424896351215108,1.1743517498541594,9790
2016-09-30,1.1834547519683838,1.1834547519683838,1.1333855528656678,1.1743511418480486,10340
2016-10-03,1.1582204103469849,1.199421888481956,1.1490644062555695,1.1627978721162944,8580
2016-10-04,1.1490644216537476,1.1902659003408442,1.1444864795774035,1.1902659003408442,9350
2016-10-05,1.1902656555175781,1.1902656555175781,1.1444862441704093,1.1902656555175781,11440
2016-10-06,1.1856882572174072,1.1994222069706655,1.1582207178952524,1.1902662004480087,4950
2016-10-07,1.2040002346038818,1.2085782982168678,1.1811102767233392,1.2085782982168678,81290
2016-10-10,1.1765320301055908,1.1994219820898457,1.1765320301055908,1.194843919656136,2970
2016-10-11,1.1765320301055908,1.1994219820898457,1.1765320301055908,1.1765320301055908,5500
2016-10-13,1.1902656555175781,1.1994216578484105,1.167375709721196,1.1902656555175781,10230
2016-10-14,1.1536427736282349,1.1856882561522022,1.144486767113804,1.1856882561522022,19360
2016-10-17,1.1582204103469849,1.1856879423755438,1.1399085222255758,1.1856879423755438,62810
2016-10-18,1.1490644216537476,1.1902659003408442,1.1399085375010594,1.1902659003408442,25080
2016-10-19,1.208578109741211,1.21773351517064,1.1627980810579797,1.181110092531272,98120
2016-10-20,1.2268893718719482,1.2314673141534482,1.1994219583058072,1.2131554249660201,8470
2016-10-21,1.2268893718719482,1.2268893718719485,1.1994219583058072,1.1994219583058072,2640
2016-10-24,1.1902656555175781,1.2268890645339143,1.171953650855913,1.2268890645339143,17820
2016-10-25,1.2452013492584229,1.2452013492584229,1.1765319766701894,1.1948438653890503,27390
2016-10-26,1.236045479774475,1.245201485163936,1.2314674170490252,1.245201485163936,7920
2016-10-27,1.236045479774475,1.236045479774475,1.1811100477449044,1.2268894743850143,3410
2016-10-28,1.2314666509628296,1.2314666509628296,1.2314666509628296,1.2314666509628296,990
2016-10-31,1.2314666509628296,1.2314666509628296,1.1902653126792142,1.2268887111467208,18040
2016-11-01,1.2199022769927979,1.2199022769927979,1.1968855080243228,1.1968855080243228,1650
2016-11-03,1.2199022769927979,1.2199022769927979,1.2152993578240048,1.2152993578240048,6270
2016-11-04,1.2291094064712524,1.2337128093228147,1.1968857072394756,1.2337128093228147,7590
2016-11-07,1.2475224733352661,1.2659363163802093,1.2060919904941674,1.2291087510194183,18590
2016-11-08,1.2429194450378418,1.265936695370267,1.2199021947054165,1.265936695370267,14630
2016-11-09,1.2337125539779663,1.242919478504668,1.1876785349901295,1.2199022275524807,7040
2016-11-10,1.2014888525009155,1.2337125448241764,1.1692646772611204,1.2337125448241764,36080
2016-11-11,1.1738682985305786,1.2152994017114729,1.155454930982502,1.1738682985305786,14740
2016-11-14,1.2014888525009155,1.206092375094677,1.15085143199001,1.164661758313027,48510
2016-11-16,1.1922826766967773,1.2060930102931158,1.1508520380953533,1.2060930102931158,6380
2016-11-17,1.1922826766967773,1.1922826766967773,1.1922826766967773,1.1922826766967773,550
2016-11-18,1.1876788139343262,1.201489143603375,1.1508517108237935,1.201489143603375,20790
2016-11-21,1.1968847513198853,1.196884751319885,1.1646610778242878,1.1876778322409192,18590
2016-11-22,1.1968847513198853,1.196884751319885,1.1692639940829872,1.196884751319885,1760
2016-11-23,1.1968847513198853,1.2014881504948365,1.1646610778242878,1.2014881504948365,14520
2016-11-24,1.1968847513198853,1.196884751319885,1.1508507595703705,1.196884751319885,18370
2016-11-25,1.1968847513198853,1.2060916703988511,1.1600576786493364,1.196884751319885,14190
2016-11-28,1.1968847513198853,1.196884751319885,1.1738675139870016,1.196884751319885,8800
2016-11-29,1.2199022769927979,1.2199022769927979,1.2060924329241638,1.2060924329241638,6380
2016-11-30,1.1922826766967773,1.2199028609726654,1.1922826766967773,1.2199028609726654,13420
2016-12-01,1.2176905870437622,1.2176905870437622,1.2176905870437622,1.2176905870437622,9240
2016-12-02,1.2038003206253052,1.2269500652568912,1.1528703481586333,1.213060437045878,36410
2016-12-05,1.2408407926559448,1.2408407926559448,1.180650674010229,1.2038009157940075,34980
2016-12-06,1.2269504070281982,1.240840524814882,1.1713907858681276,1.240840524814882,29370
2016-12-07,1.2038003206253052,1.2176904345428483,1.1852800877841596,1.2176904345428483,7700
2016-12-08,1.2130608558654785,1.2176908549609953,1.2130608558654785,1.2176908549609953,220
2016-12-09,1.199170470237732,1.2130605858592582,1.1806502351245984,1.1852802331895582,26730
2016-12-12,1.1575006246566772,1.217690728051995,1.1575006246566775,1.217690728051995,42900
2016-12-13,1.1899096965789795,1.194539692091014,1.1621298449333517,1.1806495841283295,26180
2016-12-14,1.1899096965789795,1.1899096965789795,1.1899096965789795,1.1899096965789795,1100
2016-12-15,1.1945406198501587,1.1945406198501585,1.1528707493048531,1.1899106207421608,6050
2016-12-16,1.2130608558654785,1.2130608558654785,1.1852804970123543,1.1945406166300623,6160
2016-12-19,1.2130608558654785,1.2130608558654785,1.1575007452926023,1.2038007362477705,10780
2016-12-20,1.2084306478500366,1.2084306478500366,1.1621306602470973,1.1621306602470973,12210
2016-12-21,1.1899096965789795,1.1991698090296292,1.1899096965789795,1.1991698090296292,1430
2016-12-22,1.1575006246566772,1.1899104935208302,1.1575006246566775,1.1899104935208302,15290
2016-12-23,1.152870774269104,1.1945406457167285,1.148240653634171,1.1575007734773597,16830
2016-12-26,1.199170470237732,1.199170470237732,1.1621304857180546,1.1621304857180546,4950
2016-12-27,1.2084306478500366,1.2084306478500366,1.1806504124349417,1.1852804111952358,4180
2016-12-28,1.2176905870437622,1.2176905870437622,1.176020118645782,1.176020118645782,10120
2016-12-29,1.2176905870437622,1.2176905870437622,1.1899103557295405,1.2038004713866515,17820
2017-01-02,1.2339303493499756,1.2478994859954806,1.1966797660592605,1.2478994859954806,8030
2017-01-03,1.2339303493499756,1.2572122844649656,1.2106489027047656,1.2385866875259957,26620
2017-01-04,1.247899055480957,1.2525553920505808,1.229274075554671,1.2339299236546832,15290
2017-01-05,1.3037751913070679,1.3037751913070679,1.2478990314310445,1.2478990314310445,14630
2017-01-06,1.3177449703216553,1.3270577699745538,1.3037758319010373,1.3270577699745538,8580
2017-01-09,1.3224014043807983,1.3270577430540595,1.303775805452837,1.303775805452837,1430
2017-01-10,1.3503392934799194,1.3503392934799194,1.2665253131914442,1.31774504243952,20240
2017-01-11,1.3270574808120728,1.3503389253427793,1.3037755478116306,1.3503389253427793,11220
2017-01-12,1.3875904083251953,1.3969032120098404,1.3503398041741825,1.3503398041741825,23430
2017-01-13,1.392245888710022,1.3969023487334395,1.3363698338382646,1.3363698338382646,12430
2017-01-16,1.3875904083251953,1.3969032120098404,1.3037763963385247,1.3037763963385247,57200
2017-01-17,1.4388093948364258,1.4388093948364256,1.3829338234998403,1.3829338234998403,62260
2017-01-18,1.54124915599823,1.6297200837493915,1.4434660388978409,1.4434660388978409,186670
2017-01-19,1.4667481184005737,1.583156846542336,1.462091779044301,1.5738440457123153,13090
2017-01-20,1.4900293350219727,1.583156595871944,1.4388094880954365,1.583156595871944,43780
2017-01-23,1.4527785778045654,1.559874475598913,1.396902398812216,1.5226238931330838,35640
2017-01-24,1.4714040756225586,1.513311118945448,1.4434658025057439,1.513311118945448,13200
2017-01-26,1.5133113861083984,1.5133113861083984,1.406215467703314,1.4248409456968876,18040
2017-01-27,1.5552177429199219,1.5598742022944179,1.4900288992034474,1.5598742022944179,65450
2017-01-30,1.4714040756225586,1.5552180401508933,1.4667477374755709,1.5552180401508933,25960
2017-01-31,1.5459058284759521,1.559874969232758,1.5133115737683416,1.5552185075688354,15400
2017-02-01,1.53927481174469,1.5767038279922252,1.497166539616432,1.548631605672588,48070
2017-02-02,1.473773717880249,1.5392749628786728,1.4737737178802488,1.5252387889895118,42460
2017-02-03,1.5065233707427979,1.520559415181995,1.4737730093925026,1.5158806519006964,14300
2017-02-06,1.473773717880249,1.5392749628786728,1.4737737178802488,1.5065240949746443,26730
2017-02-07,1.5439536571502686,1.5439536571502686,1.501845379484583,1.534596248479848,32230
2017-02-08,1.6702765226364136,1.866779484155258,1.5392746709929022,1.543953312933827,432740
2017-02-09,1.6047749519348145,1.7357772667858578,1.5439529876250506,1.7077051756502895,201850
2017-02-10,1.609453797340393,1.6141325615922417,1.567346146097503,1.6047751557909193,48840
2017-02-13,1.609453797340393,1.609453797340393,1.5158809663509152,1.609453797340393,71060
2017-02-14,1.6047749519348145,1.6234897611600991,1.5860607562213251,1.6094535928899558,28930
2017-02-15,1.5860613584518433,1.6422050712314178,1.567346542120507,1.6094542040027822,58300
2017-02-16,1.5673466920852661,1.6141331238781347,1.5486318739632838,1.6000970716378566,40810
2017-02-17,1.5252395868301392,1.5767048075628556,1.5205609415546624,1.5767048075628556,59180
2017-02-20,1.5439536571502686,1.5720252696494676,1.4924885843262246,1.5112027881550034,41800
2017-02-21,1.6375263929367065,1.7357778881671788,1.5954186092665044,1.6188115770118106,439340
2017-02-22,1.8106358051300049,1.9837459273713736,1.6889912357380825,1.6983486424477237,990660
2017-02-23,1.707705020904541,1.8901724924299919,1.707705020904541,1.834028683353472,286770
2017-02-24,1.8012787103652954,1.824671672655768,1.7170627945553747,1.7170627945553747,111870
2017-03-01,1.813411831855774,1.8650894592030969,1.7852243487434958,1.82750581982969,115390
2017-03-02,1.8228086233139038,1.8744861489535203,1.7852250915122132,1.8275065801902324,93170
2017-03-03,1.8228086233139038,1.8556946910750247,1.7852250915122132,1.8462986541134272,115940
2017-03-06,1.8509957790374756,1.8650892727670387,1.822807682698463,1.8415997469244714,114400
2017-03-07,1.8275060653686523,1.8556941683126535,1.8181101542628904,1.8509962127597726,92180
2017-03-08,1.8040167093276978,1.8556942219017412,1.7429430389587377,1.8181102067666197,74030
2017-03-09,1.761733889579773,1.7993178892328254,1.724150382762152,1.7993178892328254,56870
2017-03-10,1.761733889579773,1.8322034422971365,1.752338351699727,1.757036428661895,99880
2017-03-13,1.8040167093276978,1.822808162455169,1.7711306498811257,1.7852246401556826,65450
2017-03-14,1.7852240800857544,1.8087140975769063,1.7805260026622018,1.8087140975769063,41140
2017-03-15,1.7852240800857544,1.7993180659386716,1.747640569577165,1.7993180659386716,51040
2017-03-16,1.747640609741211,1.7852241211135393,1.7382445778870377,1.7852241211135393,23650
2017-03-17,1.7147541046142578,1.7852236471631378,1.7100560283300044,1.7805255708788843,22770
2017-03-20,1.7805261611938477,1.7805261611938479,1.7006611788510961,1.7006611788510961,54780
2017-03-21,1.7147541046142578,1.7852236471631378,1.648983007976152,1.7852236471631378,51150
2017-03-22,1.7194525003433228,1.7617340889069606,1.6959629753368233,1.7617340889069606,26620
2017-03-23,1.677171230316162,1.719452700595135,1.6301916819963185,1.719452700595135,38060
2017-03-24,1.747640609741211,1.757036641595384,1.6536815232882074,1.6677750166295393,27940
2017-03-27,1.710056185722351,1.7335463228879533,1.7053587250499473,1.7194522159468215,11660
2017-03-28,1.7382454872131348,1.7852250550159965,1.7100573769046057,1.7382454872131345,22660
2017-03-29,1.7382454872131348,1.7429434439934208,1.7006619561797824,1.7429434439934208,15840
2017-03-30,1.69126558303833,1.7382451414975348,1.69126558303833,1.7382451414975348,8580
2017-03-31,1.69126558303833,1.7382451414975348,1.6724735132368225,1.69126558303833,13530
2017-04-03,1.6798588037490845,1.7412021646282163,1.6657025769099891,1.6845776285307676,22330
2017-04-04,1.7223256826400757,1.750638112805189,1.6798574086510292,1.750638112805189,29150
2017-04-05,1.6987332105636597,1.769513451621486,1.6987332105636597,1.769513451621486,28050
2017-04-06,1.694014549255371,1.736482719591523,1.694014549255371,1.736482719591523,7700
2017-04-07,1.694014549255371,1.7270451971521263,1.675139504376578,1.694014549255371,12980
2017-04-10,1.6704212427139282,1.736483303228692,1.6704212427139284,1.6987338195480588,14080
2017-04-11,1.6562654972076416,1.7270457630423761,1.6562654972076416,1.6704212286168567,14850
2017-04-12,1.6609828472137451,1.684576083208394,1.6326702957547015,1.656264026760806,10670
2017-04-13,1.6798588037490845,1.6892963295594736,1.6326717934620252,1.6845776285307676,11330
2017-04-17,1.6892956495285034,1.6892956495285034,1.6279524370962408,1.6845769503993238,31680
2017-04-18,1.6892956495285034,1.7176075967977258,1.651546180247994,1.6892956495285034,4620
2017-04-19,1.6798588037490845,1.698733855369863,1.6468281440540977,1.6845776285307676,4070
2017-04-20,1.6798588037490845,1.6798588037490845,1.6421093192724143,1.6657025769099891,17710
2017-04-24,1.6704212427139282,1.684577593007481,1.6421092846446719,1.684577593007481,15840
2017-04-25,1.6704212427139282,1.6704212427139284,1.6468281093268478,1.6515468102560489,17820
2017-04-26,1.6704212427139282,1.6798587683253052,1.6421092846446719,1.675140067396104,8580
2017-04-27,1.6137964725494385,1.6940147417589806,1.6043594440493745,1.665702171223421,46860
2017-04-28,1.6468273401260376,1.6468273401260374,1.6090777503245237,1.613796077790962,16830
2017-05-02,1.6279529333114624,1.6562653842222939,1.6137967078560465,1.6562653842222939,19030
2017-05-03,1.6421090364456177,1.6515465606305455,1.6137965876437899,1.6137965876437899,4730
2017-05-04,1.6421090364456177,1.6468278604145596,1.5996408582547004,1.6232339880757618,15290
2017-05-05,1.63739013671875,1.6515463593947721,1.6232337902897866,1.646827659753745,14080
2017-05-08,1.6326708793640137,1.632670879364014,1.5996402381621868,1.632670879364014,27720
2017-05-09,1.6472026109695435,1.6519223849683864,1.609444418978801,1.6330430414107808,10340
2017-05-10,1.6188833713531494,1.6472023827662439,1.6000046493165865,1.6472023827662439,46640
2017-05-11,1.6424821615219116,1.6472020577165793,1.609443878407842,1.6283227205000594,28160
2017-05-12,1.6424821615219116,1.6519218301301717,1.6188830518917994,1.6472020577165793,46970
2017-05-15,1.6283233165740967,1.6519224348430472,1.5952850213658258,1.6519224348430472,53240
2017-05-16,1.6188833713531494,1.6472023827662439,1.6000046493165865,1.6472023827662439,28600
2017-05-17,1.5905650854110718,1.6094443038369146,1.5669659695429372,1.6094443038369146,21120
2017-05-18,1.4631303548812866,1.5197677443900741,1.3120975224929678,1.415932633441521,56100
2017-05-19,1.5103294849395752,1.6377638230226046,1.4631317194805094,1.5575277455233767,45980
2017-05-22,1.5244879722595215,1.5339276431504079,1.4584108949288461,1.5339276431504079,15730
2017-05-23,1.55752694606781,1.5905652411499034,1.5339278278889878,1.5339278278889878,2750
2017-05-24,1.571685552597046,1.58112522255572,1.4772900908212376,1.58112522255572,34320
2017-05-25,1.5528075695037842,1.5764060748188378,1.50088991707391,1.5764060748188378,22770
2017-05-26,1.538648009300232,1.5528075829805326,1.538648009300232,1.5528075829805326,22110
2017-05-29,1.538648009300232,1.538648009300232,1.538648009300232,1.538648009300232,0
2017-05-30,1.55752694606781,1.5716858970943974,1.5103287097101656,1.5103287097101656,17930
2017-05-31,1.548087477684021,1.5716861038426548,1.5103289083871592,1.5197685816566588,24090
2017-06-01,1.5413658618927002,1.5982779106338891,1.5318804167847215,1.5650794124719785,15730
2017-06-02,1.5176513195037842,1.5413648545858842,1.517651319503784,1.5413648545858842,36740
2017-06-05,1.4797106981277466,1.5176518449950651,1.4797106981277466,1.5034242414207288,32340
2017-06-06,1.522394061088562,1.5603358188264072,1.479710267730428,1.5129092435604115,21120
2017-06-07,1.493938684463501,1.5508507113457655,1.4939386844635008,1.5223943869514112,50820
2017-06-08,1.5129097700119019,1.5176519316635961,1.5081669864536802,1.5081669864536802,31460
2017-06-09,1.508166790008545,1.5413652755414085,1.4891960313905972,1.4939386899497618,32670
2017-06-12,1.5176513195037842,1.5413648545858842,1.4986809392106228,1.508166378119714,6380
2017-06-13,1.5176513195037842,1.5366220729407112,1.4939382819467049,1.4939382819467049,5280
2017-06-14,1.5413658618927002,1.5413658618927002,1.4891965978961688,1.517652311313422,24200
2017-06-15,1.5413658618927002,1.5413658618927002,1.5413658618927002,1.5413658618927002,0
2017-06-16,1.503423810005188,1.536622164058685,1.4844529310620784,1.536622164058685,14960
2017-06-19,1.4986815452575684,1.5366226943305543,1.493938886075782,1.5366226943305543,8250
2017-06-20,1.5176513195037842,1.517651319503784,1.4797101857736958,1.517651319503784,17270
2017-06-21,1.5129097700119019,1.5129097700119019,1.4844534418064887,1.5081669864536802,4840
2017-06-22,1.4797106981277466,1.5129096836141813,1.4797106981277466,1.5129096836141813,13090
2017-06-23,1.4891959428787231,1.5081667003691248,1.4844531602201614,1.4844531602201614,1980
2017-06-26,1.5603364706039429,1.5603364706039429,1.48445354533705,1.5271374809062097,36740
2017-06-27,1.5129097700119019,1.5461081354877035,1.5129097700119019,1.536622692752566,8580
2017-06-28,1.5129097700119019,1.5413654763107876,1.5081669864536802,1.5413654763107876,7040
2017-06-29,1.550850749015808,1.5508507490158083,1.5129096041415258,1.5129096041415258,3960
2017-06-30,1.5650795698165894,1.6125061782178138,1.5176524638899689,1.5176524638899689,28600
2017-07-03,1.5726219415664673,1.5726219415664673,1.5249662767404668,1.5297317932307617,12760
2017-07-04,1.5726219415664673,1.5869181160950634,1.5392629511921143,1.5726219415664673,18700
2017-07-05,1.6250414848327637,1.6679311032069042,1.5726208401532584,1.5821514915165968,54780
2017-07-06,1.5821523666381836,1.6631665099864268,1.5821523666381836,1.6250423836777164,34100
2017-07-07,1.5726219415664673,1.6441044389593649,1.5726219415664673,1.6393387974883071,3960
2017-07-10,1.620276689529419,1.620276689529419,1.5821521924752113,1.6155111742654171,2090
2017-07-11,1.620276689529419,1.644104015887967,1.5869177077392134,1.620276689529419,8800
2017-07-12,1.6393373012542725,1.6583995997786916,1.6202756276330978,1.625041139773878,15620
2017-07-13,1.615511417388916,1.644104263314495,1.6107457764269868,1.6393386223525659,9130
2017-07-14,1.591683030128479,1.6202764931898241,1.586917515441946,1.5964486697957276,35970
2017-07-17,1.620276689529419,1.6584006866607035,1.5869177077392134,1.5869177077392134,15290
2017-07-18,1.615511417388916,1.6202769333700957,1.586917946559589,1.6107457764269868,4620
2017-07-19,1.6059794425964355,1.6393377875153672,1.5964482905070916,1.6393377875153672,7370
2017-07-20,1.5964479446411133,1.6202757572119015,1.5964479446411133,1.6202757572119015,12760
2017-07-21,1.6045883893966675,1.6523439589489237,1.5998128324414416,1.5998128324414416,22220
2017-07-24,1.6189161539077759,1.661896063645342,1.604589225092237,1.604589225092237,19360
2017-07-25,1.633241891860962,1.6475686904793143,1.6236911520104518,1.6236911520104518,37180
2017-07-26,1.6189161539077759,1.6427935753873901,1.599813665649824,1.6189161539077759,62150
2017-07-27,1.6236913204193115,1.6380176195471572,1.6093645203149871,1.6236913204193115,66330
2017-07-28,1.6236913204193115,1.6284668787060466,1.6093645203149871,1.6093645203149871,11990
2017-07-31,1.6045883893966675,1.6236908677057396,1.6045883893966673,1.6189153107505139,23430
2017-08-01,1.6265772581100464,1.6457695147950318,1.616980815175464,1.6217789737243373,37950
2017-08-02,1.602585792541504,1.6313751160401486,1.602585792541504,1.6313751160401486,38170
2017-08-03,1.6313759088516235,1.6457700113304947,1.6025865713620175,1.6025865713620175,25630
2017-08-04,1.6361743211746216,1.6361743211746218,1.6121832658185493,1.6313761604381645,21230
2017-08-07,1.6409709453582764,1.6409709453582761,1.6121821271103958,1.6121821271103958,12870
2017-08-08,1.6313759088516235,1.6313759088516235,1.6217794630217548,1.6313759088516235,26180
2017-08-09,1.6313759088516235,1.6313759088516235,1.6169813030252573,1.6313759088516235,25630
2017-08-10,1.6409709453582764,1.6409709453582761,1.6217785676420948,1.631375008173794,30250
2017-08-11,1.6361743211746216,1.6457702651368566,1.6169815523918998,1.6409721044003993,22220
2017-08-14,1.6265772581100464,1.6409713562461585,1.5977879293062998,1.6409713562461585,11550
2017-08-15,1.6409709453582764,1.6457691027057237,1.631375008173794,1.6361731655212417,47080
2017-08-16,1.6313759088516235,1.636174068848121,1.6073848571953886,1.6217794630217548,13750
2017-08-17,1.6265772581100464,1.6313754166589196,1.5881914863717175,1.6217789737243373,56870
2017-08-18,1.6361743211746216,1.6409721044003993,1.621779713128357,1.621779713128357,13860
2017-08-21,1.655365228652954,1.6553652286529543,1.6361728545840784,1.6361728545840784,24090
2017-08-22,1.6985491514205933,1.7273384784037742,1.664962295376102,1.7033474355028706,69410
2017-08-23,1.6937509775161743,1.717742020195277,1.6745587222222946,1.717742020195277,46420
2017-08-24,1.7657240629196167,1.7657240629196167,1.6937514194504835,1.6937514194504835,110880
2017-08-25,1.8281002044677734,1.8808800826371241,1.760925848389561,1.765724007692515,138270
2017-08-28,1.8281002044677734,1.8328984896075833,1.8185037600250098,1.8233020451648196,52580
2017-08-29,1.7657240629196167,1.8185038169029204,1.73693535787517,1.8185038169029204,34210
2017-08-30,1.751329779624939,1.7753208329597467,1.7033481763028537,1.765724386458447,42350
2017-08-31,1.7801178693771362,1.794512592959116,1.7609251143291689,1.7753197120743451,18260
2017-09-01,1.787744402885437,1.8552066513495244,1.7829256889059912,1.7829256889059912,15070
2017-09-04,1.8118393421173096,1.8503895939694779,1.7781085668148662,1.7829272851083688,10560
2017-09-05,1.75883150100708,1.826293609085645,1.7588315010070803,1.821474896106883,28930
2017-09-06,1.8022013902664185,1.8262945889594164,1.7636511602491254,1.7973825483262742,15730
2017-09-07,1.8022013902664185,1.8022013902664185,1.8022013902664185,1.8022013902664185,0
2017-09-08,1.787744402885437,1.8311128287004481,1.7781069749265455,1.8311128287004481,19250
2017-09-11,1.8311132192611694,1.8407507756515928,1.763650956407961,1.797382340586467,29920
2017-09-12,1.7684704065322876,1.8262950065234487,1.7684704065322874,1.7877453995720023,35310
2017-09-13,1.8022013902664185,1.8311134308995607,1.782926275257772,1.8311134308995607,16830
2017-09-14,1.7829256057739258,1.8262939031908894,1.782925605773926,1.8262939031908894,27830
2017-09-15,1.7829256057739258,1.845569010961784,1.782925605773926,1.8407502972070193,40700
2017-09-18,1.8214751482009888,1.8262938618466658,1.7781068517658105,1.8262938618466658,11770
2017-09-19,1.787744402885437,1.8262939883450784,1.773288134571176,1.8262939883450784,24310
2017-09-20,1.787744402885437,1.8070190060513718,1.7781069749265455,1.7877444028854368,18150
2017-09-21,1.7829256057739258,1.8022007135448204,1.782925605773926,1.782925605773926,14410
2017-09-22,1.8166568279266357,1.8214755426157372,1.8022010629871588,1.8214755426157372,770
2017-09-25,1.7973827123641968,1.7973827123641968,1.73473927793676,1.7829264379763445,30030
2017-09-26,1.7973827123641968,1.7973827123641968,1.7395579939407186,1.7925639963602384,7150
2017-09-27,1.7684704065322876,1.7925642426139268,1.7347395162467711,1.7925642426139268,16940
2017-09-28,1.7684704065322876,1.7732891231982175,1.7395582329127013,1.7395582329127013,9460
2017-09-29,1.7636520862579346,1.7973834920458207,1.7347400304444638,1.7684709307282223,55660
2017-10-02,1.8197062015533447,1.8197062015533447,1.7713097937792535,1.7713097937792535,22550
2017-10-03,1.8148671388626099,1.8293861927443191,1.7809897695545942,1.8197067811815821,14630
2017-10-04,1.8293864727020264,1.834226115761627,1.7809900421060183,1.834226115761627,40150
2017-10-05,1.863263487815857,1.863263487815857,1.7955082626620134,1.8245459805819777,51590
2017-10-06,1.8487446308135986,1.877782224829905,1.8245461704092032,1.8632636816712829,22220
2017-10-09,1.8390663862228394,1.8487458019009733,1.814867910489928,1.8487458019009733,2860
2017-10-10,1.843906044960022,1.8439060449600222,1.7906699564023307,1.8390664005456865,8690
2017-10-11,1.8390663862228394,1.8390663862228396,1.805189002511178,1.805189002511178,4510
2017-10-12,1.8390663862228394,1.8390663862228396,1.8390663862228396,1.8390663862228396,0
2017-10-13,1.843906044960022,1.8439060449600222,1.834226629206504,1.8390664005456865,18370
2017-10-16,1.843906044960022,1.8439060449600222,1.8197075690386502,1.8293869847921684,6710
2017-10-17,1.834226131439209,1.8439055445659542,1.8148674321105307,1.8439055445659542,8360
2017-10-18,1.834226131439209,1.8390659014649877,1.7906694704553237,1.8148674321105307,8140
2017-10-19,1.834226131439209,1.834226131439209,1.8051885266830354,1.8148674321105307,1980
2017-10-20,1.8390663862228394,1.8390663862228396,1.810028773812668,1.8342266149213495,17930
2017-10-23,1.8293864727020264,1.834226115761627,1.7906694551500313,1.834226115761627,9350
2017-10-24,1.7906687259674072,1.834225368842195,1.7906687259674072,1.8293857277533565,29700
2017-10-25,1.7906687259674072,1.8293857277533565,1.7906687259674072,1.795508367056246,11330
2017-10-26,1.8197062015533447,1.8197062015533447,1.7906686107383931,1.8148665607759356,7810
2017-10-27,1.8293864727020264,1.8390658857460391,1.8003488681940443,1.8245468296424254,13420
2017-10-30,1.8293864727020264,1.8390658857460391,1.7858298120904306,1.8390658857460391,10780
2017-10-31,1.8051881790161133,1.8342257781798434,1.7858294834157877,1.814867082579518,10120
2017-11-01,1.8226011991500854,1.8371821260117138,1.8031603882201885,1.8080207821511862,4290
2017-11-02,1.8226011991500854,1.8226011991500854,1.8226011991500854,1.8226011991500854,0
2017-11-03,1.8371810913085938,1.8371810913085938,1.7739975353788842,1.7934388452221357,9680
2017-11-06,1.8371810913085938,1.8371810913085938,1.8371810913085938,1.8371810913085938,0
2017-11-07,1.7837196588516235,1.8226016732219572,1.7739989959268958,1.7934403217763513,10450
2017-11-08,1.8226011991500854,1.8226011991500854,1.7934398552895578,1.7934398552895578,1650
2017-11-09,1.7837196588516235,1.817741915355313,1.7594185751355238,1.7594185751355238,5500
2017-11-10,1.8177409172058105,1.8177409172058103,1.8177409172058103,1.8177409172058103,440
2017-11-13,1.8226011991500854,1.8226011991500854,1.8226011991500854,1.8226011991500854,30580
2017-11-14,1.7496964931488037,1.8226001950326405,1.7302551830668969,1.8226001950326405,58630
2017-11-15,1.7496964931488037,1.749696493148804,1.749696493148804,1.749696493148804,0
2017-11-16,1.773998498916626,1.7983000856871612,1.773998498916626,1.7934398193193262,15510
2017-11-17,1.7983002662658691,1.7983002662658691,1.7010949291481632,1.788579605088406,16280
2017-11-20,1.7983002662658691,1.7983002662658691,1.7983002662658691,1.7983002662658691,0
2017-11-21,1.7885794639587402,1.7983001243691847,1.7594181200558188,1.7983001243691847,19360
2017-11-22,1.7983002662658691,1.7983002662658691,1.7594182588844793,1.7934399994099839,7590
2017-11-23,1.7934401035308838,1.7983003706689393,1.759418361030195,1.759418361030195,2860
2017-11-24,1.7885794639587402,1.7934398578968038,1.7739985370759146,1.783719197486359,11880
2017-11-27,1.7691380977630615,1.7983000782464498,1.7691380977630615,1.7885794180853205,5940
2017-11-28,1.7885794639587402,1.7934398578968038,1.7739985370759146,1.7739985370759146,6600
2017-11-29,1.7885794639587402,1.7885794639587402,1.7448371931729931,1.783719197486359,16280
2017-11-30,1.7642771005630493,1.7837178973509926,1.764277100563049,1.7837178973509926,2420
2017-12-01,1.7524784803390503,1.815938776253423,1.7524784803390505,1.815938776253423,8580
2017-12-04,1.7817670106887817,1.7915302386055234,1.7085440175399293,1.7573595170043166,21120
2017-12-05,1.7720030546188354,1.7817657636070692,1.7720030546188354,1.7817657636070692,11330
2017-12-06,1.767122507095337,1.7817667708921823,1.7622408297820276,1.776885093578873,3630
2017-12-07,1.767122507095337,1.7671225070953367,1.708543787597943,1.7671225070953367,22880
2017-12-08,1.7573586702346802,1.7866476997528924,1.7573586702346802,1.7817661521585895,4620
2017-12-11,1.7183074951171875,1.786648820225351,1.7085442657819028,1.7329517630126414,28490
2017-12-12,1.7475963830947876,1.7720043901876725,1.7280699262109311,1.7280699262109311,6710
2017-12-13,1.7231882810592651,1.7573595147113434,1.7183072432146524,1.7573595147113434,14080
2017-12-14,1.7085442543029785,1.7378333019926384,1.7085442543029787,1.7280700727229485,29040
2017-12-15,1.7573586702346802,1.7573586702346802,1.6597277183486219,1.703661646697348,61380
2017-12-18,1.7475963830947876,1.7573596115367158,1.7085441094464306,1.7573596115367158,2530
2017-12-19,1.732951045036316,1.7427142703266134,1.732951045036316,1.7427142703266134,2200
2017-12-20,1.767122507095337,1.7671225070953367,1.7671225070953367,1.7671225070953367,110
2017-12-21,1.767122507095337,1.772004056384799,1.7671225070953367,1.7671225070953367,3410
2017-12-22,1.7720030546188354,1.7720030546188354,1.7085428217079341,1.747595065922391,2860
2017-12-25,1.7720030546188354,1.7720030546188354,1.7720030546188354,1.7720030546188354,0
2017-12-26,1.7817670106887817,1.7866485606352205,1.718307245456671,1.7622410669507553,13200
2017-12-27,1.7817670106887817,1.7817670106887817,1.7427147391411362,1.7720042948674972,22330
2017-12-28,1.7622406482696533,1.7866481361552768,1.7329510995020356,1.7817665873686186,30030
2017-12-29,1.7622406482696533,1.762240648269653,1.762240648269653,1.762240648269653,0
2018-01-02,1.7994190454483032,1.8190313553000446,1.7749040760433374,1.784709652324993,4730
2018-01-03,1.8043212890625,1.8141275039250435,1.7749032874126007,1.7749032874126007,12980
2018-01-04,1.8141285181045532,1.8141285181045534,1.7650980593193335,1.7945160774152291,23870
2018-01-05,1.8141285181045532,1.8337409587938776,1.7896130315367071,1.8190315639830754,5060
2018-01-08,1.8092249631881714,1.8092249631881716,1.7798068247816528,1.804321790101573,12980
2018-01-09,1.8141285181045532,1.8141285181045534,1.7798073255425175,1.8043222977598912,7370
2018-01-10,1.7994190454483032,1.8141283099840102,1.7994190454483032,1.8141283099840102,5500
2018-01-11,1.7896122932434082,1.8141277696975489,1.765097331139528,1.765097331139528,30360
2018-01-12,1.8092249631881714,1.8092249631881716,1.7650975626970207,1.7945155725159574,4950
2018-01-15,1.8043212890625,1.8141275039250435,1.7798063305500993,1.8043212890625,6160
2018-01-16,1.7700004577636719,1.8141278545293655,1.7650974136785949,1.789612376928838,41580
2018-01-17,1.7994190454483032,1.8141283099840102,1.765097856823665,1.7749040760433374,27940
2018-01-18,1.8092249631881714,1.8092249631881716,1.7700006071960375,1.774903780282636,17270
2018-01-19,1.8141285181045532,1.8141285181045534,1.784709857070567,1.8092254722260315,6380
2018-01-22,1.7896122932434082,1.8141277696975489,1.7847091208000412,1.8141277696975489,9570
2018-01-23,1.7847098112106323,1.7847098112106325,1.7650980139633439,1.770001059715877,41690
2018-01-24,1.8337411880493164,1.8337411880493164,1.7847100801961069,1.7847100801961069,57090
2018-01-25,1.8337411880493164,1.8337411880493164,1.8337411880493164,1.8337411880493164,0
2018-01-26,1.8435463905334473,1.8533526101032751,1.8043221551921749,1.828837639822941,33550
2018-01-29,1.8484492301940918,1.858255319402212,1.7650976005126549,1.8435460570024471,35640
2018-01-30,1.8043212890625,1.8435455055749428,1.7994182459250014,1.823933718787587,5830
2018-01-31,1.853352427482605,1.8533524274826048,1.8190312410142917,1.8190312410142917,31020
2018-02-01,1.7960799932479858,1.8600500486986995,1.7960799932479858,1.8010007568170958,10340
2018-02-02,1.8059217929840088,1.8600501965466696,1.7960801360112313,1.801000899971473,11110
2018-02-05,1.7960799932479858,1.8256048327672127,1.7960799932479858,1.8206840691981028,7150
2018-02-06,1.8059217929840088,1.8206842139170283,1.7960801360112313,1.7960801360112313,94710
2018-02-07,1.8108422756195068,1.8206839310633267,1.801000620175687,1.8059215124237338,3630
2018-02-08,1.7960799932479858,1.8206840691981028,1.7960799932479858,1.8157633056289928,14960
2018-02-09,1.7813187837600708,1.820684778599002,1.7813187837600708,1.820684778599002,16830
2018-02-14,1.8256046772003174,1.84036722475424,1.7813179379044566,1.84036722475424,3960
2018-02-15,1.8256046772003174,1.835446332552175,1.786238701054249,1.786238701054249,12210
2018-02-16,1.8354465961456299,1.8354465961456299,1.8059217549021869,1.8059217549021869,11550
2018-02-19,1.845288872718811,1.8551305355428886,1.8108436335702063,1.8157645295084304,42240
2018-02-20,1.8502081632614136,1.8502081632614134,1.8108421886383885,1.8305254985805697,50160
2018-02-21,1.8256046772003174,1.8551291270468004,1.8256046772003174,1.8551291270468004,14520
2018-02-22,1.8600496053695679,1.8600496053695676,1.8305252890963781,1.8305252890963781,17930
2018-02-23,1.8551297187805176,1.8600504834998943,1.8305261532882606,1.8600504834998943,12760
2018-02-26,1.9092576503753662,1.9092576503753662,1.850208359545757,1.8551292520794822,61600
2018-02-27,2.017515182495117,2.07656449107526,1.9043374593478035,1.9092582243084553,149490
2018-02-28,1.9486258029937744,2.066723968904768,1.9486258029937742,2.04212038867293,134090
2018-03-01,1.9553461074829102,1.9750968009578755,1.9010309881907301,1.9553461074829102,26400
2018-03-02,2.0639758110046387,2.133103863396424,1.9553454778996748,1.9553454778996748,190630
2018-03-05,2.0145983695983887,2.073851350423084,1.9750965982110016,2.073851350423084,21230
2018-03-06,1.9750964641571045,2.024473836911801,1.9750964641571045,2.024473836911801,6820
2018-03-07,1.9750964641571045,1.9997854095293268,1.9602831228332585,1.9997854095293268,35420
2018-03-08,2.0491623878479004,2.0985397510981207,1.9750960839777463,1.9750960839777463,66440
2018-03-09,2.0541000366210938,2.0936019255375826,1.9750959997933037,2.0244733609389143,28160
2018-03-12,2.0491623878479004,2.073850810478186,2.0096606267451365,2.0541001241729226,9460
2018-03-13,2.0491623878479004,2.0541001241729226,1.9849716861252025,2.0442246515228786,29480
2018-03-14,2.113351583480835,2.123226660601123,2.049160927503904,2.049160927503904,35420
2018-03-15,2.0985398292541504,2.1133531682783224,2.049162464164967,2.0985398292541504,7040
2018-03-16,2.0936031341552734,2.1182920879755964,2.0491634834696253,2.0738519193000227,6710
2018-03-19,1.9849721193313599,2.098540209089712,1.9849721193313599,2.093602471687064,6710
2018-03-20,2.0491623878479004,2.0886641489506643,1.9849716861252025,1.9849716861252025,8250
2018-03-21,2.0491623878479004,2.073850810478186,2.01459784508051,2.0491623878479004,24200
2018-03-22,2.0244734287261963,2.073850791525154,2.0244734287261963,2.073850791525154,20240
2018-03-23,2.0244734287261963,2.0343490307833987,1.9899094042643368,2.0343490307833987,3740
2018-03-26,2.0590386390686035,2.073851464220898,2.0491630338080484,2.068913596841894,14080
2018-03-27,2.0392873287200928,2.098540309895601,2.0392873287200928,2.0738513627015154,19140
2018-03-28,2.0491623878479004,2.0886641489506643,2.0294111835529884,2.0491623878479004,11110
2018-03-29,2.0392873287200928,2.0738513627015154,2.0392873287200928,2.0491629334972163,11220
2018-04-02,2.0807080268859863,2.1005245388112646,2.0410756526634155,2.1005245388112646,17050
2018-04-03,2.075753927230835,2.080708120397605,2.0460298076350356,2.080708120397605,9680
2018-04-04,2.0708000659942627,2.0708000659942627,2.0311671763685086,2.0608918111064285,6600
2018-04-05,2.0361220836639404,2.0708009251972843,2.0361220836639404,2.0361220836639404,12650
2018-04-06,2.0658464431762695,2.0757540505447722,2.0311676086511286,2.0757540505447722,7920
2018-04-09,2.0311694145202637,2.0658482798776396,2.021261148714481,2.041077680326046,18040
2018-04-10,2.0509841442108154,2.0559382077983814,2.031167630009328,2.0559382077983814,3300
2018-04-11,2.0262129306793213,2.060891756912015,2.0262129306793213,2.0311671229557513,4620
2018-04-12,2.0658464431762695,2.0658464431762695,1.9073162801155328,2.0311676086511286,24090
2018-04-13,2.0014426708221436,2.055937347481816,2.0014426708221436,2.031166780058122,19250
2018-04-16,1.9816278219223022,2.0559390666291715,1.9816278219223022,2.0163066712985516,7480
2018-04-17,2.0509841442108154,2.0509841442108154,1.9964893148219796,2.041075887110072,13860
2018-04-18,2.0410754680633545,2.0509837231298658,2.0262130205007947,2.0262130205007947,18370
2018-04-19,2.0460305213928223,2.0460305213928223,2.011352196532718,2.0460305213928223,7700
2018-04-20,1.9865808486938477,2.0262132232986563,1.9865808486938474,2.0262132232986563,37950
2018-04-23,1.9766725301742554,2.036121415016924,1.9766725301742554,2.036121415016924,23100
2018-04-24,1.9816278219223022,2.0460308053894334,1.9419954265916826,2.03116847849266,32780
2018-04-25,1.9816278219223022,2.0113524757158494,1.9667654950255287,1.9964901488190758,26290
2018-04-26,2.016306161880493,2.0212597065833546,1.971719062529399,2.0212597065833546,6930
2018-04-27,1.9915359020233154,2.016306487906836,1.9915359020233154,2.016306487906836,5170
2018-04-30,1.9816278219223022,2.006398410058814,1.9667654950255287,1.9816278219223022,15290
2018-05-02,1.998335838317871,2.0082779296001676,1.9635391054915714,1.9883937470355748,30470
2018-05-03,2.0082767009735107,2.0082767009735107,1.9635379042352854,2.003305593188957,11220
2018-05-04,1.998335838317871,2.0082779296001676,1.953597014209275,2.0082779296001676,2310
2018-05-07,1.988393783569336,1.9883937835693357,1.9436549586387306,1.953597050103698,25520
2018-05-08,2.0102899074554443,2.0202666546898143,1.9703835726365346,2.0202666546898143,6270
2018-05-09,2.020265817642212,2.020265817642212,1.9703827562567557,1.9703827562567557,28710
2018-05-10,2.015277624130249,2.0402187637458686,1.9853473931553043,2.015277624130249,12100
2018-05-11,1.9953258037567139,2.0102908663345254,1.9803607411789022,1.9903373623482592,30250
2018-05-14,1.9005470275878906,1.9853481376590725,1.85565238382019,1.9853481376590725,153340
2018-05-15,1.8905699253082275,1.9005466708350727,1.775838725398269,1.9005466708350727,126280
2018-05-16,1.855652093887329,1.8955584231320055,1.8007805804696224,1.8955584231320055,29040
2018-05-17,1.7957931756973267,1.8456762758587764,1.750898385552022,1.8157460232906228,121880
2018-05-18,1.8406872749328613,1.840687274932861,1.7908041934952375,1.7957925016389997,10560
2018-05-21,1.8456759452819824,1.8706172292479815,1.8007811631777277,1.8456759452819822,19250
2018-05-22,1.8706177473068237,1.8805944991389663,1.8456764564334507,1.8606415187697773,7370
2018-05-23,1.915510892868042,1.915510892868042,1.8356976228414448,1.8706156259484468,77990
2018-05-24,1.8356988430023193,1.870616869318798,1.8356988430023193,1.845675590151801,77990
2018-05-25,1.8207340240478516,1.865629326636729,1.7957927416431114,1.865629326636729,8910
2018-05-28,1.7957931756973267,1.870617564291979,1.7109915129515783,1.820734464130529,40370
2018-05-29,1.7060033082962036,1.795793286603421,1.7060033082962036,1.7908049762792038,90640
2018-05-30,1.7957931756973267,1.825722774146674,1.745910075535877,1.825722774146674,21670
2018-06-01,1.7725634574890137,1.8026072798496495,1.732505684275681,1.7976000417829616,40260
2018-06-04,1.782578945159912,1.8727098001465694,1.7725643327612643,1.7725643327612643,7260
2018-06-05,1.797601580619812,1.8376593881246315,1.7725649748932777,1.7875869645932547,8800
2018-06-06,1.7775723934173584,1.797601625975839,1.7625510599397818,1.797601625975839,8140
2018-06-07,1.7525358200073242,1.7775717608549109,1.7024634130311969,1.7775717608549109,31350
2018-06-08,1.7325078248977661,1.7475298202987863,1.7325078248977663,1.7475298202987863,6820
2018-06-11,1.7024635076522827,1.7625505306834464,1.702463507652283,1.72749944989134,9460
2018-06-12,1.7675575017929077,1.8526810046445772,1.747528928955849,1.7525361706553124,6710
2018-06-13,1.7525358200073242,1.7675571481394468,1.7274993538787833,1.7274993538787833,2970
2018-06-14,1.727499008178711,1.8126224769642811,1.7274990081787107,1.8126224769642811,1320
2018-06-15,1.7124773263931274,1.7475284016742056,1.7024632399765451,1.7224918067703852,34870
2018-06-18,1.6924490928649902,1.7274996524867254,1.6624053808456134,1.7174850380401794,9900
2018-06-19,1.727499008178711,1.742520858585676,1.6674120005114867,1.692448461629833,11660
2018-06-20,1.727499008178711,1.752535469297057,1.692448461629833,1.7274990081787107,9460
2018-06-21,1.727499008178711,1.752535469297057,1.7274990081787107,1.7475282296014727,16280
2018-06-22,1.727499008178711,1.7274990081787107,1.702463072341214,1.7274990081787107,7810
2018-06-25,1.74752938747406,1.7625512478341627,1.737514770127225,1.7625512478341627,19580
2018-06-26,1.7725634574890137,1.7775708268758712,1.727498446208993,1.7775708268758712,2090
2018-06-27,1.717484951019287,1.7625506480852413,1.7174849510192869,1.7625506480852413,6820
2018-06-28,1.727499008178711,1.7725640341187574,1.71748439746733,1.752535469297057,2970
2018-06-29,1.7024635076522827,1.802608327170479,1.702463507652283,1.802608327170479,27830
2018-07-02,1.7193607091903687,1.7344429421135092,1.694224137761402,1.694224137761402,8910
2018-07-03,1.7294156551361084,1.759580256526364,1.7193609198541124,1.759580256526364,14190
2018-07-04,1.7545535564422607,1.7545535564422607,1.7193615740214756,1.7344438145309151,5170
2018-07-05,1.7344433069229126,1.7595804110313156,1.7344433069229126,1.7394706750053528,15400
2018-07-06,1.714333415031433,1.7545523436614592,1.7143334150314333,1.7545523436614592,6270
2018-07-10,1.7294156551361084,1.759580256526364,1.7143339477573822,1.759580256526364,14190
2018-07-11,1.7294156551361084,1.7344431546251957,1.7193609198541124,1.7294156551361084,1100
2018-07-12,1.7344433069229126,1.7545530429488754,1.7344433069229126,1.7545530429488754,5500
2018-07-13,1.7444978952407837,1.759580128918073,1.7344430288398978,1.7495252625171869,4840
2018-07-16,1.7444978952407837,1.759580128918073,1.7444978952407837,1.759580128918073,12760
2018-07-17,1.7495253086090088,1.7796892493659475,1.7394704419432239,1.7444979412001578,15180
2018-07-18,1.8199094533920288,1.8349911661849088,1.7595808881947348,1.7796899704333777,2750
2018-07-19,1.8418277502059937,1.8418277502059937,1.7610904180929376,1.8165975158872838,12540
2018-07-20,1.8670587539672852,1.892288991530352,1.84182798704671,1.892288991530352,5830
2018-07-23,1.8670587539672852,1.892288991530352,1.8367817542589686,1.892288991530352,9240
2018-07-24,1.8569648265838623,1.882195571844617,1.821642286108007,1.8620110550395714,14410
2018-07-25,1.8670587539672852,1.8670587539672852,1.766136745000001,1.8670587539672852,4400
2018-07-26,1.8418277502059937,1.8670585138821438,1.8165975158872838,1.8620124140826577,29480
2018-07-27,1.8569648265838623,1.867057151156017,1.8569648265838623,1.867057151156017,1320
2018-07-30,1.8519190549850464,1.8670574783264005,1.8014580849781556,1.8569651519857355,7370
2018-07-31,1.8418277502059937,1.8670585138821438,1.8216436156867697,1.8670585138821438,4730
2018-08-01,1.8183320760726929,1.868981950224676,1.7980718607424837,1.868981950224676,10890
2018-08-02,1.8385916948318481,1.8436561496308392,1.7980714072263133,1.8436561496308392,8470
2018-08-03,1.7930065393447876,1.8335269654594368,1.7930065393447876,1.8233968589307745,16940
2018-08-06,1.7980715036392212,1.8183317149456821,1.7980715036392214,1.7980715036392214,5170
2018-08-07,1.7980715036392212,1.86391645979447,1.7980715036392214,1.8233967013549564,8580
2018-08-08,1.853785753250122,1.868980973221889,1.7980709208076602,1.8436556508804907,12430
2018-08-09,1.8335270881652832,1.8689818656322363,1.8132668737520765,1.8689818656322363,5390
2018-08-10,1.8031361103057861,1.8588510819088435,1.8031361103057861,1.8588510819088435,2750
2018-08-13,1.863916277885437,1.8639162778854372,1.8031363140712875,1.8487211873058982,26070
2018-08-14,1.8588509559631348,1.8689810587965916,1.8233961938019365,1.8689810587965916,9790
2018-08-15,1.8740456104278564,1.884175710918754,1.8284607559745796,1.8284607559745796,37400
2018-08-16,1.8487223386764526,1.8740475496929272,1.838592759041918,1.8740475496929272,20790
2018-08-17,1.8740456104278564,1.8740456104278562,1.8487204256179193,1.853785409446061,17930
2018-08-20,1.8436570167541504,1.8689823578578328,1.838592559573204,1.838592559573204,11220
2018-08-21,1.7778123617172241,1.8588520359571716,1.777812361717224,1.838592349857948,17160
2018-08-22,1.8487223386764526,1.8487223386764526,1.77274776830504,1.787942337008969,14190
2018-08-23,1.7930065393447876,1.8385919523064214,1.787941552497803,1.8385919523064214,3520
2018-08-24,1.8183320760726929,1.8233970634878913,1.803136848157682,1.8233970634878913,770
2018-08-27,1.8233977556228638,1.8487224366423158,1.803137532602172,1.8385928564710035,3960
2018-08-28,1.8132662773132324,1.8436559247634465,1.798071187918809,1.8233963811877343,18150
2018-08-29,1.8436570167541504,1.8436570167541504,1.8183324726588899,1.8183324726588899,4290
2018-08-30,1.7980715036392212,1.8487213677319652,1.7980715036392214,1.8436562484880092,21120
2018-08-31,1.8436570167541504,1.853787126628676,1.798072252909839,1.8233974611787842,7920
2018-09-03,1.8232554197311401,1.8334413295573528,1.8232554197311404,1.8283484414274636,4620
2018-09-04,1.8334418535232544,1.9811355179318988,1.8130700280489145,1.9047425748510827,11660
2018-09-05,1.8283488750457764,1.8589059439392768,1.80797705056189,1.8181629628038332,5060
2018-09-06,1.8283488750457764,1.8334417643835148,1.80797705056189,1.8334417643835148,6820
2018-09-10,1.8436273336410522,1.848720222031321,1.8130696026001165,1.8181626245568263,15070
2018-09-11,1.8487200736999512,1.8487200736999512,1.8334412761885925,1.8334412761885925,5280
2018-09-12,1.813069224357605,1.8487198363513786,1.813069224357605,1.843626949023588,9350
2018-09-13,1.8487200736999512,1.8538124274158734,1.8130694571291608,1.8130694571291608,12540
2018-09-14,1.8487200736999512,1.8487200736999512,1.8232553666588767,1.8283483882069496,3080
2018-09-17,1.8334418535232544,1.8487206558457732,1.8283489639379054,1.8487206558457732,4730
2018-09-18,1.8232554197311401,1.8436272393835655,1.8232554197311404,1.8436272393835655,22220
2018-09-19,1.8283488750457764,1.8385346537212535,1.8283488750457761,1.8334417643835148,4730
2018-09-20,1.8079768419265747,1.8436274638761636,1.8079768419265747,1.8436274638761636,8690
2018-09-21,1.8436273336410522,1.848720222031321,1.8385343116843424,1.8436273336410522,2640
2018-09-24,1.8487200736999512,1.8487200736999512,1.8487200736999512,1.8487200736999512,3960
2018-09-25,1.8487200736999512,1.8487200736999512,1.8436271857183084,1.8487200736999512,15510
2018-09-26,1.8792775869369507,1.879277586936951,1.833441587323792,1.833441587323792,770
2018-09-27,1.8741843700408936,1.8741843700408936,1.8741843700408936,1.8741843700408936,110
2018-09-28,1.8741843700408936,1.8741843700408936,1.8334413970679833,1.8334413970679833,990
2018-10-01,1.8536725044250488,1.9714473001772865,1.8434310952214636,1.9714473001772865,6160
2018-10-02,1.8792750835418701,1.8946371274243683,1.8741543127182603,1.8946371274243683,9350
2018-10-03,1.8946365118026733,1.940722091298981,1.8587922020375724,1.9048779158280018,55000
2018-10-04,1.8946365118026733,1.9253600524080494,1.8587922020375724,1.9253600524080494,25850
2018-10-05,1.9048792123794556,1.9202407245496762,1.8741549793910952,1.9151206233755758,15400
2018-10-08,1.9458436965942383,1.9663265134464296,1.909999371426711,1.909999371426711,72270
2018-10-09,1.8843960762023926,1.9356024511743026,1.8843960762023926,1.9356024511743026,3520
2018-10-10,1.9356029033660889,1.9356029033660889,1.8843965164314422,1.8843965164314422,10010
2018-10-11,1.9253610372543335,1.9458438557822084,1.92024039976946,1.9356024465182708,45980
2018-10-15,1.9407237768173218,1.945844550424438,1.9253617245844499,1.9253617245844499,4840
2018-10-16,1.9570679664611816,1.9570679664611819,1.9364127758720135,1.9364127758720135,8360
2018-10-17,1.9570679664611816,1.9570679664611819,1.9415765396629996,1.9570679664611819,9680
2018-10-18,1.9570679664611816,1.9570679664611819,1.9157579915585172,1.9415765396629996,22550
2018-10-19,1.9570679664611816,1.9570679664611819,1.9157579915585172,1.9415765396629996,39490
2018-10-22,1.9519041776657104,1.9570679413905472,1.936412751065978,1.9570679413905472,10780
2018-10-23,2.0138702392578125,2.1171455528041987,1.9312502592712504,1.946741150027388,122760
2018-10-24,1.9932152032852173,2.0396896430208233,1.95190520712435,1.9932152032852175,29700
2018-10-25,2.003542184829712,2.0655074963936806,1.9415768732657435,1.9777236322890726,12650
2018-10-26,2.0087051391601562,2.0138690371804207,1.9622314112297001,2.0138690371804207,27940
2018-10-29,2.003542184829712,2.013869849611413,1.9828875323925468,2.013869849611413,28490
2018-10-30,2.0138702392578125,2.044853104172275,1.9932149056979882,2.029361671715044,24310
2018-10-31,2.0138702392578125,2.0396893384949557,1.998378806800581,2.0035425724779,14740
2018-11-01,2.0449814796447754,2.0553620866191267,2.003458507262347,2.024219993453561,30690
2018-11-05,2.0657427310943604,2.070933035701798,2.013839685019983,2.0657427310943604,26400
2018-11-06,2.0761232376098633,2.086503981751906,2.0242201975059975,2.0657424934678206,15180
2018-11-07,2.060551404953003,2.07612244717714,2.029409728868383,2.0449809072137377,33000
2018-11-08,2.102074384689331,2.102074384689331,2.0501713605166856,2.060551556987531,56100
2018-11-09,2.107264995574951,2.128025936040608,2.0605518586178646,2.1020746923979132,97130
2018-11-12,2.1954994201660156,2.3096861953250185,2.0761223432325675,2.0761223432325675,117810
2018-11-13,2.2006912231445312,2.2058815281385087,2.1124561743682118,2.1955007820292582,22440
2018-11-14,2.169548749923706,2.200690432579086,2.102074673119768,2.179928947818842,25190
2018-11-16,2.2058815956115723,2.2058815956115723,2.1124562389835995,2.1124562389835995,49060
2018-11-19,2.148787498474121,2.2058808354802624,2.1435970589886737,2.2058808354802624,7370
2018-11-21,2.159168243408203,2.1799291859513588,2.1332164526835826,2.148787636015364,7150
2018-11-22,2.179929494857788,2.205881289259902,2.138407195523784,2.148787940508886,26400
2018-11-23,2.153977632522583,2.2110709650408413,2.138406587532725,2.1799288750611256,16940
2018-11-26,2.169548749923706,2.174738508568158,2.1332162196539017,2.148787401284708,17270
2018-11-27,2.164358615875244,2.1695489194101514,2.1384068259581928,2.1435971294931,13090
2018-11-28,2.169548749923706,2.169548749923706,2.128025916524464,2.1643584467942683,11660
2018-11-29,2.169548749923706,2.169548749923706,2.1591680075435837,2.1591680075435837,6930
2018-11-30,2.164358615875244,2.1695489194101514,2.1539778726841723,2.1695489194101514,5720
2018-12-03,2.1904044151306152,2.2060502860047397,2.17997433605754,2.185189033655663,11110
2018-12-04,2.1643285751342773,2.2060503980751274,2.1643285751342773,2.2060503980751274,21890
2018-12-05,2.169543743133545,2.289494646613134,2.138252000905717,2.1643284983540294,82830
2018-12-06,2.1747593879699707,2.1851893316902036,2.148682887364775,2.1851893316902036,24750
2018-12-07,2.1747593879699707,2.1747593879699707,2.1382522597676195,2.15911351496193,19140
2018-12-10,2.179974317550659,2.185189015104512,2.1486825760680612,2.174759072895348,10670
2018-12-11,2.1904044151306152,2.2321267830534026,2.148682594309291,2.185189033655663,16390
2018-12-12,2.200835704803467,2.2060509510753223,2.1591138714040268,2.200835704803467,6600
2018-12-13,2.195619583129883,2.211265590232806,2.1695436340936034,2.211265590232806,2200
2018-12-14,2.206049919128418,2.211265299736028,2.127820988093726,2.211265299736028,45540
2018-12-17,2.185190200805664,2.1904055850662485,2.1486837419605256,2.1904055850662485,15840
2018-12-18,2.1904044151306152,2.2060502860047397,2.185189033655663,2.1956196598302014,2310
2018-12-19,2.1904044151306152,2.2008350413051536,2.1695437098830017,2.1956196598302014,9350
2018-12-20,2.1904044151306152,2.1904044151306152,2.153897839008877,2.185189033655663,10780
2018-12-21,2.2164812088012695,2.2164812088012695,2.1851893260899984,2.1851893260899984,6380
2018-12-26,2.159113645553589,2.2164813485431516,2.143467634823832,2.164328891279913,21120
2018-12-27,2.185190200805664,2.206051464297123,2.1799755004222745,2.1904055850662485,7480
2018-12-28,2.1538968086242676,2.2008339884666603,2.1434661874395466,2.2008339884666603,9680
2019-01-02,2.191709280014038,2.2286776990662593,2.1019280818562476,2.1811466964917834,65010
2019-01-03,2.212834119796753,2.212834119796753,2.1811470565280104,2.207553450439629,10230
2019-01-04,2.302614688873291,2.3343017432810926,2.2075528331214436,2.2128335010018856,70180
2019-01-07,2.3290207386016846,2.3501459051961557,2.276208514644014,2.276208514644014,43450
2019-01-08,2.318458318710327,2.3237395399008047,2.2973331569370776,2.302614378127555,6050
2019-01-09,2.3290207386016846,2.3712710717906265,2.2920523203370164,2.2973336812384852,20790
2019-01-10,2.3448638916015625,2.3659890510680284,2.323739286157715,2.323739286157715,14300
2019-01-11,2.360708713531494,2.360708713531494,2.318459204870432,2.3448650439043037,3630
2019-01-14,2.360708713531494,2.3659902137520032,2.3237404280794953,2.3659902137520032,25630
2019-01-15,2.4029576778411865,2.4240828404680252,2.3501454638024675,2.3501454638024675,35200
2019-01-16,2.5033020973205566,2.5085833212830884,2.381834223193806,2.4029588420324486,32560
2019-01-17,2.492739677429199,2.492739677429199,2.4346462196437906,2.4821772305591248,26950
2019-01-18,2.5244266986846924,2.5297079214516236,2.4610517484700902,2.5033015306055435,17160
2019-01-21,2.550832748413086,2.5561139704737705,2.5191448620262085,2.534988805219647,14630
2019-01-22,2.5191454887390137,2.545551882623202,2.455770808244452,2.5349894358741083,16390
2019-01-23,2.508582592010498,2.529707758730792,2.4557703677382734,2.461051590165496,13090
2019-01-24,2.5191454887390137,2.529708212499562,2.429364968383172,2.50858304198992,21560
2019-01-28,2.4821765422821045,2.50858237512382,2.4293643225759114,2.50858237512382,9350
2019-01-29,2.4663314819335938,2.508581238556374,2.4346444414777633,2.4821754176783912,12430
2019-01-30,2.4768950939178467,2.492738758381559,2.42936410052671,2.482176315405751,23980
2019-01-31,2.4821765422821045,2.4821765422821045,2.4135203796526734,2.4135203796526734,6710
2019-02-01,2.4453511238098145,2.493091123987185,2.4453511238098145,2.493091123987185,12760
2019-02-04,2.62039852142334,2.6522249154694433,2.4718734943448704,2.4718734943448704,46420
2019-02-05,2.5938756465911865,2.6522245374466276,2.5832664791152844,2.646920092823406,45540
2019-02-06,2.636309862136841,2.64691902533412,2.5938746004944537,2.5938746004944537,14300
2019-02-07,2.641615390777588,2.705268720053302,2.6044842820334213,2.6522242789902073,32340
2019-02-08,2.641615390777588,2.641615390777588,2.6257023366880907,2.641615390777588,13200
2019-02-11,2.6257028579711914,2.70526925713279,2.6044847991040823,2.641615915219922,11660
2019-02-12,2.652223587036133,2.6893544078635916,2.5991791598121075,2.6893544078635916,16610
2019-02-13,2.731790542602539,2.784834970535321,2.6522236224740037,2.673441671876479,66880
2019-02-14,2.689354419708252,2.73179051813309,2.646919155971494,2.6575280414630233,27060
2019-02-15,2.7370951175689697,2.7530081684878764,2.6681373579264123,2.6893545736653706,13970
2019-02-18,2.7158777713775635,2.779531382705651,2.6787469386328047,2.76892221562643,20020
2019-02-19,2.588571071624756,2.7158777361717656,2.5779619046830606,2.7158777361717656,139700
2019-02-20,2.5779623985290527,2.6522249119703116,2.535527113780401,2.6097893489921624,45540
2019-02-21,2.5673537254333496,2.6097890045818755,2.5461356685148955,2.6097890045818755,15070
2019-02-22,2.583266258239746,2.5991798689782177,2.5090045963231082,2.567353482189578,28710
2019-02-25,2.599179983139038,2.6999644267895806,2.5408310947097767,2.583266371701611,28820
2019-02-26,2.6257028579711914,2.6522248055387334,2.583266740236973,2.6310067466716243,12540
2019-02-27,2.599179983139038,2.6257024833817857,2.5885710943337177,2.5885710943337177,9900
2019-02-28,2.5938756465911865,2.6257025925599766,2.5726575898688404,2.6044845358376305,10120
2019-03-01,2.5835275650024414,2.6314698361475664,2.5835275650024414,2.6314698361475664,13750
2019-03-06,2.6101627349853516,2.6900658868316083,2.583528164766535,2.631470447041424,15070
2019-03-07,2.6314704418182373,2.690065881492116,2.6208164461087997,2.6208164461087997,17270
2019-03-08,2.6581027507781982,2.663429605518757,2.631468756480321,2.663429605518757,14410
2019-03-11,2.679410934448242,2.684737790153617,2.6421223857006835,2.6581032322217752,14850
2019-03-12,2.6900668144226074,2.7007199756113343,2.6421245156162163,2.6634322350196338,11110
2019-03-13,2.6634304523468018,2.6847381574886615,2.6634304523468018,2.6847381574886615,3740
2019-03-14,2.6314704418182373,2.706046176543533,2.615489587956629,2.6634313113261663,27500
2019-03-15,2.6634304523468018,2.690065013922875,2.63679644958074,2.642122747204942,5280
2019-03-18,2.6581027507781982,2.663429605518757,2.6101610581131687,2.6581027507781982,34870
2019-03-19,2.6634304523468018,2.6634304523468018,2.626142736712313,2.6581035959125883,13200
2019-03-20,2.6421234607696533,2.6634311716661387,2.6101625929376286,2.6634311716661387,7370
2019-03-21,2.6314704418182373,2.6634313113261663,2.5888550177906793,2.610162729804458,15730
2019-03-22,2.5835275650024414,2.6581038413731246,2.5728744099602685,2.6421229911897393,29260
2019-03-25,2.6314704418182373,2.6314704418182373,2.535586436268971,2.5835281596385085,14190
2019-03-26,2.6367974281311035,2.6367974281311035,2.61548971508167,2.6314705697200225,4730
2019-03-27,2.5782015323638916,2.6367969645847635,2.5036252483140857,2.5036252483140857,29370
2019-03-28,2.6101627349853516,2.6154895931480957,2.5409132994645827,2.5782018654139836,10670
2019-03-29,2.6208157539367676,2.6367966035777446,2.567547186483585,2.626142890087108,18260
2019-04-01,2.6157751083374023,2.631822794617829,2.5676320494961224,2.5676320494961224,44770
2019-04-02,2.621124505996704,2.6318229642063726,2.599727308998868,2.605076538103702,18480
2019-04-03,2.642521858215332,2.6425218582153325,2.567632365770173,2.6050766911249776,22220
2019-04-04,2.631822347640991,2.642521083922732,2.5676316134211494,2.5676316134211494,5280
2019-04-05,2.621124505996704,2.6318229642063726,2.583680182841366,2.6318229642063726,9460
2019-04-08,2.621124505996704,2.6318229642063726,2.5943780798940335,2.626473735101538,7590
2019-04-09,2.631822347640991,2.631822347640991,2.599726699952636,2.6104254362343773,12980
2019-04-10,2.6157751083374023,2.631822794617829,2.5836800163550313,2.6211243370975446,15180
2019-04-11,2.6157751083374023,2.6157751083374023,2.5890292451151735,2.6157751083374023,1980
2019-04-12,2.6104254722595215,2.6211239281104723,2.578330104706669,2.589028841136058,11880
2019-04-15,2.567631244659424,2.6211235154934296,2.567631244659424,2.6211235154934296,13970
2019-04-16,2.5943775177001953,2.60507597359154,2.530187343509005,2.60507597359154,10230
2019-04-17,2.58902907371521,2.58902907371521,2.439250117189992,2.58902907371521,22110
2019-04-18,2.5943775177001953,2.5943775177001953,2.546234466189144,2.5676316585502725,4730
2019-04-22,2.5836801528930664,2.5943780498217315,2.5141398947577875,2.5943780498217315,9790
2019-04-23,2.621124505996704,2.626473735101538,2.583680182841366,2.583680182841366,6600
2019-04-24,2.58902907371521,2.6264733919788195,2.556933422700684,2.6264733919788195,17270
2019-04-25,2.5943775177001953,2.626473165952669,2.5890288509114017,2.5890288509114017,21670
2019-04-26,2.6104254722595215,2.626473156035948,2.5622824209302424,2.594377507904657,7150
2019-04-29,2.6104254722595215,2.6104254722595215,2.5515836845008533,2.5515836845008533,22220
2019-04-30,2.58902907371521,2.621124163572809,2.567631879512705,2.6104257067607883,12210
2019-05-02,2.616198778152466,2.6323152620174906,2.578594588388793,2.578594588388793,14960
2019-05-03,2.5947110652923584,2.6215711202582277,2.5893387161674872,2.6215711202582277,9020
2019-05-06,2.58396577835083,2.626942302660855,2.5785937128120766,2.594710191204656,19360
2019-05-07,2.6321921348571777,2.6538565353697776,2.599696244294036,2.6105283025091843,11440
2019-05-08,2.643023729324341,2.643023729324341,2.5401192053967496,2.6105275638735224,39710
2019-05-09,2.6105287075042725,2.6376085731609864,2.55636840802615,2.599696647608648,21230
2019-05-10,2.6159443855285645,2.6430242446014427,2.5617840992182526,2.5617840992182526,6270
2019-05-13,2.6321921348571777,2.6321921348571777,2.556368011433442,2.5671997855662876,9020
2019-05-14,2.6321921348571777,2.643024477154629,2.5942802151864615,2.6105283025091843,19030
2019-05-15,2.6971848011016846,2.708016859448846,2.6484405385394574,2.659272596886619,96360
2019-05-16,2.6971848011016846,2.7350972893990564,2.675520968489668,2.713432888622427,38720
2019-05-17,2.6917691230773926,2.713433528966614,2.5996968894806654,2.6971854376114783,34320
2019-05-20,2.680936098098755,2.6971838960853853,2.6213597971796694,2.6971838960853853,20680
2019-05-21,2.6917691230773926,2.6917691230773926,2.659273224449495,2.686353092625681,26290
2019-05-22,2.637608766555786,2.7080174451221986,2.6159452133408156,2.6971853844323457,67980
2019-05-23,2.6917691230773926,2.6971854376114783,2.626776757656851,2.6971854376114783,27280
2019-05-24,2.708016872406006,2.7621771644009567,2.64844055121156,2.6971848140070156,34760
2019-05-27,2.708016872406006,2.708016872406006,2.6863524715257174,2.708016872406006,10890
2019-05-28,2.7296810150146484,2.7513448456805745,2.6917682460407235,2.70801661618416,20570
2019-05-29,2.7296810150146484,2.7513448456805745,2.67552072814413,2.745928532911242,34320
2019-05-30,2.7350969314575195,2.7405129599223055,2.6971844481217455,2.702600476586532,21230
2019-05-31,2.973402738571167,3.032979057105284,2.735097180352403,2.735097180352403,319990
2019-06-03,3.1259360313415527,3.3705745876651343,3.0172079108204564,3.250973655091929,288860
2019-06-04,3.0933167934417725,3.261845321033829,3.0008973531699037,3.1966084716433554,137390
2019-06-05,3.0335168838500977,3.093317339684746,3.022643788547277,3.028080193623154,39930
2019-06-06,3.191171884536743,3.191171884536743,3.000897449238847,3.0226433515495144,40810
2019-06-07,3.0715715885162354,3.1857361008441765,3.0172075350267393,3.1857361008441765,22440
2019-06-10,3.0987532138824463,3.163990063616599,3.0715709080088653,3.163990063616599,25630
2019-06-11,3.044389247894287,3.120498622652864,3.044389247894287,3.0987532906868593,26290
2019-06-12,3.044389247894287,3.0987532906868593,3.0280797499054914,3.044389247894287,21560
2019-06-13,3.0063347816467285,3.082444457983107,3.000898091043044,3.0498263104186023,15180
2019-06-14,3.044389247894287,3.1531173334794316,2.9900252051017153,3.0226433456262343,25520
2019-06-17,3.038952589035034,3.044388992858871,2.9900249546204987,3.022643092412522,10120
2019-06-18,3.028080463409424,3.0606988967708197,3.006334841168493,3.0552622060594956,11550
2019-06-19,3.0878798961639404,3.120498030498754,3.028079175289032,3.0443886701828946,15620
2019-06-21,3.0987532138824463,3.1259349494539928,3.0443891724373184,3.1150621411649673,42350
2019-06-24,3.044389247894287,3.125935026932121,3.044389247894287,3.125935026932121,33880
2019-06-25,3.0878798961639404,3.093316299411571,2.9954604706522776,3.08787989616394,11880
2019-06-26,3.0987532138824463,3.12049854530948,3.006334058274712,3.12049854530948,37400
2019-06-27,3.0987532138824463,3.0987532138824463,3.0226432707082505,3.0226432707082505,12430
2019-06-28,3.055260419845581,3.1204975335795275,3.044388185383594,3.1096250139666157,23540
2019-07-01,3.1319656372070312,3.1319656372070312,3.0610329620846177,3.071945439165937,60060
2019-07-02,3.186528444290161,3.241092815805908,3.1101394117235137,3.1319646451719922,67980
2019-07-03,3.2520055770874023,3.273831386784885,3.2138111971636163,3.219267578038277,94160
2019-07-04,3.2738306522369385,3.3283944487410917,3.241092660533222,3.2683742725865232,89100
2019-07-05,3.2901999950408936,3.3120249406987763,3.2356361999023453,3.2847433293282706,66110
2019-07-08,3.2683725357055664,3.3283926799641854,3.2410909381502724,3.2901983289073238,81510
2019-07-10,3.3011131286621094,3.3829585444585644,3.252005135067355,3.273830941798224,206800
2019-07-11,3.322939395904541,3.382959596024528,3.2574625277565747,3.3011141547870717,127490
2019-07-12,3.361133337020874,3.541194169050072,3.301113155077409,3.322938389585321,214720
2019-07-15,3.2520055770874023,3.4375228130247097,3.2465491962127415,3.3829590042781015,112310
2019-07-16,3.202897787094116,3.339307579736912,3.1647034114886066,3.3011132041314024,165880
2019-07-17,3.2465505599975586,3.3393093600310015,3.1919867283302152,3.2356383660620094,104720
2019-07-18,3.328395366668701,3.328395366668701,3.2465493631416464,3.2465493631416464,75680
2019-07-19,3.298759937286377,3.364406838399003,3.282347925064864,3.337053675992052,68200
2019-07-22,3.282346248626709,3.337051971613286,3.2549931001902106,3.331581399314628,51700
2019-07-23,3.2549946308135986,3.3261123910816583,3.2495246298291565,3.3261123910816583,35200
2019-07-24,3.326113224029541,3.337054376511763,3.244054867356296,3.2549954459516837,64790
2019-07-25,3.304229259490967,3.4081701468406185,3.2659346744756523,3.3315818376397326,120560
2019-07-26,3.265934705734253,3.293287858031314,3.2604641326634907,3.293287858031314,56980
2019-07-29,3.309699773788452,3.32611120560924,3.2549934706885324,3.287817195159836,35420
2019-07-30,3.2440531253814697,3.3315820112950183,3.2331116918311054,3.3261114379914676,58520
2019-07-31,3.2495250701904297,3.304230826315231,3.1729367246723235,3.2714070856969664,40700
2019-08-01,3.2937557697296143,3.310224822121863,3.233370300073687,3.2827765934285367,32560
2019-08-02,3.2937557697296143,3.310224822121863,3.2114116595308997,3.310224822121863,52360
2019-08-05,3.2827765941619873,3.2827765941619873,3.1839640074302116,3.238859888947865,77330
2019-08-06,3.4584429264068604,3.458442926406861,3.2388594313591814,3.2388594313591814,154330
2019-08-07,3.3761022090911865,3.623134134232655,3.3376747775858124,3.4584458002172354,246950
2019-08-08,3.623131513595581,3.678027393266916,3.3706101791668175,3.430995646805286,308770
2019-08-09,3.540788412094116,3.678028438203284,3.540788412094116,3.650580202628887,50380
2019-08-12,3.595682382583618,3.6505782484651075,3.469421603115642,3.469421603115642,55550
2019-08-13,3.595682382583618,3.6835160559345512,3.4858906508206386,3.595682382583618,178970
2019-08-14,3.4035484790802,3.6450907128041634,3.3212049218675315,3.595684405712135,172040
2019-08-15,3.288266181945801,3.4255061736652093,3.2388598885854414,3.420016585514058,106040
2019-08-16,3.2553293704986572,3.337672915689976,3.200433481743998,3.2937562046862485,53790
2019-08-19,3.156517267227173,3.2663090820362255,3.15102767648672,3.2498405977556355,63030
2019-08-20,3.068683385848999,3.1290688698755855,3.0028080244247493,3.079662564762924,106040
2019-08-21,3.068683385848999,3.107110224107035,2.931443361484238,3.101620634650073,152460
2019-08-22,3.085150718688965,3.1180888221342338,3.0522134790655566,3.0741721187155293,29810
2019-08-23,3.079663038253784,3.129069350962549,3.013787954642098,3.129069350962549,26620
2019-08-26,2.9094836711883545,3.035744471310579,2.854587796326778,2.93693189655974,88220
2019-08-27,2.947911024093628,3.024764959722488,2.9039940369704906,3.024764959722488,46200
2019-08-28,3.123579263687134,3.123579263687134,2.8710578620787954,2.980849650629943,47520
2019-08-29,3.019277334213257,3.0467249958616773,2.9424227874229243,2.9918290966833863,47960
2019-08-30,3.035745620727539,3.1235793417029267,3.0247661536574975,3.1016206955035504,32120
2019-09-02,3.0856528282165527,3.113202985076107,3.063612182500191,3.0856528282165527,32890
2019-09-03,3.0856528282165527,3.1076928959010055,2.9644308663643133,3.1076928959010055,34980
2019-09-04,3.096672296524048,3.1683037417626854,3.069122140838954,3.0966722965240483,20130
2019-09-05,3.0911643505096436,3.179325529168386,3.074634075320613,3.179325529168386,52140
2019-09-06,3.0911643505096436,3.1352450843470594,3.0691236945748472,3.124224611871617,14960
2019-09-09,3.1462655067443848,3.16279549417267,3.0911645852630665,3.140755414596253,30140
2019-09-10,3.140754222869873,3.157284204026029,3.085653322296016,3.124223663681715,27390
2019-09-11,3.2454473972320557,3.267488056415051,3.0966743205734604,3.1297354538560187,67540
2019-09-12,3.306056499481201,3.432788843521158,3.2068748912015543,3.2234048702321987,49060
2019-09-13,3.272998094558716,3.322588926609948,3.234426869375505,3.311568452693548,25190
2019-09-16,3.223405122756958,3.3336074963996345,3.223405122756958,3.3336074963996345,42130
2019-09-17,3.2068755626678467,3.2454461961859793,3.1132037351077857,3.2234055451595935,30470
2019-09-18,3.2454473972320557,3.306058415190932,3.2013666568983274,3.206876749440043,22990
2019-09-19,3.2344257831573486,3.278506507954801,3.2013655285752884,3.278506507954801,18260
2019-09-20,3.2454473972320557,3.2454473972320557,3.140755638939451,3.2399373046903395,43450
2019-09-23,3.272998094558716,3.2785076089766,3.239937250841768,3.245447343291905,55990
2019-09-24,3.2895262241363525,3.3060567826146148,3.278506044494837,3.278506044494837,24860
2019-09-25,3.300546169281006,3.3225868140840706,3.2785055244779406,3.289525702371502,32450
2019-09-26,3.306056499481201,3.3225870565437727,3.2729962524039493,3.2895259424186296,42900
2019-09-27,3.2509567737579346,3.306057687039244,3.2289161194293436,3.3005475957111132,38610
2019-09-30,3.2895262241363525,3.295036602973099,3.278506044494837,3.295036602973099,26510
2019-10-01,3.2677276134490967,3.317489918727691,3.212436163139548,3.317489918727691,37730
2019-10-02,3.2345526218414307,3.2732569290909623,3.2069071852611772,3.2732569290909623,30580
2019-10-03,3.2290241718292236,3.2621993409032273,3.2234956053505868,3.229024171829223,17270
2019-10-04,3.256671190261841,3.2677294866628777,3.229025159243607,3.262200338462359,11220
2019-10-07,3.1903200149536133,3.3064323768947843,3.123970259567539,3.3064323768947843,18040
2019-10-08,3.1405575275421143,3.2511404369571544,3.1405575275421143,3.2511404369571544,38060
2019-10-09,3.1737334728240967,3.2013795020617013,3.135029437913323,3.151617171462134,20570
2019-10-10,3.168203830718994,3.1792621246826203,3.157145826770946,3.173732977700807,28270
2019-10-11,3.184791326522827,3.1958499106925156,3.157145881153144,3.173733032368721,43450
2019-10-14,3.1903200149536133,3.2124368900978455,3.0465619216015782,3.179261722389268,24640
2019-10-15,3.1571462154388428,3.2345539926981126,3.14608792011386,3.2345539926981126,29480
2019-10-16,3.1571462154388428,3.1903208113981796,3.0907964434889434,3.173733368410705,65120
2019-10-17,3.1626737117767334,3.1792608560879616,3.146086277450044,3.1792608560879616,7150
2019-10-18,3.1737334728240967,3.1737334728240967,3.151617171462134,3.162675467150927,12100
2019-10-21,3.168203830718994,3.1847912716644333,3.140558385825507,3.1847912716644333,38940
2019-10-22,3.1626737117767334,3.1737317113123984,3.1516154222256074,3.168202566536835,26400
2019-10-23,3.1903200149536133,3.206907743815673,3.1626745735582897,3.179261722389268,24530
2019-10-24,3.1626737117767334,3.1958485804301127,3.162673711776734,3.168202566536835,14850
2019-10-25,3.1626737117767334,3.1903191456390876,3.1516154222256074,3.1737317113123984,16610
2019-10-28,3.151616096496582,3.168203244356539,3.1405578045795948,3.1626743884135693,26290
2019-10-29,3.146087884902954,3.1571461801041734,3.140558737302345,3.1516170325035637,7260
2019-10-30,3.184791326522827,3.184791326522827,3.146087586999038,3.1516167340760908,26620
2019-10-31,3.1792635917663574,3.2456133861654872,3.1626764331822863,3.168205292699836,19140
2019-11-01,3.1629350185394287,3.3959931738634146,3.1629350185394283,3.3959931738634146,52910
2019-11-04,3.185131072998047,3.190680077272409,3.1629353469577333,3.190680077272409,22990
2019-11-05,3.174031972885132,3.1851296855425124,3.1462866725421534,3.1851296855425124,29700
2019-11-06,3.146287441253662,3.1851304637442786,3.1074447098201246,3.1573857387366315,31130
2019-11-07,3.1795811653137207,3.1795811653137207,3.1296401410341357,3.146287149127331,24970
2019-11-08,3.1351888179779053,3.179580834947317,3.1351888179779053,3.179580834947317,20680
2019-11-11,3.15183687210083,3.1629348790076257,3.096346837566853,3.096346837566853,14630
2019-11-12,3.146287441253662,3.1573857387366315,3.1185421341318564,3.1573857387366315,16610
2019-11-13,3.1629350185394287,3.2128760518231396,3.1129939852557174,3.1573860148412383,29370
2019-11-14,3.1573851108551025,3.190678832454864,3.146286815579154,3.190678832454864,10230
2019-11-18,3.190680503845215,3.190680503845215,3.1629357698212526,3.190680503845215,13200
2019-11-19,3.190680503845215,3.190680503845215,3.1573867648050253,3.190680503845215,16830
2019-11-21,3.1795811653137207,3.196228173406916,3.162934448277578,3.1684834509753097,19030
2019-11-22,3.2017765045166016,3.2128747986411965,3.1629337848369796,3.179580498381394,15180
2019-11-25,3.1629350185394287,3.21842505552133,3.1462877163877536,3.201777753369655,21780
2019-11-26,3.140738010406494,3.1906790325231693,3.140738010406494,3.162934311293167,29700
2019-11-27,3.185131072998047,3.1851310729980464,3.1629353469577333,3.1684843512320953,13420
2019-11-28,3.1629350185394287,3.1906797459732745,3.1573860148412383,3.1906797459732745,19360
2019-11-29,3.1795811653137207,3.1851301680114528,3.1573854455798465,3.162934448277578,19140
2019-12-02,3.1687633991241455,3.191039103349102,3.16319440004143,3.1799013972895764,26400
2019-12-03,3.1743338108062744,3.1743338108062744,3.163195807684359,3.1687648092453164,24750
2019-12-04,3.1631953716278076,3.1910400834880788,3.1576260787285593,3.1854713748008203,18040
2019-12-05,3.157626152038574,3.1854714487573146,3.157626152038574,3.1854714487573146,14300
2019-12-06,3.1743338108062744,3.230023826415852,3.1743338108062744,3.18547181392819,54560
2019-12-09,3.202178478240967,3.2300237777320997,3.1631957600078557,3.1966094767639466,97130
2019-12-10,3.1966097354888916,3.2300240391615076,3.1966097354888916,3.2188860353059874,12430
2019-12-11,3.2133147716522217,3.257866759765904,3.1966077761095906,3.1966077761095906,35860
2019-12-12,3.2133147716522217,3.235591057814938,3.1854700711870456,3.2133147716522217,38610
2019-12-13,3.341402292251587,3.341402292251587,3.2077460252979844,3.213315024249972,126280
2019-12-16,3.3024208545684814,3.3915245797684372,3.2912825602992255,3.3414035700338314,80960
2019-12-17,3.3079898357391357,3.341403549921744,3.263437243142297,3.341403549921744,31130
2019-12-18,3.319127321243286,3.3692489159093455,3.2912826075415054,3.3692489159093455,22550
2019-12-19,3.341402292251587,3.341402292251587,3.3135570053857504,3.3302642943476117,40810
2019-12-20,3.341402292251587,3.4527822712913405,3.341402292251587,3.341402292251587,92290
2019-12-23,3.39152455329895,3.441645562642382,3.341403543955519,3.3748172580784654,44550
2019-12-26,3.497333526611328,3.5084715221704137,3.391522568800012,3.391522568800012,28930
2019-12-27,3.480628728866577,3.530749736292666,3.4750597280414564,3.5084734408861857,39380
2019-12-30,3.5084726810455322,3.5084726810455322,3.430506978485105,3.4806279750563367,12540
2020-01-02,3.6484761238098145,3.6931738142090853,3.519969128292411,3.519969128292411,53240
2020-01-03,3.6428890228271484,3.6764131005993863,3.4976208520910603,3.6484765644979427,73480
2020-01-06,3.6484761238098145,3.6819999044696865,3.4361607023635683,3.642888582813922,64460
2020-01-07,3.6484761238098145,3.7658083303985292,3.626127425141727,3.6819999044696865,72050
2020-01-08,3.7043497562408447,3.7602222529609923,3.6317152174414655,3.659651758864727,29920
2020-01-09,3.7378733158111572,3.760222020051743,3.687588071877707,3.749047814463035,38610
2020-01-10,3.8663790225982666,3.883140473057608,3.7155230378332798,3.7378723222596153,46750
2020-01-13,3.8719663619995117,3.9837113130003634,3.821680547922975,3.8663788213863923,61710
2020-01-14,3.8663790225982666,3.961362235892053,3.855204526916645,3.877553225216797,78650
2020-01-15,3.899902582168579,3.955775061615734,3.899902582168579,3.9054898301132943,41250
2020-01-16,3.8887267112731934,3.939011928785004,3.8887267112731934,3.8999014971166113,57970
2020-01-17,3.8775551319122314,3.922253429681134,3.8775551319122314,3.9110789285047174,56760
2020-01-20,3.9166641235351562,4.050758360339573,3.8663788946321556,3.9110768758792673,137390
2020-01-21,3.8216817378997803,3.96136326320728,3.7993330338038542,3.96136326320728,125950
2020-01-22,3.8887267112731934,3.9110759898970135,3.8496162796048004,3.8552035259950017,70840
2020-01-23,3.9166641235351562,3.9390128210956306,3.8663788946321556,3.9110768758792673,152020
2020-01-24,4.022820949554443,4.291009364533694,3.8999015279967195,3.9390119599747955,219010
2020-01-27,3.9278409481048584,4.073109169402013,3.8831423575598096,4.022823914431109,91300
2020-01-28,3.9669504165649414,4.022822908111519,3.9166651741730214,3.9166651741730214,32890
2020-01-29,4.017233848571777,4.017233848571777,3.9669486288411253,3.9669486288411253,43670
2020-01-30,3.9669504165649414,4.022822908111519,3.888728635336572,4.022822908111519,70950
2020-01-31,3.9222540855407715,3.989301396873823,3.9222540855407715,3.989301396873823,42240
2020-02-03,3.9565532207489014,4.023803656127004,3.9453454517466846,4.023803656127004,48400
2020-02-04,4.0910539627075195,4.0910539627075195,3.9565533804727404,3.9565533804727404,56430
2020-02-05,4.197532653808594,4.247970841360407,4.079844921292835,4.102261632248218,77660
2020-02-06,4.147095203399658,4.203136982804879,4.0742405962217605,4.197532804864357,88110
2020-02-07,4.253576755523682,4.315222735816531,4.158305107168655,4.197534367355013,116050
2020-02-10,4.2199506759643555,4.292805004131406,4.180721422335944,4.292805004131406,56870
2020-02-11,4.270386219024658,4.2759906897363535,4.242365629172479,4.2759906897363535,24200
2020-02-12,4.152699947357178,4.2759921728046235,4.096658160313408,4.2759921728046235,72270
2020-02-13,4.191929817199707,4.214345944280734,4.035012224414058,4.158304156822398,29920
2020-02-14,4.130283832550049,4.197533688034721,4.130283832550049,4.197533688034721,22440
2020-02-17,4.11907434463501,4.186324475627186,4.102261517935872,4.1302826998003725,24420
2020-02-18,4.163906574249268,4.163906574249268,4.074239170672716,4.1526979283389425,47850
2020-02-19,4.130283832550049,4.163908907267971,4.130283832550049,4.163908907267971,35750
2020-02-20,4.018199443817139,4.119075250389439,4.018199443817139,4.119075250389439,33770
2020-02-21,3.995784044265747,4.023804649493358,3.9397422459081035,4.018200175706383,22660
2020-02-26,3.810844898223877,3.8668866830887327,3.6427189557270294,3.8668866830887327,61930
2020-02-27,3.8949062824249268,3.8949062824249268,3.642718021274805,3.653926375372541,58410
2020-02-28,3.872490406036377,3.9341363621360217,3.653926882871791,3.8949068233942334,36080
2020-03-02,3.9912173748016357,4.013703381412649,3.8338173925159174,3.839438525598782,30910
2020-03-03,3.9068984985351562,4.041813161913335,3.895656224203902,4.002463137761069,16720
2020-03-04,3.918142318725586,3.9462497805495547,3.878792579826902,3.8900354466140104,19910
2020-03-05,3.8113346099853516,4.024948740977362,3.766363151912057,4.024948740977362,53570
2020-03-06,3.682041645050049,3.8338206221108986,3.5190200974968633,3.653934186822651,37180
2020-03-09,3.4459388256073,3.6033385247177243,3.2604313950053028,3.6033385247177243,103950
2020-03-10,3.5415050983428955,3.653933738018504,3.4796693465213107,3.4796693465213107,43670
2020-03-11,3.3447554111480713,3.5415058682067517,3.20421987585962,3.5415058682067517,50600
2020-03-12,2.9793601036071777,3.3616179134014903,2.89503895285679,3.2604321786738213,152350
2020-03-13,3.142383337020874,3.3672406098981353,2.97936122447263,3.10865445123317,77220
2020-03-16,2.951253890991211,3.0805470971950726,2.9006610126377264,3.0018467693446955,41360
2020-03-17,3.0355753898620605,3.0355753898620605,2.951254211634458,2.979361074472926,40150
2020-03-18,2.78261137008667,2.9793611864898697,2.698289598976569,2.9793611864898697,106370
2020-03-19,2.7994749546051025,2.805096385520276,2.51278168307517,2.7826109567156476,47520
2020-03-20,2.7601256370544434,2.9849829305945907,2.760125637054443,2.81633996043948,20130
2020-03-23,2.664560556411743,2.7545037539655275,2.5296464972213006,2.7545037539655275,23100
2020-03-24,2.7545037269592285,2.872553785592536,2.703910844687811,2.8107180405941365,33880
2020-03-25,2.872554302215576,2.9962261093105873,2.754504222351202,2.810718546096142,104280
2020-03-26,2.8894190788269043,2.996226300767191,2.8894190788269043,2.968119431954857,18260
2020-03-27,2.810718536376953,2.8781757246376207,2.6420755657252846,2.8725542922825653,24200
2020-03-30,2.827583074569702,2.8669328054512415,2.7545041604864515,2.8107184829688467,11990
2020-03-31,2.827583074569702,2.895040261548576,2.7769901843355465,2.821961347465326,49830
2020-04-01,2.766167163848877,2.7887483970556204,2.658907712613716,2.7887483970556204,37180
2020-04-02,2.737941265106201,2.794394211797461,2.70407014852171,2.794394211797461,18810
2020-04-03,2.7097151279449463,2.7661674770930262,2.664553248626482,2.7661674770930262,18150
2020-04-06,2.766167163848877,2.845200739810968,2.749231164917669,2.8169742723286904,31570
2020-04-07,2.833909511566162,2.8903618450866744,2.8169738115100085,2.84520027437482,31240
2020-04-08,2.9072980880737305,2.912943321905056,2.749230948587462,2.8395552820978276,38940
2020-04-09,2.896008253097534,3.048429303737927,2.8226199011526854,2.9919769530916165,37400
2020-04-13,2.8903627395629883,2.9919769713463173,2.8508463899741185,2.9919769713463173,17050
2020-04-14,2.9806857109069824,3.2121402426197427,2.9072973925520853,2.9919755836595607,119130
2020-04-15,2.9355244636535645,3.0145580469263327,2.879072115676324,2.9355244636535645,44990
2020-04-16,2.862135887145996,2.99762180760155,2.8508460106592994,2.99762180760155,29370
2020-04-17,2.8395559787750244,2.935524681348628,2.833910447454003,2.8564916844241286,33440
2020-04-20,2.862135887145996,2.912943588486817,2.7943936671797385,2.8452007763113434,42130
2020-04-22,2.862135887145996,2.9016531197909043,2.8226195428149112,2.9016531197909043,30800
2020-04-23,2.8000380992889404,2.890362138185682,2.7943934575736016,2.8621356724585474,58190
2020-04-24,2.7435858249664307,2.822619397884356,2.715359950780547,2.8000381655473827,40260
2020-04-27,2.8169727325439453,2.8790702756317055,2.7097133399378133,2.7661656518357773,20460
2020-04-28,2.867781400680542,3.076655366427307,2.862135870261283,3.048428898749436,54560
2020-04-29,2.9637503623962402,2.991976234838857,2.856490921916914,2.991976234838857,184580
2020-04-30,2.8564910888671875,2.9355240693139044,2.850845854827808,2.9072981952216,51150
2020-05-04,2.8231611251831055,2.857175383333647,2.7778091774501497,2.7778091774501497,36630
2020-05-05,2.834500312805176,2.9025282632211176,2.834500312805176,2.891190271485127,18810
2020-05-06,2.857175827026367,2.8628448213733284,2.811823277548935,2.8288305579406896,19800
2020-05-07,2.868514060974121,2.885520748118182,2.823161804970007,2.8571760713108163,26180
2020-05-08,2.880074977874756,2.9261561388478654,2.839754264155208,2.880074977874756,14300
2020-05-11,2.8570327758789062,2.9607159444513766,2.8570327758789062,2.8685533629339015,23760
2020-05-12,2.828232526779175,2.880073811886146,2.816712241199848,2.857032938595691,24970
2020-05-13,2.8512728214263916,2.874313085777405,2.82247181119121,2.8282319528118984,19800
2020-05-14,2.8224737644195557,2.8570343359287977,2.7936727342532803,2.8512747945858306,30470
2020-05-15,2.833993434906006,2.8455140257283396,2.7936721223575445,2.7936721223575445,22880
2020-05-18,2.880074977874756,2.8973557153715954,2.8455144092768467,2.8455144092768467,17160
2020-05-19,2.8858349323272705,2.914635958164484,2.8800747875862087,2.897355523941298,15510
2020-05-20,2.897355556488037,2.9203955314472916,2.8858349647445958,2.9146359909053383,11220
2020-05-21,2.91463565826416,2.937675932725784,2.897355225819038,2.937675932725784,13090
2020-05-22,2.8858349323272705,2.9319160902557666,2.874314642845147,2.9261559455147044,25410
2020-05-25,3.0010368824005127,3.0010368824005127,2.926155024340055,2.9376753101955098,70180
2020-05-26,2.9088752269744873,3.098960267239005,2.9088752269744877,2.9952770785393152,191070
2020-05-27,2.954956293106079,3.001037138325817,2.931915417298459,2.943435704136352,49830
2020-05-28,2.9952778816223145,3.058639477988153,2.9952778816223145,3.0125586191267395,53460
2020-05-29,3.0931994915008545,3.098959936597869,3.0183176329532024,3.0240777759184065,60610
2020-06-01,3.127761125564575,3.1392814143541794,3.024078526458135,3.0932002591957617,39600
2020-06-02,3.242964029312134,3.2544843181580494,3.133521285275939,3.145041574121854,64130
2020-06-03,3.4388084411621094,3.507930466348737,3.2717645792448904,3.2717645792448904,49720
2020-06-04,3.4157702922821045,3.450330870104536,3.3063269014957166,3.4100098434910278,32010
2020-06-05,3.5079307556152344,3.5136908996781187,3.4388087247287547,3.4560894590492754,36850
2020-06-08,3.5540125370025635,3.6288947315682147,3.5021715289880997,3.6288947315682147,54890
2020-06-09,3.4906516075134277,3.559773669810292,3.4330501407093785,3.559773669810292,40480
2020-06-10,3.4906516075134277,3.565533816490697,3.4560910295630034,3.4906516075134277,28050
2020-06-12,3.4906516075134277,3.5194526430474578,3.3696885272249246,3.4560910295630034,43120
2020-06-15,3.4733710289001465,3.4906508609817815,3.4272892610482213,3.4906508609817815,42570
2020-06-16,3.513690710067749,3.582812435092324,3.4848902934393613,3.582812435092324,15290
2020-06-17,3.5079307556152344,3.519451043741003,3.467609747175044,3.467609747175044,33440
2020-06-18,3.5079307556152344,3.536731778061524,3.5079307556152344,3.53097163399864,21450
2020-06-19,3.513690710067749,3.582812435092324,3.507930566315701,3.5655320038361804,33000
2020-06-22,3.513690710067749,3.5424917309598403,3.507930566315701,3.519450853819797,29920
2020-06-23,3.5252127647399902,3.5424935067907186,3.507932324821265,3.5252127647399902,15730
2020-06-24,3.513690710067749,3.5424917309598403,3.507930566315701,3.525210997571845,15620
2020-06-25,3.4848902225494385,3.5252109258617152,3.4388084692067507,3.5136906385919664,64790
2020-06-26,3.4791312217712402,3.48489136729826,3.4503301920041975,3.48489136729826,19250
2020-06-29,3.4733710289001465,3.4791311743486517,3.1968834431080024,3.450330144974184,40260
2020-06-30,3.4733710289001465,3.5079315994592384,3.456090290422689,3.5079315994592384,36520
2020-07-01,3.4848902225494385,3.4848902225494385,3.37544688922313,3.4733699352796896,28270
2020-07-02,3.4676103591918945,3.479130951482861,3.456090069032849,3.4733708064033384,30690
2020-07-03,3.461848735809326,3.47336932318069,3.421528039602616,3.47336932318069,11990
2020-07-06,3.4676103591918945,3.4733708064033384,3.4272890415033137,3.4272890415033137,28930
2020-07-07,3.450329065322876,3.4676094962611286,3.4330483322527776,3.4560892089689603,27390
2020-07-08,3.456089496612549,3.507930793741956,3.438808762104208,3.507930793741956,22880
2020-07-09,3.461848735809326,3.4618487358093257,3.4388078631983894,3.45608859318954,10340
2020-07-10,3.4388084411621094,3.4560891740576487,3.4388084411621094,3.45032903046975,42130
2020-07-13,3.456089496612549,3.4618496407380386,3.4330486179787183,3.438808762104208,33660
2020-07-14,3.450329065322876,3.4618493526150442,3.4330483322527776,3.4560892089689603,26950
2020-07-15,3.456089496612549,3.4618496407380386,3.427288473853229,3.438808762104208,21560
2020-07-16,3.450329065322876,3.4560892089689603,3.4272881886066933,3.4560892089689603,11000
2020-07-17,3.4388084411621094,3.4560891740576487,3.3524065894754718,3.4388084411621094,75350
2020-07-20,3.433048725128174,3.4445693158705954,3.398488161428431,3.4445693158705954,27500
2020-07-21,3.433048725128174,3.4560896044811367,3.427288580822903,3.433048725128174,17820
2020-07-22,3.410007953643799,3.4560891013779265,3.3754467907113668,3.4560891013779265,31240
2020-07-23,3.386967658996582,3.421528824778219,3.369686925039833,3.4100082347630987,37840
2020-07-24,3.3120853900909424,3.375446971621285,3.2544839523360856,3.3639266840703135,33110
2020-07-27,3.358167886734009,3.38120786266422,3.312086122082068,3.312086122082068,17160
2020-07-28,3.352407217025757,3.352407217025757,3.3178460468968805,3.3178460468968805,11000
2020-07-29,3.36968731880188,3.386968054777955,3.358167633836221,3.36968731880188,24310
2020-07-30,3.36968731880188,3.3927281993926814,3.3639271741871535,3.36968731880188,7920
2020-07-31,3.352407217025757,3.3869680850227337,3.352407217025757,3.3696873488923456,14520
2020-08-03,3.3236072063446045,3.3754485241685392,3.2948067763521887,3.358168689157878,34980
2020-08-04,3.2544851303100586,3.323606880634782,3.237204390596915,3.323606880634782,31900
2020-08-05,3.2948050498962402,3.3408861971490778,3.1738414340938736,3.1738414340938736,51810
2020-08-06,3.3063275814056396,3.340888770599208,3.2948075878505385,3.2948075878505385,18040
2020-08-07,3.271765947341919,3.3178468131820935,3.2314449253662927,3.3005663751925396,19800
2020-08-10,3.271765947341919,3.3120866671855755,3.2660054992134313,3.3120866671855755,7370
2020-08-11,3.329366445541382,3.329366445541382,3.2832852908808623,3.2832852908808623,16280
2020-08-12,3.289046049118042,3.323606619432324,3.277525758302635,3.323606619432324,14300
2020-08-13,3.242964029312134,3.3120857623876256,3.2314440425981057,3.289045486827682,14520
2020-08-14,3.2487242221832275,3.254484366692086,3.2026430661123593,3.2487242221832275,28490
2020-08-17,3.1104798316955566,3.254483717838541,3.0528783980910954,3.225683303168142,60500
2020-08-18,3.1680822372436523,3.1680822372436523,3.0816797746774682,3.0816797746774682,23540
2020-08-19,3.150801181793213,3.1738414534281545,3.024078026075942,3.168081914250131,86240
2020-08-20,3.1392822265625,3.2256847169708354,3.093201059481769,3.133522080677409,48840
2020-08-21,3.1220016479492188,3.214164591132539,3.0989616674833367,3.1392823886285783,42570
2020-08-24,3.1220016479492188,3.3696882359269833,3.0989616674833367,3.0989616674833367,182930
2020-08-25,3.1104798316955566,3.1853619975131875,3.0874395603856035,3.1277605639087263,75130
2020-08-26,3.127761125564575,3.1623222940652735,3.1047208501172516,3.1623222940652735,22990
2020-08-27,3.127761125564575,3.133521269959377,3.0989607057224493,3.133521269959377,10560
2020-08-28,3.1680822372436523,3.196882655256559,3.0932000627353773,3.133521070938059,45210
2020-08-31,3.150801181793213,3.214163061783684,3.1277606080264366,3.168081914250131,41470
2020-09-01,3.1216604709625244,3.179362098498635,3.110120750770042,3.1562817501415603,65450
2020-09-02,3.1216604709625244,3.1389712618807275,3.09858012260545,3.1274306337161355,16060
2020-09-03,3.127429485321045,3.127429485321045,3.0985789848042904,3.1158891640514397,38280
2020-09-04,3.127429485321045,3.1331999486131057,3.1101196087311545,3.127429485321045,13750
2020-09-08,3.098578929901123,3.115889108841556,3.058187503515935,3.115889108841556,35420
2020-09-09,3.1043505668640137,3.121660449692161,3.0985801014923515,3.1043505668640137,13970
2020-09-10,3.0870394706726074,3.121660140876091,3.087039470672608,3.1101204219038263,14080
2020-09-11,2.9370148181915283,3.1043501180269133,2.931244656311503,3.087039329729513,126830
2020-09-14,2.9716367721557617,3.0351085673608713,2.954325979896975,2.9774069353562265,36850
2020-09-15,2.9370148181915283,3.006256760751833,2.931244656311503,2.988946275111757,61820
2020-09-16,2.960095167160034,2.9947158287512474,2.942784382378534,2.9716354885761924,17600
2020-09-17,2.9485557079315186,2.9831769885146042,2.9485557079315186,2.9658664995517525,27940
2020-09-18,2.942784547805786,2.960095333560404,2.9197042063332805,2.960095333560404,28270
2020-09-21,2.925473928451538,2.937014553830138,2.890853262944924,2.9139342110448276,27500
2020-09-22,2.931243419647217,2.9600945195326576,2.908163084521817,2.919703403413115,15400
2020-09-23,2.8908534049987793,2.942784859796509,2.873542920066203,2.9312445365081246,60610
2020-09-24,2.8850836753845215,2.913934790583135,2.8850836753845215,2.896624000401024,27500
2020-09-25,2.8850836753845215,2.913934790583135,2.87931351287627,2.8850836753845215,28160
2020-09-28,2.8908534049987793,2.937014698152317,2.873542920066203,2.937014698152317,34210
2020-09-29,2.8850836753845215,2.890853837892773,2.87931351287627,2.8850836753845215,11110
2020-09-30,2.8793132305145264,2.8966237163417166,2.8562328854022674,2.8966237163417166,36410
2020-10-01,2.8790223598480225,2.907928485712705,2.844335372691727,2.907928485712705,30580
2020-10-02,2.8848037719726562,2.8905849369948946,2.8443356168169878,2.879022606950418,11770
2020-10-05,2.8848037719726562,2.896366102017133,2.861679415118165,2.873241138693717,19800
2020-10-06,2.8790223598480225,2.9194908147648033,2.8732408920875367,2.9194908147648033,24090
2020-10-07,2.8790223598480225,2.9194908147648033,2.8616791695043107,2.9194908147648033,12760
2020-10-08,2.8790223598480225,2.890584688900121,2.8732408920875367,2.8848035243740715,18810
2020-10-09,2.8905839920043945,2.9021463182689122,2.8732401993732544,2.8790216657398764,25850
2020-10-13,2.902146577835083,2.902146577835083,2.8790219232377927,2.890584250536438,22990
2020-10-14,2.902146577835083,2.907928044718796,2.884803086887115,2.902146577835083,30030
2020-10-15,2.9194912910461426,2.919491291046143,2.855898470885166,2.8905851604657586,29700
2020-10-16,2.8905839920043945,2.9194901109000524,2.8790216657398764,2.896365155136653,36520
2020-10-19,2.8848037719726562,2.8905849369948946,2.8674599736714788,2.8905849369948946,22330
2020-10-20,2.9079294204711914,2.913710586855606,2.890585618083415,2.9021479508522434,16940
2020-10-21,2.931051015853882,2.9946440958640053,2.913708137747209,2.913708137747209,80190
2020-10-22,2.9715218544006348,3.011989710459977,2.931053088637813,2.9368345574857115,44550
2020-10-23,3.017768383026123,3.017768383026123,2.9483944529766477,2.977300560398172,20570
2020-10-26,2.9715218544006348,3.0177708760733823,2.9252725294933946,3.0177708760733823,34320
2020-10-27,2.9657411575317383,3.0062090199871503,2.9541785212429246,3.000427853460014,13090
2020-10-28,2.9194912910461426,2.9946461389109937,2.8905851604657586,2.9946461389109937,51260
2020-10-29,2.8963654041290283,2.9310520826701354,2.8212102769487872,2.9310520826701354,48950
2020-10-30,2.8963654041290283,2.902146567758278,2.855897561958672,2.902146567758278,15950
2020-11-03,2.8960728645324707,2.9134495909469464,2.8844885827962665,2.9134495909469464,18700
2020-11-04,2.907658338546753,2.9366187509522406,2.8786973185206786,2.8960740520604404,17050
2020-11-05,2.936617374420166,2.942409818758422,2.8786959691391187,2.8786959691391187,40700
2020-11-06,2.9771647453308105,3.011917305462554,2.936619129777724,2.9539958655590945,9240
2020-11-09,3.0119171142578125,3.1219684507086907,2.896074241804916,2.977164556332257,81070
2020-11-10,3.0003321170806885,3.069837824106142,2.8902814142903863,3.0408774166557775,106150
2020-11-11,2.959786891937256,2.9945400465669123,2.936618020914079,2.9945400465669123,31680
2020-11-12,2.930826425552368,2.9829557006933647,2.9250342838700356,2.9539946884714885,32780
2020-11-13,2.9539942741394043,2.9539942741394043,2.9308260144699023,2.9308260144699023,24860
2020-11-16,2.9771647453308105,3.006125161472208,2.9424115775784023,2.9655801535397863,41250
2020-11-17,2.942410707473755,3.0003321302491845,2.8960735692534114,3.0003321302491845,44220
2020-11-18,2.959786891937256,2.9771636211571932,2.936618020914079,2.9539947501340165,23760
2020-11-19,2.9482028484344482,2.9655792752593158,2.9424107061594924,2.9655792752593158,10890
2020-11-23,2.930826425552368,2.9539946884714885,2.8960732716481594,2.942410405106823,38830
2020-11-24,2.942410707473755,2.9597871343063837,2.930826726728912,2.942410707473755,44660
2020-11-25,2.9482028484344482,2.953994990709404,2.919242440869912,2.919242440869912,21890
2020-11-26,2.9482028484344482,2.95978713298436,2.919242440869912,2.95978713298436,18260
2020-11-27,2.9539942741394043,2.9771631414292443,2.9250338735999843,2.9366175477194822,32120
2020-11-30,2.9482028484344482,2.971371721344514,2.913450298594956,2.971371721344514,36960
2020-12-01,2.9595160484313965,2.9885311921565907,2.9305015134623384,2.9595160484313965,44220
2020-12-02,2.936304807662964,2.9711223143709495,2.9072896607131224,2.953713408827906,66880
2020-12-03,2.9537131786346436,2.9827283233232325,2.9421069381323606,2.965319114758848,86680
2020-12-04,2.9595160484313965,2.9885311921565907,2.9537130805619713,2.9711219841702468,61050
2020-12-07,3.0059401988983154,3.0755758227718317,2.959516449649305,2.959516449649305,128810
2020-12-08,3.023348569869995,3.0465607447650993,2.9885310684724784,3.005939666982209,44440
2020-12-09,3.0117435455322266,3.034955727448001,2.982729002988341,3.034955727448001,17050
2020-12-10,2.9769272804260254,3.017547778751748,2.942108840780334,3.0117448069368913,86130
2020-12-11,2.9943349361419678,3.017546509257919,2.9537138461491494,2.982728997394919,56870
2020-12-14,3.0001380443573,3.1161974371988412,2.9827291354310685,3.1161974371988412,49610
2020-12-15,3.0001380443573,3.0175466489053697,2.9711228917687533,3.0001380443573,131780
2020-12-16,3.0117435455322266,3.0813791781451063,2.982729002988341,2.9943349417571543,87560
2020-12-17,3.0291521549224854,3.0813788742310635,3.0001376152402814,3.023349186110421,64680
2020-12-18,3.0349559783935547,3.0697734932007354,3.0117437945584795,3.0291527041511563,106810
2020-12-21,3.0291521549224854,3.0465613657367956,2.9072898098691358,3.017546217298357,128920
2020-12-22,3.023348569869995,3.0291515374992573,2.9943340361017405,3.0291515374992573,43120
2020-12-23,3.0349559783935547,3.081379432929187,2.994335189343975,3.0465619181220056,75020
2020-12-28,3.052363634109497,3.063969873448408,3.023348492329291,3.046560666629065,78210
2020-12-29,3.1916353702545166,3.2032406972310126,3.063970077195563,3.063970077195563,228360
2020-12-30,3.1626200675964355,3.2960886261918483,3.0987874242750895,3.1858322422731593,165770
2021-01-04,3.2727768421173096,3.301842636351164,3.162327982684414,3.2844030378470883,247720
2021-01-05,3.1855804920196533,3.2902159425348314,3.1100099193036304,3.27277664996407,134640
2021-01-06,3.1855804920196533,3.255337662302699,3.1623277970159145,3.255337662302699,49390
2021-01-07,3.179767608642578,3.255338193694521,3.1100104269725755,3.1972072089695187,128810
2021-01-08,3.191394329071045,3.1972074279416764,3.133263340364735,3.1972074279416764,61490
2021-01-11,3.127450466156006,3.255338650496798,3.127450466156006,3.191394558326402,120670
2021-01-12,3.179767608642578,3.22627239642258,3.127450027299516,3.127450027299516,26620
2021-01-13,3.1507012844085693,3.1797670768191892,3.1332626017266083,3.1739539793189433,24420
2021-01-14,3.1390762329101562,3.1797682351445435,3.0576931431698817,3.1797682351445435,72930
2021-01-15,3.162327766418457,3.1739539613531407,3.115822986679722,3.156514668951115,64900
2021-01-18,3.1855804920196533,3.2088322722952216,3.1390751020121757,3.1681408945395018,26950
2021-01-19,3.168140172958374,3.197205958865626,3.139074387051122,3.197205958865626,36410
2021-01-20,3.1100101470947266,3.1739542245377366,3.0867574503878563,3.139075331932137,39380
2021-01-21,3.0344395637512207,3.1274497406037898,2.9530561925966943,3.1274497406037898,106590
2021-01-22,2.9763078689575195,3.0228126412963134,2.9530554827881224,3.0169995447539644,55110
2021-01-26,2.987935781478882,3.0228140723354713,2.9646830793920174,2.9763092779807083,37730
2021-01-27,2.9995617866516113,3.011187679581165,2.8832991984425123,2.970495987144605,115830
2021-01-28,3.0228137969970703,3.046066496965921,2.941430719198641,3.0111875994673722,47960
2021-01-29,2.993748426437378,3.0809445977100514,2.993748426437378,3.0228136135886445,52910
2021-02-01,2.998995542526245,3.0631763220398973,2.958152616214091,2.958152616214091,52470
2021-02-02,3.051506996154785,3.057341612295917,2.9989954508845975,2.9989954508845975,22110
2021-02-03,3.057340383529663,3.057340383529663,3.0340016223070574,3.045670849899378,21120
2021-02-04,3.0340023040771484,3.0631756856514594,3.0340023040771484,3.0456715342916594,24200
2021-02-05,3.045671224594116,3.0631753741740155,3.0048292290343586,3.0631753741740155,38720
2021-02-08,3.045671224594116,3.0631753741740155,2.998994614520393,3.0631753741740155,46090
2021-02-09,3.0048294067382812,3.0456714047134117,2.993160177020238,3.0456714047134117,28710
2021-02-10,2.963986396789551,3.010663615402108,2.963986396789551,3.0048290013302856,43670
2021-02-11,2.9756555557250977,3.02816708115018,2.958151407878765,3.010663545379791,50930
2021-02-12,2.963986396789551,3.0048290013302856,2.9581514766797494,3.0048290013302856,52580
2021-02-17,2.969820976257324,2.981490204265,2.94064821227611,2.963986362253486,31350
2021-02-18,2.963986396789551,3.0048290013302856,2.946482860612063,2.9814902390050175,26510
2021-02-19,2.9581501483917236,2.9698196773334185,2.9173081742660782,2.963985065881492,35860
2021-02-22,2.934814929962158,2.987326173786016,2.888137996751516,2.923145390621383,137500
2021-02-23,2.998995542526245,2.998995542526245,2.9464839956514393,2.969822154891034,35970
2021-02-24,2.963986396789551,3.0048290013302856,2.9348136324684186,2.98732485307684,64130
2021-02-25,2.9406485557556152,2.9756559378296696,2.9289790203469157,2.963986708458981,57860
2021-02-26,2.9289791584014893,2.9581519271652295,2.91147531352043,2.9289791584014893,47630
2021-03-01,2.858107566833496,2.9283888400113196,2.793682759220241,2.875677885127952,169400
2021-03-02,2.8522491455078125,2.881533302760352,2.752684362529642,2.8698197627393784,102740
2021-03-03,2.8288238048553467,2.858107359353393,2.7878257840773073,2.858107359353393,48840
2021-03-04,2.8288238048553467,2.89324830059155,2.8112531806361543,2.834680577195001,49390
2021-03-05,2.858107566833496,2.8639643395983145,2.822966930244584,2.8288240102096527,35970
2021-03-08,2.7995383739471436,2.8639628406413085,2.7995383739471436,2.846392224342811,63580
2021-03-09,2.822967529296875,2.8405375441195537,2.799540433266216,2.805397207273881,30470
2021-03-10,2.875676155090332,2.875676155090332,2.787824309270415,2.8405352324423263,43670
2021-03-11,2.8932485580444336,2.8991053309052477,2.8463937607574112,2.8756779322617363,42130
2021-03-12,2.916674852371216,2.916674852371216,2.875677449231884,2.899104843940277,50050
2021-03-15,2.8932485580444336,2.9283888880090627,2.869821159400922,2.9225321151482486,59290
2021-03-16,2.8991048336029053,2.9108177629148284,2.8756774389780477,2.9108177629148284,17820
2021-03-17,2.8932485580444336,2.910818262226366,2.869821159400922,2.8991053309052477,21780
2021-03-18,2.8991048336029053,2.922531613827358,2.8756774389780477,2.8991048336029053,26510
2021-03-19,2.8932485580444336,2.9225321151482486,2.8815347051225504,2.9225321151482486,46090
2021-03-22,2.8873910903930664,2.922531411901909,2.8756772402898774,2.899104633296074,31570
2021-03-23,2.8873910903930664,2.904960790347216,2.8756772402898774,2.89324786184457,16390
2021-03-24,2.8932485580444336,2.9225321151482486,2.863964386540108,2.8932485580444336,58630
2021-03-25,2.875676155090332,2.899103539255691,2.8463920016836495,2.899103539255691,73700
2021-03-26,2.8639638423919678,2.8991047800803904,2.863963842391968,2.881534157636081,23100
2021-03-29,2.8698198795318604,2.887390497478494,2.8522492615852264,2.887390497478494,40260
2021-03-30,2.8698198795318604,2.8932472677273324,2.8698198795318604,2.875676649780699,21230
2021-03-31,2.8991048336029053,2.8991048336029053,2.8698206671218838,2.8991048336029053,38830
2021-04-01,2.9102704524993896,2.916149164373185,2.8691148436325116,2.9102704524993896,43230
2021-04-05,2.886752128601074,2.9102697458359605,2.869114146962368,2.9102697458359605,82500
2021-04-06,2.8985118865966797,2.910270544248389,2.8691149340840423,2.874994262909897,21560
2021-04-07,2.880873441696167,2.9043910641581214,2.880873441696167,2.8867527702158187,30910
2021-04-08,2.8749938011169434,2.9102700767892196,2.8749938011169434,2.9102700767892196,32120
2021-04-09,2.9102704524993896,2.9102704524993896,2.8808735009135185,2.886752829554022,60830
2021-04-12,2.8985118865966797,2.916149256307517,2.886752920561607,2.910270544248389,28820
2021-04-13,2.886752128601074,2.898511091410157,2.87499347417527,2.8808728013881724,55330
2021-04-14,2.980820655822754,2.9925796170546706,2.8867517414165604,2.8867517414165604,127160
2021-04-15,2.974942207336426,3.0572524761199964,2.9279072834292554,2.980820917510385,143990
2021-04-16,2.998459815979004,3.0396154213081874,2.9514251908980254,2.998459815979004,70070
2021-04-19,2.998459815979004,3.051373769195105,2.974942811821842,2.9808215231903095,51700
2021-04-20,2.9925801753997803,3.0278564489107778,2.9690631736979403,3.01609779386821,66550
2021-04-22,3.0454952716827393,3.0866508882366297,2.986701974296341,2.9925813040349807,56540
2021-04-23,3.0219788551330566,3.086651494970605,2.9984612231722942,3.0513752012211977,48510
2021-04-26,3.0219788551330566,3.05725453211552,2.9984612231722942,3.004340554066617,66770
2021-04-27,3.0454952716827393,3.057253931160019,3.0102192932509,3.0102192932509,107910
2021-04-28,3.0337367057800293,3.104288966031547,3.016098717812997,3.0454950560413274,98450
2021-04-29,3.0219788551330566,3.07489283318196,2.9514265760177136,3.07489283318196,43450
2021-04-30,3.010218620300293,3.0572532476945673,2.945546007633166,3.0572532476945673,39380
2021-05-03,3.1099441051483154,3.1158456316045484,3.045030718975604,3.0686352771433305,127710
2021-05-04,3.168956756591797,3.2279689348191414,3.1099445783644524,3.115846105718675,196460
2021-05-05,3.1571545600891113,3.210265524516681,3.1276481592089502,3.1689569966285713,52360
2021-05-06,3.168956756591797,3.186660100528512,3.1394503579466364,3.186660100528512,28820
2021-05-07,3.113206386566162,3.1670887613144885,3.059324011817836,3.155115214286608,41030
2021-05-10,3.0593245029449463,3.1191938178319547,3.0533375714562454,3.1191938178319547,52360
2021-05-11,3.0653092861175537,3.1371527276579796,3.053335431532005,3.0593223588247795,34870
2021-05-12,3.04136323928833,3.1132064060695086,3.04136323928833,3.0653109615487226,45760
2021-05-13,3.0892581939697266,3.1072186669641586,2.9814931578125714,3.0653101639136295,116160
2021-05-14,3.071298122406006,3.173075625210534,3.029389609592902,3.089258913611622,55660
2021-05-17,3.071298122406006,3.107219390789942,3.047350086771222,3.071298122406006,40370
2021-05-18,3.0593245029449463,3.071298679949701,3.0473506399675445,3.071298679949701,13420
2021-05-19,3.0234029293060303,3.0712983764832202,3.011429067511733,3.011429067511733,24860
2021-05-20,3.0473506450653076,3.083272548084958,3.035376468040522,3.053337576564024,28160
2021-05-21,3.071298122406006,3.119193251593686,3.0533370171730936,3.0533370171730936,29370
2021-05-24,3.0653092861175537,3.1012308498742,3.0234011090952664,3.0712965274374615,39820
2021-05-25,3.053337812423706,3.0952466501793836,3.0473508804625205,3.0533378124237065,30250
2021-05-26,3.0593245029449463,3.083272542927103,3.0413637084788436,3.0593245029449463,33770
2021-05-27,3.0892581939697266,3.1072186669641586,3.053336305899193,3.0593232349064112,18810
2021-05-28,3.077284336090088,3.1072186671002684,3.0593232350404227,3.1012317380927876,29370
2021-05-31,3.113206386566162,3.125180247621346,3.0772851174279143,3.0772851174279143,40590
2021-06-01,3.106590509414673,3.124616815161805,3.0945727621310737,3.124616815161805,37510
2021-06-02,3.136636734008789,3.172690631177032,3.064530200386239,3.1186101006031515,86020
2021-06-04,3.1786978244781494,3.18470670028732,3.136635693813957,3.136635693813957,50930
2021-06-07,3.154662609100342,3.2087424909145406,3.1486537333432083,3.172689551550118,48290
2021-06-08,3.154662609100342,3.214751366671674,3.1486537333432083,3.166680360614608,36850
2021-06-09,3.202733039855957,3.232777728423124,3.1366351032221735,3.160670917111571,46750
2021-06-10,3.208742618560791,3.226769246549304,3.178697923401547,3.214751494556962,24090
2021-06-11,3.184705972671509,3.280848278830799,3.160670790104571,3.202732911158751,71500
2021-06-14,3.202733039855957,3.244794847422022,3.178697225966559,3.1907149753220976,36300
2021-06-15,3.184705972671509,3.2327775985186156,3.184705972671509,3.202732911158751,22000
2021-06-16,3.2387871742248535,3.244795419605469,3.178697786494426,3.2087424803596396,26950
2021-06-17,3.2207603454589844,3.268831353053813,3.1786978986351224,3.2387872884854323,51810
2021-06-18,3.2147514820098877,3.2327784251064315,3.184706786967907,3.220760357982606,24200
2021-06-21,3.2147514820098877,3.2447955466950917,3.2147514820098877,3.2147514820098877,43560
2021-06-22,3.2147514820098877,3.2327784251064315,3.202733730064451,3.2147514820098877,38720
2021-06-23,3.2147514820098877,3.226769233955325,3.2147514820098877,3.2147514820098877,23980
2021-06-24,3.2207603454589844,3.2387872884854323,3.214751469509631,3.226769221408338,18370
2021-06-25,3.202733039855957,3.232777728423124,3.2027330398559566,3.232777728423124,29480
2021-06-28,3.1606712341308594,3.2087422363745963,3.124617667269705,3.2087422363745963,18480
2021-06-29,3.1606712341308594,3.1666801094113266,3.124617667269705,3.136635417830639,11110
2021-06-30,3.148653745651245,3.184706685156598,3.148653745651245,3.1606714972124887,16830
2021-07-01,3.184229850769043,3.6365350942985355,3.1480448239430627,3.1480448239430627,448580
2021-07-02,3.1962902545928955,3.2505674712347807,3.1842294241330014,3.214382765581777,58850
2021-07-05,3.1359822750091553,3.1902588475085873,3.06361351167658,3.1842287498802593,119570
2021-07-06,3.045522689819336,3.322936062154377,3.045522689819336,3.135983358927091,232870
2021-07-07,3.0877368450164795,3.1239212315135725,3.0153680720222935,3.1239212315135725,74030
2021-07-08,3.0575830936431885,3.105829578432664,3.0515529947752107,3.0515529947752107,19690
2021-07-12,3.1480462551116943,3.1721695118543582,3.0817081689629715,3.0817081689629715,31130
2021-07-13,3.160106897354126,3.160106897354126,3.123922183505279,3.154076164433457,18480
2021-07-14,3.154076337814331,3.1842303204000855,3.1299530884807574,3.160107071066512,12100
2021-07-15,3.154076337814331,3.196291154254749,3.1058304717968825,3.154076337814331,28160
2021-07-16,3.1480462551116943,3.178200246958788,3.1178928959144945,3.148046255111695,11220
2021-07-19,3.1359822750091553,3.1721669730001367,3.1058289399452756,3.129951544731441,19910
2021-07-20,3.142014741897583,3.1661379926662025,3.1058306565568237,3.129953274675707,15510
2021-07-21,3.1239230632781982,3.142015267135412,3.105831175745906,3.1299537978972696,9020
2021-07-22,3.1239230632781982,3.1239230632781982,3.099800441126835,3.1118619103649774,20240
2021-07-23,3.1239230632781982,3.1299537978972696,3.105831175745906,3.105831175745906,14410
2021-07-26,3.1178910732269287,3.1359829516389413,3.1178910732269287,3.1239214884810917,25300
2021-07-27,3.1299524307250977,3.1359831627099277,3.1118605510953903,3.1359831627099277,12210
2021-07-28,3.1239230632781982,3.142015267135412,3.1118619103649774,3.1239230632781982,23650
2021-07-29,3.1178910732269287,3.1420136832178662,3.111860341648004,3.1178910732269287,11550
2021-07-30,3.099799394607544,3.1299527411979455,3.0997993946075435,3.1239220086149024,24090
2021-08-02,3.050764560699463,3.1173486454919153,2.8267992768562022,3.1112955468744197,224840
2021-08-03,3.0265514850616455,3.0749762681828976,3.0083918738932534,3.050764194120194,52580
2021-08-04,3.020498275756836,3.0386575687574786,3.014445178089955,3.0386575687574786,25520
2021-08-05,3.0265514850616455,3.0870824639632106,2.96602050616008,3.0870824639632106,39600
2021-08-06,3.032604455947876,3.032604455947876,3.0083917479033433,3.0265513583112202,13310
2021-08-09,3.056816577911377,3.056816577911377,3.032603874509127,3.038656970985227,10340
2021-08-10,3.050764560699463,3.0628707579344545,3.020498750114024,3.038658045966511,9460
2021-08-11,3.0265514850616455,3.068922852794819,3.0083918738932534,3.032604582951802,32120
2021-08-12,3.0144455432891846,3.020498641689396,3.002339028990811,3.0144455432891846,20900
2021-08-13,3.008392333984375,3.0265519479300234,2.9660209597710985,3.020498849114131,17600
2021-08-16,3.0023391246795654,3.020498737956923,2.996286661082351,3.020498737956923,20130
2021-08-17,2.947861433029175,3.0204989384666208,2.911543156557422,3.0204989384666208,34210
2021-08-18,2.929701566696167,2.996285628269247,2.875223063140675,2.966019828238179,63580
2021-08-19,2.9357542991638184,2.9357542991638184,2.869170231445333,2.9175953254657467,30250
2021-08-20,2.9841806888580322,2.9902337879074765,2.905490083717269,2.9297027974130305,23320
2021-08-23,2.990232467651367,3.002338025409409,2.9418070616407697,2.9781259573997962,17050
2021-08-24,3.0870823860168457,3.0870823860168457,2.99023313971763,2.99023313971763,42790
2021-08-25,3.0991883277893066,3.1112948397708133,3.0507638673527233,3.087082133305689,9570
2021-08-26,3.0870823860168457,3.1657729740999287,3.0749761905422046,3.0991885814914872,43010
2021-08-27,3.0749762058258057,3.1112951099281605,3.0689227905604834,3.093135499128025,11550
2021-08-30,3.0870823860168457,3.1173481922013635,3.0628703125654777,3.0931354837541667,20130
2021-08-31,3.0749762058258057,3.105242012160754,3.0568172300215024,3.0870824013606186,21890
2021-09-01,3.0925910472869873,3.110818484405488,3.062212304112166,3.080439103851975,20570
2021-09-02,3.019681453704834,3.098667345628491,3.019681453704834,3.0865157189770662,48730
2021-09-03,3.013605833053589,3.0561371664316015,2.9953790292899147,3.0561371664316015,13640
2021-09-06,3.0318329334259033,3.0318329334259033,2.995378377759605,3.0136051775587345,10120
2021-09-08,2.9771506786346436,3.0379088037187216,2.9163925535505655,3.031832991210314,41580
2021-09-09,3.0318329334259033,3.0318329334259033,2.946771241240052,2.977150621892436,15400
2021-09-10,3.0379080772399902,3.0561358290956213,3.0014535295965574,3.025756455129087,14850
2021-09-13,3.0318329334259033,3.0500603706037257,3.0318329334259033,3.0318329334259033,18370
2021-09-14,3.0257580280303955,3.0439854706720513,3.007530904078182,3.0318338422442808,34210
2021-09-15,3.0318329334259033,3.0439845582111182,3.0136051775587345,3.0318329334259033,19690
2021-09-16,2.9953794479370117,3.0196820688114934,2.9710758709941487,3.0136062542481428,19470
2021-09-17,3.001453161239624,3.0136041444807304,2.977149601311225,2.989301221930806,20900
2021-09-20,2.983227491378784,2.995379439159336,2.971075862287692,2.995379439159336,19470
2021-09-21,2.983227491378784,2.995379439159336,2.977151676833238,2.977151676833238,14300
2021-09-22,3.0075302124023438,3.0318331449792217,2.9771508296301668,2.98930245526329,31350
2021-09-23,3.019681453704834,3.0561369710379,3.0075304644322003,3.019681453704834,23100
2021-09-24,3.019681453704834,3.025757585719942,3.0075304644322003,3.013605640379122,8250
2021-09-27,3.0075302124023438,3.0379089577957834,3.0075302124023438,3.0379089577957834,17710
2021-09-28,3.0379080772399902,3.0379080772399902,3.007529340652009,3.019680325384359,18040
2021-09-29,2.9771506786346436,3.0379088037187216,2.9771506786346436,3.025757178701906,21890
2021-09-30,3.013605833053589,3.0379094065996797,2.9771512694579925,3.0014548430040833,17930
2021-10-01,3.0434858798980713,3.0434858798980713,3.0190895399278688,3.0434858798980713,13530
2021-10-04,3.0129902362823486,3.0434857398200914,3.0068910715919555,3.0434857398200914,12980
2021-10-05,3.019089937210083,3.037387114616902,3.006891605662683,3.025188463155221,11220
2021-10-06,3.0129902362823486,3.0190894009727423,2.994692422296944,3.0190894009727423,19470
2021-10-07,3.0556833744049072,3.0617825377084835,2.9946917413691447,3.0190887144976015,31570
2021-10-08,3.0495848655700684,3.0495848655700684,3.0251878872057976,3.043485700957556,8470
2021-10-11,3.019089937210083,3.0434862803906024,3.012990771436383,3.037387114616902,12980
2021-10-13,3.0373878479003906,3.049586182392702,3.019090666076282,3.0251891934937207,16940
2021-10-14,3.019089937210083,3.0434862803906024,3.019089937210083,3.0434862803906024,18920
2021-10-15,3.0434858798980713,3.0434858798980713,3.0190895399278688,3.0190895399278688,18150
2021-10-18,3.025188446044922,3.043486263176812,3.0068915886558703,3.043486263176812,14410
2021-10-19,3.019089937210083,3.0434862803906024,3.006891605662683,3.031287628928921,21670
2021-10-20,3.025188446044922,3.0312876117841254,3.012990754395074,3.025188446044922,14300
2021-10-21,3.006892442703247,3.0190907776463463,2.9946937878457778,3.0190907776463463,12430
2021-10-22,3.0007922649383545,3.006891750920993,2.958097782545668,3.006891750920993,38500
2021-10-25,3.031287431716919,3.031287431716919,2.970295777947963,2.970295777947963,19140
2021-10-26,2.9946937561035156,3.043487095358727,2.9276029146276006,3.031288440630557,29150
2021-10-27,2.976395845413208,3.0373875111119504,2.927602512854214,2.927602512854214,15620
2021-10-28,2.9702963829040527,3.0007925359138996,2.9519995228753912,2.9763958694374826,13530
2021-10-29,2.9459004402160645,2.9824951210593325,2.9398009535087954,2.9398009535087954,14740
2021-11-01,2.9514050483703613,2.9758976938235673,2.951405048370361,2.951405048370361,10120
2021-11-03,2.945282459259033,3.024884939621124,2.9391592162448097,2.945282459259033,15400
2021-11-04,2.9330360889434814,2.9758984705568516,2.933036088943482,2.939159332199277,13310
2021-11-05,2.945282459259033,2.9758983531529672,2.9391592162448097,2.9514057022732567,9350
2021-11-08,2.9207894802093506,2.9514060197510226,2.920789480209351,2.9452827760781317,17710
2021-11-09,2.939159393310547,2.994268583758539,2.9391593933105473,2.9452826366936575,14190
2021-11-10,2.945282459259033,2.9820215961671908,2.9391592162448097,2.945282459259033,10450
2021-11-11,2.945282459259033,3.0003916463870457,2.945282459259033,2.945282459259033,13420
2021-11-12,2.9514050483703613,2.9636518528626334,2.9391585650552017,2.9636518528626334,14520
2021-11-16,2.9330360889434814,2.9636526263996545,2.9269128456876863,2.9514058187108674,12980
2021-11-17,2.9330360889434814,2.9514058187108674,2.908542794743104,2.933036088943482,17930
2021-11-18,2.9207894802093506,2.9697754295924756,2.877927095676335,2.9391595324052413,22000
2021-11-19,2.945282459259033,2.9758983531529672,2.9085426799965073,2.9330359732305857,10890
2021-11-22,2.890174150466919,2.9514065992179503,2.8718044158416096,2.9269136197175376,27610
2021-11-23,2.8289401531219482,2.8779260853073176,2.8166936700756056,2.8779260853073176,20900
2021-11-24,2.890174150466919,2.890174150466919,2.822818456840785,2.8473111151639157,10340
2021-11-25,2.902418851852417,2.994267799726137,2.8901726894699893,2.8901726894699893,11440
2021-11-26,2.939159393310547,2.9391593933105473,2.8473104213866898,2.884050202862555,9460
2021-11-29,2.9330360889434814,2.969775227301056,2.8962969505859073,2.939159332199277,13200
2021-11-30,2.871802806854248,2.920788417232582,2.847309519899428,2.9146651757881528,35310
2021-12-01,2.858886957168579,2.9326646268405097,2.858886957168579,2.8711832354472344,18920
2021-12-02,2.9019246101379395,2.926516847233448,2.889628330348646,2.926516847233448,13420
2021-12-03,2.908071994781494,2.9265157626639997,2.8957753970662523,2.9019235346823935,6600
2021-12-06,2.920367956161499,2.932664232787943,2.908072324501046,2.932664232787943,12100
2021-12-07,2.920367956161499,2.926516094474721,2.901923863704828,2.920367956161499,12320
2021-12-08,2.9019246101379395,2.926516847233448,2.9019246101379395,2.926516847233448,17050
2021-12-09,2.914219379425049,2.914219379425049,2.9019234271314374,2.9019234271314374,5500
2021-12-10,2.926516532897949,2.9326646721322276,2.9019242984438787,2.9142202544293916,5720
2021-12-13,2.926516532897949,2.944961273083829,2.9203683936636704,2.926516532897949,5390
2021-12-14,2.932664632797241,2.9449612335839115,2.834294728851234,2.9265164936454258,15510
2021-12-15,2.95110821723938,3.006441447940181,2.852737706843931,2.932663484522866,18040
2021-12-16,2.9634053707122803,3.006442340703852,2.9265162168079244,2.944960955001607,13310
2021-12-17,2.998903751373291,3.0050991774660183,2.9431384165900596,2.9431384165900596,8910
2021-12-20,2.918354034423828,2.9741187115151284,2.8811772580322383,2.9679226362827618,24530
2021-12-21,2.9121580123901367,2.9741187658456893,2.9059619370445815,2.924550163081247,8690
2021-12-22,2.9121580123901367,2.9369419887749624,2.8749812353194097,2.9121580123901367,15840
2021-12-23,2.9121580123901367,2.930746563424198,2.8749812353194097,2.924550163081247,7590
2021-12-27,2.9493350982666016,2.9493350982666016,2.887374324668196,2.9121589591050596,12760
2021-12-28,2.9493350982666016,2.9927082897804875,2.930747516182082,2.9493350982666016,8250
2021-12-29,2.974118709564209,2.974118709564209,2.9493340836536106,2.974118709564209,7810
2021-12-30,3.005098581314087,3.005098581314087,2.961726382302534,2.9803146068777866,11110
2022-01-03,3.010693073272705,3.035574483665382,2.948488079053208,3.029353723223378,8470
2022-01-04,2.9795894622802734,3.0231321588958595,2.979589462280273,3.010691947762742,5060
2022-01-05,2.942267417907715,3.0231323853548755,2.929826227017806,3.004471740982408,19140
2022-01-06,2.9547085762023926,2.9920315082746485,2.9547085762023926,2.973370205376058,6380
2022-01-07,2.9609293937683105,3.0791183133080553,2.9547089586635993,2.9733705902528493,11770
2022-01-10,2.973369598388672,3.01069252284178,2.8614018038543727,2.979590031418355,12870
2022-01-11,2.9920315742492676,3.0106932038344243,2.9733702709391934,2.9733702709391934,11440
2022-01-12,2.9795894622802734,3.010691947762742,2.954707408639309,2.9733690304387688,13310
2022-01-13,2.973369598388672,2.9858104644480385,2.9609284060542973,2.973369598388672,5830
2022-01-14,3.0169122219085693,3.079117203076786,2.979589951012638,2.979589951012638,30250
2022-01-17,2.9982519149780273,3.016912891429786,2.979590612251197,3.016912891429786,18810
2022-01-18,2.9920315742492676,3.0169129857209516,2.9733702709391934,3.0169129857209516,7150
2022-01-19,3.1039998531341553,3.110220288490735,3.023133867223493,3.023133867223493,41030
2022-01-20,3.1039998531341553,3.1039998531341553,3.0604568056380996,3.085338220789287,20900
2022-01-21,3.0542349815368652,3.0977780092341343,3.048014549008684,3.0977780092341343,6380
2022-01-24,3.041795253753662,3.060456558315336,3.029354057770776,3.041795253753662,6160
2022-01-25,3.0666773319244385,3.1039996149245686,3.0542361358909216,3.0542361358909216,21230
2022-01-26,3.097778558731079,3.1724237623101335,3.0604559569415515,3.072897150479767,72930
2022-01-27,3.128880500793457,3.166202769719095,3.091557253042873,3.135100933326894,24090
2022-01-28,3.1413228511810303,3.259511125199627,3.110220347532579,3.1288819802317045,59510
2022-01-31,3.172424077987671,3.2346284204933,3.166203643737108,3.166203643737108,24530
2022-02-01,3.1228177547454834,3.241484729836428,2.93544884670715,3.241484729836428,68420
2022-02-02,3.1852738857269287,3.1852738857269287,3.0978347390923413,3.122817586414109,19250
2022-02-03,3.1290643215179443,3.1852750107528647,3.1103274251063042,3.1852750107528647,13750
2022-02-04,3.1228177547454834,3.172782796889039,3.116572124477539,3.135309015281372,9130
2022-02-07,3.1165714263916016,3.160291156071016,3.1165714263916016,3.1228170552605774,11440
2022-02-08,3.1290643215179443,3.160292809800766,3.1103274251063042,3.122818689380731,12210
2022-02-09,3.1103272438049316,3.1540469938137505,3.1103272438049316,3.1290641391243956,16170
2022-02-10,3.1165714263916016,3.1290626841295532,3.0728520243087707,3.1165714263916016,14300
2022-02-11,3.1103272438049316,3.141555730267441,3.1103272438049316,3.116572875578086,8140
2022-02-14,3.104081392288208,3.1228186158554445,3.104081392288208,3.1103273518751187,14080
2022-02-15,3.104081392288208,3.129064247845607,3.091590783501377,3.1103273518751187,30470
2022-02-16,3.1165714263916016,3.135308312998529,3.1040798410570662,3.1040798410570662,10450
2022-02-17,3.1103272438049316,3.1602926255869055,3.1040812844350407,3.122818507351241,16940
2022-02-18,3.1165714263916016,3.135308312998529,3.1040798410570662,3.1165714263916016,14630
2022-02-21,3.1165714263916016,3.1477998983330644,3.1103257975226257,3.1165714263916016,41030
2022-02-22,3.047870397567749,3.1602920775871692,3.0478703975677486,3.1478008162068645,44770
2022-02-23,3.079098701477051,3.1103265255346204,3.0478702222261598,3.079098701477051,40150
2022-02-24,3.1540472507476807,3.154047250747681,2.9854148515386925,3.041625214479338,32450
2022-02-25,3.1290643215179443,3.1290643215179443,3.0853452241542056,3.122818689380731,19360
2022-03-02,3.0792534351348877,3.1231531410918674,3.066710662004322,3.0917965372130833,31130
2022-03-03,3.0729827880859375,3.1106107875852196,3.0729827880859375,3.1106107875852196,13750
2022-03-04,3.1168830394744873,3.116883039474487,3.0729836397344017,3.0855264193595118,12980
2022-03-07,3.0855255126953125,3.1294252284835156,3.0855255126953125,3.1294252284835156,24090
2022-03-08,3.0792534351348877,3.1168814255789545,3.0792534351348877,3.0792534351348877,11440
2022-03-09,3.1043403148651123,3.110611045564257,3.07298304294429,3.0792544315389074,10010
2022-03-10,3.1043403148651123,3.1356969288904617,3.041625771023468,3.1043403148651123,24090
2022-03-11,3.098067283630371,3.1356952662994364,3.0792527988744953,3.1043386688998087,17270
2022-03-14,3.0729827880859375,3.1294252807564242,3.0729827880859375,3.1294252807564242,17050
2022-03-15,3.0917956829071045,3.104338452571929,3.0604384297975042,3.0917956829071045,14850
2022-03-16,3.0917956829071045,3.104338452571929,3.072981199462329,3.0917956829071045,12980
2022-03-17,3.0917956829071045,3.104338452571929,3.0604384297975042,3.098067067739517,50820
2022-03-18,3.0917956829071045,3.104338452571929,3.079252584294741,3.079252584294741,10120
2022-03-21,3.1168830394744873,3.1356975378599525,3.0980695279324224,3.1043409177449774,18480
2022-03-22,3.1356964111328125,3.1356964111328125,3.104339802284981,3.116881919507822,32560
2022-03-23,3.1168830394744873,3.2423114936211896,3.116883039474487,3.116883039474487,106480
2022-03-24,3.1168830394744873,3.2234973241835245,3.110611649661932,3.1419689276725076,74690
2022-03-25,3.141967296600342,3.1670531717756703,3.1231531369295675,3.141967296600342,10230
2022-03-28,3.1356964111328125,3.154510902757803,3.12942502357371,3.1419677986919154,15950
2022-03-29,3.148238182067871,3.1545098965741882,3.123152639832913,3.123152639832913,21890
2022-03-30,3.141967296600342,3.1670531717756703,3.141967296600342,3.148238683157267,14630
2022-03-31,3.2109522819519043,3.2172239969353873,3.1545101365765773,3.1545101365765773,34210
2022-04-01,3.249096155166626,3.3372495158949302,3.211315671604545,3.211315671604545,112530
2022-04-04,3.2742817401885986,3.2742817401885986,3.21131483445803,3.2490953081712504,37620
2022-04-05,3.198721408843994,3.2742816946702535,3.1861283581478252,3.2742816946702535,22440
2022-04-06,3.223907232284546,3.2679840528521322,3.198720477674496,3.249094317169374,11330
2022-04-07,3.198721408843994,3.2490952630030416,3.1546445754453423,3.2239081707860806,35640
2022-04-08,3.211315393447876,3.2616889268007916,3.1546451684258456,3.198722010109647,37400
2022-04-11,3.2553913593292236,3.2616877183906876,3.173534397957605,3.2113142037004607,17160
2022-04-12,3.2868757247924805,3.2931727467965257,3.230205829505473,3.2616889578760593,111870
2022-04-13,3.230205774307251,3.299469382143823,3.2176120607893037,3.2868756686258758,46970
2022-04-14,3.211315393447876,3.2868756934772496,3.2050187017787612,3.255392565406614,45320
2022-04-18,3.2427985668182373,3.2616883079667285,3.1168647573291355,3.211314784171088,67870
2022-04-19,3.2427985668182373,3.2490952572926926,3.2050180936966326,3.2427985668182373,22660
2022-04-20,3.2427985668182373,3.2616883079667285,3.211314784171088,3.2427985668182373,21340
2022-04-22,3.249096155166626,3.2805792859642566,3.2239090560335835,3.2239090560335835,25520
2022-04-25,3.249096155166626,3.2742825937497377,3.173535848592395,3.230206078523068,27280
2022-04-26,3.236501932144165,3.274281745367382,3.2176115301202373,3.2176115301202373,39160
2022-04-27,3.211315393447876,3.2931727154213006,3.2050187017787612,3.2365024903992707,55660
2022-04-28,3.261688470840454,3.267985161629337,3.2176116353182738,3.242798728748696,16170
2022-04-29,3.2868757247924805,3.3309525668962174,3.2490959046927887,3.2679856496051647,38830
2022-05-02,3.299882173538208,3.344133431481087,3.2619528554547492,3.2745957404279915,57530
2022-05-03,3.299882173538208,3.344133431481087,3.2177012659300037,3.3188473299527366,47520
2022-05-04,3.3062052726745605,3.3441346040574356,3.274596888621864,3.3125268831687036,52580
2022-05-05,3.3333852291107178,3.3988740794267605,3.2417011821712753,3.307190032487318,23980
2022-05-06,3.326834201812744,3.326834201812744,3.2744431552963604,3.326834201812744,21230
2022-05-09,3.2744436264038086,3.2875413899173327,3.241699561122844,3.2875413899173327,18920
2022-05-10,3.3006396293640137,3.3661284495592176,3.254796768221652,3.3661284495592176,10230
2022-05-11,3.2940902709960938,3.3006391520686003,3.261345522130751,3.3006391520686003,8250
2022-05-12,3.2809929847717285,3.3333840464363766,3.2482482277284284,3.3071888591069483,37070
2022-05-13,3.2744436264038086,3.3333835622146673,3.2744436264038086,3.326834680457905,37510
2022-05-16,3.2809929847717285,3.3202859375173186,3.267895219355567,3.2744441020636477,20350
2022-05-17,3.2744436264038086,3.320285455198297,3.2744436264038086,3.2744436264038086,50380
2022-05-18,3.2678942680358887,3.294090134745206,3.2678942680358887,3.274443148837519,14630
2022-05-19,3.2940902709960938,3.307188033141107,3.2678944032032575,3.274443284275764,7370
2022-05-20,3.326834201812744,3.326834201812744,3.3006390220573487,3.3071879028718967,14960
2022-05-23,3.326834201812744,3.326834201812744,3.3137367836864446,3.326834201812744,31350
2022-05-24,3.2809929847717285,3.3661288034796772,3.280992984771729,3.3268351637282954,102630
2022-05-25,3.339933156967163,3.3530309232767466,3.2744443254192452,3.3006402015413316,19580
2022-05-26,3.3661296367645264,3.372678521093783,3.3137385621304767,3.3399337559445206,22990
2022-05-27,3.372678518295288,3.372678518295288,3.333384868849374,3.353031521820841,15180
2022-05-30,3.385775089263916,3.3923236277682873,3.326834807695982,3.372677325249455,27390
2022-05-31,3.4119713306427,3.418520214678437,3.3595806018597694,3.392324678535489,49610
2022-06-01,3.418924331665039,3.4254991808433966,3.3597506890598217,3.4123494824866816,24750
2022-06-02,3.418924331665039,3.418924331665039,3.3794755814597868,3.418924331665039,9680
2022-06-03,3.412348747253418,3.4254984427768664,3.3663248129213486,3.4189235950151424,12980
2022-06-06,3.392624855041504,3.425498751952409,3.379475158331202,3.425498751952409,7480
2022-06-07,3.412348747253418,3.4189235950151424,3.3597499651596245,3.3860497010713395,23760
2022-06-08,3.405773878097534,3.412348725817957,3.3794748320806596,3.412348725817957,12650
2022-06-09,3.3991994857788086,3.4189236847166624,3.379474941976128,3.405773988848208,11660
2022-06-10,3.392624855041504,3.425498751952409,3.353175420045749,3.366325116756051,22000
2022-06-13,3.340024948120117,3.3794743739597126,3.3203007524974733,3.3597494886075303,14080
2022-06-14,3.3794753551483154,3.3794753551483154,3.32687656524381,3.340025917855067,9570
2022-06-15,3.359750747680664,3.399200188304014,3.3531758983875886,3.3531758983875886,5940
2022-06-17,3.3466005325317383,3.3531753808099567,3.313726636005494,3.333450491110457,19250
2022-06-20,3.294001817703247,3.3794751920375563,3.2677020791554847,3.3794751920375563,22220
2022-06-21,3.274277687072754,3.3531758781125993,3.274277687072754,3.3005770840860356,18480
2022-06-22,3.3729004859924316,3.392625032087219,3.274277410653628,3.31372684770807,18040
2022-06-23,3.287426471710205,3.3926243753843432,3.2808516242846215,3.346600098540457,18920
2022-06-24,3.3203020095825195,3.3334510184895447,3.300577116762381,3.3203020095825195,8690
2022-06-27,3.3005762100219727,3.3466001426070817,3.287426514997656,3.3400252950949234,21450
2022-06-28,3.3334503173828125,3.3466003581187604,3.320301311241347,3.3400255101832004,11220
2022-06-29,3.359750747680664,3.372900791131713,3.326876846080186,3.340026199801438,12100
2022-06-30,3.353175640106201,3.372900531330998,3.3400259425329177,3.3597504888928427,42900
2022-07-01,3.396993398666382,3.410394108837242,3.3299916050057257,3.410394108837242,29590
2022-07-04,3.396993398666382,3.4036939294711765,3.376893563445643,3.396993398666382,8910
2022-07-05,3.4036948680877686,3.4170952305152373,3.363493780805361,3.396994335435208,12210
2022-07-06,3.4170961380004883,3.43049650398672,3.3902957574669434,3.4170961380004883,6380
2022-07-07,3.4237961769104004,3.443897076482764,3.363494532510024,3.4170959941992476,17380
2022-07-08,3.4237961769104004,3.4505972591939167,3.376895249371234,3.4237961769104004,13750
2022-07-11,3.4036948680877686,3.423795411728972,3.3768944946716557,3.4170952305152373,12540
2022-07-12,3.4170961380004883,3.4170961380004883,3.3835955744738273,3.4170961380004883,7370
2022-07-13,3.3835954666137695,3.4304963946315845,3.3835954666137695,3.4304963946315845,15290
2022-07-14,3.3902955055236816,3.3969949851411005,3.3634944241039695,3.3902955055236816,8140
2022-07-15,3.356794595718384,3.4103960613344624,3.356794595718384,3.3701953135613336,11990
2022-07-18,3.3835954666137695,3.410395846292989,3.3634945668362657,3.3634945668362657,20570
2022-07-19,3.4170961380004883,3.43049650398672,3.3701952084875955,3.3835955744738273,14300
2022-07-20,3.4371957778930664,3.4438959584290196,3.4170948848464167,3.42379506538237,16610
2022-07-21,3.4237961769104004,3.4505972591939167,3.4036956287769415,3.443897076482764,18920
2022-07-22,3.4103949069976807,3.4505963440414487,3.4103949069976807,3.423795268866,16720
2022-07-25,3.484097957611084,3.484097957611084,3.4103959449051278,3.4103959449051278,19030
2022-07-26,3.4572973251342773,3.4840977036347978,3.4572973251342773,3.4840977036347978,11110
2022-07-27,3.484097957611084,3.484097957611084,3.403695761931859,3.477397774637815,16280
2022-07-28,3.4974989891052246,3.4974989891052246,3.457298235054631,3.4840986206086986,9680
2022-07-29,3.4974989891052246,3.4974989891052246,3.4639984193028943,3.490798804856962,12760
2022-08-01,3.484431743621826,3.531518973762055,3.484431743621826,3.511338530656458,19690
2022-08-02,3.5113396644592285,3.5180667162196575,3.48443286873646,3.5046129655285365,23540
2022-08-03,3.5046119689941406,3.5113386660121004,3.4709788367339782,3.5113386660121004,8360
2022-08-04,3.477705717086792,3.504612153747426,3.4709790197142194,3.504612153747426,20900
2022-08-05,3.49788498878479,3.49788498878479,3.4777052521943137,3.4777052521943137,10670
2022-08-08,3.4911577701568604,3.497884465624144,3.4777047320518473,3.497884465624144,25520
2022-08-09,3.49788498878479,3.49788498878479,3.4777052521943137,3.491158292311429,11990
2022-08-10,3.531520366668701,3.699688204793741,3.470980071962401,3.4911598173680725,61820
2022-08-11,3.6055126190185547,3.618966365294265,3.5046118153432633,3.5315189550650627,28270
2022-08-12,3.66605281829834,3.692959957497362,3.6055125489671727,3.6055125489671727,37510
2022-08-15,3.686232089996338,3.686232089996338,3.645871217603378,3.6660516537998578,22110
2022-08-16,3.672778844833374,3.6929592837583494,3.6391450151781153,3.6862325883932074,25410
2022-08-17,3.6593258380889893,3.6862329752025667,3.612238965592006,3.679505926301982,17600
2022-08-18,3.632417917251587,3.686232179867875,3.632417917251587,3.6593250485597313,14740
2022-08-19,3.618966579437256,3.6324192680201315,3.5920594381232958,3.6324192680201315,23650
2022-08-22,3.62569260597229,3.6727791242813694,3.57187833329753,3.6055121655118607,17160
2022-08-23,3.6593258380889893,3.6593258380889893,3.61896601449259,3.625692710563588,55770
2022-08-24,3.62569260597229,3.659325732527468,3.62569260597229,3.659325732527468,15070
2022-08-25,3.6526002883911133,3.6593269865732934,3.6189671503099095,3.62569384849209,20240
2022-08-26,3.66605281829834,3.672779514890692,3.5920591557824686,3.6525994251136362,64900
2022-08-29,3.6996874809265137,3.6996874809265137,3.632419794310226,3.66605363761837,34320
2022-08-30,3.692959785461426,3.7064124723602103,3.6660526475158686,3.699686481740416,28930
2022-08-31,3.800586700439453,4.015840988579515,3.6929599091990313,3.6929599091990313,96030
2022-09-01,3.767218828201294,3.8482342107176306,3.4431565898976184,3.8077261653402976,81180
2022-09-02,3.8144779205322266,3.9157475153627455,3.7132090339401254,3.767219295652824,57860
2022-09-05,3.7807230949401855,3.9089975083708857,3.7807230949401855,3.821230450325293,41910
2022-09-06,3.8077263832092285,3.841483148641681,3.73346227832004,3.841483148641681,17820
2022-09-08,3.834733009338379,3.848235577888187,3.6794531168962963,3.7604685281951444,51260
2022-09-09,3.8752388954162598,3.888741458859967,3.8009747964758724,3.881990177138113,15620
2022-09-12,3.8414840698242188,3.9089969086402387,3.827981147941745,3.8684888512313567,32890
2022-09-13,3.760467767715454,3.87523957717851,3.7064578585579406,3.8549860825689546,34870
2022-09-14,3.834733009338379,3.848235577888187,3.787474019414051,3.787474019414051,12980
2022-09-15,3.8482348918914795,3.8482348918914795,3.7942239190818077,3.827980688558046,17380
2022-09-16,3.8684890270233154,3.8684890270233154,3.7739714025050857,3.8482355285774195,17710
2022-09-19,3.8954925537109375,3.8954925537109375,3.8212284583330773,3.8684874281189883,26620
2022-09-20,3.9292495250701904,3.929249525070191,3.8819901986363408,3.8819901986363408,31240
2022-09-21,3.9495034217834473,4.0102656720943095,3.888741879710975,3.97650890571263,30690
2022-09-22,3.9495034217834473,3.9697576232601333,3.9089960811876607,3.9495034217834473,20350
2022-09-23,3.9562549591064453,3.9562549591064458,3.895493413119583,3.9427523933315873,19910
2022-09-26,3.8887412548065186,3.9562540684824605,3.881989973438924,3.9562540684824605,14190
2022-09-27,3.908996820449829,3.9360023094862395,3.908996820449829,3.9360023094862395,12320
2022-09-28,3.881990432739258,3.9292497620230753,3.881990432739258,3.9224984798566984,13420
2022-09-29,3.8482348918914795,3.888742236200665,3.7807220611774586,3.8752396700578604,59730
2022-09-30,3.8684890270233154,3.881991595400103,3.8482355285774195,3.881991595400103,30030
2022-10-03,3.88920521736145,3.895980830634626,3.84177592444922,3.8824296040882746,47080
2022-10-04,3.8824291229248047,3.9027559602251536,3.86887825345326,3.9027559602251536,15400
2022-10-05,3.9434101581573486,3.9569610282059777,3.8756540309373544,3.8824292882639844,19690
2022-10-06,3.9027557373046875,3.9840634372572445,3.868878032467846,3.9434097649786333,23650
2022-10-07,3.9163076877593994,3.9230833004476446,3.8824292689228055,3.9230833004476446,17490
2022-10-10,3.9027557373046875,3.9569606336761693,3.9027557373046875,3.9298585408857627,21010
2022-10-11,3.929858684539795,3.929858684539795,3.8892046553797615,3.9095314922621047,13310
2022-10-13,3.929858684539795,3.950185876817485,3.916307459951566,3.9230830722456806,16720
2022-10-14,3.923084259033203,3.929859873377035,3.9095326749500847,3.923084259033203,12100
2022-10-17,3.923084259033203,3.929859873377035,3.895981446262421,3.923084259033203,16170
2022-10-18,3.9163076877593994,3.9434101385123803,3.9095317196757864,3.9230833004476446,21120
2022-10-19,3.977287769317627,3.984063737269648,3.909531643751028,3.9163076117030484,30470
2022-10-20,3.9705114364624023,3.990838625840146,3.929858123892804,3.9772870477898845,21340
2022-10-21,3.956960439682007,3.9976144653628456,3.9366339599345626,3.9976144653628456,25520
2022-10-24,3.9434101581573486,3.9840638344893446,3.8756540309373544,3.9840638344893446,33550
2022-10-25,3.9095299243927,3.9434083276720977,3.889203095662184,3.92985710851842,25410
2022-10-26,3.8959801197052,3.9230829232476445,3.7265901741810903,3.9095313437787556,34540
2022-10-27,3.929858684539795,3.929858684539795,3.855326949304537,3.8959802676738757,16060
2022-10-28,3.929858684539795,3.936634296833909,3.8688781738927656,3.929858684539795,22440
2022-10-31,3.923084259033203,3.936635487720867,3.8621037299387164,3.895981446262421,31900
2022-11-01,3.9438726902008057,3.984670979644043,3.9098734617831603,3.923473010485139,31240
2022-11-03,3.9438726902008057,3.9438726902008057,3.9166732361341494,3.9370729158498166,33770
2022-11-04,3.950673818588257,3.9642737286141068,3.937074265225227,3.9438740419067417,15730
2022-11-07,3.950673818588257,3.9642737286141068,3.889475828454624,3.9506738185882564,17930
2022-11-08,3.93027400970459,3.964273245632738,3.9234738771887385,3.964273245632738,10780
2022-11-09,3.937075138092041,3.9438749162810964,3.8690773562014877,3.9438749162810964,21230
2022-11-10,3.8758769035339355,3.916675213575321,3.841877657950836,3.862277347965847,20130
2022-11-11,3.8690743446350098,3.9370720735982574,3.855474442179738,3.9030728524540113,25740
2022-11-14,3.8962759971618652,3.8962759971618652,3.81467901796725,3.869077241872253,18260
2022-11-16,3.8894765377044678,3.896275958963043,3.8486775135128166,3.896275958963043,19800
2022-11-17,3.773879289627075,3.8894758505317872,3.6786820588826967,3.8894758505317872,40810
2022-11-18,3.855475902557373,3.855475902557373,3.773878596894039,3.773878596894039,13420
2022-11-21,3.855475902557373,3.882675361107909,3.7806783723659834,3.855475902557373,20900
2022-11-22,3.8826770782470703,3.9370753060805965,3.8282784937506293,3.8826770782470703,26180
2022-11-23,3.8622758388519287,3.896274357824969,3.848675931934878,3.8826751642333965,9240
2022-11-24,3.9438726902008057,3.9438726902008057,3.848675492624256,3.8554752669752457,32340
2022-11-25,3.93027400970459,3.9438735614107383,3.889475354586146,3.9030745496295163,15070
2022-11-28,3.9438726902008057,3.9574722389027843,3.8962739130811817,3.930273141498827,53350
2022-11-29,3.9438726902008057,3.9914707539950323,3.9438726902008057,3.9438726902008057,17710
2022-11-30,4.0730695724487305,4.079869348752271,3.9438738226814625,3.950673598985003,122650
2022-12-01,4.025700569152832,4.073462717924362,3.9984073503098925,4.032523784390511,22660
2022-12-02,4.128049373626709,4.134871873440261,4.005230777077569,4.066639717459896,34760
2022-12-05,4.134870529174805,4.134870529174805,4.066638395377021,4.121224818199499,24090
2022-12-06,4.087108612060547,4.141693964126854,4.039346115846901,4.134870750382047,34540
2022-12-07,4.093932151794434,4.093932151794434,4.046170009669759,4.093932151794434,10780
2022-12-08,4.0529913902282715,4.1007535107435205,3.9847585624338753,4.087107088341447,25520
2022-12-09,4.080286026000977,4.0871092407954235,4.012053878056512,4.025700307645405,6710
2022-12-12,3.991584539413452,4.073463130559772,3.923352380124852,4.073463130559772,23870
2022-12-13,3.9847583770751953,4.05299120169561,3.9233494791224124,3.9847583770751953,21120
2022-12-14,3.8892362117767334,4.012054084393193,3.8005340569948496,4.012054084393193,49830
2022-12-15,3.9642910957336426,3.984760380785419,3.8892357382724883,3.8892357382724883,26290
2022-12-16,3.980449914932251,4.015062857572358,3.9112247558535476,4.015062857572358,22110
2022-12-19,3.966604709625244,4.015062681961639,3.7520063627666054,3.952760041515797,45320
2022-12-20,3.980449914932251,4.021985373480229,3.945837698493655,3.9735273990243805,29370
2022-12-21,3.9389147758483887,4.021984958164899,3.9389147758483887,4.015062442971857,35750
2022-12-22,3.9389147758483887,4.0289074733579415,3.9389147758483887,3.9458372910414314,37950
2022-12-23,3.904301643371582,3.9942943364230863,3.904301643371582,3.9458370955729767,53350
2022-12-26,3.980449914932251,4.001217825756617,3.9112247558535476,3.945837698493655,35530
2022-12-27,3.9527604579925537,3.994295192898621,3.9389154253236054,3.9735276438951983,24090
2022-12-28,3.8973801136016846,3.9735277961996243,3.8973801136016846,3.9735277961996243,57420
2022-12-29,3.821230888366699,3.959681903827525,3.821230888366699,3.9527593893645516,68530
2023-01-02,3.606231212615967,3.953652779390222,3.6062312126159664,3.8424777468171083,152680
2023-01-03,3.508953094482422,3.661818234909517,3.439468939742833,3.606230546658603,171050
2023-01-04,3.6131792068481445,3.634024819141109,3.5159017480834973,3.5159017480834973,37070
2023-01-05,3.8563740253448486,3.8563740253448486,3.6131791093857646,3.6131791093857646,15730
2023-01-06,3.884166955947876,3.891115369742789,3.7868887983599397,3.877218542152963,22330
2023-01-09,3.8980636596679688,3.9536509682608605,3.8563728137641564,3.884166832519746,27060
2023-01-10,3.9328081607818604,3.9606021993094416,3.863323975611414,3.863323975611414,16940
2023-01-11,3.9258570671081543,3.9536510866963406,3.911960239543638,3.9258570671081543,13860
2023-01-12,3.91890811920166,3.953650547836915,3.898063245155075,3.92585653203689,8690
2023-01-13,3.960601568222046,3.960601568222046,3.8841689767134238,3.9189106993034524,15840
2023-01-16,3.8494250774383545,3.9953417881665407,3.8494250774383545,3.9675484934394274,35200
2023-01-17,3.9258570671081543,3.995341204930734,3.856372929285574,3.856372929285574,37620
2023-01-18,3.9883930683135986,4.023135504098397,3.9328057541926094,3.9536513614471605,50270
2023-01-19,4.064825534820557,4.071773948931135,3.995341393714779,4.016187000505684,21450
2023-01-20,4.099569320678711,4.134311038220146,4.071775290618837,4.071775290618837,25630
2023-01-23,4.141258716583252,4.155155911366138,4.099568590071503,4.099568590071503,30250
2023-01-24,4.189896583557129,4.196844995786826,4.1482053812608,4.15515415794957,34430
2023-01-25,4.238534927368164,4.238534927368164,4.162102396039388,4.169050807978368,23540
2023-01-26,4.217691421508789,4.23158861674686,4.203795319648434,4.203795319648434,17270
2023-01-27,4.245485305786133,4.25243372094357,4.196846764143302,4.196846764143302,37070
2023-01-30,4.294123649597168,4.44004034879638,4.21074231416701,4.252433164111679,36190
2023-01-31,4.3497114181518555,4.43309275530946,4.2941237385603905,4.2941237385603905,24200
2023-02-01,4.35819149017334,4.35819149017334,4.253594625214238,4.323325624684308,22990
2023-02-02,4.288459300994873,4.358190281120109,4.114131484927887,4.358190281120109,44660
2023-02-03,4.309378623962402,4.323324821264742,4.281486595111651,4.288459693762821,13090
2023-02-06,4.372135639190674,4.386081466788998,4.30937740335218,4.30937740335218,33990
2023-02-07,4.386081695556641,4.420947546509358,4.351216576111612,4.365162770191161,19800
2023-02-08,4.2466206550598145,4.413975385248046,4.1908358669150445,4.386082625421739,25520
2023-02-09,4.288459300994873,4.323324425303595,4.169916269028076,4.246620347165836,31900
2023-02-10,4.27451229095459,4.302403946185356,4.232672979339312,4.239646441777742,16720
2023-02-13,4.2466206550598145,4.2954327104404095,4.183862768396948,4.267539950614103,18480
2023-02-14,4.2466206550598145,4.2954327104404095,4.218728626741352,4.239647556541718,13750
2023-02-15,4.288459300994873,4.295432399007396,4.232673785386893,4.288459300994873,9240
2023-02-16,4.281485557556152,4.295431751478836,4.253592803956945,4.260565900918286,11220
2023-02-17,4.309378623962402,4.309378623962402,4.253593834753041,4.281486595111651,18920
2023-02-22,4.35819149017334,4.35819149017334,4.246621525267231,4.309379424790294,16830
2023-02-23,4.427920818328857,4.427920818328857,4.267539214329585,4.358189845178678,12760
2023-02-24,4.3512187004089355,4.42792280529397,4.323325932878537,4.42792280529397,20460
2023-02-27,4.393054485321045,4.393054485321045,4.351216271762645,4.351216271762645,17820
2023-02-28,4.413973808288574,4.434893096369128,4.393054154454229,4.434893096369128,19360
2023-03-01,4.33151388168335,4.478463339578695,4.33151388168335,4.408487407247578,32670
2023-03-02,4.373499393463135,4.457470504299056,4.366501800893475,4.366501800893475,11440
2023-03-03,4.443474292755127,4.450471883708404,4.373498383222364,4.373498383222364,21340
2023-03-06,4.450472831726074,4.4574704241699425,4.40848691002418,4.443475239282205,13530
2023-03-07,4.464468479156494,4.57642959361479,4.443475334337122,4.471465337672679,24310
2023-03-08,4.513451099395752,4.513451099395752,4.422482031883256,4.506453507051612,24970
2023-03-09,4.506453514099121,4.513451106454204,4.443475182903371,4.506453514099121,11550
2023-03-10,4.408486366271973,4.5274457901837115,4.408486366271973,4.499455423860629,33000
2023-03-13,4.443474292755127,4.443474292755127,4.387493565128916,4.408485970950143,11330
2023-03-14,4.387494087219238,4.436477229720927,4.331512985892948,4.42248167911037,16720
2023-03-15,4.408486366271973,4.4364770996336915,4.359503592245212,4.366501183825983,16610
2023-03-16,4.42948055267334,4.4364781459043785,4.394492219479425,4.408487405941503,7260
2023-03-17,4.408486366271973,4.4364770996336915,4.4014887746912015,4.4014887746912015,14740
2023-03-20,4.36650276184082,4.443476297046843,4.36650276184082,4.42248314767916,21120
2023-03-21,4.26853609085083,4.443476311187269,4.128584208212694,4.345509626301805,39930
2023-03-22,4.408486366271973,4.534443748803118,4.275532126237327,4.303522859599045,11220
2023-03-23,4.401490211486816,4.499456892635889,4.338511866701612,4.499456892635889,10120
2023-03-24,4.36650276184082,4.401490365350245,4.324516830144222,4.401490365350245,18590
2023-03-27,4.359504699707031,4.3874950731406175,4.32451636587632,4.373499886423825,11880
2023-03-28,4.401490211486816,4.415485399216862,4.3525070544316575,4.3595050153354356,9130
2023-03-29,4.401490211486816,4.4084878053518395,4.345509460566635,4.387495390795526,8030
2023-03-30,4.401490211486816,4.4084878053518395,4.3595050153354356,4.401490211486816,15730
2023-03-31,4.3944926261901855,4.415485407826186,4.373500211592941,4.401490220068853,11110
2023-04-03,4.396008491516113,4.4240976084160275,4.388986120206538,4.4240976084160275,13970
2023-04-04,4.339828968048096,4.424097420177501,4.325784594364897,4.396008304472736,21560
2023-04-05,4.388985633850098,4.388985633850098,4.332805932922167,4.339828671791916,9020
2023-04-06,4.396008491516113,4.431119979725603,4.381963748896963,4.381963748896963,11880
2023-04-10,4.4030303955078125,4.445164618893324,4.353873433219702,4.388985654379308,17380
2023-04-11,4.410053253173828,4.431120368953079,4.396008877659413,4.403031249585829,14410
2023-04-12,4.4381422996521,4.452187410447025,4.424097557195554,4.424097557195554,15840
2023-04-13,4.4592084884643555,4.4592084884643555,4.4170739049757515,4.445163750080912,14300
2023-04-14,4.550501346588135,4.550501346588135,4.431120289307977,4.459210144847172,16500
2023-04-17,4.564545154571533,4.585612637392332,4.550501148260053,4.550501148260053,25850
2023-04-18,4.634768009185791,4.648812010658124,4.571565950839347,4.571565950839347,20350
2023-04-19,4.697970390319824,4.70499276097791,4.61370157408444,4.61370157408444,16170
2023-04-20,4.697970390319824,4.70499276097791,4.592634462110182,4.683925280665301,20570
2023-04-24,4.831396102905273,4.831396102905273,4.683925930294003,4.697971041896488,17820
2023-04-25,5.006954669952393,5.1263345933201325,4.789260828503019,4.789260828503019,42350
2023-04-26,4.978864669799805,5.006954517685308,4.943753188704123,5.006954517685308,13860
2023-04-27,4.91566276550293,4.978864087087206,4.91566276550293,4.95779661155418,30250
2023-04-28,5.006954669952393,5.020999410153106,4.936730968948828,4.96481971267361,22660
2023-05-02,5.057783603668213,5.424085898116415,5.050738973499469,5.050738973499469,41470
2023-05-03,5.043697357177734,5.21276007167531,5.008476404787197,5.057786255415362,54890
2023-05-04,4.921159744262695,5.036781220044976,4.892253901519202,4.935612097076934,53570
2023-05-05,5.022326946258545,5.029553309966225,4.69714020037469,4.942836945474057,44880
2023-05-08,5.0656867027282715,5.137950356854784,5.029554496626703,5.05846033731562,14190
2023-05-09,5.1018171310424805,5.130722965953929,5.080138797214044,5.080138797214044,16390
2023-05-10,5.022326946258545,5.145175508327339,4.986195506758364,5.101816947043033,21120
2023-05-11,5.0656867027282715,5.0945917853405644,5.044007606490317,5.051233971902969,12210
2023-05-12,5.08736515045166,5.08736515045166,5.036779844703767,5.072912043507304,14300
2023-05-15,5.1379499435424805,5.152403052243443,5.065686295229075,5.072912660060416,19690
2023-05-16,5.16685676574707,5.202988217745419,5.130724555672014,5.137950921879355,12650
2023-05-17,5.2029876708984375,5.2029876708984375,5.166856222697594,5.166856222697594,9790
2023-05-18,5.231893539428711,5.383647214636643,5.159629884567791,5.2029876984460275,21670
2023-05-19,5.304157257080078,5.311383622651715,5.21021412561047,5.231893601363703,27610
2023-05-22,5.311383247375488,5.347514693642486,5.072912821322279,5.311383247375488,36960
2023-05-23,5.333061218261719,5.333061218261719,5.260797577749486,5.311382505146289,30030
2023-05-24,5.325836181640625,5.347514898616466,5.275251245235969,5.3330621679403665,18370
2023-05-25,5.3402886390686035,5.347515004549806,5.296930825219702,5.3402886390686035,17930
2023-05-26,5.347514629364014,5.347514629364014,5.311383183531325,5.340288264389819,15840
2023-05-29,5.3836469650268555,5.3836469650268555,5.340288395082284,5.34751476023333,22330
2023-05-30,5.564306735992432,5.593211818925316,5.369194488648516,5.383647219634116,27610
2023-05-31,5.744965076446533,5.744965076446533,5.5281741274295975,5.564306331304042,20020
2023-06-01,5.710297107696533,5.761022669863143,5.659571165432195,5.761022669863143,28050
2023-06-02,5.710297107696533,5.724790234057773,5.681310474876327,5.710297107696533,18150
2023-06-05,5.724790573120117,5.724790573120117,5.652324937021996,5.724790573120117,27170
2023-06-06,5.833487510681152,5.833487510681152,5.695802828918649,5.724789457808431,17270
2023-06-07,6.079872131347656,6.079872131347656,5.82624202735328,5.82624202735328,20570
2023-06-09,6.37698221206665,6.500173416308144,6.087118900484654,6.087118900484654,51480
2023-06-12,6.840761661529541,6.884241040215766,6.311761793985031,6.3842278052264625,82720
2023-06-13,6.710323810577393,7.058158854845914,6.666844430043827,6.761050134630959,45100
2023-06-14,6.833516597747803,6.8987352963613295,6.717570808732116,6.717570808732116,29480
2023-06-15,6.826268196105957,6.869747572631707,6.695830066528709,6.826268196105958,34650
2023-06-16,6.761048793792725,6.848007537614363,6.637856859947737,6.826267471561288,20020
2023-06-19,6.659596920013428,6.768295742198424,6.529159549704099,6.768295742198424,34760
2023-06-20,6.623362064361572,6.703074615326739,6.558143395567549,6.637855946532716,29040
2023-06-21,6.543652534484863,6.659597550352304,6.543652534484863,6.587131915435154,19580
2023-06-22,6.398721218109131,6.594378811060056,6.311762076743308,6.5508986702305325,35640
2023-06-23,6.101611137390137,6.398720589289401,5.978419951131097,6.398720589289401,48400
2023-06-26,6.275529384613037,6.297269454144298,6.021899294457401,6.123351558578291,29150
2023-06-27,6.246542930603027,6.405967324342196,6.232049803899466,6.304515437417271,18260
2023-06-28,6.405966758728027,6.413213701537677,6.311761443472731,6.3552411998421094,23430
2023-06-29,6.536405563354492,6.558144871111976,6.42046056146019,6.449446811933766,23320
2023-06-30,6.59437894821167,6.6958308384677885,6.536406439493888,6.558145750165307,42130
2023-07-03,6.777551651000977,6.864722650017936,6.595945022023543,6.595945022023543,45210
2023-07-04,6.676206588745117,6.756997082796811,6.66151747805165,6.742307972103345,20460
2023-07-05,6.646829605102539,6.756998341056321,6.646829605102539,6.676207831960162,9570
2023-07-06,6.676206588745117,6.734963031518984,6.617450916446502,6.646828367358183,13420
2023-07-07,6.683552265167236,6.727619602099311,6.654174040545854,6.690897206560251,13420
2023-07-10,6.690896987915039,6.7349635529317675,6.668862934931362,6.683552046762043,13310
2023-07-11,6.690896987915039,6.720274441101087,6.632139770117005,6.690896987915039,12320
2023-07-12,6.7276201248168945,6.7276201248168945,6.668863671008914,6.683552784460909,15840
2023-07-13,6.786375999450684,6.793720170312205,6.610106653070216,6.727619550657194,29920
2023-07-14,6.690896987915039,6.8304431650688455,6.683552046762043,6.8304431650688455,16060
2023-07-17,6.705588340759277,6.7276216306311865,6.661520220064319,6.698243397151594,12100
2023-07-18,6.756998538970947,6.756998538970947,6.705587025701947,6.705587025701947,9240
2023-07-19,6.683552265167236,6.749652885327679,6.639484157759825,6.749652885327679,26400
2023-07-20,6.668862819671631,6.727619265978849,6.646828767068775,6.683551931248435,15730
2023-07-21,6.7716875076293945,6.7716875076293945,6.661518770811007,6.705586881918684,17820
2023-07-24,6.7716875076293945,6.815754848261669,6.683552826364846,6.705586881918684,14300
2023-07-25,6.7716875076293945,6.8084099062519225,6.749653452075556,6.7716875076293945,16170
2023-07-26,6.734964370727539,6.830443994458268,6.712930315068368,6.808409938799098,11440
2023-07-27,6.793720722198486,6.852477946240437,6.712930213306775,6.74965338202357,26730
2023-07-28,6.764345169067383,6.837790756689801,6.683554637444917,6.793722633640739,15510
2023-07-31,6.764345169067383,6.793722633640739,6.734966163542804,6.764345169067383,20130
2023-08-01,6.773293972015381,6.7880185106965705,6.699671278609434,6.780656627522739,17160
2023-08-02,6.714395523071289,6.765931020030446,6.692308329850585,6.743844599143234,14190
2023-08-03,6.736482620239258,6.8174679737340345,6.707034313544467,6.714396197134772,20350
2023-08-04,6.72175931930542,6.7364830875073265,6.70703477876989,6.72912043107275,10670
2023-08-07,6.699672222137451,6.721759419436582,6.699672222137451,6.721759419436582,9680
2023-08-08,6.677585124969482,6.699672322599813,6.6260496177214545,6.699672322599813,11110
2023-08-09,6.662858963012695,6.684946155269519,6.633410660559362,6.677583500406092,10780
2023-08-10,6.626046657562256,6.662857607389471,6.552423985574524,6.63340931092768,21120
2023-08-11,6.618685722351074,6.6260483776277805,6.2579341497965135,6.596599301187959,19800
2023-08-14,6.4861650466918945,6.618685894110088,6.338919274504918,6.618685894110088,21010
2023-08-15,6.41254186630249,6.478803061299274,6.368368637360397,6.368368637360397,11330
2023-08-16,6.478802680969238,6.508250983646235,6.434628682286814,6.45671548854466,10120
2023-08-17,6.441990852355957,6.552425268120199,6.434628583716123,6.4788025817218555,11990
2023-08-18,6.515615463256836,6.515615463256836,6.434630484298308,6.441992755112721,8690
2023-08-21,6.441990852355957,6.55978792292676,6.434628583716123,6.515613538754301,12650
2023-08-22,6.441990852355957,6.464078044442187,6.412541391629893,6.412541391629893,9350
2023-08-23,6.471442699432373,6.471442699432373,6.427268685137433,6.44199322784679,10120
2023-08-24,6.471442699432373,6.471442699432373,6.44199322784679,6.464080428077695,21340
2023-08-25,6.441990852355957,6.4788025817218555,6.427266315076289,6.471440313082021,27610
2023-08-28,6.434628486633301,6.618685199852194,6.397817530156242,6.441990755162056,29700
2023-08-29,6.441990852355957,6.4788025817218555,6.397817626683677,6.434628583716123,19030
2023-08-30,6.441990852355957,6.4788025817218555,6.412541391629893,6.471440313082021,11990
2023-08-31,6.441990852355957,6.574511687872976,6.4199036602697275,6.574511687872976,16060
2023-09-01,6.436202526092529,6.458345793191604,6.200011806605089,6.421440606124564,28490
2023-09-04,6.3919172286987305,6.480489136697942,6.362393001267572,6.458345869337791,15290
2023-09-05,6.458346843719482,6.4804901144204266,6.369775309504465,6.421441650649368,12760
2023-09-06,6.355012893676758,6.473108657801711,6.3402509715545365,6.4583467356794895,16610
2023-09-08,6.384536266326904,6.473107787147065,6.355012038906385,6.362392998974732,16940
2023-09-11,6.421440124511719,6.421440124511719,6.369773795645982,6.391916673937198,15730
2023-09-12,6.3919172286987305,6.421440681835625,6.3476310811255585,6.384536268627724,14080
2023-09-13,6.421440124511719,6.421440124511719,6.369773795645982,6.391916673937198,13090
2023-09-14,6.406680107116699,6.421441254280343,6.391917798511556,6.4140610678456875,7920
2023-09-15,6.421440124511719,6.458345308810842,6.414059939375511,6.421440124511719,7590
2023-09-18,6.421440124511719,6.458345308810842,6.310726120202743,6.4288210839421245,20240
2023-09-19,6.399298667907715,6.443584431649586,6.37715578603678,6.406680015678521,8690
2023-09-20,6.399298667907715,6.517394037886037,6.362393477642328,6.399298667907715,17600
2023-09-21,6.414061069488525,6.443584525264875,6.391917800148722,6.421441255925071,11550
2023-09-22,6.3919172286987305,6.421440681835625,6.355012041196566,6.414060496058882,9460
2023-09-25,6.414061069488525,6.414061069488525,6.362393570078039,6.406680108757646,8800
2023-09-26,6.384536266326904,6.414060493747423,6.362392998974732,6.36977434619021,7260
2023-09-27,6.3919172286987305,6.406679535987876,6.369774348485711,6.384536268627724,20680
2023-09-28,6.406680107116699,6.406680107116699,6.377155877053578,6.399298759240544,14630
2023-09-29,6.421440124511719,6.421440124511719,6.377154755076387,6.414059939375511,17270
2023-10-02,6.363839626312256,6.43043866738798,6.326840978445563,6.393439243249878,21890
2023-10-03,6.341639518737793,6.400837966314953,6.282440683024995,6.28984048897214,11000
2023-10-04,6.304642200469971,6.430439719736432,6.282442775235572,6.341641630663069,12980
2023-10-05,6.3194403648376465,6.356439007983039,6.282440945420945,6.334239977350065,9790
2023-10-06,6.349040985107422,6.349040985107422,6.267642715241757,6.282441941966032,7040
2023-10-09,6.37123966217041,6.393439472704283,6.312041590577716,6.349041016043691,11000
2023-10-10,6.349040985107422,6.400839248981672,6.34164078954171,6.37863943855597,18480
2023-10-11,6.363839626312256,6.371239433512735,6.30464116870842,6.349040788182705,9570
2023-10-13,6.297242641448975,6.356441111085148,6.275043215335409,6.289842832744453,16500
2023-10-16,6.341639518737793,6.430437578239171,6.28984048897214,6.28984048897214,9900
2023-10-17,6.297242641448975,6.356441111085148,6.282443024039931,6.3416418818118885,16280
2023-10-18,6.297242641448975,6.326842264402845,6.297242641448975,6.312042646993801,8800
2023-10-19,6.304642200469971,6.356440859350235,6.304642200469971,6.3490418272103035,11110
2023-10-20,6.33424186706543,6.33424186706543,6.304642245074384,6.312042441673974,9900
2023-10-23,6.3194403648376465,6.40083823365595,6.304640364189574,6.326840171093856,15070
2023-10-24,6.326841831207275,6.356440675862961,6.304642018477937,6.326841831207275,10120
2023-10-25,6.349040985107422,6.356440016265984,6.312041559821729,6.334240982111715,10340
2023-10-26,6.423038482666016,6.437837319925747,6.334240413343766,6.423038482666016,15730
2023-10-27,6.37123966217041,6.430438898170259,6.37123966217041,6.408239087636386,9790
2023-10-30,6.252843379974365,6.4378381858604765,6.252843379974365,6.408239342952715,20130
2023-10-31,6.363839626312256,6.363839626312256,6.252842906440767,6.28984155430746,15180
2023-11-01,6.2615766525268555,6.313508722758357,6.224481649552885,6.268995575293978,18260
2023-11-03,6.298671245574951,6.306090168775937,6.2615770187083974,6.276414865110371,10340
2023-11-06,6.320929050445557,6.335767288416177,6.268996968671381,6.276415893087469,11990
2023-11-07,6.320929050445557,6.320929050445557,6.30609120161338,6.30609120161338,7150
2023-11-08,6.320929050445557,6.320929050445557,6.283834817503557,6.320929050445557,10010
2023-11-09,6.291252613067627,6.313509383698983,6.276415155118453,6.291252613067627,8470
2023-11-10,6.313509464263916,6.320928387902373,6.261577387933125,6.2912526933485475,8690
2023-11-13,6.306089878082275,6.320927723800264,6.268995652925665,6.313508800941269,13090
2023-11-14,6.291252613067627,6.320928307242768,6.291252613067627,6.291252613067627,15070
2023-11-16,6.306089878082275,6.313508800941269,6.283833498643654,6.283833498643654,19360
2023-11-17,6.298671245574951,6.306090168775937,6.291252322373965,6.306090168775937,13420
2023-11-20,6.291252613067627,6.306090460155198,6.276415155118453,6.298671536611412,14850
2023-11-21,6.306089878082275,6.306089878082275,6.283833498643654,6.291252032364286,14960
2023-11-22,6.298671245574951,6.343185173919251,6.283833788311357,6.306090168775937,16060
2023-11-23,6.36544132232666,6.38027838809691,6.298670245839044,6.320927011909371,20570
2023-11-24,6.372859477996826,6.387697322071472,6.328346334911207,6.36544133423614,9020
2023-11-27,6.298671245574951,6.380279400785804,6.291252322373965,6.358023020321223,24090
2023-11-28,6.343184947967529,6.3802791735127435,6.298671021208869,6.298671021208869,27500
2023-11-29,6.409955024719238,6.44705002721201,6.350603643352164,6.365441877832284,32230
2023-11-30,6.491562366485596,6.491562366485596,6.447049225136508,6.447049225136508,23540
2023-12-01,6.572630882263184,6.572630882263184,6.317237060770373,6.317237060770373,12430
2023-12-04,6.572630882263184,6.572630882263184,6.444934562513741,6.55760773946937,11550
2023-12-05,6.557608127593994,6.572631271276982,6.474980443339565,6.5651196994354875,14630
2023-12-06,6.56511926651001,6.572630837856166,6.497515124394605,6.557607695163854,8580
2023-12-07,6.640234470367432,6.700327040090471,6.610188973501843,6.610188973501843,11220
2023-12-08,6.632721900939941,6.6853032824087215,6.587652483107744,6.640233076580758,12210
2023-12-11,6.490004062652588,6.677793361051966,6.4374230591007615,6.632723929436116,21120
2023-12-12,6.535072326660156,6.647746286359643,6.4599566161924695,6.490003294377501,14960
2023-12-13,6.61769962310791,6.61769962310791,6.520049599091309,6.520049599091309,6490
2023-12-14,6.670283317565918,6.685306463992937,6.5951675854308185,6.685306463992937,7700
2023-12-15,6.715350151062012,6.715350151062012,6.670281511976795,6.715350151062012,15070
2023-12-18,6.730374813079834,6.745397957073386,6.685305381099175,6.707839703091498,15180
2023-12-19,6.722860336303711,6.737883474686584,6.692814847533683,6.730372299493007,12650
2023-12-20,6.745397090911865,6.76042023297633,6.722861983817213,6.745397090911865,15620
2023-12-21,6.760421276092529,6.797978743050758,6.745398131710031,6.745398131710031,6270
2023-12-22,6.7754435539245605,6.820512981307867,6.737885303773838,6.7979778736182475,12650
2023-12-26,6.8205132484436035,6.828024425970375,6.775443819295084,6.775443819295084,12980
2023-12-27,6.9707441329956055,6.985767274868511,6.767932111709325,6.813000749332141,11770
2023-12-28,7.158535003662109,7.331301558238305,6.880606438299197,6.970745304687812,25850
2024-01-02,7.295680999755859,7.386030706938177,7.197804190708469,7.3785012355761905,27390
2024-01-03,7.395896911621094,7.395896911621094,7.267601246420229,7.297788554902129,16170
2024-01-04,7.395896911621094,7.410990565862044,7.350615948898243,7.395896911621094,14190
2024-01-05,7.3581647872924805,7.395898535331787,7.1770408966367665,7.3883521024017655,18590
2024-01-08,7.2600555419921875,7.35816471092645,7.094025310614246,7.35816471092645,18040
2024-01-09,7.2374138832092285,7.3053365217515145,7.214774587084148,7.267601986459525,7480
2024-01-10,7.109118461608887,7.26005502483718,7.109118461608887,7.229867712191521,11110
2024-01-11,6.988369464874268,7.169493347327427,6.958182151132074,7.109118719843041,9680
2024-01-12,6.980820655822754,6.995914309267326,6.852524997391078,6.965727794072566,14300
2024-01-15,7.0562920570373535,7.0562920570373535,6.92044833924924,6.935541997704069,8800
2024-01-16,6.958180904388428,7.0411963981523025,6.897805496027341,6.98836821272176,14740
2024-01-17,6.980820655822754,7.086476229934763,6.97327422494766,6.995914309267326,12100
2024-01-18,6.9657301902771,6.98082305721922,6.935542081308888,6.973276623748159,7700
2024-01-19,7.071384429931641,7.161946374335766,6.777058506465526,6.950635962420731,24640
2024-01-22,7.169490814208984,7.21477256051793,7.018554298826779,7.056288823519473,11440
2024-01-23,7.214772701263428,7.214772701263428,7.01855443574446,7.169490954071128,11440
2024-01-24,7.161945819854736,7.38080502276242,7.161945819854736,7.177040267781398,11330
2024-01-25,7.267603397369385,7.27514983087612,7.161946994717812,7.184587878627338,6600
2024-01-26,7.282696723937988,7.312883248282882,7.282696723937988,7.282696723937988,8030
2024-01-29,7.33552360534668,7.373258143538563,7.27514897759532,7.290243426227728,8580
2024-01-30,7.373257160186768,7.410990901651633,7.32797619541225,7.32797619541225,19030
2024-01-31,7.4336323738098145,7.463819686071362,7.275148588589421,7.275148588589421,11440
2024-02-01,7.38080358505249,7.4562718515126445,7.335521833482021,7.43363097572741,13090
2024-02-02,7.3753509521484375,7.390479863342339,7.345093129760635,7.345093129760635,11110
2024-02-05,7.307271480560303,7.382916038931592,6.88366116013733,7.382916038931592,36740
2024-02-06,7.405609130859375,7.405609130859375,7.23919109971921,7.307271600139343,10340
2024-02-07,7.413173198699951,7.413173198699951,7.314835667865154,7.39804508030423,11990
2024-02-08,7.322401523590088,7.375352325859334,7.314836669812267,7.375352325859334,12320
2024-02-09,7.322401523590088,7.375352325859334,7.254320220221322,7.322401523590088,9240
2024-02-14,7.307271480560303,7.375351186322585,7.186239393622486,7.186239393622486,15620
2024-02-15,7.284576416015625,7.337527200652192,7.216495928861622,7.337527200652192,6490
2024-02-16,7.254317283630371,7.299704800836411,7.208931353511443,7.299704800836411,6050
2024-02-19,7.2997050285339355,7.322398787844835,7.2089315783774985,7.246753452504223,11220
2024-02-20,7.277012348175049,7.32239987352639,7.261883437572501,7.299706110850719,8690
2024-02-21,7.284576416015625,7.322399085221984,7.2618826557830864,7.269447507041804,10670
2024-02-22,7.239188194274902,7.329960835830583,7.216494438728396,7.269446005974612,12870
2024-02-23,7.231625080108643,7.292139917847238,7.224060229426598,7.292139917847238,8360
2024-02-26,7.216495037078857,7.261881758391629,7.216495037078857,7.224059887402744,14850
2024-02-27,7.284576416015625,7.284576416015625,7.193802962172697,7.22406078012034,13640
2024-02-28,7.254317283630371,7.3148337087239055,7.208931353511443,7.284575892948917,11220
2024-02-29,7.17867374420166,7.224061267730304,7.163544834206667,7.224061267730304,16720
2024-03-01,7.186239719390869,7.224062397062977,7.11816001054238,7.178674866438931,15400
2024-03-04,7.1504411697387695,7.203519288299973,7.127692836461186,7.173189503016353,18150
2024-03-05,7.135277271270752,7.173190902312018,7.08219834690339,7.1580248135338715,7480
2024-03-06,6.976041316986084,7.135277295169462,6.976041316986084,7.135277295169462,19140
2024-03-07,6.9381279945373535,7.036702803599361,6.9381279945373535,6.983624672144502,17930
2024-03-08,6.9836249351501465,7.203521309454931,6.8850501223757785,6.938128255829579,17380
2024-03-11,6.945709705352783,7.021536161048605,6.9002138319352895,6.976040287631112,12210
2024-03-12,6.9381279945373535,6.983624672144502,6.9077982018860675,6.983624672144502,6160
2024-03-13,6.900214672088623,6.976041137016891,6.900214672088623,6.93812750682674,14300
2024-03-14,6.892631530761719,6.915379867645721,6.869883989329738,6.915379867645721,13970
2024-03-15,6.824387550354004,6.89263096449541,6.824387550354004,6.877465672969325,16940
2024-03-18,6.824387550354004,6.824387550354004,6.733395801197492,6.824387550354004,19800
2024-03-19,6.748560905456543,6.824387360982848,6.7333956143512825,6.8092220698775865,19360
2024-03-20,6.733396530151367,6.8092229959907264,6.703065148363582,6.748561823319239,19250
2024-03-21,6.718230247497559,6.81680424084436,6.710647204304461,6.81680424084436,13200
2024-03-22,6.6651530265808105,6.718231555182346,6.521081939210279,6.718231555182346,11660
2024-03-25,6.521080017089844,6.665151061994726,6.430088280593189,6.62723744072853,38940
2024-03-26,6.536247253417969,6.551412945077312,6.4755864754107995,6.5210819594846665,13860
2024-03-27,6.551413059234619,6.566578353432174,6.513499426014683,6.543830412135841,9570
2024-03-28,6.558994770050049,6.558994770050049,6.521081142242207,6.543829478017308,12430
2024-04-01,6.521080017089844,6.703063490083154,6.452836214717353,6.5665762830640935,40150
2024-04-02,6.614436626434326,6.614436626434326,6.500395110674466,6.523203892365812,10340
2024-04-03,6.758889675140381,6.774096060317648,6.591628211411732,6.637244974246818,9570
2024-04-04,6.713274955749512,6.789302916950032,6.622041003525982,6.758891732469824,14190
2024-04-05,6.72847843170166,6.81971195644688,6.6372449069564405,6.713272844244123,12100
2024-04-08,6.850125312805176,6.903344480875227,6.606835465551849,6.736082985051783,20900
2024-04-09,6.865329265594482,6.948959604488717,6.766493338031692,6.842521281374464,16610
2024-04-10,6.72847843170166,6.842520736415966,6.72847843170166,6.842520736415966,14080
2024-04-11,6.736081600189209,6.796903152236874,6.728478407704776,6.728478407704776,7040
2024-04-12,6.789300441741943,6.903342740748678,6.705669316128268,6.705669316128268,7810
2024-04-15,6.819713115692139,6.872932282057167,6.796904331845914,6.796904331845914,9350
2024-04-16,6.720875263214111,6.834917568336065,6.690464885755898,6.834917568336065,12100
2024-04-17,6.667656898498535,6.7664936278604175,6.667656898498535,6.728479255777952,8910
2024-04-18,6.698067665100098,6.789301195406903,6.652450899946695,6.660053694138928,6270
2024-04-19,6.690465927124023,6.713273913159128,6.652451553644596,6.690465927124023,6160
2024-04-22,6.70566987991333,6.81210979330359,6.6904650895039675,6.7284786606585545,11550
2024-04-23,6.698067665100098,6.720875648893993,6.6904652696906695,6.705670060509526,7040
2024-04-24,6.698067665100098,6.736082034844072,6.576422958024356,6.705670060509526,19910
2024-04-25,6.660053253173828,6.78169755341264,6.644847665796129,6.728478396373473,12320
2024-04-26,6.644847869873047,6.660053457717741,6.614436295400868,6.660053457717741,14520
2024-04-29,6.9489593505859375,7.222660734184974,6.637245193052875,6.644847987109359,42680
2024-04-30,7.0630035400390625,7.101017919221835,6.842522852502732,6.9793731819422575,50160
2024-05-02,7.36711311340332,7.382319498443933,7.085810143897682,7.085810143897682,49940
2024-05-03,7.146798610687256,7.224481133418824,6.983664905489527,7.022505759393875,86460
2024-05-06,6.975894451141357,7.201173275329366,6.975894451141357,7.107954282922762,22550
2024-05-07,7.0225043296813965,7.12349199613378,6.921518293074424,6.98366348368466,22000
2024-05-08,7.0225043296813965,7.061345990600838,6.98366348368466,7.061345990600838,6380
2024-05-09,6.975894451141357,7.06134478671946,6.975894451141357,7.022503132422092,7370
2024-05-10,6.991430759429932,7.014735099435492,6.968125604501828,6.9836621028130486,12540
2024-05-13,6.991430759429932,7.061344594369156,6.766150718994679,6.9836621028130486,14740
2024-05-14,6.929285049438477,6.991431867455139,6.913749363587653,6.991431867455139,13750
2024-05-15,6.960357189178467,7.006966680270869,6.929283380194389,6.929283380194389,6490
2024-05-16,6.991430759429932,6.991430759429932,6.960357762807489,6.991430759429932,4730
2024-05-17,7.045808792114258,7.045808792114258,6.9914314501143116,7.030272292268184,8030
2024-05-20,7.038040637969971,7.069113636286038,7.006967639653904,7.053577137128005,10890
2024-05-21,7.045808792114258,7.092419106575105,7.006967949960385,7.069113949344682,8030
2024-05-22,7.0225043296813965,7.092419808290015,7.014736486451131,7.0535781473705725,7150
2024-05-23,7.014735698699951,7.038040855619,6.983662699422962,7.038040855619,5940
2024-05-24,7.0225043296813965,7.030272987834366,6.991432141837631,7.014736486451131,8250
2024-05-27,7.014735698699951,7.038040855619,6.991431356703516,7.038040855619,8580
2024-05-28,6.921515941619873,7.00696626273618,6.913747286106156,6.991429766631176,11000
2024-05-29,6.960357189178467,7.045807515386631,6.766150161370983,6.9059790421094265,8250
2024-05-31,6.9991984367370605,6.9991984367370605,6.929282981735138,6.9603567889323585,7700
2024-06-03,6.7816853523254395,7.006964909811597,6.773916698311717,6.999197070720145,41360
2024-06-04,6.698186874389648,6.931845173596446,6.659244369225599,6.8150160239930475,18810
2024-06-05,6.78386116027832,6.830593064380562,6.72155290804021,6.830593064380562,13310
2024-06-06,6.776072025299072,6.853958661962779,6.7371295240227616,6.807226761670109,13420
2024-06-07,6.846169948577881,6.970786849030935,6.776071895220644,6.783860477031945,13530
2024-06-10,6.853958606719971,7.01751923510659,6.8228038706000405,6.892901107682405,12210
2024-06-11,6.877324104309082,6.955209925106278,6.8539587665977,6.931844587394896,15400
2024-06-12,6.9629998207092285,7.009732141800684,6.846171877675742,6.877325805171662,20680
2024-06-13,6.931844711303711,7.00973053349314,6.931844711303711,6.955210049432755,6270
2024-06-14,6.853958606719971,6.970786926662811,6.853958606719971,6.947420772440921,18810
2024-06-17,6.78386116027832,6.815015899189083,6.7682848121424515,6.815015899189083,13310
2024-06-18,6.78386116027832,6.931845046652979,6.78386116027832,6.7916497428740605,10120
2024-06-19,6.768285274505615,6.853959688911441,6.768285274505615,6.815016364744597,10340
2024-06-20,6.768285274505615,6.8305935310002015,6.768285274505615,6.8305935310002015,8470
2024-06-21,6.79164981842041,6.861747471089595,6.783861235738035,6.79164981842041,9130
2024-06-24,6.8617472648620605,6.892901594655228,6.81501577017231,6.81501577017231,20570
2024-06-25,6.853958606719971,6.916267261904295,6.84617002482193,6.916267261904295,18920
2024-06-26,7.009730339050293,7.025307503056084,6.869535045942627,6.869535045942627,20020
2024-06-27,7.05646276473999,7.087617096873743,7.001942274978098,7.0486737731787255,14410
2024-06-28,7.058185577392578,7.058185577392578,7.003105437494293,7.058185577392578,15510
2024-07-01,7.199821472167969,7.239165137798542,7.050317523863988,7.058185761717054,20350
2024-07-02,7.0994744300842285,7.202022712208315,7.052143817168391,7.202022712208315,21010
2024-07-03,7.107361793518066,7.162579452254445,7.107361793518066,7.115249675830701,12870
2024-07-04,7.257243633270264,7.257243633270264,7.138918702993452,7.138918702993452,16170
2024-07-05,7.217799663543701,7.225688376162134,7.146805387559165,7.162581985279759,9790
2024-07-08,7.138916969299316,7.2177999611548636,7.131028256355609,7.2177999611548636,9350
2024-07-09,7.107361793518066,7.146802860113197,7.107361793518066,7.138914150284584,5170
2024-07-10,7.091586589813232,7.18624699975583,7.067922107964761,7.115251899177941,16720
2024-07-11,7.131028175354004,7.186247510300108,7.107364519340595,7.107364519340595,7700
2024-07-12,7.15469217300415,7.178357479705882,7.115251098522791,7.15469217300415,12100
2024-07-15,7.162581443786621,7.162581443786621,7.123139538708819,7.154692731764577,7810
2024-07-16,7.15469217300415,7.178357479705882,7.146804289114336,7.15469217300415,7040
2024-07-17,7.170467853546143,7.178356563945719,7.115250190813259,7.131025956580335,8030
2024-07-18,7.0994744300842285,7.162580810617163,7.0994744300842285,7.154692099292478,8690
2024-07-19,7.1152520179748535,7.1310277877930695,7.1073641330657455,7.1073641330657455,4510
2024-07-22,7.138916969299316,7.178358878985243,7.075810575814879,7.075810575814879,13310
2024-07-23,7.17835807800293,7.1862467900663916,7.138916172718047,7.138916172718047,10450
2024-07-24,7.146803855895996,7.17835704457488,7.1389151449682275,7.17835704457488,8690
2024-07-25,6.981150150299072,7.060033132716332,6.697170999838832,6.705059298080558,119680
2024-07-26,7.04425573348999,7.1625806073900256,7.020591255219651,7.028479966320505,12650
2024-07-29,7.036369800567627,7.138918120271343,7.020594027169374,7.138918120271343,10230
2024-07-30,7.02847957611084,7.060031936214187,7.020590865447954,7.04425534240448,8470
2024-07-31,7.1152520179748535,7.1152520179748535,7.044256916211624,7.052144801120732,7920
2024-08-01,7.091586589813232,7.123139783955352,7.052144683377463,7.115251899177941,13860
2024-08-02,7.077976703643799,7.133335546800412,6.975167779046974,7.0858854653602,20680
2024-08-05,6.983076095581055,7.085885013623646,6.975167334368851,7.054250798394173,35310
2024-08-06,7.038435459136963,7.093793473265768,6.998893309371183,6.998893309371183,13310
2024-08-07,7.109610080718994,7.109610080718994,7.038435373474007,7.038435373474007,8030
2024-08-08,7.0937933921813965,7.117518847693556,7.062160004578114,7.109610085983038,9680
2024-08-09,7.030527591705322,7.093794375683356,7.030527591705322,7.093794375683356,29150
2024-08-12,7.0937933921813965,7.109610085983038,7.04634414039587,7.04634414039587,14740
2024-08-13,7.070068359375,7.109610511052949,7.062160426811078,7.093793816305659,12870
2024-08-14,7.062160491943359,7.109610576622849,7.062160491943359,7.070068424580214,11440
2024-08-15,7.1017022132873535,7.117518907221277,7.06216006364284,7.0779767575767645,11770
2024-08-16,7.141244411468506,7.141244411468506,7.077977627952916,7.101703086581015,19690
2024-08-19,7.180785655975342,7.180785655975343,7.125427642224315,7.141243506479408,10560
2024-08-20,7.109610080718994,7.188693549668644,7.109610080718994,7.164968923793447,14850
2024-08-21,7.164968013763428,7.180784705544464,7.101701246639286,7.101701246639286,13310
2024-08-22,7.125426292419434,7.18078429568372,7.101700841292423,7.164967604805461,12870
2024-08-23,7.1491522789001465,7.1491522789001465,7.109610954376026,7.125428479729072,8360
2024-08-26,7.141244411468506,7.1491523445982015,7.117519782459913,7.117519782459913,10670
2024-08-27,7.117518424987793,7.141243049471562,7.109609663746971,7.141243049471562,7700
2024-08-28,7.117518424987793,7.149150981093037,7.109609663746971,7.141243049471562,5940
2024-08-29,7.117518424987793,7.117518424987793,7.085885039263202,7.093792970884675,10120
2024-08-30,7.133335590362549,7.133335590362549,7.0858855086325665,7.125427658217253,14190
2024-09-02,7.133335590362549,7.133335590362549,7.093793440777862,7.117518896452554,21890
2024-09-03,7.111763000488281,7.159333279836651,7.0800494809227015,7.135548556022938,20460
2024-09-04,7.143476486206055,7.143476486206055,7.07211982824831,7.1038341756920325,19030
2024-09-05,7.1514058113098145,7.1514058113098145,7.0959067323641785,7.143477846729581,15840
2024-09-06,7.167262077331543,7.167262077331543,7.111763827498491,7.151406147425848,8030
2024-09-09,7.317901134490967,7.325829097899069,6.976980410083257,7.167260680807368,57970
2024-09-10,7.12761926651001,7.294115648555849,7.103834544343967,7.1434768569152185,20350
2024-09-11,7.119691371917725,7.135548130755476,7.064193131846039,7.135548130755476,17050
2024-09-12,7.0641937255859375,7.127619934546974,7.0641937255859375,7.111763174376474,20130
2024-09-13,7.12761926651001,7.12761926651001,7.0879769539387585,7.103834544343967,11440
2024-09-16,7.12761926651001,7.12761926651001,7.103834544343967,7.111762507825686,10450
2024-09-17,7.12761926651001,7.12761926651001,7.103834544343967,7.111762507825686,8250
2024-09-18,7.12761926651001,7.135548061712615,7.103834544343967,7.103834544343967,6930
2024-09-19,7.0959062576293945,7.127619777270612,7.0959062576293945,7.111763017450003,6600
2024-09-20,7.056264400482178,7.119691436407706,7.056264400482178,7.119691436407706,16500
2024-09-23,7.072121620178223,7.111763940736792,7.056265690020059,7.056265690020059,13970
2024-09-24,7.111763000488281,7.111763000488281,7.0562647571089885,7.072120685170836,13860
2024-09-25,7.087977886199951,7.119692239460781,7.072121125430034,7.119692239460781,6270
2024-09-26,7.0959062576293945,7.135548573041389,7.072120702038009,7.0879774618586175,15290
2024-09-27,7.0959062576293945,7.135548573041389,7.080049497808786,7.0959062576293945,6050
2024-09-30,7.1038336753845215,7.135547188873889,7.0879760869190545,7.127618394641155,12980
2024-10-01,7.135548114776611,7.135548114776611,7.080049043108314,7.095905801910557,21340
2024-10-02,7.0980224609375,7.392117614321987,7.010588473719953,7.098022460937501,25190
2024-10-03,7.074177265167236,7.201353365742678,7.074177265167236,7.082126188369346,15400
2024-10-04,7.1377668380737305,7.1536638540367905,7.082127699119253,7.082127699119253,10230
2024-10-07,7.11392068862915,7.161612568952446,7.098023673132198,7.137766628790798,12210
2024-10-08,7.058280944824219,7.082126882936908,7.058280944824219,7.074177958955222,20130
2024-10-09,7.042383670806885,7.098022801295949,7.0344347471185396,7.07417769789559,11660
2024-10-10,7.034434795379639,7.074177746429354,7.034434795379639,7.050331809033056,15950
2024-10-11,7.026486873626709,7.105971953228512,7.01853878258276,7.034435798503121,24200
2024-10-14,7.026486873626709,7.042384723379533,7.010589857706348,7.026486873626709,14520
2024-10-15,7.018537998199463,7.066229040630652,7.0105890742114125,7.050332026486922,7920
2024-10-16,7.026486873626709,7.050332814423482,6.994693675618451,7.026486873626709,16940
2024-10-17,7.026486873626709,7.034435798503121,7.002641766662399,7.01853878258276,8580
2024-10-18,7.002641677856445,7.0344357092939624,7.002641677856445,7.0344357092939624,12540
2024-10-21,7.010589599609375,7.05033255486336,6.9946934181067,7.05033255486336,7920
2024-10-22,6.986745834350586,7.042385395381111,6.986745834350586,7.034436469746193,9900
2024-10-23,7.002641677856445,7.010589768799598,6.947002122840791,6.986745079053914,9570
2024-10-24,6.954951286315918,7.00264233796784,6.954951286315918,6.978797229058145,11550
2024-10-25,7.010589599609375,7.010589599609375,6.9549504628527155,6.9549504628527155,11660
2024-10-28,6.93110466003418,7.050332694322085,6.923156152209401,6.994693556464859,16280
2024-10-29,6.859567642211914,7.010588854937592,6.859567642211914,6.9549497240909774,15510
2024-10-30,6.883413314819336,6.947001370810806,6.867516300821468,6.899310745733385,8800
2024-10-31,6.939052581787109,6.9549495951388725,6.867516021704175,6.867516021704175,8360
2024-11-01,6.89931058883667,6.95494971964774,6.883413158284143,6.923155275458858,17380
2024-11-04,6.853718280792236,7.013107777950043,6.853718280792236,6.8776269979755655,26950
2024-11-05,6.853718280792236,6.893565864088587,6.853718280792236,6.853718280792236,5170
2024-11-06,6.853718280792236,6.869657146905257,6.80590210046697,6.853718280792236,12540
2024-11-07,6.774024486541748,6.901535843555073,6.774024486541748,6.853718823416432,23650
2024-11-08,6.766054630279541,6.869657261746115,6.726207882344664,6.734177315534399,16830
2024-11-11,6.750116348266602,6.81387181535571,6.726208048108186,6.742146914880463,10560
2024-11-12,6.734177112579346,6.766054426363766,6.710268395716894,6.750115978478452,6710
2024-11-13,6.694329261779785,6.75808472282347,6.694329261779785,6.718237977684942,9460
2024-11-14,6.734177112579346,6.734177112579346,6.70229896276734,6.710268395716894,7480
2024-11-18,6.678390979766846,6.734177431065878,6.678390979766846,6.7102687130726855,15070
2024-11-19,6.678390979766846,6.774024179684366,6.614635513155165,6.6704211284265735,13970
2024-11-21,6.702298641204834,6.718237924352999,6.566818705576271,6.646513031248233,15290
2024-11-22,6.6305742263793945,6.718238408955754,6.6305742263793945,6.710268557799901,16280
2024-11-25,6.662450313568115,6.662450313568115,6.622602742185046,6.638542021546478,7260
2024-11-26,6.845747947692871,6.845747947692871,6.670420025487032,6.670420025487032,11550
2024-11-27,6.917474269866943,6.97325988073741,6.805901794084672,6.84574853955964,11880
2024-11-28,6.861687660217285,6.91747452720442,6.837780197262211,6.91747452720442,9570
2024-11-29,6.921867847442627,6.929945122307448,6.744177120674994,6.865329465277543,13750
2024-12-02,6.873405456542969,6.921866981428183,6.816867928747675,6.921866981428183,14410
2024-12-03,6.835173606872559,6.891862957733315,6.786581945818467,6.851370685628689,6710
2024-12-04,6.665104389190674,6.859469337450359,6.665104389190674,6.859469337450359,31020
2024-12-05,6.770385265350342,6.883764391413815,6.705596525793688,6.705596525793688,8250
2024-12-06,6.6732025146484375,6.859468911840008,6.648906472837769,6.802778713996023,13310
2024-12-09,6.62460994720459,6.843270895224391,6.616510984521405,6.689397825599464,11660
2024-12-10,6.632709980010986,6.786582234745062,6.6084139360567296,6.681301643133781,10780
2024-12-11,6.616512775421143,6.681301945709451,6.567921959669255,6.632710280386089,17270
2024-12-12,6.551723480224609,6.632708863824431,6.535525978718998,6.600314285598856,13860
2024-12-13,6.57602071762085,6.62461195976829,6.50313427918544,6.55172509654713,8470
2024-12-16,6.5598225593566895,6.713694800881116,6.503133210949161,6.5598225593566895,21120
2024-12-17,6.600315093994141,6.729892148409878,6.559822822020453,6.559822822020453,10010
2024-12-18,6.608413219451904,6.697497146743105,6.576019488858958,6.624610721926886,4950
2024-12-19,6.478837966918945,6.608414182531584,6.405951106694861,6.576020447217726,21450
2024-12-20,6.818975925445557,6.8432719677316465,6.559822672107945,6.559822672107945,8360
2024-12-23,6.818975925445557,6.88376423877996,6.713694916277152,6.810877386278756,9680
2024-12-26,6.8270745277404785,6.835173066478267,6.721793099363564,6.810877025479235,15620
2024-12-27,6.8432722091674805,6.883764481644391,6.810877626571685,6.827075130262434,18810
2024-12-30,6.899961948394775,6.964750267656696,6.810878009409634,6.810878009409634,10670
2025-01-02,6.867567539215088,6.972848554190084,6.802779222307398,6.883764618442011,16940
2025-01-03,6.66757345199585,6.984303210879769,6.66757345199585,6.846241947088133,21890
2025-01-06,6.724422454833984,6.781271812500632,6.651330971234658,6.6756947991011,11550
2025-01-07,6.732542514801025,6.773149313222573,6.700057842824558,6.773149313222573,11880
2025-01-08,6.700058937072754,6.740664890169621,6.667573407834364,6.732543614354593,9680
2025-01-09,6.805634498596191,6.813755773697506,6.635087295490367,6.667572821873859,14520
2025-01-10,6.740665435791016,6.789393520603745,6.716301180395496,6.789393520603745,4400
2025-01-13,6.740665435791016,6.8056356475702415,6.691938202934906,6.8056356475702415,9460
2025-01-14,6.683816909790039,6.789393503667925,6.66757393090744,6.740665418976746,11110
2025-01-15,6.724422454833984,6.805635214388792,6.691937776990344,6.700059052945825,14190
2025-01-16,6.7163004875183105,6.773150268916929,6.667573259689073,6.7163004875183105,12650
2025-01-17,6.732542514801025,6.740663789289695,6.635086794958799,6.700057842824558,10120
2025-01-20,6.700058937072754,6.724422338539564,6.659452132019335,6.675694683649392,7810
2025-01-21,6.732542514801025,6.740663789289695,6.6756935933803465,6.724421240312357,7810
2025-01-22,6.69193696975708,6.773149719515376,6.68381569478125,6.740664193633827,9240
2025-01-23,6.69193696975708,6.773149719515376,6.69193696975708,6.740664193633827,6160
2025-01-24,6.675693988800049,6.724421638618332,6.6594514388606205,6.716299937670387,14630
2025-01-27,6.789392471313477,6.789392471313477,6.635087390228811,6.6594516418588725,46750
2025-01-28,6.635087013244629,6.789392085562179,6.602602766177676,6.781270810806331,17270
2025-01-29,6.635087013244629,6.700058063247852,6.626965738488781,6.651329988734544,15730
2025-01-30,6.7163004875183105,6.7163004875183105,6.635087731172472,6.635087731172472,11110
2025-01-31,6.7163004875183105,6.732543464765744,6.683816236936506,6.683816236936506,9460
2025-02-03,6.724422454833984,6.773150536545152,6.691937776990344,6.716300752900222,15510
2025-02-04,6.694889068603516,7.004384880446457,6.654165508263212,6.719323375688928,21670
2025-02-05,6.719323635101318,6.760046342607651,6.686744700130688,6.703034381217549,8910
2025-02-06,6.735612869262695,6.76819180827054,6.719324467766635,6.75190255236819,17490
2025-02-07,6.670455455780029,6.77633560617585,6.556430251227591,6.735612044205135,16940
2025-02-10,6.7030348777771,6.735612533551802,6.646021630554192,6.646021630554192,8250
2025-02-11,6.719323635101318,6.72746740763702,6.654165765160057,6.670455446246918,8250
2025-02-12,6.66231107711792,6.76004660420263,6.646021395400693,6.703034640606323,15620
2025-02-13,6.654166221618652,6.694889786324699,6.646021594118067,6.686745158824114,5280
2025-02-14,6.678600311279297,6.727467647469623,6.646021375147235,6.670455684047058,8250
2025-02-17,6.66231107711792,6.678600331632038,6.572719750087161,6.572719750087161,18150
2025-02-18,6.66231107711792,6.735612295228344,6.637876768143634,6.66231107711792,11880
2025-02-19,6.629733562469482,6.678600902989352,6.629733562469482,6.6541665919247,10450
2025-02-20,6.637877464294434,6.694890288276206,6.621589062478278,6.670456403942512,7150
2025-02-21,6.629733562469482,6.670456275035517,6.621588934515646,6.646021963970864,15620
2025-02-24,6.613442897796631,6.654165604318632,6.613442897796631,6.621587951744728,10560
2025-02-25,6.580864906311035,6.6460214981719545,6.515707887247001,6.621588470429171,19250
2025-02-26,6.580864906311035,6.662311180141077,6.556430596958908,6.63787687078895,13310
2025-02-27,6.5890092849731445,6.6215882204784915,6.564574976543359,6.613443166199831,8910
2025-02-28,6.646022319793701,6.646022319793701,6.6052996050474055,6.646022319793701,13200
2025-03-05,6.735612869262695,6.735612869262695,6.646021961799769,6.646021961799769,17490
2025-03-06,6.698087692260742,6.7961083999773155,6.624572161473313,6.706256084570457,25740
2025-03-07,6.747097969055176,6.828782753305698,6.649078113133045,6.657245648968849,19470
2025-03-10,6.714423656463623,6.771602395645115,6.69808687384034,6.7470967932606065,8910
2025-03-11,6.65724515914917,6.730761545255461,6.640909231780193,6.7225931531213465,9460
2025-03-12,6.665414333343506,6.689919941070748,6.632741189423096,6.657245940250984,9460
2025-03-13,6.698087692260742,6.730761689949236,6.640909374542377,6.714424476880171,10230
2025-03-14,6.714423656463623,6.714423656463623,6.6409085631084315,6.69808687384034,7260
2025-03-17,6.689919471740723,6.722593470268248,6.624572331584965,6.706256256779662,25740
2025-03-18,6.681750297546387,6.689918689110264,6.640908768176595,6.681750297546387,9460
2025-03-19,6.681750297546387,6.70625547223802,6.657244694405156,6.681750297546387,12980
2025-03-20,6.665414333343506,6.714425120348314,6.665414333343506,6.689919941070748,14850
2025-03-21,6.665414333343506,6.689919941070748,6.665414333343506,6.665414333343506,10670
2025-03-24,6.681750297546387,6.70625547223802,6.657244694405156,6.689918689110264,18260
2025-03-25,7.024823188781738,7.188191887320219,6.738929894362705,6.738929894362705,51260
2025-03-26,6.983982086181641,7.131013152696101,6.804277449330633,7.032992013236811,17600
2025-03-27,6.94313907623291,7.122843697073667,6.869623549525327,6.9921498558209105,18040
2025-03-28,6.983982086181641,7.082002797191281,6.926802909643033,6.951308087395444,14520
2025-03-31,7.016654968261719,7.073834142683143,6.951307830008244,7.04932896583809,8470
2025-04-01,6.877793788909912,7.196361585333435,6.877793788909912,7.0493304924224525,28160
2025-04-02,6.9709625244140625,7.003728907114656,6.930005512775724,6.930005512775724,9680
2025-04-03,7.044686317443848,7.044686317443848,6.815324633186545,6.962771430209097,13530
2025-04-04,6.930005073547363,7.028303356096798,6.8972386929235245,6.9545791071084215,21450
2025-04-07,6.930005073547363,7.003728463213659,6.889047205182825,6.930005073547363,11000
2025-04-08,6.905430793762207,6.995537161303501,6.880855900226257,6.905430793762207,12100
2025-04-09,6.880855560302734,6.9873453281609414,6.774365792444527,6.9054304526246515,22330
2025-04-10,6.831707954406738,6.970962831294018,6.807133058884175,6.897239433709589,14410
2025-04-11,6.839898586273193,6.938196437406478,6.815323693828839,6.848090073867634,16940
2025-04-14,6.7907490730285645,7.0119196625929705,6.766174181156054,6.897238409278342,21450
2025-04-15,6.807132720947266,6.970962485223857,6.790749744519607,6.872664626657902,19360
2025-04-16,6.807132720947266,6.889047603085562,6.782558256305777,6.839899103463649,13750
2025-04-17,6.930005073547363,6.9545791071084215,6.81532381551653,6.81532381551653,14300
2025-04-22,6.921814441680908,7.036494854569759,6.880856568251978,6.954579967034085,11000
2025-04-23,6.946389198303223,6.9955385655802615,6.905432179951111,6.930006648759061,8690
2025-04-24,7.077451705932617,7.077451705932617,6.905430466949562,6.946387475141639,14190
2025-04-25,7.061069965362549,7.093836353028817,6.9709635808484265,7.069261884524965,17380
2025-04-28,7.085644245147705,7.159367644225257,6.987346379710971,7.044686371554637,11770
2025-04-29,7.175748825073242,7.183940311808583,7.052876094382144,7.15117436486722,10780
2025-04-30,7.233089923858643,7.233089923858643,7.085643148523447,7.110218040740342,12540
2025-05-02,7.241281986236572,7.37234666403805,7.208516890938925,7.249473904552618,17270
2025-05-05,7.227927207946777,7.679672658443451,7.2115001163220995,7.301848689439794,23870
2025-05-06,7.13757848739624,7.227927494919119,7.096510325885972,7.2115004026422325,18150
2025-05-07,7.145791530609131,7.285422252790024,7.104724228673432,7.104724228673432,9790
2025-05-08,7.170431613922119,7.227926862680068,7.145790546844134,7.145790546844134,12760
2025-05-09,7.0965094566345215,7.211499519305649,7.0965094566345215,7.178644907958185,8910
2025-05-12,7.030801773071289,7.154004531110738,7.022588227147456,7.09651014046195,16610
2025-05-13,7.02258825302124,7.1868591721031265,7.014374707067146,7.039015344929429,7150
2025-05-14,7.01437520980835,7.1540050702176,6.997947685904711,7.0225887563511336,9020
2025-05-15,6.997946739196777,7.145790556966029,6.997946739196777,7.0308013517412915,12760
2025-05-16,7.145791530609131,7.145791530609131,6.997947692695556,7.006161670064383,17160
2025-05-19,7.01437520980835,7.186859687206807,7.0061616632655666,7.0636560582469805,24530
2025-05-20,7.121150016784668,7.129363992648238,7.0308010212833265,7.129363992648238,10780
2025-05-21,7.088296413421631,7.121150596277488,7.022588047709916,7.104723504849559,10890
2025-05-22,7.203286170959473,7.211500147625499,7.055441914877582,7.055441914877582,13750
2025-05-23,7.203286170959473,7.252567446047424,7.071869006573565,7.1950726251114805,9130
2025-05-26,7.112936019897461,7.227926074048905,7.063654321936576,7.20328500965948,13310
2025-05-27,7.112936019897461,7.227926074048905,7.080081410984215,7.17864437608802,13310
2025-05-28,7.063655376434326,7.1293646040702185,7.063655376434326,7.104723536002251,9790
2025-05-29,7.071868896484375,7.186858967384224,7.071868896484375,7.104723510182924,4400
2025-05-30,7.0965094566345215,7.186858453090552,7.071868390419424,7.186858453090552,7920
2025-06-02,7.162217617034912,7.203285774834477,7.063655072279186,7.104723230078751,23650
2025-06-03,7.148826599121094,7.362960887054113,7.140590199745416,7.165297669896078,18480
2025-06-04,7.115883827209473,7.214715457033038,7.074703549455468,7.1323557655134,8140
2025-06-05,7.06646728515625,7.288837983788896,7.03352298195817,7.1735340025809045,14080
2025-06-06,7.049994945526123,7.115882688195416,7.049994945526123,7.082938384866654,25850
2025-06-09,7.025287628173828,7.099410912867078,7.017051227658853,7.082938975825432,13750
2025-06-10,7.033522605895996,7.049994540617271,7.008814271819991,7.008814271819991,13860
2025-06-11,7.058231830596924,7.058231830596924,7.017051554083006,7.033523923885077,10010
2025-06-12,7.091174125671387,7.124118427945415,7.03352278467562,7.124118427945415,11660
2025-06-13,7.06646728515625,7.091174324570993,7.025287014157179,7.03352298195817,4510
2025-06-16,7.074703216552734,7.107647523604569,7.041759773489231,7.074703216552734,6270
2025-06-17,7.000578880310059,7.148827168984267,7.000578880310059,7.074702592653035,30470
2025-06-18,6.975872039794922,7.041759790065358,6.959400102227312,7.033523821281553,11880
2025-06-20,6.934691429138184,7.017051113000655,6.934691429138184,6.95939976629107,16390
2025-06-23,6.918219089508057,7.03352307219535,6.918219089508057,6.951163393128797,11770
2025-06-24,7.000578880310059,7.000578880310059,6.93469113600519,6.93469113600519,9570
2025-06-25,6.984107971191406,7.115883911171875,6.951164526189028,7.000579909689691,10670
2025-06-26,7.008814811706543,7.058231051670977,6.959399435730359,6.967635403725411,4290
2025-06-27,6.992343425750732,6.992343425750732,6.942928045887418,6.959399983173243,4730
2025-06-30,6.984107971191406,7.033524218680451,6.951164526189028,6.951164526189028,16280
2025-07-01,7.124118804931641,7.157063108948979,7.00881482085627,7.00881482085627,23760
2025-07-02,7.176761150360107,7.267606140479485,7.08591616024073,7.08591616024073,21120
2025-07-03,7.176761150360107,7.176761150360107,7.069398456126852,7.135467539850036,29700
2025-07-04,7.226561546325684,7.310299147229524,7.117702225929076,7.159571465602611,16170
2025-07-07,7.159571170806885,7.243308768262826,7.134449452348505,7.134449452348505,16500
2025-07-08,7.1344499588012695,7.218187562201487,7.126076198461248,7.159571679042963,8250
2025-07-09,7.100954055786133,7.167944569599067,7.100954055786133,7.142823291627307,6050
2025-07-10,7.067460060119629,7.184693139868654,7.059086300081956,7.1344497011993955,10450
2025-07-11,7.117702960968018,7.251683575471838,7.075834595414003,7.142824683055083,17050
2025-07-14,7.1344499588012695,7.209813801861465,7.084207835982768,7.117702438121226,4950
2025-07-15,7.117702960968018,7.201440570519368,7.067460834458868,7.100955439057747,11660
2025-07-16,7.16794490814209,7.16794490814209,7.075833551228539,7.13444943004284,6160
2025-07-17,7.117702960968018,7.184693927052419,7.100955439057747,7.167945965920488,8580
2025-07-18,7.10932731628418,7.184692023354645,7.067458961823848,7.184692023354645,5390
2025-07-21,7.084207534790039,7.117702135504438,7.067460014822035,7.100954615536434,5500
2025-07-22,7.03396463394165,7.117702234951639,7.017217113739653,7.075833873668261,13860
2025-07-23,7.067460060119629,7.109328421086379,7.00046997981825,7.109328421086379,9570
2025-07-24,7.000470161437988,7.075834003732274,7.000470161437988,7.0674602434773535,10780
2025-07-25,7.0255913734436035,7.0674606161476135,6.9920967698793595,7.000470530575832,3190
2025-07-28,7.03396463394165,7.075833873668261,7.03396463394165,7.03396463394165,8800
2025-07-29,7.084207534790039,7.1428238546780545,7.0088428164908,7.042338295648419,20130
2025-07-30,7.067460060119629,7.1511976604963525,7.050712100822672,7.084207580194974,8140
2025-07-31,7.0423383712768555,7.109328451868287,7.017217091055069,7.0423383712768555,9680
2025-08-01,7.017216205596924,7.1093275547871935,7.008842007358068,7.050711241666113,15950
2025-08-04,7.045551300048828,7.163117451923161,7.011961537259791,7.05394885086346,23100
2025-08-05,7.146320819854736,7.146320819854736,7.037152675915046,7.037152675915046,7480
2025-08-06,7.1799116134643555,7.1799116134643555,7.104333666028325,7.129525874704237,13640
2025-08-07,7.121128559112549,7.163116749538011,7.104333899599588,7.154718759077362,5170
2025-08-08,7.137923717498779,7.1547188176186065,7.070743317019471,7.112731507788489,8800
2025-08-11,7.121128559112549,7.171514299529214,7.112731449590791,7.137923659094955,4620
2025-08-12,7.104333877563477,7.154718736884966,7.087538777633164,7.112731427528632,10780
2025-08-13,7.121128559112549,7.1463212090861585,7.087538799617183,7.121128559112549,8690
2025-08-14,7.104333877563477,7.179911827249878,7.070743237233408,7.1295260869894985,18260
2025-08-15,7.171513557434082,7.179911106556323,7.121127822231241,7.137922920475721,13200
2025-08-18,7.171513557434082,7.339464539878885,7.163116008311842,7.179911106556323,22440
2025-08-19,7.238693714141846,7.289079891235452,7.154718220550546,7.154718220550546,57970
2025-08-20,7.221898078918457,7.255488714328987,7.163115678240826,7.247091165593699,14080
2025-08-21,7.2890801429748535,7.2890801429748535,7.188309106715601,7.188309106715601,16940
2025-08-22,7.373055458068848,7.55780154580493,7.297477513085905,7.297477513085905,20570
2025-08-25,7.566199779510498,7.675366604372893,7.457031192770375,7.457031192770375,25410
2025-08-26,7.557803153991699,7.641778666285916,7.557803153991699,7.608188461368229,14630
2025-08-27,7.599788665771484,7.641776852421722,7.55780136006006,7.55780136006006,13640
2025-08-28,7.717355251312256,7.717355251312256,7.59978954835275,7.59978954835275,22330
2025-08-29,7.717355251312256,7.801330753426188,7.692163041147534,7.717355251312256,18590
2025-09-01,7.75934362411499,7.910499531451422,7.717355431607625,7.776138724930149,83270
2025-09-02,7.716490268707275,8.031449199419509,7.596064743232856,7.799861854299998,32300
2025-09-03,7.735019683837891,7.781336458109958,7.614594127171666,7.75354621685955,17800
2025-09-04,7.735019683837891,7.827654115817866,7.614594127171666,7.7442825086308,11800
2025-09-05,7.735019683837891,7.781336458109958,7.697965734358733,7.7442825086308,12100
2025-09-08,7.707229137420654,7.762810507527551,7.660912359673466,7.735020264192056,27800
2025-09-09,7.679436683654785,7.735018037763281,7.633119035803649,7.735018037763281,11700
2025-09-10,7.623856067657471,7.7072276651740905,7.623856067657471,7.670173719992897,19400
2025-09-11,7.596065521240234,7.642383171695225,7.596065521240234,7.623855758138948,27400
2025-09-12,7.56827449798584,7.642382377639618,7.56827449798584,7.623854966008368,22200
2025-09-15,7.577538967132568,7.6145929106921235,7.521957610075384,7.577538967132568,21800
2025-09-16,7.5219573974609375,7.633119224997522,7.5219573974609375,7.623855518510554,14400
2025-09-17,7.549749374389648,7.61459445131543,7.540486549202432,7.549749374389648,13900
2025-09-18,7.596065521240234,7.596065521240234,7.512693927108392,7.559011577563383,13700
2025-09-19,7.6701741218566895,7.6701741218566895,7.577539695768176,7.577539695768176,11900
2025-09-22,7.559010982513428,7.670172804793256,7.559010982513428,7.660909982179995,11100
2025-09-23,7.577538967132568,7.688700797811235,7.568275260383754,7.670173384313607,8000
2025-09-24,7.549749374389648,7.63312098512574,7.549749374389648,7.6053307426923356,11100
2025-09-25,7.549749374389648,7.623857276502645,7.531222840579338,7.6053307426923356,13900
2025-09-26,7.549749374389648,7.586803325446147,7.531222840579338,7.549749374389648,13400
2025-09-29,7.549749374389648,7.6053307426923356,7.503432598145934,7.549749374389648,26600
2025-09-30,7.5404863357543945,7.5775402857620096,7.531222627393527,7.559012869040275,8100
2025-10-01,7.642383575439453,7.7164914667082485,7.540485445803797,7.549748269635584,14600
2025-10-02,7.562248229980469,7.6923108948347405,7.543667343009599,7.627279562407605,16200
2025-10-03,7.552957057952881,7.738761479812009,7.552957057952881,7.599408384914005,12700
2025-10-06,7.534377098083496,7.562248429274317,7.525087540338701,7.54366754181377,12500
2025-10-07,7.515795707702637,7.617987911894271,7.478634825634287,7.5343757057441545,20900
2025-10-08,7.515795707702637,7.515795707702637,7.487925267647703,7.4972148236758045,5600
2025-10-09,7.413602828979492,7.562246795603158,7.413602828979492,7.515795472972141,20300
2025-10-10,7.478635311126709,7.571537079335854,7.422893541412924,7.422893541412924,4800
2025-10-13,7.460054397583008,7.60869793494184,7.432183955824569,7.478635282745547,9400
2025-10-14,7.404313564300537,7.487926224123638,7.404313564300537,7.460054894523223,14500
2025-10-15,7.441474914550781,7.515796688385198,7.3857331411822535,7.404313584640858,14000
2025-10-16,7.385732650756836,7.478635304873675,7.385732650756836,7.441474420424014,12700
2025-10-17,7.385732650756836,7.506505746714579,7.385732650756836,7.385732650756836,10000
2025-10-20,7.404313564300537,7.515796667738623,7.395023564093114,7.395023564093114,11700
2025-10-21,7.422893047332764,7.497214811347248,7.385732165325521,7.413603048327281,11200
2025-10-22,7.3392815589904785,7.469344650883526,7.3392815589904785,7.469344650883526,19100
2025-10-23,7.35786247253418,7.450765129979545,7.35786247253418,7.395023358315245,7600
2025-10-24,7.3764424324035645,7.385732431744157,7.348571548396444,7.357861990729709,10100
2025-10-27,7.385732650756836,7.3950230933655945,7.348571766307175,7.3764426511407635,8400
2025-10-28,7.3207011222839355,7.478635098329536,7.3207011222839355,7.357862005707291,15800
2025-10-29,7.3207011222839355,7.450764657258356,7.31141067993176,7.367152005066794,11500
2025-10-30,7.348571300506592,7.441473948734653,7.329990859459511,7.33928130147938,6300
2025-10-31,7.404313564300537,7.404313564300537,7.339282233870427,7.357862677277989,11700
2025-11-03,7.404313564300537,7.413604007500675,7.339282233870427,7.3671526774854135,17200
2025-11-04,7.389163494110107,7.640749124079862,7.379845738201131,7.379845738201131,16100
2025-11-05,7.407799243927002,7.4450711551573185,7.389163288311844,7.389163288311844,3900
2025-11-06,7.370527744293213,7.417117858090982,7.370527744293213,7.398481901435125,9100
2025-11-07,7.398481845855713,7.417117802371571,7.361209932823996,7.398481845855713,13000
2025-11-10,7.389163494110107,7.435753606603717,7.379845738201131,7.417117650469521,12900
2025-11-11,7.370527744293213,7.417117858090982,7.370527744293213,7.389163700949069,24400
2025-11-12,7.351891040802002,7.40779890509022,7.333255086039262,7.40779890509022,19900
2025-11-13,7.333253860473633,7.398479913400461,7.333253860473633,7.370525763770067,12200
2025-11-14,7.26802921295166,7.389162692525106,7.26802921295166,7.342573029401841,28600
2025-11-17,7.26802921295166,7.314618876074926,7.240075059624746,7.240075059624746,20500
2025-11-18,7.305301189422607,7.361209052282532,7.249393326562683,7.2680292808493245,14400
2025-11-19,7.295982837677002,7.361208898475495,7.240074975985231,7.3053010367837246,15800
2025-11-21,7.323937892913818,7.3705275612382275,7.286665980527793,7.2959837364661775,8000
2025-11-24,7.342573642730713,7.361209598399928,7.314619487068774,7.314619487068774,6300
2025-11-25,7.323937892913818,7.3705275612382275,7.323937892913818,7.361209805299843,7300
2025-11-26,7.342573642730713,7.426435221084069,7.323937687061497,7.323937687061497,9600
2025-11-27,7.389163494110107,7.398481694335326,7.351891581841717,7.370527537975913,5400
2025-11-28,7.389163494110107,7.389163494110107,7.286665957530156,7.361209782066936,10800
2025-12-01,7.361208438873291,7.3891621458157735,7.361208438873291,7.379844391607,15300
2025-12-02,7.43012809753418,7.560973444646582,7.374051711195509,7.392743839975066,16600
2025-12-03,7.392744541168213,7.504897324483114,7.346014437614777,7.420782959824711,16900
2025-12-04,7.43012809753418,7.43012809753418,7.38339799841304,7.402090127192596,7800
2025-12-05,7.346014022827148,7.420782540815329,7.336667735250865,7.402090411318285,16900
2025-12-08,7.336667060852051,7.420781858684541,7.336667060852051,7.346013347569207,14000
2025-12-09,7.336667060852051,7.374051316409718,7.336667060852051,7.346013347569207,9000
2025-12-10,7.346014022827148,7.355359864747911,7.327321893330103,7.355359864747911,10500
2025-12-11,7.2899370193481445,7.355359244240945,7.2899370193481445,7.355359244240945,15000
2025-12-12,7.336667060852051,7.346013347569207,7.299282805294384,7.336667060852051,8200
2025-12-15,7.346014022827148,7.402090411318285,7.299283476256774,7.299283476256774,13600
2025-12-16,7.467512130737305,7.467512130737305,7.3833977765842045,7.3833977765842045,33800
2025-12-17,7.523589134216309,7.523589134216309,7.458166461119858,7.476858589768058,13400
2025-12-18,7.532935619354248,7.551627302838216,7.495551361075288,7.5048967571617595,19900
2025-12-19,7.7733612060546875,8.123162126730676,7.569310437329477,7.569310437329477,21900
2025-12-22,7.734494686126709,7.860811920991097,7.734494686126709,7.783078380560227,11300
2025-12-23,7.783078193664551,7.783078193664551,7.763644345695052,7.783078193664551,4000
2025-12-26,7.802510738372803,7.802510738372803,7.744210587263594,7.783077817998148,13700
2025-12-29,7.744210243225098,7.831661160996503,7.744210243225098,7.773360549148899,14400
2025-12-30,7.889961242675781,7.889961242675781,7.7636440162055695,7.8219446309829115,17700
2026-01-02,7.909395694732666,7.919111692391276,7.880244921786121,7.899678770417151,19100
2026-01-05,7.966709136962891,7.97646053403274,7.908201684488203,7.956957739893041,20500
2026-01-06,7.9179534912109375,8.093474927771583,7.9179534912109375,7.976460946712638,8700
2026-01-07,7.956956386566162,8.044717085379565,7.839942431463042,7.947204991154839,15000
2026-01-08,8.01546573638916,8.01546573638916,7.986211543194087,8.01546573638916,5400
2026-01-09,7.995962142944336,8.025215403275519,7.771685132192443,7.995962142944336,12700
2026-01-12,8.034967422485352,8.034967422485352,7.830192724414864,7.995962762374043,14600
2026-01-13,8.034967422485352,8.034967422485352,7.908202044637483,7.995962762374043,10200
2026-01-14,8.005715370178223,8.005715370178223,7.830193908170072,7.995963971190083,3900
2026-01-15,7.947206974029541,8.025216296895405,7.93745650612967,8.025216296895405,6700
2026-01-16,7.995962142944336,7.995962142944336,7.859446308102561,7.986210746185815,7900
2026-01-19,8.025215148925781,8.034966545375243,7.927703974264213,7.976460026567172,12400
2026-01-20,8.025215148925781,8.025215148925781,7.976460026567172,8.025215148925781,5300
2026-01-21,8.06422233581543,8.11297746785401,8.015466273832315,8.02521674227331,11500
2026-01-22,7.976461410522461,8.093475398385456,7.947207216098329,8.064222133905835,48400
2026-01-23,7.976461410522461,8.04471933762308,7.947207216098329,7.976461410522461,17600
2026-01-26,7.947206974029541,7.995963033306826,7.947206974029541,7.995963033306826,21600
2026-01-27,7.947206974029541,8.025216296895405,7.917953710440963,7.9569583718738945,41600
2026-01-28,7.927703857421875,7.986210375367649,7.917952461116134,7.937455253727617,27800
2026-01-29,7.9374566078186035,7.995963135745303,7.927705209849322,7.995963135745303,17500
2026-01-30,8.005715370178223,8.005715370178223,7.9667107041702545,7.9667107041702545,16300
2026-02-02,8.01546573638916,8.093475058353746,7.947206882211795,8.00571433865747,20400
2026-02-03,8.08276653289795,8.12190822103645,8.024053534084468,8.08276653289795,14400
2026-02-04,8.102336883544922,8.161049882164079,8.024053507527016,8.082766506146173,17100
2026-02-05,8.112123489379883,8.16105083842695,8.072981796784541,8.102337832928157,15400
2026-02-06,8.072980880737305,8.170835567727794,8.053409570054624,8.082766536078646,12100
2026-02-09,8.09255313873291,8.17083652420456,8.082767482246062,8.121909174981887,12000
2026-02-10,8.219761848449707,8.219761848449707,8.072980753489029,8.092552063863222,9600
2026-02-11,8.180621147155762,8.219762839411567,8.170836424000477,8.219762839411567,15400
2026-02-12,8.131693840026855,8.209977215953947,8.131693840026855,8.200191560660198,7600
2026-02-13,8.200191497802734,8.200191497802734,8.131693777694453,8.170835465357964,14900
2026-02-18,8.180621147155762,8.219762839411567,8.063196070388345,8.170836424000477,17600
2026-02-19,8.161051750183105,8.219763829029674,8.092554013791553,8.141480435093138,7800
2026-02-20,8.219761848449707,8.219761848449707,8.151264128562916,8.200191471286956,11300
2026-02-23,8.376330375671387,8.513325829246396,8.200192297404618,8.239333988884841,25800
2026-02-24,8.56225299835205,8.709034105039192,8.493755272992919,8.503539995750284,19800
2026-02-25,8.503539085388184,8.660106764494081,8.474183053835823,8.572037736625582,15200
2026-02-26,8.581823348999023,8.61117938040584,8.513324698101234,8.601393725533097,11100
2026-02-27,8.513324737548828,9.002596284916134,8.513324737548828,8.620965075224943,43800
2026-03-02,8.611181259155273,8.797104076244146,8.444828822870253,8.47418486068184,32500
2026-03-03,8.492169380187988,8.6590675889972,8.236914122250356,8.619797477293464,30600
2026-03-04,8.580525398254395,8.629613260697573,8.41362722771145,8.492167433111295,21200
2026-03-05,8.590344429016113,8.68852016842845,8.46271634228937,8.580526667820232,12500
2026-03-06,8.580525398254395,8.629613260697573,8.423444987454706,8.629613260697573,14300
2026-03-09,8.393993377685547,8.551073802205691,8.374357856483938,8.541256041604885,11600
2026-03-10,8.472533226013184,8.492167810098218,8.37435749676858,8.403810777305846,13400
2026-03-11,8.44308090209961,8.521621111175342,8.44308090209961,8.472533246434724,14900
2026-03-12,8.344904899597168,8.482350729119442,8.344904899597168,8.45289744947481,10300
2026-03-13,8.44308090209961,8.472533246434724,8.374357516953484,8.374357516953484,4100
2026-03-16,8.452898025512695,8.452898025512695,8.29581760179592,8.44308120123528,10600
2026-03-17,8.364540100097656,8.54125508985492,8.364540100097656,8.443080303606013,17000
2026-03-18,8.40381145477295,8.639432100426612,8.29581795664344,8.364541347164005,17100
2026-03-19,8.364540100097656,8.511802747607556,8.315452238836665,8.403810201851835,6900
2026-03-20,8.335088729858398,8.443082236611827,8.325270968103851,8.344906491612946,12000
2026-03-23,8.511804580688477,8.541256929278624,8.335088616601027,8.34490637822217,24900
2026-03-24,8.384176254272461,8.560892213424424,8.354723906504885,8.443081886080867,13100
2026-03-25,8.521621704101562,8.629614265026428,8.403811382290835,8.403811382290835,10000
2026-03-26,8.482351303100586,8.590343860285834,8.423445676098428,8.521621409010965,9900
2026-03-27,8.625429153442383,8.863098615389081,8.536302869108749,8.556109129811551,20000
2026-03-30,8.655136108398438,8.704650807207264,8.595719225359309,8.704650807207264,5500
2026-03-31,8.635331153869629,8.704651168430008,8.566010194894883,8.6848458547332,15500
2026-04-01,8.684845924377441,8.684845924377441,8.556108078865549,8.665039666107438,20300
2026-04-02,8.773050308227539,8.85253426761505,8.604146657648194,8.683630617035705,17500
2026-04-06,8.723372459411621,8.773050170127705,8.683630480343458,8.723372459411621,7600
2026-04-07,8.653823852539062,8.84259800793427,8.633952390116683,8.7730497845029,11800
2026-04-08,8.763114929199219,8.941954318782411,8.683630966611927,8.723372947905574,9000
2026-04-09,8.723372459411621,8.84259839661611,8.683630480343458,8.763114438479784,8900
2026-04-10,8.773050308227539,8.792921771836186,8.683630617035705,8.773050308227539,14300
2026-04-13,8.763114929199219,8.792922125812135,8.703502431020539,8.753180144518488,11100
2026-04-14,9.001566886901855,9.100921356687893,8.773049806099351,8.773049806099351,20900
2026-04-15,9.031373023986816,9.090985515633626,8.98169531593216,8.991631047047786,11000
2026-04-16,9.130727767944336,9.339373390047612,9.031373296362084,9.04130902777736,6000
2026-04-17,9.190340995788574,9.289696412590274,9.160534749757455,9.240018704189424,14600
2026-04-20,9.140663146972656,9.150598878004892,9.071114924793923,9.150598878004892,14600
2026-04-22,9.041309356689453,9.289696965966376,8.971760181775911,9.140663831886103,9000
2026-04-23,9.130727767944336,9.170469746081936,9.051243811669135,9.051243811669135,5300
2026-04-24,9.240019798278809,9.240019798278809,9.130728637351329,9.130728637351329,9700
2026-04-27,9.08105182647705,9.379116215680346,9.071116094163985,9.379116215680346,10600
2026-04-28,8.991631507873535,9.210212866002346,8.991631507873535,9.10092171317618,9500
2026-04-29,8.82272720336914,9.100921035484486,8.82272720336914,9.02143708345153,9200
2026-04-30,9.061180114746094,9.140664076035867,8.892276460124437,8.892276460124437,7000
2026-05-04,8.932018280029297,9.140663911541067,8.922082548165989,9.061179951681682,15100
2026-05-05,8.870994567871094,9.03047392721146,8.870994567871094,9.010538650831553,15900
2026-05-06,8.920831680297852,8.970668919966478,8.900897354770171,8.960701281919496,5800
2026-05-07,8.910863876342773,8.9507334772221,8.910863876342773,8.93079915206557,4900
2026-05-08,9.000571250915527,9.110213372775,8.910864405963713,8.92083204441754,6200
2026-05-11,8.920831680297852,9.020506159635103,8.920831680297852,9.01053852158812,6400
2026-05-12,8.89093017578125,8.930799779461449,8.880962537219618,8.89093017578125,4000
2026-05-13,8.89093017578125,8.970669383141647,8.870994898657985,8.870994898657985,9300
2026-05-14,8.89093017578125,8.970669383141647,8.861028210662685,8.970669383141647,6200
2026-05-15,8.731451034545898,8.940766674092076,8.542069719897986,8.940766674092076,18300
2026-05-18,8.601875305175781,8.77132135833445,8.591907666621427,8.72148411612902,13000
2026-05-19,8.472298622131348,8.671646634891765,8.432429019579263,8.591907429787598,15800
2026-05-20,8.512167930603027,8.56200516971292,8.352689525904392,8.492233605298834,11000
2026-05-21,8.581939697265625,8.6018749736059,8.502200493037112,8.562005371491644,4700
2026-05-22,8.562005043029785,8.751385408165781,8.562005043029785,8.62180896862378,4200
2026-05-25,8.571972846984863,8.631776773738155,8.552037571022915,8.552037571022915,5400
2026-05-26,8.581939697265625,8.671646539664275,8.571973009661782,8.581939697265625,3200
2026-05-27,8.591907501220703,8.701548671508913,8.522135933816052,8.591907501220703,3400
2026-05-28,8.671646118164062,8.751385318516714,8.59190691781141,8.59190691781141,2800
2026-05-29,8.811190605163574,8.841092569049378,8.721483762939872,8.721483762939872,5200
2026-06-01,8.801222801208496,8.970668844313044,8.78128847584893,8.811190439171417,8400
2026-06-02,8.789999961853027,9.029999732971191,8.789999961853027,8.869999885559082,15000
2026-06-03,8.75,8.829999923706055,8.729999542236328,8.760000228881836,8500
2026-06-05,8.619999885559082,8.829999923706055,8.520000457763672,8.75,13700
2026-06-08,8.550000190734863,8.65999984741211,8.550000190734863,8.630000114440918,9600
2026-06-09,8.579999923706055,8.65999984741211,8.569999694824219,8.569999694824219,5500
2026-06-10,8.579999923706055,8.619999885559082,8.520000457763672,8.579999923706055,3500
2026-06-11,8.699999809265137,8.699999809265137,8.5600004196167,8.5600004196167,4400
2026-06-12,8.760000228881836,8.779999732971191,8.680000305175781,8.710000038146973,4600
2026-06-15,8.789999961853027,8.859999656677246,8.729999542236328,8.760000228881836,8200
2026-06-16,8.720000267028809,8.829999923706055,8.600000381469727,8.829999923706055,21200
2026-06-17,8.699999809265137,8.800000190734863,8.699999809265137,8.75,4700
2026-06-18,8.6899995803833,8.760000228881836,8.619999885559082,8.710000038146973,5100
2026-06-19,8.600000381469727,8.6899995803833,8.600000381469727,8.680000305175781,4500
2026-06-22,8.5600004196167,8.739999771118164,8.449999809265137,8.630000114440918,18800
2026-06-23,8.600000381469727,8.630000114440918,8.5,8.5600004196167,7300
2026-06-24,8.710000038146973,8.710000038146973,8.630000114440918,8.6899995803833,4800
2026-06-25,8.550000190734863,8.670000076293945,8.550000190734863,8.630000114440918,11200
2026-06-26,8.5,8.670000076293945,8.5,8.649999618530273,8000
