Date,Close,High,Low,Open,Volume
2016-01-04,0.9811009168624878,0.9811009168624878,0.9811009168624878,0.9811009168624878,0
2016-01-05,0.9787649512290955,0.9787649512290955,0.9787649512290955,0.9787649512290955,600
2016-01-06,0.9811009168624878,0.9834369249982883,0.9811009168624878,0.9834369249982883,18200
2016-01-07,0.9507334232330322,0.9577412236312655,0.9507334232330322,0.9577412236312655,2400
2016-01-08,0.9507334232330322,0.9507334232330322,0.9507334232330322,0.9507334232330322,0
2016-01-11,0.9507334232330322,0.9507334232330322,0.9507334232330322,0.9507334232330322,0
2016-01-12,0.9250379204750061,0.9507334492068069,0.9250379204750061,0.9507334492068069,21600
2016-01-13,0.9390535950660706,0.9390535950660706,0.9390535950660706,0.9390535950660706,163000
2016-01-14,0.9390535950660706,0.9390535950660706,0.9390535950660706,0.9390535950660706,0
2016-01-15,0.9390535950660706,0.9390535950660706,0.9390535950660706,0.9390535950660706,0
2016-01-18,0.9390535950660706,0.9390535950660706,0.9390535950660706,0.9390535950660706,0
2016-01-19,0.9390535950660706,0.9390535950660706,0.9390535950660706,0.9390535950660706,0
2016-01-20,0.9016783237457275,0.9016783237457275,0.9016783237457275,0.9016783237457275,800
2016-01-21,0.9343816637992859,0.9460614791515667,0.9343816637992859,0.9460614791515667,4200
2016-01-22,0.9180299043655396,0.9460613803115351,0.9180299043655396,0.9343815661795062,31400
2016-01-26,0.9110221862792969,0.9133581383182289,0.9040142744690113,0.9133581383182289,26000
2016-01-27,0.9110221862792969,0.9740929470239493,0.8899985622354196,0.9110221862792969,39200
2016-01-28,0.9110221862792969,0.9110221862792969,0.9110221862792969,0.9110221862792969,400
2016-01-29,0.9110221862792969,0.9110221862792969,0.9110221862792969,0.9110221862792969,0
2016-02-01,0.9110221862792969,0.9110221862792969,0.9110221862792969,0.9110221862792969,0
2016-02-02,0.9110221862792969,0.9110221862792969,0.9110221862792969,0.9110221862792969,0
2016-02-03,0.9133580923080444,0.9787648017967823,0.9133580923080444,0.9740928979542643,11800
2016-02-04,0.9133580923080444,0.9133580923080444,0.9133580923080444,0.9133580923080444,0
2016-02-05,0.9133580923080444,0.9577411788119647,0.8946704212444859,0.9577411788119647,11800
2016-02-10,0.9227018356323242,0.9227018356323242,0.9227018356323242,0.9227018356323242,1000
2016-02-11,0.9227018356323242,0.9227018356323242,0.9227018356323242,0.9227018356323242,0
2016-02-12,0.9227018356323242,0.9227018356323242,0.9227018356323242,0.9227018356323242,0
2016-02-15,0.9227018356323242,0.9227018356323242,0.9227018356323242,0.9227018356323242,0
2016-02-16,0.9227018356323242,0.9227018356323242,0.9227018356323242,0.9227018356323242,0
2016-02-17,0.9227018356323242,0.9227018356323242,0.9227018356323242,0.9227018356323242,0
2016-02-18,0.9227018356323242,0.9227018356323242,0.9227018356323242,0.9227018356323242,0
2016-02-19,0.9227018356323242,0.9227018356323242,0.9227018356323242,0.9227018356323242,0
2016-02-22,0.9227018356323242,0.9227018356323242,0.9227018356323242,0.9227018356323242,0
2016-02-23,0.9227018356323242,0.9227018356323242,0.9227018356323242,0.9227018356323242,0
2016-02-24,0.9227018356323242,0.9227018356323242,0.9227018356323242,0.9227018356323242,0
2016-02-25,0.9227018356323242,0.9227018356323242,0.9227018356323242,0.9227018356323242,0
2016-02-26,0.9227018356323242,0.9227018356323242,0.9227018356323242,0.9227018356323242,0
2016-02-29,0.9227018356323242,0.9227018356323242,0.9227018356323242,0.9227018356323242,0
2016-03-01,0.9227018356323242,0.9227018356323242,0.9227018356323242,0.9227018356323242,0
2016-03-02,0.9811009168624878,1.0394997836135167,0.9811009168624878,1.0394997836135167,4000
2016-03-03,1.0371637344360352,1.0371637344360352,1.0371637344360352,1.0371637344360352,1200
2016-03-04,1.0394995212554932,1.0394995212554932,0.9343816321890169,1.0371636250962453,19200
2016-03-07,1.0535154342651367,1.1656411328289142,1.0394996105576844,1.0394996105576844,18400
2016-03-08,1.0558512210845947,1.0558512210845947,1.0558512210845947,1.0558512210845947,400
2016-03-09,1.0558512210845947,1.0558512210845947,1.0558512210845947,1.0558512210845947,0
2016-03-10,1.0558512210845947,1.0558512210845947,1.0558512210845947,1.0558512210845947,0
2016-03-11,1.0558512210845947,1.0558512210845947,1.0558512210845947,1.0558512210845947,0
2016-03-14,1.0558512210845947,1.0558512210845947,1.0558512210845947,1.0558512210845947,0
2016-03-15,1.0558512210845947,1.0558512210845947,1.0558512210845947,1.0558512210845947,0
2016-03-16,1.0558512210845947,1.0558512210845947,1.0558512210845947,1.0558512210845947,0
2016-03-17,1.0278198719024658,1.0511793916620038,1.0278198719024658,1.0511793916620038,204000
2016-03-18,1.0353959798812866,1.1364102482542235,1.0353959798812866,1.1364102482542235,10000
2016-03-21,1.0480228662490845,1.0985299430053708,1.0379214508978272,1.0985299430053708,19400
2016-03-22,1.0480228662490845,1.0480228662490845,1.0480228662490845,1.0480228662490845,6000
2016-03-23,1.0227692127227783,1.0480227482577598,1.0227692127227783,1.0480227482577598,32800
2016-03-24,1.0227692127227783,1.0227692127227783,1.0227692127227783,1.0227692127227783,0
2016-03-28,1.0227692127227783,1.0227692127227783,1.0227692127227783,1.0227692127227783,0
2016-03-29,1.0480228662490845,1.0480228662490845,1.0480228662490845,1.0480228662490845,1000
2016-03-30,1.0480228662490845,1.0480228662490845,1.0480228662490845,1.0480228662490845,0
2016-03-31,1.0480228662490845,1.0480228662490845,1.0480228662490845,1.0480228662490845,0
2016-04-01,1.1111565828323364,1.1111565828323364,1.1111565828323364,1.1111565828323364,2000
2016-04-04,1.1111565828323364,1.1111565828323364,1.1111565828323364,1.1111565828323364,400
2016-04-05,1.1111565828323364,1.1111565828323364,1.1111565828323364,1.1111565828323364,0
2016-04-06,1.1111565828323364,1.1111565828323364,1.1111565828323364,1.1111565828323364,0
2016-04-07,1.1111565828323364,1.1111565828323364,1.1111565828323364,1.1111565828323364,0
2016-04-08,1.1111565828323364,1.1111565828323364,1.1111565828323364,1.1111565828323364,0
2016-04-11,1.136410117149353,1.136410117149353,1.136410117149353,1.136410117149353,1000
2016-04-12,1.1338849067687988,1.1338849067687988,1.0859032436349099,1.0859032436349099,14400
2016-04-13,1.1338849067687988,1.1338849067687988,1.1338849067687988,1.1338849067687988,0
2016-04-14,1.212170958518982,1.212170958518982,1.161663765003314,1.161663765003314,2000
2016-04-15,1.237424612045288,1.3131852288531392,1.237424612045288,1.3131852288531392,3200
2016-04-18,1.3131850957870483,1.3131850957870483,1.2374244866560802,1.2374244866560802,10600
2016-04-19,1.3131850957870483,1.3131850957870483,1.3131850957870483,1.3131850957870483,0
2016-04-20,1.3131850957870483,1.3131850957870483,1.3131850957870483,1.3131850957870483,0
2016-04-22,1.3131850957870483,1.3131850957870483,1.3131850957870483,1.3131850957870483,0
2016-04-25,1.3131850957870483,1.3131850957870483,1.3131850957870483,1.3131850957870483,0
2016-04-26,1.3131850957870483,1.3131850957870483,1.3131850957870483,1.3131850957870483,0
2016-04-27,1.3207613229751587,1.3258120306561616,1.3182359089254723,1.3258120306561616,58400
2016-04-28,1.3258122205734253,1.3258122205734253,1.3207615121689287,1.3207615121689287,7200
2016-04-29,1.3258122205734253,1.3258122205734253,1.3258122205734253,1.3258122205734253,0
2016-05-02,1.237424612045288,1.2778302743428087,1.237424612045288,1.2778302743428087,4200
2016-05-03,1.237424612045288,1.237424612045288,1.237424612045288,1.237424612045288,0
2016-05-04,1.3182357549667358,1.3182357549667356,1.3131850478756124,1.3131850478756124,600
2016-05-05,1.3207613229751587,1.3207613229751585,1.3207613229751585,1.3207613229751585,3400
2016-05-06,1.3207613229751587,1.3207613229751585,1.3207613229751585,1.3207613229751585,0
2016-05-09,1.3207613229751587,1.3207613229751585,1.3207613229751585,1.3207613229751585,0
2016-05-10,1.338438630104065,1.338438630104065,1.338438630104065,1.338438630104065,400
2016-05-11,1.338438630104065,1.338438630104065,1.338438630104065,1.338438630104065,3600
2016-05-12,1.338438630104065,1.338438630104065,1.338438630104065,1.338438630104065,0
2016-05-13,1.338438630104065,1.338438630104065,1.338438630104065,1.338438630104065,0
2016-05-16,1.338438630104065,1.338438630104065,1.338438630104065,1.338438630104065,0
2016-05-17,1.338438630104065,1.338438630104065,1.338438630104065,1.338438630104065,1000
2016-05-18,1.338438630104065,1.338438630104065,1.338438630104065,1.338438630104065,400
2016-05-19,1.338438630104065,1.338438630104065,1.3359132164882823,1.3359132164882823,3000
2016-05-20,1.338438630104065,1.338438630104065,1.338438630104065,1.338438630104065,0
2016-05-23,1.338438630104065,1.338438630104065,1.338438630104065,1.338438630104065,0
2016-05-24,1.338438630104065,1.338438630104065,1.338438630104065,1.338438630104065,2400
2016-05-25,1.338438630104065,1.338438630104065,1.338438630104065,1.338438630104065,0
2016-05-27,1.338438630104065,1.338438630104065,1.338438630104065,1.338438630104065,0
2016-05-30,1.338438630104065,1.338438630104065,1.338438630104065,1.338438630104065,2000
2016-05-31,1.338438630104065,1.338438630104065,1.2626779074874768,1.2626779074874768,4400
2016-06-01,1.363692283630371,1.3636922836303713,1.3636922836303713,1.3636922836303713,3200
2016-06-02,1.363692283630371,1.3636922836303713,1.3636922836303713,1.3636922836303713,5000
2016-06-03,1.363692283630371,1.3636922836303713,1.3636922836303713,1.3636922836303713,0
2016-06-06,1.363692283630371,1.3636922836303713,1.3636922836303713,1.3636922836303713,0
2016-06-07,1.363692283630371,1.3636922836303713,1.3636922836303713,1.3636922836303713,2000
2016-06-08,1.363692283630371,1.3636922836303713,1.3636922836303713,1.3636922836303713,0
2016-06-09,1.363692283630371,1.3636922836303713,1.3636922836303713,1.3636922836303713,0
2016-06-10,1.363692283630371,1.3636922836303713,1.3636922836303713,1.3636922836303713,0
2016-06-13,1.363692283630371,1.3636922836303713,1.3636922836303713,1.3636922836303713,0
2016-06-14,1.338438630104065,1.338438630104065,1.338438630104065,1.338438630104065,2400
2016-06-15,1.338438630104065,1.338438630104065,1.338438630104065,1.338438630104065,0
2016-06-16,1.338438630104065,1.338438630104065,1.338438630104065,1.338438630104065,0
2016-06-17,1.338438630104065,1.338438630104065,1.338438630104065,1.338438630104065,0
2016-06-20,1.338438630104065,1.338438630104065,1.338438630104065,1.338438630104065,0
2016-06-21,1.363692283630371,1.3636922836303713,1.3636922836303713,1.3636922836303713,2000
2016-06-22,1.338438630104065,1.3510653369279302,1.338438630104065,1.3510653369279302,8000
2016-06-23,1.338438630104065,1.338438630104065,1.338438630104065,1.338438630104065,0
2016-06-24,1.338438630104065,1.338438630104065,1.338438630104065,1.338438630104065,0
2016-06-27,1.338438630104065,1.338438630104065,1.338438630104065,1.338438630104065,80000
2016-06-28,1.338438630104065,1.338438630104065,1.338438630104065,1.338438630104065,0
2016-06-29,1.338438630104065,1.338438630104065,1.338438630104065,1.338438630104065,0
2016-06-30,1.338438630104065,1.338438630104065,1.338438630104065,1.338438630104065,0
2016-07-01,1.338438630104065,1.338438630104065,1.338438630104065,1.338438630104065,0
2016-07-04,1.338438630104065,1.3460146301147142,1.338438630104065,1.3460146301147142,1400
2016-07-05,1.338438630104065,1.3510653369279302,1.338438630104065,1.3510653369279302,12000
2016-07-06,1.338438630104065,1.338438630104065,1.338438630104065,1.338438630104065,0
2016-07-07,1.338438630104065,1.338438630104065,1.338438630104065,1.338438630104065,0
2016-07-08,1.338438630104065,1.338438630104065,1.338438630104065,1.338438630104065,0
2016-07-11,1.3510653972625732,1.3889457602624937,1.3384386898748357,1.3636922250686647,3000
2016-07-12,1.338438630104065,1.3889456982362243,1.338438630104065,1.3889456982362243,800
2016-07-13,1.338438630104065,1.338438630104065,1.338438630104065,1.338438630104065,3000
2016-07-14,1.338438630104065,1.338438630104065,1.338438630104065,1.338438630104065,1000
2016-07-15,1.3131850957870483,1.3131850957870483,1.2904569732569378,1.2929822666854567,12400
2016-07-18,1.338438630104065,1.338438630104065,1.338438630104065,1.338438630104065,5000
2016-07-19,1.338438630104065,1.338438630104065,1.3005582687957709,1.338438630104065,18000
2016-07-20,1.3333882093429565,1.3333882093429565,1.3333882093429565,1.3333882093429565,200
2016-07-21,1.3258122205734253,1.3258122205734253,1.3258122205734253,1.3258122205734253,3000
2016-07-22,1.2879314422607422,1.287931442260742,1.287931442260742,1.287931442260742,200
2016-07-25,1.30055832862854,1.3157104497652679,1.295507621582964,1.3157104497652679,18200
2016-07-26,1.338438630104065,1.3889456982362243,1.3005582687957709,1.3005582687957709,24200
2016-07-27,1.3056094646453857,1.3889462184877048,1.3056094646453855,1.3384391314373278,17600
2016-07-28,1.3131850957870483,1.325811924184723,1.2955076805323358,1.3081343885116503,27600
2016-07-29,1.3864201307296753,1.3889455440651404,1.3131848298578894,1.3131848298578894,4400
2016-08-01,1.404097557067871,1.404097557067871,1.3889454394513285,1.3889454394513285,20600
2016-08-02,1.3889459371566772,1.406623474252921,1.3864205231064841,1.4040980602027275,38600
2016-08-03,1.3889459371566772,1.3889459371566772,1.3889459371566772,1.3889459371566772,6200
2016-08-04,1.439452886581421,1.489960079349937,1.388945814231264,1.388945814231264,3800
2016-08-05,1.439452886581421,1.4394528865814211,1.4394528865814211,1.4394528865814211,200
2016-08-08,1.439452886581421,1.4394528865814211,1.4015726425279829,1.4015726425279829,6000
2016-08-09,1.4091488122940063,1.4091488122940061,1.4091488122940061,1.4091488122940061,2000
2016-08-10,1.439452886581421,1.4394528865814211,1.4394528865814211,1.4394528865814211,4000
2016-08-11,1.5025869607925415,1.5025869607925415,1.4798588358188185,1.4798588358188185,16400
2016-08-12,1.464706540107727,1.4899600762299239,1.4394528835671712,1.464706540107727,5200
2016-08-15,1.449554204940796,1.4899599805602322,1.4318767909994965,1.4647064460595538,21800
2016-08-16,1.449554204940796,1.4899599805602322,1.4394527911405244,1.4495542049407957,26600
2016-08-17,1.4473609924316406,1.474163947738295,1.4473609924316404,1.4634427656156332,7200
2016-08-18,1.4473609924316406,1.4473609924316404,1.4473609924316404,1.4473609924316404,0
2016-08-19,1.3937547206878662,1.3964350796731078,1.3937547206878662,1.3964350796731078,3200
2016-08-22,1.3428292274475098,1.3937547719755592,1.3401488683636358,1.3857139503370484,24400
2016-08-23,1.366951823234558,1.3830335943541934,1.366951823234558,1.3830335943541934,1600
2016-08-24,1.340149164199829,1.3803536646871408,1.340149164199829,1.3803536646871408,42200
2016-08-25,1.340149164199829,1.4178778054988925,1.340149164199829,1.4178778054988925,16400
2016-08-26,1.340149164199829,1.340149164199829,1.340149164199829,1.340149164199829,0
2016-08-29,1.340149164199829,1.353550706964461,1.340149164199829,1.353550706964461,6800
2016-08-30,1.340149164199829,1.3428295238753891,1.340149164199829,1.340149164199829,9600
2016-08-31,1.340149164199829,1.340149164199829,1.340149164199829,1.340149164199829,0
2016-09-01,1.340149164199829,1.393755079645189,1.340149164199829,1.393755079645189,10200
2016-09-02,1.3294280767440796,1.3669522202551563,1.299944757224937,1.3428296204727606,51400
2016-09-05,1.3374686241149902,1.3401489834290001,1.3347883926075468,1.3401489834290001,10400
2016-09-06,1.1659294366836548,1.3374684482166201,1.1659294366836548,1.3374684482166201,81800
2016-09-08,1.072119116783142,1.2543793206259153,1.0453161644248752,1.2543793206259153,1061600
2016-09-09,1.072119116783142,1.072119116783142,1.056037345368182,1.072119116783142,619200
2016-09-12,1.0694388151168823,1.0721191103365926,1.0694388151168823,1.0721191103365926,419000
2016-09-13,1.045316219329834,1.093561536108787,1.0345949739201175,1.072119173095919,131000
2016-09-14,1.0667587518692017,1.0747997031801564,1.0587178644615394,1.0667587518692017,46600
2016-09-15,1.072119116783142,1.0935614786697556,1.072119116783142,1.072119116783142,51600
2016-09-16,1.0747994184494019,1.0962417791894261,1.0721190594536232,1.0962417791894261,8200
2016-09-19,1.1739706993103027,1.2034538889219915,1.1016026495066038,1.1016026495066038,20400
2016-09-20,1.1391266584396362,1.2061341089360853,1.1391266584396362,1.1739705633713662,21000
2016-09-21,1.2382975816726685,1.2838626657794805,1.184691675550867,1.2838626657794805,13200
2016-09-22,1.1846916675567627,1.2543793450448637,1.1846916675567627,1.208814389052078,23200
2016-09-23,1.203453779220581,1.2195356802057464,1.187372006041988,1.187372006041988,11400
2016-09-26,1.1900523900985718,1.2034538041214038,1.184691798928124,1.184691798928124,2200
2016-09-27,1.1820112466812134,1.1980930175699958,1.1820112466812134,1.1980930175699958,2000
2016-09-28,1.203453779220581,1.203453779220581,1.203453779220581,1.203453779220581,600
2016-09-29,1.1793309450149536,1.19273235605209,1.1793309450149536,1.1820111760997623,3200
2016-09-30,1.1793309450149536,1.1793309450149536,1.1793309450149536,1.1793309450149536,0
2016-10-03,1.1578887701034546,1.1793311334339056,1.1257250973012114,1.1659295924490902,16200
2016-10-04,1.1659294366836548,1.1659294366836548,1.1659294366836548,1.1659294366836548,800
2016-10-05,1.152528166770935,1.176650761352784,1.152528166770935,1.1712901705783103,8200
2016-10-06,1.192732572555542,1.192732572555542,1.155208435911057,1.1578887952889478,35600
2016-10-07,1.2302566766738892,1.259739859148887,1.2302566766738892,1.259739859148887,45400
2016-10-10,1.227576494216919,1.259740040346817,1.2248962626093798,1.259740040346817,27800
2016-10-11,1.214174747467041,1.2382973365433412,1.20613379923725,1.2275761574413109,7400
2016-10-13,1.192732572555542,1.2168552957302814,1.192732572555542,1.2168552957302814,21800
2016-10-14,1.1820112466812134,1.219535506561593,1.17933101543636,1.219535506561593,50600
2016-10-17,1.1766506433486938,1.1927324140593043,1.1391265116906029,1.1525280511860545,38400
2016-10-18,1.1766506433486938,1.1766506433486938,1.1391265116906029,1.1766506433486938,33000
2016-10-19,1.1444872617721558,1.1739705760960017,1.0989221744916406,1.1739705760960017,66600
2016-10-20,1.1418070793151855,1.163249444180087,1.1257251778599335,1.1257251778599335,6600
2016-10-21,1.1284054517745972,1.1578887651306276,1.1257250924665188,1.1471675835114468,27000
2016-10-24,1.1418070793151855,1.1444873110200102,1.1257251778599335,1.1284055373713342,9800
2016-10-25,1.1766506433486938,1.1766506433486938,1.1284053312168627,1.1284053312168627,23800
2016-10-26,1.1391266584396362,1.1391266584396362,1.133766067512183,1.133766067512183,4600
2016-10-27,1.0801600217819214,1.1257249750058056,1.0801600217819214,1.1257249750058056,97400
2016-10-28,1.1123237609863281,1.1391267170015191,1.1123237609863281,1.1391267170015191,1800
2016-10-31,1.1150037050247192,1.1310854744848977,1.1150037050247192,1.1310854744848977,2000
2016-11-01,1.117684006690979,1.1230445962369524,1.117684006690979,1.1230445962369524,3400
2016-11-03,1.1659294366836548,1.1659294366836548,1.1310855370234516,1.1310855370234516,11000
2016-11-04,1.1632496118545532,1.1632496118545532,1.1632496118545532,1.1632496118545532,5200
2016-11-07,1.171290397644043,1.171290397644043,1.152528390199475,1.171290397644043,4600
2016-11-08,1.1766506433486938,1.1766506433486938,1.173970412133535,1.1766506433486938,4600
2016-11-09,1.1739706993103027,1.1739706993103027,1.1391267903438518,1.1391267903438518,2800
2016-11-10,1.1042824983596802,1.1632491127437974,1.0989219086708095,1.1632491127437974,13000
2016-11-11,1.072119116783142,1.152528101664501,1.072119116783142,1.0935614786697556,155600
2016-11-14,1.072119116783142,1.0801600663939013,1.072119116783142,1.0774797072547955,42400
2016-11-16,1.0882008075714111,1.098921987720367,1.0747993962884907,1.0747993962884907,4200
2016-11-17,1.0882008075714111,1.0882008075714111,1.0882008075714111,1.0882008075714111,600
2016-11-18,1.0989221334457397,1.0989221334457397,1.0908813111710236,1.0908813111710236,4400
2016-11-21,1.1123237609863281,1.1176843521893662,1.0801602137680986,1.0989222190754446,5600
2016-11-22,1.0989221334457397,1.1123236743123546,1.0989221334457397,1.1123236743123546,12400
2016-11-23,1.123044729232788,1.1230447292327883,1.1230447292327883,1.1230447292327883,1200
2016-11-24,1.0989221334457397,1.1230448558830202,1.0989221334457397,1.1230448558830202,5000
2016-11-25,1.0935614109039307,1.1203643616012722,1.0935614109039307,1.1203643616012722,42000
2016-11-28,1.0989221334457397,1.1391266282390184,1.0989221334457397,1.1230448558830202,38600
2016-11-29,1.0989221334457397,1.1042827242310727,1.0989221334457397,1.1042827242310727,24600
2016-11-30,1.0989221334457397,1.0989221334457397,1.0989221334457397,1.0989221334457397,0
2016-12-01,1.0989221334457397,1.0989221334457397,1.0989221334457397,1.0989221334457397,400
2016-12-02,1.123044729232788,1.1230447292327883,1.1230447292327883,1.1230447292327883,2800
2016-12-05,1.1739706993103027,1.179331290858481,1.1659297480847433,1.1659297480847433,1400
2016-12-06,1.1257250308990479,1.1739704733533176,1.1257250308990479,1.1739704733533176,800
2016-12-07,1.1739706993103027,1.1739706993103027,1.1739706993103027,1.1739706993103027,400
2016-12-08,1.1739706993103027,1.1739706993103027,1.1739706993103027,1.1739706993103027,0
2016-12-09,1.1739706993103027,1.1739706993103027,1.1739706993103027,1.1739706993103027,0
2016-12-12,1.0989221334457397,1.101602492741689,1.0989221334457397,1.101602492741689,6000
2016-12-13,1.1498475074768066,1.1498475074768066,1.1498475074768066,1.1498475074768066,200
2016-12-14,1.1498475074768066,1.152527866068001,1.1257247913821848,1.1257247913821848,2000
2016-12-15,1.1337660551071167,1.1337660551071167,1.1016025098943143,1.112323691631915,28600
2016-12-16,1.131085753440857,1.1337661129152061,1.131085753440857,1.1337661129152061,14600
2016-12-19,1.1257250308990479,1.1310856214154603,1.0989220783169866,1.1310856214154603,7400
2016-12-20,1.1257250308990479,1.1257250308990479,1.0801600754128233,1.090881256445648,6800
2016-12-21,1.123044729232788,1.1230447292327883,1.085520597967205,1.085520597967205,1800
2016-12-22,1.123044729232788,1.1230447292327883,1.1230447292327883,1.1230447292327883,400
2016-12-23,1.123044729232788,1.1230447292327883,1.1230447292327883,1.1230447292327883,1600
2016-12-26,1.123044729232788,1.1230447292327883,1.0989220095159233,1.1230447292327883,12400
2016-12-27,1.123044729232788,1.1230447292327883,1.112323548871193,1.112323548871193,8200
2016-12-28,1.123044729232788,1.1230447292327883,1.1176841390519905,1.1230447292327883,17800
2016-12-29,1.123044729232788,1.1230447292327883,1.1230447292327883,1.1230447292327883,12600
2017-01-02,1.123044729232788,1.1230447292327883,1.1016023685095977,1.1230447292327883,13400
2017-01-03,1.1123237609863281,1.1230449433924046,1.1123237609863281,1.1230449433924046,18400
2017-01-04,1.123044729232788,1.1257249604199113,1.1203643702391137,1.1230447292327883,61800
2017-01-05,1.1391266584396362,1.1391266584396362,1.1257251172177187,1.1257251172177187,10800
2017-01-06,1.1498475074768066,1.1498475074768066,1.1444869181009498,1.1444869181009498,6000
2017-01-09,1.1498475074768066,1.1498475074768066,1.1310853807580417,1.1310853807580417,8000
2017-01-10,1.152528166770935,1.152528166770935,1.1498478074804155,1.1498478074804155,4800
2017-01-11,1.1444872617721558,1.1444872617721558,1.12304489782993,1.125725129419423,25600
2017-01-12,1.152528166770935,1.152528166770935,1.1310856758664747,1.1444872167059417,39400
2017-01-13,1.1659294366836548,1.1659294366836548,1.1552082564507538,1.1552082564507538,18200
2017-01-16,1.171290397644043,1.1739707574541756,1.152528390199475,1.1659298058303678,13000
2017-01-17,1.147167444229126,1.1552082655639593,1.139126495087742,1.1552082655639593,30200
2017-01-18,1.152528166770935,1.1712901705783103,1.152528166770935,1.1712901705783103,5200
2017-01-19,1.1444872617721558,1.1712902166999382,1.1444872617721558,1.1712902166999382,35000
2017-01-20,1.1444872617721558,1.1444872617721558,1.1444872617721558,1.1444872617721558,0
2017-01-23,1.1659294366836548,1.1686097956451549,1.1471674351793528,1.1686097956451549,13400
2017-01-24,1.1632496118545532,1.165929843945715,1.1391268840011253,1.165929843945715,100800
2017-01-26,1.152528166770935,1.160568989029363,1.1418069852219876,1.160568989029363,10800
2017-01-27,1.147167444229126,1.1659294458814375,1.147167444229126,1.1632492147053433,46000
2017-01-30,1.152528166770935,1.1659295798038365,1.152528166770935,1.1659295798038365,14800
2017-01-31,1.1578887701034546,1.1659295924490902,1.152528179270842,1.152528179270842,29000
2017-02-01,1.152528166770935,1.1659295798038365,1.1418069852219876,1.1471675759964612,23600
2017-02-02,1.152528166770935,1.1632493483198825,1.152528166770935,1.160568989029363,17200
2017-02-03,1.171290397644043,1.3187068642299957,1.1552086222030173,1.1659298058303678,254400
2017-02-06,1.2168554067611694,1.2463387235752998,1.1578889009394895,1.1712903156320353,43000
2017-02-07,1.2195357084274292,1.2195357084274292,1.1793312106472746,1.2168553489323506,24200
2017-02-08,1.2088143825531006,1.3133459621265369,1.1525281179043518,1.2329369761121642,96200
2017-02-09,1.171290397644043,1.2061343083362268,1.1498480303893421,1.1793313492678508,41000
2017-02-10,1.2302566766738892,1.2356172669244845,1.1793310053899566,1.1793310053899566,15000
2017-02-13,1.2865430116653442,1.2865430116653442,1.195412844395469,1.195412844395469,52200
2017-02-14,1.2865430116653442,1.2865430116653442,1.2409779280304067,1.2597399310754562,18000
2017-02-15,1.3910744190216064,1.4071561886985184,1.2275762355965176,1.2704609547349497,179400
2017-02-16,1.3133461475372314,1.4151975101191465,1.3133461475372314,1.4151975101191465,97600
2017-02-17,1.340149164199829,1.340149164199829,1.2999446637125176,1.340149164199829,24200
2017-02-20,1.3535503149032593,1.364271494886899,1.3535503149032593,1.364271494886899,8800
2017-02-21,1.3106657266616821,1.3723125876763846,1.2999445445553488,1.3535505828935874,31200
2017-02-22,1.3803534507751465,1.3883942729425802,1.321386825116666,1.366951910087338,98600
2017-02-23,1.4473609924316406,1.5465319909695485,1.4071564955683726,1.420558037124986,271800
2017-02-24,1.4500410556793213,1.5411712209464257,1.3937547921680578,1.4741637765574507,52400
2017-03-01,1.4768441915512085,1.538490920026951,1.450041110536375,1.4554017011780294,68600
2017-03-02,1.4741638898849487,1.49560625328877,1.3696323043880367,1.3696323043880367,124800
2017-03-03,1.522409200668335,1.5250895599849918,1.4714835239109567,1.5036471966780045,127000
2017-03-06,1.4944602251052856,1.520079586685478,1.474534039905577,1.503000057544027,27600
2017-03-07,1.4716876745224,1.5086933927595154,1.4688410181644467,1.500153559421702,39600
2017-03-08,1.4517611265182495,1.4688406532142273,1.4517611265182495,1.4688406532142273,18800
2017-03-09,1.477380633354187,1.480227153555781,1.4489147526581194,1.4489147526581194,4000
2017-03-10,1.4232958555221558,1.4773811143203261,1.4090628426725063,1.4773811143203261,30200
2017-03-13,1.4232958555221558,1.4232958555221558,1.4090628426725063,1.4232958555221558,11400
2017-03-14,1.4232958555221558,1.4232958555221558,1.3948299655589267,1.4232958555221558,51400
2017-03-15,1.4232958555221558,1.4232958555221558,1.4005231435515726,1.4232958555221558,11000
2017-03-16,1.3891364336013794,1.4090624836302617,1.3891364336013794,1.3976761305463188,2400
2017-03-17,1.3891364336013794,1.3891364336013794,1.3407443651266047,1.3891364336013794,21400
2017-03-20,1.391982913017273,1.3919829130172732,1.3378976695930722,1.3521306783969262,22200
2017-03-21,1.3350510597229004,1.3663635955494138,1.3322044038586616,1.3521305877002652,11400
2017-03-22,1.3293579816818237,1.3407443345057168,1.2951989232101446,1.3407443345057168,6800
2017-03-23,1.3350510597229004,1.3549772435645038,1.3350510597229002,1.3492839318360264,800
2017-03-24,1.3265115022659302,1.335051335889158,1.3265115022659302,1.335051335889158,11400
2017-03-27,1.323664665222168,1.3521305442701248,1.323664665222168,1.3521305442701248,4800
2017-03-28,1.2439603805541992,1.3094319866747388,1.2439603805541992,1.3094319866747388,512200
2017-03-29,1.269579529762268,1.2781192262987693,1.2525000009532365,1.275272706031945,53800
2017-03-30,1.252500057220459,1.2724261071914709,1.252500057220459,1.26957958679677,36600
2017-03-31,1.252500057220459,1.263886410271333,1.252500057220459,1.263886410271333,30200
2017-04-03,1.252500057220459,1.258193233745896,1.2439602245642858,1.2439602245642858,8400
2017-04-04,1.255346417427063,1.266732769024985,1.2524998973955914,1.2524998973955914,48200
2017-04-05,1.252500057220459,1.252500057220459,1.249653401089723,1.252500057220459,10400
2017-04-06,1.252500057220459,1.252500057220459,1.2439602245642858,1.252500057220459,32200
2017-04-07,1.252500057220459,1.252500057220459,1.238267048038849,1.252500057220459,18400
2017-04-10,1.2439603805541992,1.252500214281249,1.2382672033148503,1.2439603805541992,8000
2017-04-11,1.238266944885254,1.2781191772434302,1.238266944885254,1.2781191772434302,38200
2017-04-12,1.2325739860534668,1.2525001736122054,1.2325739860534668,1.2382671631079567,19600
2017-04-13,1.2638863325119019,1.2781192050818124,1.2638863325119019,1.2781192050818124,2600
2017-04-17,1.252500057220459,1.252500057220459,1.226880694987975,1.252500057220459,22400
2017-04-18,1.3094319105148315,1.337897795055928,1.2525001414326389,1.2525001414326389,35600
2017-04-19,1.238266944885254,1.258193128932354,1.238266944885254,1.258193128932354,138000
2017-04-20,1.2638863325119019,1.2638863325119019,1.2468068039863929,1.2468068039863929,1800
2017-04-24,1.2610397338867188,1.263886389971734,1.2525000371037391,1.263886389971734,18400
2017-04-25,1.2923524379730225,1.2951990944233132,1.2382671870419513,1.2951990944233132,8400
2017-04-26,1.252500057220459,1.266732930666034,1.252500057220459,1.266732930666034,15000
2017-04-27,1.2496534585952759,1.2724261657449603,1.2496534585952759,1.2667329889575392,76400
2017-04-28,1.266732931137085,1.266732931137085,1.266732931137085,1.266732931137085,400
2017-05-02,1.3151248693466187,1.3151248693466187,1.2468067577766226,1.2781191577115265,49000
2017-05-03,1.255346417427063,1.3094316553852017,1.255346417427063,1.3094316553852017,12800
2017-05-04,1.2581932544708252,1.3037386674245444,1.2525000778516104,1.2866591375668996,23400
2017-05-05,1.2809659242630005,1.2809659242630005,1.2496533858860377,1.2809659242630005,5600
2017-05-08,1.2951991558074951,1.357824107585361,1.2866593217879394,1.2866593217879394,21000
2017-05-09,1.3378976583480835,1.4631476732667685,1.326511305695115,1.3492840110010522,48600
2017-05-10,1.3891364336013794,1.4062159632272937,1.3265113559036583,1.3265113559036583,18200
2017-05-11,1.3663636445999146,1.4033692220113079,1.3663636445999146,1.4033692220113079,1600
2017-05-12,1.3521305322647095,1.414755465614175,1.3521305322647095,1.3948294183255354,14600
2017-05-15,1.3350510597229004,1.3492839318360264,1.3094316998888418,1.3492839318360264,11800
2017-05-16,1.2809659242630005,1.366363706841614,1.2468068655259685,1.3151249830000324,218600
2017-05-17,1.2468069791793823,1.2695796870799296,1.243960322823791,1.2695796870799296,162800
2017-05-18,1.1756421327590942,1.1927216627203934,1.1386364166415932,1.1813353094128607,118800
2017-05-19,1.19841468334198,1.226880562904588,1.19841468334198,1.218340866903816,5000
2017-05-22,1.1927216053009033,1.224034143257203,1.1813352525415273,1.1955681256227313,109200
2017-05-23,1.1927216053009033,1.224034143257203,1.1927216053009033,1.1984147816805912,4600
2017-05-24,1.1955680847167969,1.2098010930470555,1.189874908531899,1.1955680847167969,29200
2017-05-25,1.209801197052002,1.209801197052002,1.209801197052002,1.209801197052002,600
2017-05-26,1.2268807888031006,1.2809660377984726,1.2126479142691895,1.2411137990730574,21000
2017-05-29,1.2268807888031006,1.2268807888031006,1.2268807888031006,1.2268807888031006,0
2017-05-30,1.2126479148864746,1.2126479148864746,1.209801258536616,1.2126479148864746,1600
2017-05-31,1.2183407545089722,1.2752725083820984,1.2126475791216595,1.2240339298962848,3400
2017-06-01,1.2724257707595825,1.2752724261376573,1.22118719557823,1.2524997260570563,21600
2017-06-02,1.2781192064285278,1.3065852230703967,1.2524999814812836,1.2809658623871256,8600
2017-06-05,1.2581932544708252,1.2667329515316288,1.2325738918163396,1.2667329515316288,17000
2017-06-06,1.252500057220459,1.252500057220459,1.241113704169585,1.252500057220459,10800
2017-06-07,1.269579529762268,1.2895057145741526,1.2525000009532365,1.2895057145741526,46000
2017-06-08,1.2496534585952759,1.2638864684318494,1.2496534585952759,1.2638864684318494,20600
2017-06-09,1.252500057220459,1.266732930666034,1.252500057220459,1.266732930666034,1600
2017-06-12,1.266732931137085,1.266732931137085,1.2525000576862173,1.2525000576862173,1200
2017-06-13,1.266732931137085,1.2809659403239877,1.266732931137085,1.2809659403239877,1800
2017-06-14,1.252500057220459,1.266732930666034,1.252500057220459,1.266732930666034,31400
2017-06-15,1.252500057220459,1.252500057220459,1.252500057220459,1.252500057220459,0
2017-06-16,1.252500057220459,1.26957958679677,1.252500057220459,1.26957958679677,4200
2017-06-19,1.252500057220459,1.278119283716908,1.252500057220459,1.252500057220459,2600
2017-06-20,1.255346417427063,1.266732769024985,1.2524998973955914,1.266732769024985,7600
2017-06-21,1.2610397338867188,1.2667329103207163,1.2382670281507289,1.2525000371037391,9000
2017-06-22,1.2496534585952759,1.2667329889575392,1.2496534585952759,1.261039812170118,2600
2017-06-23,1.3521305322647095,1.3521305322647095,1.2553464086249733,1.258193064372503,9600
2017-06-26,1.2866590023040771,1.2866590023040771,1.2866590023040771,1.2866590023040771,25200
2017-06-27,1.2809659242630005,1.3265113359123764,1.2809659242630005,1.2866591007191726,8400
2017-06-28,1.2866590023040771,1.2866590023040771,1.2809658262833699,1.2809658262833699,27200
2017-06-29,1.2809659242630005,1.2809659242630005,1.2752727478068284,1.2781192681668976,17400
2017-06-30,1.266732931137085,1.2809659403239877,1.2553465780819768,1.2809659403239877,34400
2017-07-03,1.3065853118896484,1.3065853118896484,1.2667329401763523,1.2667329401763523,5000
2017-07-04,1.2866590023040771,1.3322044104697361,1.2866590023040771,1.3094317063869068,52800
2017-07-05,1.2923524379730225,1.323664980245969,1.2895059172587822,1.323664980245969,1800
2017-07-06,1.3008919954299927,1.3008919954299927,1.2923521636280357,1.2951988194740287,8000
2017-07-07,1.2838125228881836,1.3065852276934329,1.2809658669195136,1.303738571724763,7400
2017-07-10,1.2838125228881836,1.3265112765300122,1.2809658669195136,1.289505699089496,52200
2017-07-11,1.3094319105148315,1.315125087423051,1.2951990361123056,1.315125087423051,9200
2017-07-12,1.3122785091400146,1.3265113829167638,1.3122785091400146,1.3208182062588565,1200
2017-07-13,1.3094319105148315,1.337897795055928,1.3094319105148315,1.337897795055928,5800
2017-07-14,1.3350510597229004,1.3350510597229002,1.2980453479039318,1.3350510597229002,32600
2017-07-17,1.3350510597229004,1.3350510597229002,1.3350510597229002,1.3350510597229002,2000
2017-07-18,1.3322044610977173,1.332204461097717,1.317971588373066,1.332204461097717,3600
2017-07-19,1.3948296308517456,1.4147556811764608,1.332204552224259,1.3350512084055253,73800
2017-07-20,1.3350510597229004,1.363516939685175,1.3151248758812968,1.3322044038586616,15000
2017-07-21,1.3635170459747314,1.366363702060874,1.3492840370160843,1.3492840370160843,5800
2017-07-24,1.4232958555221558,1.4318356903791598,1.352131062746048,1.3720572535883435,47200
2017-07-25,1.4232958555221558,1.4232958555221558,1.4232958555221558,1.4232958555221558,0
2017-07-26,1.4204487800598145,1.4204487800598145,1.3606704966213805,1.3834432018809801,5200
2017-07-27,1.3862897157669067,1.3948295480678248,1.3749033631897023,1.3749033631897023,18400
2017-07-28,1.4204487800598145,1.4204487800598145,1.3976760748002148,1.3976760748002148,5000
2017-07-31,1.4090627431869507,1.4090627431869507,1.3948298670782702,1.397676388005582,52600
2017-08-01,1.4517611265182495,1.4517611265182495,1.4090622419102983,1.4090622419102983,62400
2017-08-02,1.4517611265182495,1.4517611265182495,1.4232952486916195,1.4517611265182495,2000
2017-08-03,1.4517611265182495,1.4517611265182495,1.4176020731262935,1.4261419043422887,3600
2017-08-04,1.4232958555221558,1.4375288683718055,1.4090628426725063,1.4375288683718055,23000
2017-08-07,1.4232958555221558,1.451761745485385,1.4232958555221558,1.4232958555221558,7200
2017-08-08,1.4517611265182495,1.4603009577342445,1.4289884242569455,1.4603009577342445,25400
2017-08-09,1.3948296308517456,1.4346818672372135,1.3948296308517458,1.4346818672372135,56000
2017-08-10,1.3606706857681274,1.4062161026185924,1.3606706857681274,1.3948297484059762,98600
2017-08-11,1.4176021814346313,1.4375283653036885,1.3834431254328385,1.3834431254328385,157200
2017-08-14,1.4119092226028442,1.4119092226028442,1.372056984471002,1.4119092226028442,19000
2017-08-15,1.477380633354187,1.477380633354187,1.403369207808385,1.4232953921636455,38200
2017-08-16,1.4688408374786377,1.4973068546123094,1.437528435809246,1.477380669765945,53200
2017-08-17,1.43468177318573,1.474534006958659,1.4346817731857302,1.4603011341934846,54800
2017-08-18,1.4147557020187378,1.440375065083412,1.4090625253083702,1.4346818883730443,36200
2017-08-21,1.3948296308517456,1.411909160731232,1.3948296308517458,1.411909160731232,13600
2017-08-22,1.437528371810913,1.4631475960602163,1.3976760038924,1.3976760038924,11800
2017-08-23,1.4232958555221558,1.4432220463644514,1.4232958555221558,1.4318356903791598,46000
2017-08-24,1.4460681676864624,1.4603011766009957,1.4090624530975016,1.4603011766009957,15200
2017-08-25,1.4232958555221558,1.4403753895000933,1.4062163215442185,1.4403753895000933,26800
2017-08-28,1.4403752088546753,1.4460683861333081,1.3976763113969013,1.4460683861333081,8800
2017-08-29,1.4261420965194702,1.4346817931502045,1.411909087820206,1.4346817931502045,39800
2017-08-30,1.4176021814346313,1.4432215413039875,1.4147555255664708,1.4432215413039875,32600
2017-08-31,1.4460681676864624,1.4460681676864624,1.423295462012035,1.423295462012035,17000
2017-09-01,1.4289885759353638,1.43752840805781,1.4090623914736737,1.4232953997657418,24000
2017-09-04,1.4289885759353638,1.4289885759353638,1.4204487438129176,1.4204487438129176,40600
2017-09-05,1.4318355321884155,1.4375287095520728,1.4176025209112444,1.4232956982749019,131600
2017-09-06,1.437528371810913,1.437528371810913,1.4232953638777266,1.4232953638777266,6200
2017-09-07,1.437528371810913,1.437528371810913,1.437528371810913,1.437528371810913,0
2017-09-08,1.4232958555221558,1.4403753895000933,1.4232958555221558,1.4403753895000933,5000
2017-09-11,1.437528371810913,1.4517612440080765,1.437528371810913,1.4403748919559365,51600
2017-09-12,1.4232958555221558,1.451761745485385,1.4232958555221558,1.4403753895000933,92600
2017-09-13,1.4176021814346313,1.4403748854358267,1.4176021814346313,1.4232953574349303,26600
2017-09-14,1.4090627431869507,1.4232957550316918,1.4090627431869507,1.4204490983683193,104200
2017-09-15,1.4232958555221558,1.4232958555221558,1.4062163215442185,1.4232958555221558,33400
2017-09-18,1.4232958555221558,1.4232958555221558,1.4232958555221558,1.4232958555221558,4800
2017-09-19,1.4232958555221558,1.4232958555221558,1.4232958555221558,1.4232958555221558,13600
2017-09-20,1.4232958555221558,1.4232958555221558,1.3976764866872147,1.4232958555221558,10000
2017-09-21,1.4119092226028442,1.4517614607346865,1.3976762125448787,1.4517614607346865,27800
2017-09-22,1.4232958555221558,1.4232958555221558,1.4232958555221558,1.4232958555221558,22600
2017-09-25,1.3948296308517456,1.4090625045499654,1.3663637477192687,1.4090625045499654,30800
2017-09-26,1.3521305322647095,1.4119089456026623,1.3521305322647095,1.4119089456026623,5800
2017-09-27,1.4147557020187378,1.4147557020187378,1.3692102883357966,1.3692102883357966,400
2017-09-28,1.3692100048065186,1.420448584589594,1.3692100048065183,1.420448584589594,8600
2017-09-29,1.3805965185165405,1.4204487519316742,1.3749033423143784,1.4204487519316742,24600
2017-10-02,1.3948296308517456,1.4232955139842227,1.3805966214174885,1.4232955139842227,83400
2017-10-03,1.4033691883087158,1.4176021963269965,1.3663636117860294,1.4176021963269965,83000
2017-10-04,1.3948296308517456,1.4090625045499654,1.3948296308517458,1.4090625045499654,1800
2017-10-05,1.4090627431869507,1.4204490983683193,1.4005230446689545,1.4204490983683193,18000
2017-10-06,1.4090627431869507,1.4090627431869507,1.4005230446689545,1.4005230446689545,9400
2017-10-09,1.4176021814346313,1.4232953574349303,1.4176021814346313,1.4232953574349303,4200
2017-10-10,1.3834431171417236,1.4090623411215184,1.3720567652093656,1.4090623411215184,35400
2017-10-11,1.4090627431869507,1.414755920777635,1.4062162222596388,1.4090627431869507,12800
2017-10-12,1.4090627431869507,1.4090627431869507,1.4090627431869507,1.4090627431869507,0
2017-10-13,1.3948296308517456,1.3948296308517458,1.3805966214174885,1.3805966214174885,3200
2017-10-16,1.3720569610595703,1.4147557190328097,1.3720569610595703,1.3805966583598017,61400
2017-10-17,1.3805965185165405,1.3805965185165403,1.3720568220813112,1.3749033423143784,13000
2017-10-18,1.3805965185165405,1.3805965185165403,1.3407442851014066,1.3805965185165403,7800
2017-10-19,1.3805965185165405,1.411909055496445,1.3805965185165403,1.411909055496445,1000
2017-10-20,1.3805965185165405,1.4147555757295123,1.3805965185165403,1.4147555757295123,4200
2017-10-23,1.3805965185165405,1.394829526889959,1.3663636458791493,1.3805965185165403,10800
2017-10-24,1.3805965185165405,1.3805965185165403,1.3805965185165403,1.3805965185165403,600
2017-10-25,1.3692100048065186,1.394829362566062,1.3692100048065183,1.394829362566062,1600
2017-10-26,1.3521305322647095,1.3805964110599211,1.3521305322647095,1.3663635395303237,106200
2017-10-27,1.3777499198913574,1.3805964399624615,1.3663635681349016,1.3805964399624615,6400
2017-10-30,1.3663636445999146,1.3805965172239805,1.3521306362398213,1.3805965172239805,18400
2017-10-31,1.3777499198913574,1.3777499198913574,1.3578237364495498,1.3777499198913574,14600
2017-11-01,1.3663636445999146,1.3777499969935783,1.3663636445999146,1.3663636445999146,17000
2017-11-02,1.3663636445999146,1.3663636445999146,1.3663636445999146,1.3663636445999146,0
2017-11-03,1.3777499198913574,1.4090623193536012,1.3521305605713219,1.3777499198913574,20800
2017-11-06,1.3663636445999146,1.3663636445999146,1.357823812436653,1.363516988633485,15200
2017-11-07,1.3635170459747314,1.3720568784971265,1.3407443402297226,1.3720568784971265,18800
2017-11-08,1.3720569610595703,1.3720569610595703,1.337897764650521,1.337897764650521,800
2017-11-09,1.3521305322647095,1.3805964110599211,1.3521305322647095,1.3805964110599211,101400
2017-11-10,1.3549773693084717,1.3777500753916334,1.3521307131800588,1.3777500753916334,93800
2017-11-13,1.3948296308517456,1.3948296308517458,1.3948296308517458,1.3948296308517458,4200
2017-11-14,1.3805965185165405,1.4147555757295123,1.3805965185165403,1.394829526889959,17200
2017-11-15,1.3805965185165405,1.3805965185165403,1.3805965185165403,1.3805965185165403,0
2017-11-16,1.3549773693084717,1.4745340762450705,1.340744360138478,1.3521307131800588,117800
2017-11-17,1.3578242063522339,1.3578242063522339,1.352131028503766,1.352131028503766,67200
2017-11-20,1.3578242063522339,1.3578242063522339,1.3578242063522339,1.3578242063522339,0
2017-11-21,1.3777499198913574,1.3834430957695854,1.3606703922566736,1.3635169123277777,217400
2017-11-22,1.3578242063522339,1.3720572188414373,1.3094321267722233,1.3720572188414373,137600
2017-11-23,1.3692100048065186,1.3692100048065183,1.3692100048065183,1.3692100048065183,200
2017-11-24,1.3378976583480835,1.3635170196852782,1.3378976583480835,1.3635170196852782,59000
2017-11-27,1.3606706857681274,1.3606706857681274,1.337897841606846,1.337897841606846,37800
2017-11-28,1.3179718255996704,1.360670722931212,1.3179718255996704,1.3378978781479511,65000
2017-11-29,1.3492841720581055,1.3606706618062507,1.3236649433989067,1.3378978180460068,19600
2017-11-30,1.3378976583480835,1.3635170196852782,1.3378976583480835,1.3492840110010522,49800
2017-12-01,1.3663636445999146,1.3692101648303168,1.3407442838461576,1.363516988633485,12200
2017-12-04,1.3435908555984497,1.3606705205799163,1.3378976791833048,1.3378976791833048,11600
2017-12-05,1.3322044610977173,1.366363654256142,1.332204461097717,1.360670478019076,30600
2017-12-06,1.3635170459747314,1.366363702060874,1.3435908605798321,1.366363702060874,6400
2017-12-07,1.3435908555984497,1.3805965701649068,1.3378976791833048,1.352130688089183,47400
2017-12-08,1.3378976583480835,1.3606704993900511,1.3378976583480835,1.3464374907058252,73200
2017-12-11,1.3435908555984497,1.3635170409194726,1.3435908555984497,1.3635170409194726,3200
2017-12-12,1.3378976583480835,1.340744314379341,1.3378976583480835,1.3378976583480835,18200
2017-12-13,1.3322044610977173,1.332204461097717,1.3293579408471983,1.3293579408471983,2200
2017-12-14,1.3322044610977173,1.332204461097717,1.332204461097717,1.332204461097717,0
2017-12-15,1.3407444953918457,1.3635172037723022,1.3236649641065033,1.3236649641065033,5800
2017-12-18,1.3407444953918457,1.3407444953918457,1.3407444953918457,1.3407444953918457,0
2017-12-19,1.3407444953918457,1.3407444953918457,1.3407444953918457,1.3407444953918457,4800
2017-12-20,1.3407444953918457,1.3692103808674163,1.3378978389762641,1.3692103808674163,73000
2017-12-21,1.3378976583480835,1.3663636757165356,1.3378976583480835,1.3663636757165356,3600
2017-12-22,1.3692100048065186,1.3692100048065183,1.3663634849087978,1.3663634849087978,8600
2017-12-25,1.3692100048065186,1.3692100048065183,1.3692100048065183,1.3692100048065183,0
2017-12-26,1.460301160812378,1.460301160812378,1.3521306742923431,1.3521306742923431,83200
2017-12-27,1.4289885759353638,1.4460681044442294,1.4232953997657418,1.4432215842274319,44200
2017-12-28,1.4261420965194702,1.4289886168177048,1.4232954404852052,1.4289886168177048,17000
2017-12-29,1.4261420965194702,1.4261420965194704,1.4261420965194704,1.4261420965194704,0
2018-01-02,1.3663636445999146,1.4261420625346626,1.3663636445999146,1.4261420625346626,48800
2018-01-03,1.4517611265182495,1.4517611265182495,1.3663634930383597,1.3663634930383597,29600
2018-01-04,1.3948296308517456,1.4489148766714708,1.3805966214174885,1.4489148766714708,24600
2018-01-05,1.4318355321884155,1.4318355321884155,1.4033695096340733,1.4033695096340733,12400
2018-01-08,1.3948296308517456,1.4005228074782412,1.3692102681644978,1.372056924345764,47400
2018-01-09,1.4033691883087158,1.4062158442067816,1.391982836188501,1.400522668146674,82800
2018-01-10,1.3948296308517456,1.4204488578029562,1.3948296308517458,1.4204488578029562,35600
2018-01-11,1.437528371810913,1.437528371810913,1.36351694773598,1.4204487079966799,7400
2018-01-12,1.3948296308517456,1.3948296308517458,1.3692102681644978,1.3692102681644978,220800
2018-01-15,1.3834431171417236,1.3834431171417236,1.3663635892431865,1.3720567652093656,51000
2018-01-16,1.4090627431869507,1.4090627431869507,1.3919832104148977,1.3919832104148977,24400
2018-01-17,1.3663636445999146,1.4232954065682328,1.3663636445999146,1.3948295255840737,1400
2018-01-18,1.4204487800598145,1.4204487800598145,1.3720568492511804,1.3749033695406152,23200
2018-01-19,1.4204487800598145,1.4204487800598145,1.4204487800598145,1.4204487800598145,0
2018-01-22,1.4432215690612793,1.446068089248164,1.4204487288860743,1.4204487288860743,10200
2018-01-23,1.4090627431869507,1.4489151220578018,1.4090627431869507,1.4232957550316918,4200
2018-01-24,1.437528371810913,1.437528371810913,1.426142019758773,1.426142019758773,6600
2018-01-25,1.437528371810913,1.437528371810913,1.437528371810913,1.437528371810913,0
2018-01-26,1.437528371810913,1.437528371810913,1.4232953638777266,1.4318351957848432,40600
2018-01-29,1.5086930990219116,1.5314658025075827,1.4375283327611805,1.4375283327611805,58000
2018-01-30,1.548545479774475,1.5542386561960857,1.5143864212448106,1.5143864212448106,20800
2018-01-31,1.5855512619018555,1.616863665686101,1.5286193595253352,1.5485455457175232,6800
2018-02-01,1.5656250715255737,1.5912444343133425,1.5400057087378047,1.5855512576645092,7400
2018-02-02,1.4859205484390259,1.5656251618574473,1.485920548439026,1.5656251618574473,11800
2018-02-05,1.53431236743927,1.5798579114784037,1.4802271272113148,1.4973067910610047,21200
2018-02-06,1.491613507270813,1.534312396224052,1.4887669870664777,1.534312396224052,9800
2018-02-07,1.5513920783996582,1.5513920783996584,1.5001534880196907,1.5001534880196907,30800
2018-02-08,1.4944602251052856,1.551391988910122,1.491613569047028,1.551391988910122,4800
2018-02-09,1.5115399360656738,1.5115399360656738,1.4887672278044737,1.505846759000374,15600
2018-02-14,1.5086930990219116,1.5086930990219118,1.4403748528288796,1.4887669156039398,2200
2018-02-15,1.5086930990219116,1.5086930990219118,1.5086930990219118,1.5086930990219118,0
2018-02-16,1.505846619606018,1.505846619606018,1.4859204338539862,1.4859204338539862,800
2018-02-19,1.4944602251052856,1.5058465778662529,1.4944602251052856,1.5058465778662529,600
2018-02-20,1.474534034729004,1.4802272110895007,1.4688408583685069,1.4688408583685069,8400
2018-02-21,1.4802272319793701,1.4802272319793701,1.471687535186123,1.471687535186123,1600
2018-02-22,1.5086930990219116,1.5086930990219118,1.4887669156039398,1.4944600914753576,19800
2018-02-23,1.7591930627822876,1.8218181362964685,1.6510227157109303,1.6510227157109303,415400
2018-02-26,1.7620395421981812,1.7705792377170795,1.75349971094327,1.7563463666069115,162400
2018-02-27,1.756346583366394,1.781965944556928,1.7449602307786078,1.781965944556928,493800
2018-02-28,1.7000596523284912,1.8467815127632425,1.7000596523284912,1.7223869448615143,79000
2018-03-01,1.639457106590271,1.6777324863634693,1.6330779019767772,1.6458363112037648,39600
2018-03-02,1.5916129350662231,1.6554051308534443,1.57566500018859,1.6266986351445833,191200
2018-03-05,1.6809219121932983,1.6809219121932983,1.5916129008481352,1.5916129008481352,58400
2018-03-06,1.63307785987854,1.6904908520122013,1.6235091292510841,1.6522154732256835,19000
2018-03-07,1.7542825937271118,1.7542825937271118,1.6266983746739718,1.6394567813700653,43400
2018-03-08,1.6681634187698364,1.7096283202144542,1.6681634187698364,1.7096283202144542,7000
2018-03-09,1.731955885887146,1.7415247701593426,1.6873014474988246,1.6873014474988246,38400
2018-03-12,1.7383347749710083,1.7383347749710083,1.7223868402097589,1.7383347749710083,6000
2018-03-13,1.7064390182495117,1.7351455182050355,1.7064390182495117,1.7351455182050355,4400
2018-03-14,1.7223869562149048,1.7223869562149048,1.6490260255139588,1.6904909324519366,12600
2018-03-15,1.6809219121932983,1.7319555460521197,1.677732386123235,1.7319555460521197,2400
2018-03-16,1.7223869562149048,1.7223869562149048,1.7064388682873015,1.7223869562149048,18800
2018-03-19,1.7064390182495117,1.7223871075786363,1.7064390182495117,1.7223871075786363,8600
2018-03-20,1.6745429039001465,1.6904909923932359,1.664974020385844,1.6904909923932359,22200
2018-03-21,1.6745429039001465,1.7032494023508098,1.6554052889637854,1.6745429039001465,70200
2018-03-22,1.6554052829742432,1.6617844879299493,1.6554052829742434,1.6585948094059746,66000
2018-03-23,1.6873013973236084,1.7032494866056032,1.649026165557522,1.6554053708518697,10800
2018-03-26,1.6203196048736572,1.725576564326059,1.597992463227539,1.725576564326059,124000
2018-03-27,1.6681634187698364,1.6681634187698364,1.6139401095102928,1.6203193134177556,239000
2018-03-28,1.6745429039001465,1.6904909923932359,1.658594815407057,1.6681636989213595,37400
2018-03-29,1.6745429039001465,1.7032494023508098,1.6745429039001465,1.7000597238152944,2400
2018-04-02,1.690490961074829,1.6936804874590108,1.6649739895401705,1.690490961074829,12000
2018-04-03,1.6585948467254639,1.7032494345124065,1.6585948467254636,1.7032494345124065,17200
2018-04-04,1.7542825937271118,1.7542825937271118,1.6426464590901912,1.6681632724823783,37400
2018-04-05,1.751092791557312,1.7542824690507484,1.6617839510318115,1.7542824690507484,3800
2018-04-06,1.7223869562149048,1.7223869562149048,1.680922049276927,1.680922049276927,11800
2018-04-09,1.7223869562149048,1.7223869562149048,1.6904909324519366,1.7223869562149048,10800
2018-04-10,1.6777321100234985,1.7160073291187674,1.6777321100234983,1.7128176514813944,11800
2018-04-11,1.7160075902938843,1.7160075902938843,1.6904907736800638,1.6904907736800638,71600
2018-04-12,1.690490961074829,1.690490961074829,1.690490961074829,1.690490961074829,200
2018-04-13,1.6936804056167603,1.7223869021484417,1.6936804056167603,1.7032492884913986,23400
2018-04-16,1.6936804056167603,1.7510932465878895,1.642646769197979,1.7510932465878895,9000
2018-04-17,1.6777321100234985,1.7510928705766635,1.6777321100234983,1.7510928705766635,2000
2018-04-18,1.7351453304290771,1.7351453304290771,1.6904908980691455,1.6904908980691455,32200
2018-04-19,1.7223869562149048,1.7223869562149048,1.6904909324519366,1.6904909324519366,800
2018-04-20,1.7223869562149048,1.7255764825450823,1.7223869562149048,1.7223869562149048,7400
2018-04-23,1.7064390182495117,1.7096286969522374,1.6904910810126388,1.6904910810126388,9800
2018-04-24,1.74790358543396,1.74790358543396,1.706438682998335,1.7160075651343336,33600
2018-04-25,1.74790358543396,1.74790358543396,1.74790358543396,1.74790358543396,1400
2018-04-26,1.731955885887146,1.7510935023392835,1.7319558858871458,1.7510935023392835,2800
2018-04-27,1.69687020778656,1.7383349643570436,1.6904910027686209,1.7383349643570436,29600
2018-04-30,1.7128180265426636,1.7447140494397624,1.7096285002990708,1.7096285002990708,55200
2018-05-02,1.7223869562149048,1.751093301555457,1.7096285467097174,1.7479037752252793,12600
2018-05-03,1.7223869562149048,1.7383348920502697,1.7223869562149048,1.7383348920502697,2600
2018-05-04,1.7223869562149048,1.7670413894830603,1.7223869562149048,1.7670413894830603,600
2018-05-07,1.690490961074829,1.7223869853778513,1.690490961074829,1.7223869853778513,65400
2018-05-08,1.741524577140808,1.754282986694846,1.7064388748210841,1.7064388748210841,23400
2018-05-09,1.7223869562149048,1.7606621847304667,1.7223869562149048,1.751093301555457,5600
2018-05-10,1.7670412063598633,1.767041206359863,1.6458361765291465,1.767041206359863,102200
2018-05-11,1.7542825937271118,1.7542825937271118,1.7542825937271118,1.7542825937271118,10000
2018-05-14,1.7223869562149048,1.773420594235654,1.7223869562149048,1.754282979977873,5800
2018-05-15,1.770231008529663,1.7702310085296629,1.597992333894502,1.731955629205668,77200
2018-05-16,1.782989263534546,1.782989263534546,1.725576275555864,1.782989263534546,37200
2018-05-17,1.8531607389450073,1.8627296221678098,1.8148855102382757,1.8148855102382757,19600
2018-05-18,1.8180745840072632,1.8372123456888652,1.7638514328833959,1.8372123456888652,13800
2018-05-21,1.8116958141326904,1.8372127851139148,1.7447140885029806,1.8372127851139148,16400
2018-05-22,1.7542825937271118,1.7989370171634391,1.722386576986878,1.725576102614799,37800
2018-05-23,1.7542825937271118,1.7542825937271118,1.722386576986878,1.722386576986878,6800
2018-05-24,1.7542825937271118,1.8116954238595326,1.7542825937271118,1.7542825937271118,21800
2018-05-25,1.725576639175415,1.802127255247265,1.725576639175415,1.7542831392138902,11000
2018-05-28,1.7191972732543945,1.786178999025938,1.6936804543113757,1.786178999025938,20400
2018-05-29,1.770231008529663,1.7702310085296629,1.7128180155897872,1.7223868984438442,40600
2018-05-30,1.7542825937271118,1.776609881491378,1.7319553059628459,1.7702306781433312,23800
2018-06-01,1.751092791557312,1.7989368893134985,1.7223864545773553,1.7989368893134985,25600
2018-06-04,1.69687020778656,1.7510933743929222,1.69687020778656,1.728766232876257,56000
2018-06-05,1.7351453304290771,1.7351453304290771,1.6713531321083681,1.7064388335801464,33400
2018-06-06,1.690490961074829,1.7064388971802198,1.690490961074829,1.703249370796038,8800
2018-06-07,1.626698613166809,1.6777323995255315,1.6139402046001852,1.6777323995255315,54400
2018-06-08,1.63307785987854,1.6841116475631535,1.5948026331842535,1.6426467425982274,83800
2018-06-11,1.6554052829742432,1.6585948094059746,1.6330779895831509,1.6330779895831509,23200
2018-06-12,1.6585948467254639,1.7861791008025563,1.6107508845272698,1.7510933967106004,11400
2018-06-13,1.6426466703414917,1.7223867984930958,1.6426466703414915,1.645836196379599,24800
2018-06-14,1.645836353302002,1.722386962714223,1.645836353302002,1.722386962714223,20600
2018-06-15,1.626698613166809,1.6458362260167447,1.6171298827879548,1.6458362260167447,45800
2018-06-18,1.6426466703414917,1.690490777650899,1.5948025630320841,1.6043714453308555,39200
2018-06-19,1.6426466703414917,1.7064387120258853,1.626698583874281,1.664973808884917,27000
2018-06-20,1.6490261554718018,1.6745429764931274,1.6426469502164702,1.6426469502164702,15600
2018-06-21,1.6585948467254639,1.6585948467254636,1.6330780263284945,1.6426469100234813,35000
2018-06-22,1.645836353302002,1.69368046517311,1.642646826959789,1.69368046517311,35800
2018-06-25,1.6362676620483398,1.6904909800171832,1.6362676620483398,1.6904909800171832,12600
2018-06-26,1.6617844104766846,1.6936804337685887,1.6617844104766846,1.6841117028271355,3400
2018-06-27,1.6809219121932983,1.6809219121932983,1.6809219121932983,1.6809219121932983,400
2018-06-28,1.690490961074829,1.690490961074829,1.633077965237148,1.6362676437135708,34800
2018-06-29,1.7670412063598633,1.767041206359863,1.7032491654448663,1.7032491654448663,7000
2018-07-02,1.7542825937271118,1.7702306781433312,1.7542825937271118,1.7702306781433312,800
2018-07-03,1.751092791557312,1.7861784835241412,1.751092791557312,1.7542824690507484,16200
2018-07-04,1.7383347749710083,1.751093183616899,1.7383347749710083,1.751093183616899,800
2018-07-05,1.6936804056167603,1.7223869021484417,1.6904908793867033,1.7223869021484417,19800
2018-07-06,1.6936804056167603,1.6936804056167603,1.6936804056167603,1.6936804056167603,0
2018-07-10,1.7542825937271118,1.7542825937271118,1.6936800858745653,1.7191968992667523,17000
2018-07-11,1.7064390182495117,1.7160079022654369,1.7064390182495117,1.7160079022654369,600
2018-07-12,1.7064390182495117,1.7064390182495117,1.7064390182495117,1.7064390182495117,0
2018-07-13,1.69687020778656,1.7510933743929222,1.69687020778656,1.706438939267347,8000
2018-07-16,1.7383347749710083,1.7542828618244857,1.7064387533562815,1.751093183616899,4600
2018-07-17,1.7542825937271118,1.7797994071192988,1.722386576986878,1.7415241870310183,9000
2018-07-18,1.7734204530715942,1.7734204530715942,1.706438732454979,1.7510931621686472,17800
2018-07-19,1.7861789464950562,1.7861789464950564,1.7223869010136104,1.773420537398767,10800
2018-07-20,1.770231008529663,1.8180749665232485,1.754282921136979,1.8085062357614248,12400
2018-07-23,1.8116958141326904,1.8148854925399325,1.767041381076963,1.767041381076963,1000
2018-07-24,1.8085063695907593,1.814885574601447,1.7797998709965428,1.814885574601447,8800
2018-07-25,1.7957478761672974,1.8180750166216155,1.7925581977639733,1.8085062855961185,15000
2018-07-26,1.8180745840072632,1.8180745840072634,1.8180745840072634,1.8180745840072634,15800
2018-07-27,1.8340226411819458,1.834022641181946,1.7861785418631075,1.8276434380789142,8600
2018-07-30,1.8308334350585938,1.8404023182234095,1.7797997970922113,1.8404023182234095,7200
2018-07-31,1.8148856163024902,1.8180751428349982,1.7702311802016413,1.8021272059879618,5000
2018-08-01,1.7957478761672974,1.8340231044537605,1.7861789930495628,1.7861789930495628,8800
2018-08-02,1.8276437520980835,1.8276437520980835,1.805316461355178,1.805316461355178,5200
2018-08-03,1.782989263534546,1.8180748094190515,1.782989263534546,1.8180748094190515,6400
2018-08-06,1.8499711751937866,1.8499711751937866,1.7957478595761545,1.7957478595761545,10800
2018-08-07,1.8499711751937866,1.8499711751937866,1.8340230875089878,1.8340230875089878,11200
2018-08-08,1.8499711751937866,1.8595399061308768,1.8021270642316267,1.8499711751937866,2400
2018-08-09,1.8659191131591797,1.8659191131591797,1.8659191131591797,1.8659191131591797,600
2018-08-10,1.8308334350585938,1.8499712013882252,1.789368680257027,1.7925582065838068,7600
2018-08-13,1.86910879611969,1.9105735504885324,1.8659191177339591,1.8818672054781393,5200
2018-08-14,1.7670412063598633,1.811695635000361,1.7383347119020032,1.7766100885432239,71400
2018-08-15,1.7223869562149048,1.7670413894830603,1.7064388682873015,1.7670413894830603,85400
2018-08-16,1.6649739742279053,1.7223869695375762,1.6617844478730566,1.7096285599337024,67000
2018-08-17,1.6585948467254639,1.7383349865121158,1.5948027957330408,1.6745429355196928,123800
2018-08-20,1.6745429039001465,1.6745429039001465,1.626698790513122,1.633077995491909,14400
2018-08-21,1.6681634187698364,1.7319554578444654,1.6458361290476071,1.6458361290476071,6600
2018-08-22,1.7064390182495117,1.7064390182495117,1.6904910810126388,1.7064390182495117,1400
2018-08-23,1.7000596523284912,1.7383348805917558,1.6904909213087937,1.6904909213087937,29600
2018-08-24,1.6649739742279053,1.696870150329829,1.6458363598220946,1.696870150329829,104000
2018-08-27,1.6490261554718018,1.6745429764931274,1.645836476798011,1.645836476798011,103400
2018-08-28,1.7064390182495117,1.7064390182495117,1.6585949023543896,1.6745429916835142,3200
2018-08-29,1.7128180265426636,1.7128180265426636,1.7128180265426636,1.7128180265426636,2400
2018-08-30,1.7160075902938843,1.7542828152146148,1.7160075902938843,1.7191971163245,16800
2018-08-31,1.7542825937271118,1.7702306781433312,1.6617840691343315,1.7351449836829715,99600
2018-09-03,1.7383347749710083,1.7670412704703764,1.7383347749710083,1.7542828618244857,13800
2018-09-04,1.7064390182495117,1.7542831341446339,1.7064390182495117,1.7542831341446339,3000
2018-09-05,1.6777321100234985,1.7000592451163048,1.661784026021036,1.7000592451163048,182400
2018-09-06,1.6681634187698364,1.7032491163069914,1.6617842148623736,1.6745426226772993,166400
2018-09-10,1.6809219121932983,1.6809219121932983,1.677732386123235,1.677732386123235,1400
2018-09-11,1.6649739742279053,1.680922062278867,1.6649739742279053,1.680922062278867,2000
2018-09-12,1.6617844104766846,1.6873012291102079,1.6617844104766846,1.6745428197934462,116400
2018-09-13,1.7064390182495117,1.7542831341446339,1.7064390182495117,1.7351455182050355,42800
2018-09-14,1.7064390182495117,1.7064390182495117,1.7064390182495117,1.7064390182495117,200
2018-09-17,1.6777321100234985,1.7223865323013121,1.6777321100234983,1.7223865323013121,64000
2018-09-18,1.7064390182495117,1.7064390182495117,1.703249491639038,1.703249491639038,22200
2018-09-19,1.6617844104766846,1.6904909074855163,1.6617844104766846,1.6904909074855163,487800
2018-09-20,1.6809219121932983,1.6809219121932983,1.6649738255663038,1.6681635037285931,25200
2018-09-21,1.7351453304290771,1.7351453304290771,1.6809220150887567,1.6904908980691455,17400
2018-09-24,1.6841115951538086,1.7223868206569748,1.668163508481376,1.7191971424855979,184400
2018-09-25,1.7032490968704224,1.7447138457496485,1.664973721770205,1.6745426035683133,140800
2018-09-26,1.69687020778656,1.69687020778656,1.69687020778656,1.69687020778656,200
2018-09-27,1.6681634187698364,1.6968699123995286,1.6681634187698364,1.6968699123995286,42600
2018-09-28,1.6841115951538086,1.690490799404336,1.6841115951538086,1.690490799404336,14000
2018-10-01,1.7191972732543945,1.7351453611399004,1.7191972732543945,1.7351453611399004,16400
2018-10-02,1.7000596523284912,1.7447140853023,1.6936804476179472,1.7415245589931465,14600
2018-10-03,1.7191972732543945,1.7255764779901492,1.6936804543113757,1.7255764779901492,1800
2018-10-04,1.690490961074829,1.7128181020408242,1.668163668016593,1.6936804874590108,264800
2018-10-05,1.7064390182495117,1.7191974288759109,1.703249491639038,1.7191974288759109,4600
2018-10-08,1.728765845298767,1.728765845298767,1.674542538756655,1.674542538756655,101400
2018-10-09,1.7128180265426636,1.7383348448603426,1.7128180265426636,1.72876611403733,15000
2018-10-10,1.731955885887146,1.7383350913711917,1.7128182694350083,1.7128182694350083,3000
2018-10-11,1.7223869562149048,1.7351453657200921,1.6936804587821142,1.731955687297676,12600
2018-10-15,1.709628701210022,1.7287663171972822,1.7096287012100222,1.7287663171972822,268000
2018-10-16,1.7542825937271118,1.7606617970751586,1.7096281702907845,1.7287657803349248,307800
2018-10-17,1.7861789464950562,1.7861789464950564,1.728766105561755,1.7542829237543334,20000
2018-10-18,1.8340226411819458,1.9137627560159436,1.789368219460723,1.789368219460723,26400
2018-10-19,1.789368748664856,1.8499712721128976,1.7542830451755171,1.8499712721128976,19800
2018-10-22,1.8818674087524414,1.8818674087524414,1.8467817031807225,1.8499713819109938,13400
2018-10-23,1.87548828125,1.87548828125,1.8212649573221882,1.87548828125,29400
2018-10-24,1.87548828125,1.87548828125,1.8499714587174436,1.87548828125,3800
2018-10-25,1.80531644821167,1.8786773720131453,1.7893685138761812,1.8563502335250164,10000
2018-10-26,1.8021273612976074,1.8786778297819942,1.7734208595698318,1.7861792709838962,351400
2018-10-29,1.8435918092727661,1.8435918092727661,1.792558024400859,1.8340229270804638,9000
2018-10-30,1.8467814922332764,1.8467814922332766,1.8180749953088287,1.8435919659595799,7600
2018-10-31,1.8499711751937866,1.8627295845047311,1.8499711751937866,1.8627295845047311,3200
2018-11-01,1.8499711751937866,1.8563503798492589,1.8180749998241892,1.8499711751937866,20400
2018-11-05,1.8659191131591797,1.8946256101914278,1.8499711775463366,1.8499711775463366,15600
2018-11-06,1.86910879611969,1.8882464101573642,1.8404022990170603,1.8404022990170603,6200
2018-11-07,1.8818674087524414,1.8882466141207308,1.865919319285591,1.8691089980158624,32000
2018-11-08,1.8882465362548828,1.9105736780770626,1.8595400372352269,1.8818673311496534,31200
2018-11-09,1.8722983598709106,1.9105735887120041,1.8499712190930593,1.9105735887120041,30000
2018-11-12,1.9137630462646484,1.9137630462646484,1.8659189396895877,1.8659189396895877,15600
2018-11-13,1.8531607389450073,1.8978151724361942,1.8499712125988992,1.8978151724361942,24000
2018-11-14,1.8818674087524414,1.8818674087524414,1.853160908549012,1.853160908549012,8800
2018-11-16,1.9775550365447998,1.9775550365447998,1.8818669779268233,1.8818669779268233,26600
2018-11-19,1.9616073369979858,2.0700538163780364,1.9137632259312571,1.9137632259312571,95400
2018-11-21,1.9488489627838135,2.0700538536872033,1.9297113484306465,2.0700538536872033,17200
2018-11-22,1.9456591606140137,1.9935032695004709,1.9456591606140137,1.974365656364334,38800
2018-11-23,1.9903134107589722,2.041347193252531,1.9743654773046604,2.041347193252531,3600
2018-11-26,2.1051394939422607,2.1051394939422607,1.9935033374627913,2.0094514249993876,95400
2018-11-27,2.286947011947632,2.519788203659968,2.101949929892505,2.101949929892505,54400
2018-11-28,2.296515464782715,2.5038398134862607,2.2008274091372266,2.293325938973972,65600
2018-11-29,2.385824680328369,2.424099905979893,2.264619647006318,2.264619647006318,20000
2018-11-30,2.3124637603759766,2.4496167286519706,2.2997053517964527,2.392203890044114,20200
2018-12-03,2.3571178913116455,2.4815125873160073,2.3475491621372844,2.4815125873160073,11600
2018-12-04,2.341170310974121,2.4464272602852115,2.2965157277997794,2.4464272602852115,10600
2018-12-05,2.3284120559692383,2.3284120559692383,2.3284120559692383,2.3284120559692383,5000
2018-12-06,2.2550511360168457,2.2869471604960445,2.2550511360168457,2.2678095458085252,8600
2018-12-07,2.2135860919952393,2.2933262243347268,2.2135860919952393,2.270998932526467,4800
2018-12-10,2.21677565574646,2.248671830896267,2.200827720263791,2.248671830896267,3800
2018-12-11,2.2327237129211426,2.2327237129211426,2.197638011989414,2.2103964210387272,21200
2018-12-12,2.2646195888519287,2.2646195888519287,2.20082754773754,2.20082754773754,4800
2018-12-13,2.2646195888519287,2.318842899845271,2.242292450508004,2.2805676751766377,20200
2018-12-14,2.309274196624756,2.3220327579287776,2.290136582807075,2.3188430795797133,7000
2018-12-17,2.3252222537994385,2.3252222537994385,2.26461973478929,2.3220327275842902,4200
2018-12-18,2.3124637603759766,2.322032642856733,2.3124637603759766,2.322032642856733,800
2018-12-19,2.2933266162872314,2.31565391191145,2.2391032926943133,2.31565391191145,2400
2018-12-20,2.248671770095825,2.296515727342443,2.245482091830194,2.296515727342443,3000
2018-12-21,2.2805676460266113,2.3124636661761135,2.2550508299070096,2.2709987639356504,11000
2018-12-26,2.3124637603759766,2.3124637603759766,2.264619652156649,2.2837572650259346,14800
2018-12-27,2.2933266162872314,2.2933266162872314,2.2933266162872314,2.2933266162872314,2000
2018-12-28,2.2454817295074463,2.2965153567850956,2.232723322688034,2.2518609329171526,15600
2019-01-02,2.3124637603759766,2.3124637603759766,2.2614301260578813,2.264619652156649,17800
2019-01-03,2.2773783206939697,2.318843229356665,2.235913564123519,2.318843229356665,11400
2019-01-04,2.2773783206939697,2.302895140765707,2.264619910658101,2.2773783206939697,3600
2019-01-07,2.3124637603759766,2.3252221689555004,2.2837572650259346,2.322032642856733,6800
2019-01-08,2.33160138130188,2.376255811484512,2.30927409016445,2.376255811484512,24200
2019-01-09,2.3284120559692383,2.3603080802786303,2.3028950844294838,2.3252223774921785,10200
2019-01-10,2.3698766231536865,2.3698766231536865,2.3252221926699326,2.331601397024755,5400
2019-01-11,2.3284120559692383,2.3603080802786303,2.3284120559692383,2.331601582354057,26600
2019-01-14,2.385824680328369,2.3890142064198825,2.3603078632273533,2.376255797869375,35200
2019-01-15,2.3603084087371826,2.3922044374851996,2.3603084087371826,2.385825231735596,2600
2019-01-16,2.3379805088043213,2.5038399675545095,2.3379805088043213,2.42409984023053,59600
2019-01-17,2.344360113143921,2.344360113143921,2.3124640871873723,2.328412176211771,60600
2019-01-18,2.376255989074707,2.376255989074707,2.360308053149436,2.360308053149436,2800
2019-01-21,2.3347909450531006,2.373066169047687,2.3347909450531006,2.347549353051296,60000
2019-01-22,2.3603084087371826,2.389014758564267,2.344360318317043,2.344360318317043,95400
2019-01-23,2.376255989074707,2.376255989074707,2.360308053149436,2.360308053149436,4600
2019-01-24,2.3698766231536865,2.3890142362181526,2.360307892667568,2.360307892667568,22000
2019-01-28,2.3698766231536865,2.4878921318562366,2.360307892667568,2.373066301377212,40200
2019-01-29,2.376255989074707,2.4687545345548934,2.3698767842861503,2.3730664627265483,44200
2019-01-30,2.424100160598755,2.433669044062831,2.424100160598755,2.433669044062831,3200
2019-01-31,2.4400479793548584,2.4559959139095646,2.4400479793548584,2.4559959139095646,800
2019-02-01,2.3922040462493896,2.462375298018787,2.3922040462493896,2.3985832509556984,37400
2019-02-04,2.452806234359741,2.4655646420420836,2.408151807471542,2.424099741028362,17400
2019-02-05,2.4496166706085205,2.462375078885735,2.4209103280309,2.4559958747471278,2600
2019-02-06,2.4496166706085205,2.4559958747471278,2.4496166706085205,2.4496166706085205,2000
2019-02-07,2.4464271068573,2.462375040911762,2.411341408589929,2.4496166328313036,2200
2019-02-08,2.4719443321228027,2.475134010716917,2.465565127026821,2.465565127026821,18000
2019-02-11,2.3922040462493896,2.471944181124369,2.3603080227178452,2.471944181124369,47600
2019-02-12,2.424100160598755,2.424100160598755,2.360308111145726,2.39220413587224,54000
2019-02-13,2.3698766231536865,2.3922039144416782,2.36668709702239,2.3922039144416782,25200
2019-02-14,2.3347909450531006,2.385824577045883,2.3284117410540026,2.385824577045883,69000
2019-02-15,2.350738763809204,2.398582867503997,2.350738763809204,2.389013985928153,17200
2019-02-18,2.344360113143921,2.3539289969770096,2.328412176211771,2.3539289969770096,90400
2019-02-19,2.379445791244507,2.3826353177585182,2.344360087036897,2.3826353177585182,5400
2019-02-20,2.376255989074707,2.376255989074707,2.347549643572323,2.360308053149436,62600
2019-02-21,2.4272894859313965,2.4878920001398424,2.3762557017024717,2.424099807876742,217400
2019-02-22,2.615476608276367,2.647372786890574,2.4400483863594866,2.4878925021885454,202800
2019-02-25,2.63142466545105,2.6952167177159936,2.609097523204444,2.63142466545105,227800
2019-02-26,2.6465234756469727,2.6881463471336966,2.577151857774511,2.6326491851513985,90600
2019-02-27,2.57021427154541,2.6326487334579696,2.566745782213913,2.60143150250169,54800
2019-02-28,2.57021427154541,2.597962847775632,2.5563399834302993,2.5806200703290236,14400
2019-03-01,2.6465234756469727,2.6465234756469727,2.521654695792213,2.577151857774511,56600
2019-03-06,2.6291799545288086,2.6361170982586515,2.532059942311006,2.6361170982586515,26800
2019-03-07,2.549402952194214,2.6291801950838494,2.5459344627092215,2.6291801950838494,6400
2019-03-08,2.594494342803955,2.6187744295563133,2.549402824004386,2.552871478709534,11400
2019-03-11,2.618774890899658,2.618774890899658,2.5494032731266976,2.601431945107771,19400
2019-03-12,2.6534602642059326,2.67080304229682,2.5806201661983312,2.6187745426295908,18200
2019-03-13,2.6326489448547363,2.649991723693937,2.5667459883187957,2.649991723693937,14400
2019-03-14,2.6326489448547363,2.663866012923127,2.591025911772592,2.663866012923127,17600
2019-03-15,2.5910255908966064,2.6603971938460615,2.5736828142051578,2.6603971938460615,10400
2019-03-18,2.5979628562927246,2.6326487420887754,2.5667457906286644,2.601431511030154,15800
2019-03-19,2.6361172199249268,2.65346016274725,2.584088556852518,2.601431499674841,24200
2019-03-20,2.6257119178771973,2.636117552567996,2.594494683015639,2.63264906280259,5600
2019-03-21,2.6291799545288086,2.6361170982586515,2.570214150127866,2.6257114653611633,36400
2019-03-22,2.563277006149292,2.611837177648034,2.5563398624201223,2.570214149878462,1600
2019-03-25,2.5840885639190674,2.618774449658567,2.542465699505141,2.601431506788817,76400
2019-03-26,2.5979628562927246,2.6187744539281796,2.5702142799715326,2.6187744539281796,12400
2019-03-27,2.5424656867980957,2.608368637821382,2.532060053443901,2.5667457736154833,36000
2019-03-28,2.573683261871338,2.5910260415793878,2.5355288818822963,2.5910260415793878,37600
2019-03-29,2.566746234893799,2.5875576707368393,2.545934799050759,2.5840890153990377,17200
2019-04-01,2.566746234893799,2.5840890153990377,2.556340434274984,2.563277579555997,4200
2019-04-02,2.5424656867980957,2.5667457736154833,2.532060053443901,2.5598086295811666,21200
2019-04-03,2.532060384750366,2.5667461094603885,2.532060384750366,2.5667461094603885,13200
2019-04-04,2.5355288982391357,2.5494031882529122,2.5077803182115823,2.5077803182115823,10600
2019-04-05,2.5355288982391357,2.5355288982391357,2.497374518003958,2.5355288982391357,14400
2019-04-08,2.431471586227417,2.5285916108553352,2.4280029312219904,2.5181859766282026,102600
2019-04-09,2.4557511806488037,2.4869684099366527,2.4453455478158888,2.44881403696201,13200
2019-04-10,2.4488139152526855,2.5077797163570312,2.4488139152526855,2.5077797163570312,4200
2019-04-11,2.4592201709747314,2.493905894144737,2.4488143713264425,2.45228302634073,48200
2019-04-12,2.493905544281006,2.5285912625850395,2.445345538655359,2.4626883151101002,27800
2019-04-15,2.4800314903259277,2.4973742684125932,2.4800314903259277,2.4800314903259277,2200
2019-04-16,2.445345640182495,2.5494027994148953,2.445345640182495,2.462688417357283,18800
2019-04-17,2.4800314903259277,2.4800314903259277,2.4488142582175363,2.4522829130716093,44600
2019-04-18,2.4973740577697754,2.4973740577697754,2.480031281145899,2.480031281145899,9200
2019-04-22,2.514716863632202,2.514716863632202,2.4488139190827716,2.4488139190827716,5200
2019-04-23,2.532060384750366,2.532060384750366,2.466157425104033,2.5147174396980643,7800
2019-04-24,2.521653890609741,2.521653890609741,2.469625235167171,2.469625235167171,800
2019-04-25,2.511248826980591,2.5147174822075193,2.511248826980591,2.5147174822075193,600
2019-04-26,2.514716863632202,2.532059804711621,2.514716863632202,2.5216540069850613,1600
2019-04-29,2.514716863632202,2.532059804711621,2.4384082867507555,2.532059804711621,12400
2019-04-30,2.514716863632202,2.514716863632202,2.441876775729913,2.4626882057884893,9400
2019-05-02,2.483499765396118,2.493905563665485,2.455751190537209,2.480031276236031,4200
2019-05-03,2.511248826980591,2.511248826980591,2.4661574667926165,2.48003175691116,2000
2019-05-06,2.525123357772827,2.532060503038909,2.4696260302495787,2.4696260302495787,4600
2019-05-07,2.525123357772827,2.525123357772827,2.466157540313832,2.466157540313832,1600
2019-05-08,2.4800314903259277,2.532060155375058,2.469625691158275,2.4973742684125932,16800
2019-05-09,2.4800314903259277,2.532060155375058,2.469625691158275,2.4973742684125932,22800
2019-05-10,2.4973740577697754,2.5147169997882046,2.462688339127469,2.4973740577697754,15600
2019-05-13,2.5459346771240234,2.625711926732379,2.4453459926693024,2.514717442157185,9400
2019-05-14,2.525123357772827,2.542466138240738,2.466157540313832,2.542466138240738,9000
2019-05-15,2.549402952194214,2.549402952194214,2.4973742867627875,2.5216543747360047,161800
2019-05-16,2.532060384750366,2.5667461094603885,2.532060384750366,2.5528718195763798,41800
2019-05-17,2.532060384750366,2.5494031644080866,2.532060384750366,2.5494031644080866,19000
2019-05-20,2.5598089694976807,2.6014318392306715,2.5320603896756864,2.5320603896756864,59600
2019-05-21,2.549402952194214,2.5632772409233184,2.532060173980117,2.5632772409233184,83400
2019-05-22,2.6014316082000732,2.6014316082000732,2.5355286542783233,2.5736830308424032,21400
2019-05-23,2.6014316082000732,2.6014316082000732,2.5389973091453157,2.6014316082000732,35200
2019-05-24,2.5840885639190674,2.597962852057043,2.542465699505141,2.597962852057043,11600
2019-05-27,2.6014316082000732,2.6014316082000732,2.5494029429571583,2.5806201751818207,96000
2019-05-28,2.566746234893799,2.611837761917681,2.535528998431944,2.5736833801748125,39200
2019-05-29,2.5840885639190674,2.5840885639190674,2.5494028435741285,2.552871498305903,15200
2019-05-30,2.60490083694458,2.670803639990602,2.5875578895779827,2.60490083694458,105000
2019-05-31,2.6014316082000732,2.6603974177824057,2.597962953333081,2.6049002630670657,67600
2019-06-03,2.6846771240234375,2.833825963398887,2.58755711109457,2.6014313986558366,174000
2019-06-04,2.6222429275512695,2.6708029358222487,2.618774438229194,2.667334446500173,57000
2019-06-05,2.899729013442993,2.913603302280935,2.649991648965467,2.6673345927101795,196600
2019-06-06,2.7575173377990723,2.8893232408275558,2.6846772421988345,2.8893232408275558,56800
2019-06-07,2.774860143661499,2.8789174652066265,2.774860143661499,2.861574523150921,25000
2019-06-10,2.792203426361084,2.8546375622737297,2.7783291371817023,2.82342065971198,41800
2019-06-11,2.8268890380859375,2.84423198258979,2.781797845480735,2.7956721349259865,6800
2019-06-12,2.7887349128723145,2.8268891273543133,2.7748606229889363,2.795672223208585,35800
2019-06-13,2.7887349128723145,2.7887349128723145,2.7748606229889363,2.7748606229889363,21600
2019-06-14,2.7783291339874268,2.795672078139001,2.7748604789992823,2.7748604789992823,19800
2019-06-17,2.823420524597168,2.826888848634177,2.7748603493986055,2.7748603493986055,13600
2019-06-18,2.7783291339874268,2.844231924816435,2.7748604789992823,2.8268889806648603,54800
2019-06-19,2.781797409057617,2.8234202708633567,2.781797409057617,2.781797409057617,10800
2019-06-21,2.80954647064209,2.8268890846424073,2.774860581063137,2.781797891294591,81000
2019-06-24,2.81648325920105,2.837294857695775,2.81648325920105,2.819951914081693,8200
2019-06-25,2.9031982421875,2.9031982421875,2.82688947310128,2.840763764681574,88800
2019-06-26,2.9829750061035156,3.031534850483391,2.9101349087445727,2.9101349087445727,242600
2019-06-27,3.0870320796966553,3.1217179672034603,3.0141919805636754,3.0141919805636754,204200
2019-06-28,3.1182494163513184,3.236181040862882,3.0870321827112988,3.0870321827112988,82200
2019-07-01,3.1078433990478516,3.239649296623146,3.0835634784486765,3.1598718948429716,49000
2019-07-02,3.0696895122528076,3.107843724444771,2.982975122989046,3.087032125474245,143800
2019-07-03,3.0696895122528076,3.0696895122528076,2.9864434471598478,3.0696895122528076,36200
2019-07-04,3.0870320796966553,3.2361809328711226,3.052346522978989,3.052346522978989,105000
2019-07-05,3.073157787322998,3.2188379854216795,3.073157787322998,3.0870320761519614,111800
2019-07-08,3.152935028076172,3.152935028076172,3.087031911560504,3.1182491424585446,33400
2019-07-10,3.208432674407959,3.232712599604998,3.111312642830632,3.111312642830632,207200
2019-07-11,3.2257745265960693,3.243117466197098,3.1598714222699735,3.232711503963045,192800
2019-07-12,3.2257745265960693,3.243117466197098,3.156403098981016,3.243117466197098,12200
2019-07-15,3.1494667530059814,3.225775512089854,3.142529773519717,3.222306856952142,23600
2019-07-16,3.208432674407959,3.2257756198869174,3.149466858253003,3.1910897289290006,13400
2019-07-17,3.4477641582489014,3.5379472073553013,3.2084325764702437,3.2188382111243174,215200
2019-07-18,3.5726330280303955,3.5726330280303955,3.4096098779259263,3.4477640914443533,42800
2019-07-19,3.503260612487793,3.503260612487793,3.433888853199667,3.503260612487793,43200
2019-07-22,3.537947177886963,3.58650735718344,3.468575729455681,3.5032616190659014,17400
2019-07-23,3.4547011852264404,3.562227170464263,3.4512325303631575,3.562227170464263,11600
2019-07-24,3.551820993423462,3.5518209934234615,3.4408266907505767,3.4408266907505767,20600
2019-07-25,3.5865070819854736,3.5899757368381726,3.468575463306782,3.562227159594849,33000
2019-07-26,3.520604133605957,3.589975910866274,3.5032615200800272,3.589975910866274,20600
2019-07-29,3.544884443283081,3.5899759668903113,3.4685756855793715,3.5656957121546307,36600
2019-07-30,3.5310096740722656,3.5552895947202794,3.4685752143612483,3.5518209401165315,93200
2019-07-31,3.468575954437256,3.555290353298187,3.468575954437256,3.5518216979543467,15200
2019-08-01,3.503260612487793,3.746060777629041,3.503260612487793,3.548351792920385,64400
2019-08-02,3.5310096740722656,3.6766898595385666,3.4685752143612483,3.5032610988205044,43200
2019-08-05,3.544884443283081,3.64200446985834,3.4685756855793715,3.64200446985834,81400
2019-08-06,3.8119640350341797,3.8154326895959247,3.6420039309779284,3.6420039309779284,47200
2019-08-07,3.8154327869415283,3.902147168462927,3.7529983263936053,3.8154327869415283,134800
2019-08-08,3.8119640350341797,3.8501185736351666,3.6801581387898095,3.8154326895959247,21000
2019-08-09,3.725250244140625,3.8050276577163413,3.690564685411792,3.8050276577163413,17800
2019-08-12,3.888272285461426,3.9021465711495056,3.6870949775897315,3.7772779999567843,12000
2019-08-13,4.228193759918213,4.332251100205631,3.832776329930858,3.8882734898737032,176800
2019-08-14,4.470993995666504,4.838662818118716,4.2351307528026485,4.32878212048797,113000
2019-08-15,4.398154258728027,4.696451661053463,4.30103389731021,4.470994364396806,88400
2019-08-16,4.439776420593262,4.509147859973492,4.335719096128358,4.509147859973492,103200
2019-08-19,4.366936206817627,4.509147736345339,4.335718977255134,4.439776298867078,71400
2019-08-20,4.505679607391357,4.505679607391357,4.162290703723558,4.366936716249564,204000
2019-08-21,4.470993995666504,4.498742573557647,4.335719430355327,4.467525340732825,27400
2019-08-22,4.401622295379639,4.606268308916371,4.401622295379639,4.509148284637448,7200
2019-08-23,4.186569690704346,4.311438595595802,4.162289772881705,4.266347083361562,27000
2019-08-26,4.1276044845581055,4.3322504806739035,4.075575987249294,4.249004752664158,49000
2019-08-27,4.1276044845581055,4.15882171525904,3.8154328391269985,3.8501187245256188,14000
2019-08-28,4.162291049957275,4.196976941022589,3.947239385404184,4.127605158891963,28200
2019-08-29,4.307971477508545,4.335720059425734,4.231662711841679,4.2663486046327606,17600
2019-08-30,4.179633140563965,4.363467531713576,4.179633140563965,4.363467531713576,10800
2019-09-02,4.259410858154297,4.301033726773364,4.00620499135769,4.179633775998376,40800
2019-09-03,4.231662273406982,4.259410852449193,4.165759480879021,4.259410852449193,9200
2019-09-04,4.228193759918213,4.370405645758211,4.2143194699325015,4.242068049903924,55800
2019-09-05,4.235130786895752,4.370405353295899,4.214319187915289,4.249005075953012,33400
2019-09-06,4.325313568115234,4.328781892076763,4.276753393973475,4.28369070347478,9800
2019-09-09,4.196976661682129,4.363468133820353,4.196976661682129,4.325313920819298,36600
2019-09-10,4.231662273406982,4.34612524465339,4.200445039287207,4.231662273406982,7600
2019-09-11,4.290628910064697,4.321846150175964,4.207383156960799,4.221257449144782,8200
2019-09-12,4.231662273406982,4.283691107202993,4.214319328808312,4.214319328808312,20400
2019-09-13,4.231662273406982,4.266348162604323,4.203913694364772,4.231662273406982,10000
2019-09-16,4.196976661682129,4.245536508994536,4.186570696581627,4.20738229599348,5800
2019-09-17,4.179633140563965,4.280221807131387,4.179633140563965,4.280221807131387,22400
2019-09-18,4.221256256103516,4.22819323484032,4.183102046078279,4.217787601340551,7600
2019-09-19,4.231662273406982,4.259410852449193,4.224725294041007,4.255942528160783,6000
2019-09-20,4.238598823547363,4.2594100887028175,4.217787227602814,4.2594100887028175,3200
2019-09-23,4.210850238800049,4.249004445347668,4.210850238800049,4.249004445347668,6400
2019-09-24,4.210850238800049,4.242067136454049,4.134541494915715,4.242067136454049,6800
2019-09-25,4.242068290710449,4.242068290710449,4.179634147625176,4.179634147625176,2000
2019-09-26,4.151885032653809,4.196976554571085,4.151885032653809,4.196976554571085,8200
2019-09-27,4.138010501861572,4.16229042347935,4.134541847119284,4.144947480557027,4400
2019-09-30,4.138010501861572,4.138010501861572,4.134541847119284,4.138010501861572,38800
2019-10-01,4.120667934417725,4.1588221476921765,4.047827832138024,4.047827832138024,5800
2019-10-02,3.9611129760742188,4.120667451374181,3.9298957457867525,4.120667451374181,5800
2019-10-03,4.006205081939697,4.023548026953728,3.922959342819343,3.9611135572188814,9600
2019-10-04,3.9541757106781006,4.0582330358620755,3.9541757106781006,4.0582330358620755,4800
2019-10-07,3.8327760696411133,3.9749876150341397,3.815433125639469,3.9749876150341397,14400
2019-10-08,3.7738099098205566,3.7980898307059827,3.7113754494990467,3.7460613342974662,19800
2019-10-09,4.092919826507568,4.092919826507568,3.659347817995944,3.746062219698269,9400
2019-10-10,4.072107791900635,4.072107791900635,3.9194906066669764,4.072107791900635,20400
2019-10-11,4.054764747619629,4.054764747619629,4.054764747619629,4.054764747619629,400
2019-10-14,4.092919826507568,4.092919826507568,3.8848051301063125,3.9853938228494417,13600
2019-10-15,4.051296234130859,4.09291909986368,3.9541758832984772,4.09291909986368,6600
2019-10-16,4.089450359344482,4.089450359344482,3.9819243770289403,3.9888616865669673,6400
2019-10-17,3.8848044872283936,4.023547705465669,3.8848044872283936,4.023547705465669,2400
2019-10-18,3.8154327869415283,3.8848042260008246,3.8154327869415283,3.8848042260008246,13800
2019-10-21,3.8154327869415283,3.8848042260008246,3.798089844479426,3.818901441591772,16400
2019-10-22,3.818901777267456,3.857055989406488,3.8015588332809354,3.8015588332809354,6600
2019-10-23,3.9507083892822266,3.9715196611264796,3.8154337991377747,3.846651037693356,9800
2019-10-24,3.9194912910461426,3.9472398750246924,3.8327768834158706,3.9472398750246924,1800
2019-10-25,3.9507083892822266,3.9784569722673653,3.9194911507266452,3.9194911507266452,6400
2019-10-28,3.89867901802063,3.89867901802063,3.815433280383479,3.815433280383479,10600
2019-10-29,3.818901777267456,3.8813359125141313,3.8154331223123235,3.825838756388579,5600
2019-10-30,3.9541757106781006,3.9541757106781006,3.798089888296697,3.798089888296697,11400
2019-10-31,3.978456497192383,3.9784564971923833,3.850119233513811,3.971519186879895,17000
2019-11-01,3.85011887550354,3.9715188175810305,3.85011887550354,3.85011887550354,9400
2019-11-04,3.881335973739624,3.92642749650021,3.8570560502489806,3.92642749650021,9000
2019-11-05,3.9194912910461426,3.9611141670139673,3.8848053956783484,3.8848053956783484,4400
2019-11-06,3.9160215854644775,3.919490240229152,3.8848043541606585,3.909084606724254,3800
2019-11-07,3.9056167602539062,3.9507082891593006,3.9021481047713698,3.9507082891593006,1600
2019-11-08,3.968050003051758,3.9888616004272857,3.86746133244646,3.9819242910390704,8400
2019-11-11,3.8778672218322754,3.9888615235927762,3.877867221832276,3.9888615235927762,2800
2019-11-12,3.9541757106781006,3.9541757106781006,3.867461328156308,3.8813356161282297,15600
2019-11-13,3.8778672218322754,3.8848042002977508,3.8605242794849195,3.8605242794849195,3600
2019-11-14,4.092919826507568,4.16229128171159,3.919491023102919,3.919491023102919,50400
2019-11-18,4.006205081939697,4.1622909254876514,4.006205081939697,4.096388131381329,23400
2019-11-19,4.1067938804626465,4.162291041422006,3.9611136675497427,4.151885406439419,29800
2019-11-21,4.1276044845581055,4.155353060561354,4.058233044549984,4.117198851254167,11600
2019-11-22,4.15535306930542,4.15535306930542,4.144947435979585,4.144947435979585,4600
2019-11-25,4.144947052001953,4.1553526843638355,4.096387213787106,4.1553526843638355,2000
2019-11-26,4.335719585418701,4.335719585418701,4.092919354793085,4.151885167617912,88000
2019-11-27,4.314907073974609,4.318375728299296,4.266347236585325,4.318375728299296,15600
2019-11-28,4.332250595092773,4.332250595092773,4.231661921727074,4.314907651935419,12000
2019-11-29,4.325313568115234,4.325313568115234,4.266347760510643,4.269816415261295,1000
2019-12-02,4.3010334968566895,4.332250729349525,4.196976496266088,4.221256418965344,15200
2019-12-03,4.231662273406982,4.33571961020985,4.231662273406982,4.33571961020985,6400
2019-12-04,4.318376541137695,4.318376541137695,4.231662151432966,4.231662151432966,10000
2019-12-05,4.4293718338012695,4.457120416108831,4.3183771737818315,4.3183771737818315,7400
2019-12-06,4.439776420593262,4.439776420593262,4.318376153586021,4.318376153586021,8200
2019-12-09,4.40509033203125,4.40509033203125,4.342656204867521,4.3738731030548355,11800
2019-12-10,4.457120418548584,4.457120418548584,4.346125758468389,4.377342996278782,13400
2019-12-11,4.387747287750244,4.405090229086189,4.387747287750244,4.387747287750244,3200
2019-12-12,4.439776420593262,4.498742226763737,4.405090535508588,4.498742226763737,4400
2019-12-13,4.422434329986572,4.422434329986572,4.394685748889007,4.394685748889007,2000
2019-12-16,4.474462032318115,4.502210608426358,4.31490755430116,4.474462032318115,12000
2019-12-17,4.474462032318115,4.474462032318115,4.373873361228456,4.373873361228456,3200
2019-12-18,4.470993995666504,4.470993995666504,4.353062374234576,4.470993995666504,28800
2019-12-19,4.505679607391357,4.526491206457199,4.38774798452626,4.412028238567933,89000
2019-12-20,4.526491165161133,4.526491165161133,4.443245431235524,4.443245431235524,1800
2019-12-23,4.457120418548584,4.578520383513318,4.446714452085657,4.578520383513318,43800
2019-12-26,4.5438337326049805,4.5438337326049805,4.512616502272154,4.523022135453392,9800
2019-12-27,4.578519821166992,4.613205710204811,4.516085684003733,4.613205710204811,4000
2019-12-30,4.495273590087891,4.60973654822064,4.477930647476146,4.543833763242952,7000
2020-01-02,4.557708263397217,4.63401668517949,4.509148087981026,4.509148087981026,12600
2020-01-03,4.6999192237854,4.6999192237854,4.557707700724399,4.557707700724399,13200
2020-01-06,4.6860456466674805,4.751948436559402,4.57851965908797,4.644422779769034,21000
2020-01-07,4.6929826736450195,4.779697063265603,4.6929826736450195,4.7137942727011835,6600
2020-01-08,4.738073825836182,4.738073825836182,4.647890788285868,4.689513983146874,22000
2020-01-09,4.741542339324951,4.7519479723357385,4.6652335920712575,4.682576534281975,4000
2020-01-10,4.682577610015869,4.748480408609592,4.665234663820937,4.74154342860513,14600
2020-01-13,4.75194787979126,4.769290821664223,4.647890559342583,4.699919384961473,25400
2020-01-14,4.856006145477295,4.856006145477295,4.665234409318568,4.665234409318568,35600
2020-01-15,4.887222766876221,4.925376976999694,4.717262652522852,4.856005535507413,154800
2020-01-16,5.0398406982421875,5.064120954518153,4.873349213551321,4.887223503942226,93800
2020-01-17,5.08146333694458,5.08146333694458,4.994748943271197,5.043309122812389,81000
2020-01-20,5.046777725219727,5.116149173275804,5.029434780508418,5.0814632838531875,50800
2020-01-21,5.0398406982421875,5.109212150196715,5.029435063146302,5.046778008832228,79600
2020-01-22,5.03290319442749,5.050246138307711,5.03290319442749,5.046777483373838,67800
2020-01-23,5.043307781219482,5.0918679478429665,5.0363708035813115,5.0363708035813115,24000
2020-01-24,5.126554012298584,5.126554012298584,5.102274091943766,5.105742746505627,11200
2020-01-27,5.098805904388428,5.1647090239435265,5.0294344607429045,5.05024605923113,144600
2020-01-28,5.116148948669434,5.133491892619362,5.074526081663091,5.133491892619362,82800
2020-01-29,5.133492469787598,5.136961125125399,5.057183706301861,5.098806577987942,85400
2020-01-30,5.327731609344482,5.327731609344482,5.0710571132757245,5.133491575320766,58000
2020-01-31,5.3346686363220215,5.3346686363220215,5.029433982516013,5.32773132722254,35600
2020-02-03,5.237549781799316,5.535847192420904,5.150835383629057,5.320795524653362,93000
2020-02-04,5.3034515380859375,5.3034515380859375,5.223674466203951,5.223674466203951,1400
2020-02-05,5.528909206390381,5.528909206390381,5.306920585897181,5.306920585897181,9200
2020-02-06,5.653778076171875,5.723149854187286,5.480349623500807,5.535846781281814,12600
2020-02-07,5.702338218688965,5.705806873524493,5.650309719312583,5.650309719312583,11800
2020-02-10,5.549720287322998,5.653777278079019,5.417914390804384,5.549720287322998,8200
2020-02-11,5.549720287322998,5.6745892054927936,5.515034403211587,5.657245932647982,7000
2020-02-12,5.463006973266602,5.653778380717591,5.463006973266602,5.646841731805046,18000
2020-02-13,5.289577484130859,5.459537599313542,5.289577484130859,5.459537599313542,7400
2020-02-14,5.03290319442749,5.306920649209715,5.022497229625873,5.306920649209715,19400
2020-02-17,5.064120769500732,5.182052068120227,4.856006090451434,4.856006090451434,44200
2020-02-18,5.057183265686035,5.098806133745652,4.928846006471598,5.0294346869796245,21400
2020-02-19,5.182051181793213,5.185519836368234,4.980873847489445,5.05718259419439,16200
2020-02-20,5.220206260681152,5.542783561386177,5.202863316800655,5.202863316800655,56200
2020-02-21,5.542783737182617,5.567063660911898,5.289577873179694,5.289577873179694,48400
2020-02-26,5.338137149810791,5.376291356482398,5.029433849612566,5.202862603047482,38800
2020-02-27,5.458052635192871,5.64651110694012,5.1499950858748305,5.360198938716161,38000
2020-02-28,5.396441459655762,5.432683302883052,5.182613305779573,5.4000654020367005,15800
2020-03-02,5.436307430267334,5.79510363771351,5.255097182591756,5.4544285241611155,45000
2020-03-03,5.436307430267334,5.537785072188945,5.396441300205909,5.537785072188945,8400
2020-03-04,5.534160614013672,5.537784555949705,5.421810118850576,5.537784555949705,3800
2020-03-05,5.396441459655762,5.505167334968761,5.305836333140843,5.309460275521782,4800
2020-03-06,5.178988933563232,5.229727928013837,4.892676752256434,5.14637103324721,28800
2020-03-09,4.899925231933594,5.073886902694468,4.620861286382462,4.660727416190717,118400
2020-03-10,5.073887825012207,5.287716010081567,4.89992612262904,4.89992612262904,78200
2020-03-11,5.030396461486816,5.092007972667701,4.820192604151252,5.092007972667701,14800
2020-03-12,4.783950328826904,5.030396369020384,4.385288003042809,5.030396369020384,103000
2020-03-13,4.693345546722412,5.037644962928711,4.349046130516113,4.783950674441498,44600
2020-03-16,4.167835712432861,4.638982427312365,4.167835712432861,4.247568318490899,95200
2020-03-17,4.167835712432861,4.349045960799508,3.950383276140438,4.349045960799508,16200
2020-03-18,3.9648799896240234,4.091727298771861,3.80541512686179,4.01561898240938,60800
2020-03-19,3.736556053161621,3.9141420411636907,3.736556053161621,3.9141420411636907,50800
2020-03-20,3.805415391921997,3.9866256486801874,3.805415391921997,3.9648802657915048,64800
2020-03-23,3.6930646896362305,3.696688977535406,3.3342684827646583,3.696688977535406,19200
2020-03-24,3.5734658241271973,4.059109324769238,3.2617843343802795,4.059109324769238,94800
2020-03-25,3.725682020187378,3.725682020187378,3.540847858776357,3.5625928915865646,42800
2020-03-26,3.906893491744995,3.9866261107364536,3.7256832139842473,3.7256832139842473,15000
2020-03-27,3.801790952682495,3.8235363347066174,3.7800459162894944,3.8199120467640766,4200
2020-03-30,3.935887098312378,3.9503839066703335,3.5517215040109575,3.5517215040109575,15000
2020-03-31,3.8706514835357666,3.946759810873756,3.7510527328090917,3.946759810873756,5000
2020-04-01,3.682192325592041,3.732931321409507,3.6785680375412655,3.732931321409507,12600
2020-04-02,3.67856764793396,3.696688740637452,3.6785676479339595,3.682191935600877,1000
2020-04-03,3.587963342666626,3.678568481073674,3.453867779299936,3.678568481073674,36200
2020-04-06,3.8996450901031494,3.9141418978658273,3.627829685329566,3.703938012491416,6800
2020-04-07,3.7401793003082275,3.968504247682547,3.7401793003082275,3.9467592121027697,10000
2020-04-08,3.9467592239379883,3.950383166124746,3.6966888946028917,3.950383166124746,32600
2020-04-09,3.9467592239379883,3.964879971765106,3.9068927492036662,3.914141324839401,4400
2020-04-13,4.040988445281982,4.146090376678709,3.9467593777626266,3.9467593777626266,17000
2020-04-14,4.276562213897705,4.892677030035164,3.9938743044946152,3.9938743044946152,51200
2020-04-15,4.0228681564331055,4.334549698279342,3.986625963962797,4.2729381784585145,29600
2020-04-16,4.0228681564331055,4.62086191277506,4.0228681564331055,4.167836235052015,46400
2020-04-17,4.131593227386475,4.276561623033164,4.022867362690326,4.022867362690326,11600
2020-04-20,4.004746437072754,4.164211298741353,4.004746437072754,4.127969457541317,6600
2020-04-22,4.0228681564331055,4.229447754872842,4.004747060197951,4.229447754872842,7600
2020-04-23,3.950382947921753,4.026491259737509,3.950382947921753,4.026491259737509,56400
2020-04-24,3.8706514835357666,4.127970081142192,3.6966894443498637,3.939511234160061,10200
2020-04-27,4.0192437171936035,4.026491948036898,3.696689322334971,3.87065135577899,5200
2020-04-28,3.8634026050567627,4.146090507818417,3.8452815103191016,4.0228678239908175,18200
2020-04-29,3.961256504058838,4.05548557919241,3.867027083294115,4.05548557919241,16400
2020-04-30,3.881523370742798,3.9612559734505868,3.881523370742798,3.9576316856840723,8200
2020-05-04,3.874274730682373,3.877899018388524,3.6785676877545366,3.787293899521357,19400
2020-05-05,3.950382947921753,3.9866251328363376,3.9141411086382587,3.9866251328363376,1200
2020-05-06,3.877898693084717,3.9503827129717908,3.8271600519792996,3.9503827129717908,2000
2020-05-07,3.667695999145508,3.9866261311100533,3.6640717106202887,3.9866261311100533,15800
2020-05-08,3.6278295516967773,3.7691733357686337,3.6242052634818203,3.7148103950688656,21000
2020-05-11,3.4176251888275146,3.6387015540840513,3.417625188827515,3.6387015540840513,9600
2020-05-12,3.6495745182037354,3.7075617459820887,3.6495745182037354,3.7075617459820887,7000
2020-05-13,3.533599853515625,3.6785679143817664,3.3233959924441594,3.6785679143817664,10800
2020-05-14,3.537224054336548,3.6242048887142224,3.533599766496367,3.533599766496367,13200
2020-05-15,3.6930646896362305,3.714810071400167,3.5843388177099,3.711185783500991,8800
2020-05-18,3.72930645942688,3.7329307469198865,3.624204541547253,3.67856747141803,144800
2020-05-19,3.6495745182037354,3.7329314173584742,3.6495745182037354,3.7329314173584742,29400
2020-05-20,3.67856764793396,3.729306638377518,3.6350772328242362,3.649574037860811,17400
2020-05-21,3.7691729068756104,3.7872940002572553,3.7003131667826894,3.7329310657434287,84400
2020-05-22,3.7148094177246094,3.7329305084006967,3.7148094177246094,3.7329305084006967,12600
2020-05-25,4.0228681564331055,4.1460908504435965,3.7800463655230603,3.787294596638424,38200
2020-05-26,3.9902498722076416,4.167835838005991,3.881523650785607,4.073606423064819,31000
2020-05-27,4.146090507507324,4.156963371727786,3.990249922289856,3.990249922289856,64400
2020-05-28,4.20407772064209,4.323676451800962,4.167835534265599,4.167835534265599,6800
2020-05-29,4.20407772064209,4.240319561387476,4.20407772064209,4.240319561387476,4200
2020-06-01,4.171460151672363,4.523007797401724,4.066358217632356,4.523007797401724,42400
2020-06-02,4.2584404945373535,4.421529635840225,4.240319402030125,4.2584404945373535,33000
2020-06-03,4.392536640167236,4.523007902323481,4.349046219448488,4.363543026354738,13000
2020-06-04,4.783950328826904,4.783950328826904,4.3490458163210235,4.3490458163210235,11200
2020-06-05,4.8274407386779785,5.030396361896564,4.7114662943422765,4.780326034258823,16400
2020-06-08,4.965160369873047,5.03402045272645,4.765829042246858,4.943415335226463,8000
2020-06-09,4.92891788482666,5.07388591559113,4.831064204837356,4.965159719702253,7400
2020-06-10,4.961535453796387,5.059389134205206,4.838312799933833,4.925293618765418,7800
2020-06-12,4.783950328826904,4.976033088937706,4.747708487736228,4.976033088937706,7600
2020-06-15,4.63898229598999,4.8528104383104695,4.399784830218304,4.399784830218304,7800
2020-06-16,4.7078423500061035,4.711466638063778,4.638982605065946,4.6607276421497295,5400
2020-06-17,4.92891788482666,5.07388591559113,4.747707673555548,4.747707673555548,8600
2020-06-18,4.925295352935791,5.3565756573838605,4.878180639738746,5.023148722167214,12000
2020-06-19,5.015899181365967,5.229727306347456,4.860058274217203,5.077510686721009,7800
2020-06-22,5.001403331756592,5.233352247370298,4.9651611408763765,5.034021234422556,15600
2020-06-23,4.968785762786865,5.215231847808526,4.9506646661297715,5.215231847808526,5800
2020-06-24,4.976033687591553,4.997779071366977,4.820193095453754,4.972409744988274,12000
2020-06-25,4.976033687591553,4.983282264060411,4.961536880284987,4.961536880284987,11400
2020-06-26,5.0050272941589355,5.215231158065804,4.9470397233991745,4.961536529681333,177800
2020-06-29,5.117376804351807,5.432682560034006,5.005026656389168,5.005026656389168,56800
2020-06-30,5.110128879547119,5.244224414970609,5.037644507421037,5.244224414970609,7400
2020-07-01,5.215230464935303,5.233351211156319,5.030395950179873,5.157242901882382,14200
2020-07-02,5.236976146697998,5.236976146697998,5.077511279055092,5.164492115951223,17400
2020-07-03,5.29133939743042,5.342078045835059,5.077511248779098,5.236976115471152,20800
2020-07-06,5.378320693969727,5.436307923182691,5.215231525400475,5.218855468002924,13000
2020-07-07,5.32758092880249,5.396441012805325,5.149994978489664,5.149994978489664,9400
2020-07-08,5.323956489562988,5.345701869584741,5.3022114551723245,5.342077581975934,5200
2020-07-09,5.323956489562988,5.392816571605964,5.149994831913323,5.392816571605964,9800
2020-07-10,5.29133939743042,5.323956951848636,5.2877151095069115,5.323956951848636,2800
2020-07-13,5.269593715667725,5.338453454140499,5.1934854017603955,5.338453454140499,8400
2020-07-14,5.29133939743042,5.323956951848636,5.160867797233074,5.276842591367506,7600
2020-07-15,5.255096435546875,5.291338618182384,5.186236703296689,5.291338618182384,6400
2020-07-16,5.2804670333862305,5.3130849365224195,5.21885551538035,5.291339898185728,6600
2020-07-17,5.2188544273376465,5.31670811634538,5.211606197946933,5.211606197946933,15400
2020-07-20,5.0521416664123535,5.251473012451744,5.01589982344318,5.247848724465489,33200
2020-07-21,5.182612895965576,5.211606506507197,5.07388668361895,5.084759201164283,103200
2020-07-22,5.233351707458496,5.255097088869438,5.164491966647551,5.255097088869438,7000
2020-07-23,5.2478485107421875,5.309460021474837,5.0738868420602,5.0738868420602,6200
2020-07-24,5.182612895965576,5.226103311778007,5.019523750261188,5.211606506507197,8800
2020-07-27,5.2188544273376465,5.251472323673558,5.044892774387563,5.178988301611023,7800
2020-07-28,5.236976146697998,5.251472952847353,5.099256315463564,5.182613210045697,8800
2020-07-29,5.236976146697998,5.2840908530911825,5.110129179298922,5.251472952847353,18600
2020-07-30,5.178988933563232,5.2369761582889955,5.110129190609169,5.2369761582889955,10000
2020-07-31,5.073887825012207,5.1789897732764985,5.073887825012207,5.1789897732764985,11600
2020-08-03,5.059390068054199,5.298587536807025,5.044893262239819,5.121001579173092,37400
2020-08-04,4.939791679382324,5.157243781816111,4.939791679382324,5.128250168158273,17400
2020-08-05,4.8818039894104,5.023147756189206,4.856434320640762,4.9470394411425005,17000
2020-08-06,4.878180027008057,5.0086512848056515,4.870931450981515,5.0086512848056515,3800
2020-08-07,5.211606979370117,5.211606979370117,4.831065374444927,4.856434699562896,9000
2020-08-10,5.117376804351807,5.135497896303191,4.845561461974281,4.845561461974281,7000
2020-08-11,5.182612895965576,5.215230794232674,5.05938987834814,5.08838348888976,7200
2020-08-12,5.142746925354004,5.171740884363156,4.856434734022727,4.856434734022727,6400
2020-08-13,5.034020900726318,5.160867869136318,4.965160811744751,5.142746774897426,13600
2020-08-14,4.863684177398682,5.066639507232617,4.863684177398682,5.0340219455898465,8600
2020-08-17,4.646230697631836,4.918046072528509,4.537504824178065,4.918046072528509,19000
2020-08-18,4.75495719909668,5.063014780526466,4.747708968397172,5.063014780526466,44000
2020-08-19,4.6353583335876465,4.754957074869623,4.602740432214174,4.754957074869623,10000
2020-08-20,4.646230697631836,4.646230697631836,4.620861373243439,4.6389824673627755,4800
2020-08-21,4.867307186126709,4.889052221503408,4.584618961180778,4.7767020655845505,14200
2020-08-24,5.073887825012207,5.073887825012207,4.8020724058151245,4.8673082170244015,90200
2020-08-25,5.508791923522949,5.798728413314925,5.073887361650559,5.073887361650559,275200
2020-08-26,5.726243495941162,5.798727520825259,5.073886580722101,5.073886580722101,365800
2020-08-27,5.617518424987793,5.675505656654423,5.548658673791461,5.617518424987793,212400
2020-08-28,5.58127498626709,5.650135067720415,5.291338892667049,5.472549123982618,113000
2020-08-31,5.6211419105529785,5.795103580707344,5.5812754352526,5.671880558199111,48800
2020-09-01,5.6537604331970215,5.943696582073871,5.581276050346656,5.581276050346656,9600
2020-09-02,5.661007881164551,5.758861577100316,5.545033437653515,5.584899566202658,23400
2020-09-03,5.58127498626709,5.737115895800427,5.4363069394670696,5.722619091120425,13200
2020-09-04,5.686378002166748,5.722620193664872,5.5631553114616645,5.5631553114616645,24800
2020-09-08,5.588524341583252,5.67550518180583,5.2550974417655665,5.67550518180583,6800
2020-09-09,5.682753562927246,5.686377505255453,5.443556087709432,5.581275573852743,7000
2020-09-10,5.791479587554932,5.798728163662453,5.545033875628447,5.617517908548002,40400
2020-09-11,5.903830051422119,5.90745364797301,5.439931580277432,5.584899636490704,59800
2020-09-14,5.726243495941162,5.921950535943771,5.726243495941162,5.87121189134045,10200
2020-09-15,5.639263153076172,5.7987280215922645,5.639263153076172,5.7951037336272995,6000
2020-09-16,5.617518424987793,5.769735080928278,5.581276232380568,5.635639521291406,17600
2020-09-17,5.82772159576416,5.831345883705315,5.68275353442918,5.68275353442918,33000
2020-09-18,5.97993803024292,6.139403237936153,5.798727786902226,5.827721398186248,61200
2020-09-21,5.94369649887085,6.338734928224541,5.834970617379611,5.979938689788695,47400
2020-09-22,6.215511322021484,6.335110057163439,5.976313851737578,5.976313851737578,102000
2020-09-23,6.885989665985107,7.067199920353137,6.291620252861896,6.291620252861896,202400
2020-09-24,6.885989665985107,7.353512454060509,6.875116801868612,6.875116801868612,94800
2020-09-25,6.719276428222656,6.8678687785058665,6.5706833866771985,6.8678687785058665,40800
2020-09-28,6.559811592102051,6.980219342683141,6.237256857185898,6.980219342683141,28200
2020-09-29,6.621423244476318,6.875117200545502,6.59605391799563,6.59605391799563,53800
2020-09-30,6.762765407562256,6.8280011978702735,6.63229382694622,6.63229382694622,31000
2020-10-01,6.8497467041015625,6.889613176768897,6.632294285139475,6.81712880669414,59400
2020-10-02,6.4329633712768555,6.8823646731357195,6.364103288115408,6.8823646731357195,46000
2020-10-05,6.704780101776123,6.777264487489447,6.541690579552312,6.686659350978959,22200
2020-10-06,6.777263164520264,6.87874045519504,6.704778792956397,6.777263164520265,27800
2020-10-07,6.777263164520264,6.777263164520265,6.534441418422166,6.704778792956397,7400
2020-10-08,6.741020202636719,6.770013809671758,6.686657275853785,6.719275170175969,5400
2020-10-09,6.75914192199707,7.070823760992647,6.704778987378875,6.806256972258467,30400
2020-10-13,6.809881210327148,6.809881210327148,6.563435171178389,6.773639023758999,13200
2020-10-14,6.853372097015381,7.012837322140437,6.809882020966373,6.809882020966373,13200
2020-10-15,6.885989665985107,6.885989665985107,6.719276563772406,6.853371764897881,3800
2020-10-16,6.8497467041015625,7.06719912306365,6.8497467041015625,6.904109636026538,11000
2020-10-19,7.121562957763672,7.165053723574132,6.8714926096936395,6.8714926096936395,13800
2020-10-20,7.157805919647217,7.190423824708622,7.059952204463001,7.067200781423835,17600
2020-10-21,6.9584736824035645,6.998339466233212,6.958473682403564,6.972970142542829,3600
2020-10-22,6.806258678436279,6.940353904691708,6.588806194190772,6.936729615973671,11400
2020-10-23,7.0309576988220215,7.063575599758915,6.885989634248196,6.885989634248196,12600
2020-10-26,7.06719970703125,7.06719970703125,6.889613746062446,7.030957518999154,5600
2020-10-27,6.885989665985107,6.88961395402394,6.84974747685905,6.88961395402394,6000
2020-10-28,6.9113593101501465,7.103442437504762,6.817129890575936,7.030958055905433,12000
2020-10-29,6.8787407875061035,6.885989363265107,6.342358624059967,6.472830222673115,37800
2020-10-30,7.099818706512451,7.139685188647146,6.994716414070928,6.994716414070928,19200
2020-11-03,6.632294178009033,7.067199008908257,6.632294178009033,6.817128696578094,43200
2020-11-04,6.766391277313232,6.856996409204806,6.67216185719452,6.70477975997647,2800
2020-11-05,6.668537139892578,7.045454796115353,6.661288563904697,6.741021517246882,8800
2020-11-06,6.273499011993408,6.741021814923246,6.273499011993408,6.672161722522095,47400
2020-11-09,6.215511322021484,6.5344417432415165,6.161148386277366,6.472830231728254,43600
2020-11-10,6.1611480712890625,6.472829900805237,6.066918664894355,6.338734020980637,34600
2020-11-11,5.9980597496032715,6.161149271531086,5.9980597496032715,6.143028520766809,16200
2020-11-12,5.809600830078125,6.027052575804092,5.617517717340464,6.027052575804092,59400
2020-11-13,5.6211419105529785,5.845842228353476,5.523288211867812,5.845842228353476,76200
2020-11-16,5.889333724975586,5.889333724975586,5.653760514229026,5.657384456918561,11600
2020-11-17,5.838594436645508,5.882084509243991,5.661008130169061,5.791479384857871,14200
2020-11-18,5.798727512359619,5.892956917386925,5.798727512359619,5.889332629740238,8000
2020-11-19,5.896582126617432,5.961817931929208,5.798728418649766,5.802352706862898,12800
2020-11-23,5.798727512359619,5.958192712502921,5.798727512359619,5.958192712502921,18400
2020-11-24,5.708122253417969,5.7878548515122565,5.693625448821833,5.729867633127714,23000
2020-11-25,5.733492851257324,5.755238235807321,5.671881331602022,5.693626716152019,9000
2020-11-26,5.639263153076172,5.787855503328494,5.577651640196264,5.744365084642286,10400
2020-11-27,5.798727512359619,5.979937747120857,5.690001302376658,5.690001302376658,45800
2020-11-30,5.94369649887085,5.979938689788695,5.907454307953005,5.979938689788695,29800
2020-12-01,6.12490701675415,6.472831096258273,6.01618113074417,6.01618113074417,26800
2020-12-02,6.1611480712890625,6.342358308679918,6.070542952593636,6.070542952593636,7000
2020-12-03,6.1647725105285645,6.291619818072718,5.983562268683265,6.1647725105285645,20800
2020-12-04,6.103160858154297,6.33873402880059,6.088663707339289,6.33873402880059,13000
2020-12-07,6.095912933349609,6.2155116752891315,6.095912933349609,6.110410085711865,8400
2020-12-08,6.0886640548706055,6.182893466760028,6.0886640548706055,6.161148430558542,5400
2020-12-09,6.12490701675415,6.273499383556875,6.01618113074417,6.273499383556875,9800
2020-12-10,6.12490701675415,6.128531305122793,6.12490701675415,6.128531305122793,3400
2020-12-11,6.1647725105285645,6.1647725105285645,5.816848486729238,5.998058728574538,13800
2020-12-14,6.157524108886719,6.161148396777468,5.914702350304411,6.161148396777468,1200
2020-12-15,6.034300327301025,6.157523335051738,5.987185973166763,6.157523335051738,9600
2020-12-16,5.97993803024292,5.998058778072101,5.8096006503570665,5.998058778072101,15400
2020-12-17,5.907454013824463,6.005307717051879,5.8712125159733555,5.9799383920512,3000
2020-12-18,5.94369649887085,6.150276088461583,5.896582134561259,5.972690113352667,19400
2020-12-21,5.987186431884766,6.045173652767634,5.726243592280762,5.943695670591516,14000
2020-12-22,5.834970474243164,5.940072064938164,5.805976860472583,5.809601148601691,2600
2020-12-23,5.834970474243164,5.972689966837852,5.718995673529702,5.961817793712809,8000
2020-12-28,5.834970474243164,5.940072064938164,5.762486094185572,5.932824179942228,4600
2020-12-29,5.889333724975586,5.918327340278819,5.834970782689813,5.907454475316738,5600
2020-12-30,5.889333724975586,5.958193820544133,5.853091533030965,5.914703051958125,6200
2021-01-04,5.650135517120361,5.81322501478104,5.461676695659627,5.802352151182919,114800
2021-01-05,5.646511077880859,5.682753264307443,5.436307226121324,5.624766042529793,30400
2021-01-06,5.802352428436279,5.84946679042161,5.584899984918938,5.690001918638389,45200
2021-01-07,5.813225269317627,5.8893332440502375,5.805976693268161,5.805976693268161,8600
2021-01-08,5.798727512359619,5.936446986622798,5.744364580183685,5.798727512359619,9000
2021-01-11,5.722620010375977,5.798728333579453,5.715371779687197,5.798728333579453,7200
2021-01-12,5.733492851257324,5.798728659276152,5.679129908329075,5.71899604343438,9800
2021-01-13,5.834970474243164,5.834970474243164,5.718995673529702,5.78060718919997,14200
2021-01-14,5.8204731941223145,5.871212535555162,5.784231350519201,5.831346058271267,6600
2021-01-15,5.795104026794434,5.798728314942747,5.747989317759787,5.766110412870211,3800
2021-01-18,5.791479587554932,5.798728163662453,5.704498748051466,5.74436522538057,12800
2021-01-19,5.791479587554932,5.798728163662453,5.711747324158988,5.711747324158988,7600
2021-01-20,6.02705192565918,6.034300500738064,5.795103053232207,5.795103053232207,16400
2021-01-21,5.860339164733887,6.099536625232233,5.798727655741149,6.01255579334758,9200
2021-01-22,5.9400715827941895,5.965440906376485,5.827721424960217,5.929199410551619,8400
2021-01-26,5.87846040725708,5.947320497522054,5.798728144129711,5.824097469158317,10600
2021-01-27,5.816848278045654,5.87483549805484,5.722619218346274,5.87483549805484,6400
2021-01-28,5.834970474243164,5.954569217454594,5.7117474429026265,5.954569217454594,7800
2021-01-29,5.853090286254883,5.9436954011853365,5.740740137294527,5.7479883667608,4800
2021-02-01,5.89295768737793,5.976314240356785,5.784231463188483,5.853091209317488,9800
2021-02-02,5.969064712524414,5.9980583216019365,5.9400711034468925,5.9400711034468925,5200
2021-02-03,5.889333724975586,5.940072378940665,5.889333724975586,5.914703051958125,5400
2021-02-04,5.813225269317627,5.8893332440502375,5.813225269317627,5.8893332440502375,4600
2021-02-05,5.762485504150391,5.834969876786127,5.747988698749464,5.81322484150029,3400
2021-02-08,5.769733905792236,5.802351803369138,5.769733905792236,5.79872751572035,6000
2021-02-09,5.795104026794434,5.885709156715414,5.726244280132191,5.780607219832323,3000
2021-02-10,5.668256759643555,5.740740790711912,5.628390283332615,5.740740790711912,3200
2021-02-11,6.447461128234863,6.885989608327748,5.990811208099553,5.990811208099553,241200
2021-02-12,6.505447864532471,6.672160952809771,6.2372561021749116,6.541689359366872,94600
2021-02-17,6.414842128753662,6.50544723966113,6.168396116483404,6.50544723966113,42000
2021-02-18,6.443837642669678,6.625047918086304,6.117658593909876,6.480079144743129,111000
2021-02-19,6.136886119842529,6.414797027101177,6.0912017869441994,6.414797027101177,55400
2021-02-22,6.068359375,6.140692233545617,5.938921647237521,6.13688587157526,32400
2021-02-23,5.976992130279541,6.091202244985814,5.931308157009821,5.99602720990791,27000
2021-02-24,6.072166442871094,6.148306389261245,5.992219408395458,5.992219408395458,27000
2021-02-25,6.072166442871094,6.232060874886267,6.015061573844455,6.171148191646339,10200
2021-02-26,6.114044189453125,6.186377421076916,6.034097506706758,6.091202383829579,27200
2021-03-01,6.186377048492432,6.232061383116021,5.996026985461896,6.087394928581209,10800
2021-03-02,6.388147830963135,6.471901590135348,6.075973507379035,6.197797784194448,21400
2021-03-03,6.205411434173584,6.2815517457857535,6.1977979839146276,6.2815517457857535,2600
2021-03-04,6.42241096496582,6.449059855613045,6.285358697491166,6.449059855613045,4600
2021-03-05,6.5442352294921875,6.559462856620486,6.300586660288782,6.43383184676867,18200
2021-03-08,6.376727104187012,6.548042451168555,6.376727104187012,6.54423536277698,16800
2021-03-09,6.471900939941406,6.548041241450632,6.433830789186794,6.433830789186794,12200
2021-03-10,6.529006481170654,6.529006481170654,6.3196217194632975,6.395761302753334,17400
2021-03-11,6.529006481170654,6.631795681046399,6.525199393086981,6.578497900130593,9800
2021-03-12,6.529006481170654,6.529006481170654,6.529006481170654,6.529006481170654,1000
2021-03-15,6.418603420257568,6.449059396848979,6.369112004466678,6.449059396848979,1800
2021-03-16,6.426218032836914,6.48713072317157,6.426218032836914,6.426218032836914,8200
2021-03-17,6.43002462387085,6.433831712105202,6.43002462387085,6.43002462387085,2600
2021-03-18,6.460480690002441,6.555655718750356,6.353885122526596,6.4300247098482215,6600
2021-03-19,6.471900939941406,6.529005803009461,6.414796076873352,6.529005803009461,7400
2021-03-22,6.468094348907471,6.468094348907471,6.292972658568308,6.292972658568308,2000
2021-03-23,6.529006481170654,6.624181504879054,6.506164678796424,6.506164678796424,69000
2021-03-24,6.586111068725586,6.639409573491591,6.586111068725586,6.62037413388667,9400
2021-03-25,6.5251994132995605,6.723163637496922,6.509971787045506,6.723163637496922,27600
2021-03-26,6.509972095489502,6.795497181027394,6.441445958779954,6.449060135331647,23200
2021-03-29,6.742199420928955,7.145742109502696,6.490937375809113,6.685094542697704,57400
2021-03-30,6.795496940612793,6.795496940612793,6.559462558755764,6.559462558755764,12400
2021-03-31,6.59372615814209,6.795497489143445,6.5861119812451605,6.79169040069498,14800
2021-04-01,6.719356060028076,6.719356060028076,6.548041464975883,6.548041464975883,6800
2021-04-05,6.700321674346924,6.886864629783718,6.6165671905111205,6.886864629783718,9200
2021-04-06,6.6622514724731445,6.666058560449892,6.620374230856708,6.624181318833456,10600
2021-04-07,6.700321674346924,6.711742212231595,6.582304850729317,6.582304850729317,13200
2021-04-08,6.658444881439209,6.662251969700092,6.551848588517985,6.662251969700092,10400
2021-04-09,6.658444881439209,6.658444881439209,6.555655676778868,6.635603078001746,14800
2021-04-12,6.6622514724731445,6.6622514724731445,6.586111165193766,6.658444384496398,12400
2021-04-13,6.6622514724731445,6.6622514724731445,6.624181318833456,6.643216758717193,15600
2021-04-14,6.658444881439209,6.715549753096784,6.597532921520749,6.715549753096784,11000
2021-04-15,6.624182224273682,6.624182224273682,6.608954596413057,6.6127616849101845,3600
2021-04-16,6.658444881439209,6.658444881439209,6.548042226384941,6.586111656738098,10000
2021-04-19,6.586111068725586,6.624181221807654,6.529006202166372,6.529006202166372,18200
2021-04-20,6.673673152923584,6.673673152923584,6.567076861305077,6.627988820479129,10800
2021-04-22,6.700321674346924,6.734584740256517,6.624181366519428,6.734584740256517,4400
2021-04-23,6.681286334991455,6.738391929786368,6.662251620811685,6.662251620811685,5200
2021-04-26,6.673673152923584,6.681286603224468,6.6241817322647725,6.681286603224468,5400
2021-04-27,6.624182224273682,6.761234505658727,6.586112065430293,6.650831117625689,14800
2021-04-28,6.624182224273682,6.68509418797195,6.620375135776555,6.68509418797195,2800
2021-04-29,6.5556559562683105,6.700322411838143,6.509972347445741,6.700322411838143,10000
2021-04-30,6.6622514724731445,6.696514538136086,6.624181318833456,6.624181318833456,2200
2021-05-03,6.6470232009887695,6.734584773257802,6.544234728884087,6.654637377034389,14000
2021-05-04,6.719356060028076,6.734584411300851,6.643216482047464,6.726970235664464,10400
2021-05-05,6.654638767242432,6.723164913713084,6.647024589606149,6.723164913713084,4800
2021-05-06,6.643218040466309,6.685094564034658,6.624182596909853,6.631796774332435,5000
2021-05-07,6.681286334991455,6.68509342305297,6.6089538402060874,6.68509342305297,7000
2021-05-10,6.627988815307617,6.627988815307617,6.627988815307617,6.627988815307617,200
2021-05-11,6.643218040466309,6.658445669183547,6.548043001067811,6.56707771849634,9800
2021-05-12,6.624182224273682,6.666059471614198,6.597533330921675,6.624182224273682,4400
2021-05-13,6.624182224273682,6.681287099474823,6.601340419418802,6.67748073710558,3400
2021-05-14,6.848794460296631,7.039144503304746,6.6927074831202,6.6965145711156975,44600
2021-05-17,6.852601528167725,6.928741835598481,6.852601528167725,6.928741835598481,20600
2021-05-18,6.8145318031311035,7.020110210449703,6.8145318031311035,6.8145318031311035,57800
2021-05-19,6.902092933654785,6.928742552301614,6.848795148616851,6.848795148616851,17000
2021-05-20,7.001075267791748,7.001075267791747,6.875444251972786,6.902093145308947,6800
2021-05-21,7.001075267791748,7.001075267791747,6.928742764772991,7.001075267791747,6600
2021-05-24,7.2256879806518555,7.2256879806518555,6.951584160311607,7.0239173851993355,13800
2021-05-25,7.229494094848633,7.336090373682504,6.8297593199451665,7.229494094848633,14800
2021-05-26,7.153355598449707,7.153355598449707,7.016303322982514,7.016303322982514,7200
2021-05-27,7.157160758972168,7.195230909779752,7.1000558958246565,7.103862983518188,2600
2021-05-28,7.229494094848633,7.233301182606387,7.046758239242919,7.210459382187608,13600
2021-05-31,7.100056171417236,7.2904062067159705,6.875443071674509,7.229494253510596,8800
2021-06-01,7.077215671539307,7.183811972308755,7.042952600796551,7.042952600796551,5200
2021-06-02,7.100056171417236,7.1533546750677575,7.100056171417236,7.1533546750677575,6800
2021-06-04,7.271372318267822,7.290407033505278,7.042952104779147,7.081022261381899,12800
2021-06-07,7.233302116394043,7.233302116394043,7.19523196002956,7.229495028144811,6000
2021-06-08,7.518828392028809,7.614003434965882,7.267566336765171,7.267566336765171,96200
2021-06-09,7.385582447052002,7.583546690806422,7.3513193769357414,7.583546690806422,17600
2021-06-10,7.3627400398254395,7.473142691954754,7.347511687185357,7.473142691954754,9200
2021-06-11,7.3627400398254395,7.404617283457845,7.343705325153157,7.343705325153157,6200
2021-06-14,7.313248157501221,7.419844440858907,7.313248157501222,7.320862333339865,9800
2021-06-15,7.199039459228516,7.3094428463749965,7.130513319086269,7.3094428463749965,6000
2021-06-16,7.1952314376831055,7.23330159128384,7.160968372055222,7.23330159128384,4200
2021-06-17,7.309442043304443,7.343705109611167,7.157161425884427,7.157161425884427,15000
2021-06-18,7.435072898864746,7.575931523255191,7.3132482620875665,7.3132482620875665,14800
2021-06-21,7.480758190155029,7.614003394789433,7.435074576417944,7.435074576417944,16000
2021-06-22,7.587352275848389,7.587352275848389,7.328476120100755,7.332283207817954,8000
2021-06-23,7.610194206237793,7.796737150805956,7.4236512616696295,7.594966581236182,36400
2021-06-24,7.594967842102051,7.75866828715263,7.4426872100388355,7.4426872100388355,9600
2021-06-25,7.614002227783203,7.614002227783203,7.381774927474908,7.59496751266488,27600
2021-06-28,7.594967842102051,7.6140025580460176,7.145741574996876,7.526441702899177,20000
2021-06-29,7.385582447052002,7.385582447052002,7.332284660705765,7.332284660705765,1600
2021-06-30,7.537863254547119,7.652073743935994,7.385583328156585,7.3893904170823435,13200
2021-07-01,7.469335079193115,7.5378604762155454,7.38558060595287,7.423650755050463,9400
2021-07-02,7.614002227783203,7.804352283477783,7.610195139533971,7.610195139533971,14000
2021-07-05,7.385582447052002,7.614002672451111,7.355126465407313,7.614002672451111,6800
2021-07-06,7.336091041564941,7.336091041564941,7.2675649079422,7.328476865356235,8400
2021-07-07,7.461721897125244,7.518826765307081,7.461721897125244,7.480756611143258,4000
2021-07-08,7.522634506225586,7.522634506225586,7.23330232604831,7.480757260398076,3200
2021-07-12,7.6901421546936035,7.6901421546936035,7.534055174945243,7.534055174945243,9600
2021-07-13,7.518828392028809,7.7282131960391895,7.518828392028809,7.690143759766722,5600
2021-07-14,7.781510829925537,7.8043526343199385,7.614002570068232,7.785317918345916,6000
2021-07-15,7.747246742248535,7.8005445208745385,7.6330362830285345,7.766281455721315,8200
2021-07-16,7.808160305023193,7.808160305023193,7.758668877995388,7.785318498925396,3800
2021-07-19,7.842423439025879,8.070843680187396,7.82338799535446,7.880493600240786,22400
2021-07-20,7.853842735290527,7.9947020916394615,7.804352041838522,7.804352041838522,8600
2021-07-21,8.10510540008545,8.10510540008545,7.8043519754182284,7.8043519754182284,5400
2021-07-22,8.154596328735352,8.154596328735352,7.994702254598273,8.013736969515232,11000
2021-07-23,8.13936710357666,8.1431741913776,8.01373611065666,8.07464806321619,1400
2021-07-26,7.712984085083008,8.146981965143645,7.275179116900879,7.9756673564434095,18200
2021-07-27,7.47314453125,8.299263985976197,7.423653825244688,7.990897030397256,33600
2021-07-28,7.652073383331299,7.754862601098945,7.461723302781406,7.614003221995734,9800
2021-07-29,7.732018947601318,7.956632068175104,7.728211859406936,7.792930906455786,3800
2021-07-30,7.671107292175293,7.671107292175293,7.640651311543381,7.640651311543381,400
2021-08-02,7.84622859954834,7.899526376474517,7.747246495165618,7.804351359890487,7000
2021-08-03,7.751053810119629,7.7662814356329095,7.747246722209365,7.747246722209365,2200
2021-08-04,7.804350852966309,7.804350852966309,7.766280703579956,7.766280703579956,1400
2021-08-05,7.804350852966309,7.846228089904066,7.804350852966309,7.846228089904066,800
2021-08-06,7.8233866691589355,7.8233866691589355,7.690142216685827,7.8233866691589355,1600
2021-08-09,7.7662811279296875,7.994701310600978,7.732018064222606,7.994701310600978,1400
2021-08-10,7.6901421546936035,7.937597069456044,7.648264912180892,7.865263848605306,6200
2021-08-11,7.652073383331299,7.671108100935116,7.614003221995734,7.6520733833313,15000
2021-08-12,7.754861354827881,7.754861354827882,7.633036712906725,7.709177023341471,3200
2021-08-13,7.956632137298584,7.994702293445319,7.743440279455835,7.990895205217862,18000
2021-08-16,7.918562412261963,7.95663257048135,7.617809687197333,7.9452120313050445,16600
2021-08-17,7.8973388671875,7.8973388671875,7.590004379167455,7.656139761453086,16600
2021-08-18,7.850656032562256,7.897339398481757,7.644469064031412,7.733946133726057,10400
2021-08-19,7.846765041351318,7.858436252967385,7.6639205114782785,7.858436252967385,1200
2021-08-20,7.372146129608154,7.652248500983653,7.372146129608154,7.586113126101003,66600
2021-08-23,7.344912528991699,7.516086553304082,7.274887500063395,7.352693335101015,8800
2021-08-24,7.430502891540527,7.457734981823778,7.3721483063594455,7.449954172594619,8200
2021-08-25,7.6717000007629395,7.683371211502048,7.473293870309767,7.519977971247589,7600
2021-08-26,7.625016689300537,7.741725829343552,7.625016689300537,7.737835425739636,3000
2021-08-27,7.710603713989258,7.710603713989259,7.508307168951686,7.625017056635817,4800
2021-08-30,7.7222747802734375,7.7222747802734375,7.566662341636969,7.566662341636969,1400
2021-08-31,7.691153049468994,7.741726818746062,7.632798471989697,7.714494732056971,2600
2021-09-01,7.698933124542236,7.698933124542236,7.6172361302358285,7.6833715096196284,3600
2021-09-02,7.566662788391113,7.776739407449119,7.566662788391113,7.772849003501179,5800
2021-09-03,7.574442386627197,7.698933079219269,7.547210302691588,7.547210302691588,3800
2021-09-06,7.695043563842773,7.695043563842774,7.426611613168833,7.430502017325699,1800
2021-09-08,7.558881759643555,7.558881759643555,7.449952678339907,7.508307251816673,1400
2021-09-09,7.625016689300537,7.652248772509333,7.488855531237942,7.652248772509333,9800
2021-09-10,7.621127605438232,7.628908413993457,7.531650533109374,7.628908413993457,1400
2021-09-13,7.7222747802734375,7.7222747802734375,7.663920208537092,7.663920208537092,3000
2021-09-14,7.7222747802734375,7.7222747802734375,7.7222747802734375,7.7222747802734375,2400
2021-09-15,7.718385219573975,7.726166027860294,7.625017746194295,7.722275623717134,4600
2021-09-16,7.593895435333252,7.625017927198604,7.593895435333251,7.625017927198604,1200
2021-09-17,7.593895435333252,7.714494998559148,7.593895435333251,7.593895435333251,8000
2021-09-20,7.586113452911377,7.609455132693583,7.566662176762643,7.590003856544849,6400
2021-09-21,7.706711769104004,7.733943848179168,7.566660970714804,7.73005418718429,2400
2021-09-22,7.675591945648193,7.722276055960468,7.586114871403323,7.586114871403323,1800
2021-09-23,7.803970813751221,7.803970813751221,7.625016699835532,7.737835436430506,9800
2021-09-24,7.574442386627197,7.679481060680522,7.574442386627197,7.679481060680522,13000
2021-09-27,7.586113452911377,7.586113452911378,7.566662176762643,7.566662176762643,18000
2021-09-28,7.508306503295898,7.523868117081615,7.508306503295898,7.512196906742328,3600
2021-09-29,7.562772274017334,7.562772274017334,7.504417699687641,7.504417699687641,2800
2021-09-30,7.453843116760254,7.562772198569337,7.453843116760254,7.508307286655464,4200
2021-10-01,7.4694037437438965,7.66002905517036,7.4694037437438965,7.508306293081839,3000
2021-10-04,7.4110493659973145,7.508307235587929,7.411049365997315,7.473294343173815,4800
2021-10-05,7.477185249328613,7.477185249328614,7.372147307048318,7.372147307048318,1000
2021-10-06,7.477185249328613,7.57833352954039,7.434392288406533,7.434392288406533,3000
2021-10-07,7.158178329467773,7.477183990736899,7.138727054324469,7.473293587304521,21800
2021-10-08,7.19708251953125,7.235985816689208,7.158179222373292,7.158179222373292,7600
2021-10-11,7.19708251953125,7.19708251953125,7.158179222373292,7.158179222373292,2400
2021-10-13,7.189301013946533,7.302120490553179,7.154288124104375,7.158178527644459,5400
2021-10-14,7.329353332519531,7.329353332519531,7.158179269117913,7.189301758643782,1600
2021-10-15,7.317681312561035,7.3293525231013295,7.049250148301661,7.3293525231013295,9800
2021-10-18,7.364365577697754,7.364365577697754,7.200972336565905,7.228204419751443,800
2021-10-19,7.399378776550293,7.407159584075846,7.329352992857602,7.329352992857602,1800
2021-10-20,7.4110493659973145,7.411049365997315,7.3915980888866555,7.3915980888866555,11000
2021-10-21,7.29044771194458,7.329350996959724,7.197080273119299,7.329350996959724,18400
2021-10-22,7.270998477935791,7.313791435627354,7.060921125196902,7.313791435627354,3400
2021-10-25,7.232094764709473,7.232094764709473,7.1970818746066545,7.1970818746066545,4200
2021-10-26,7.418830871582031,7.418830871582031,7.197083026777295,7.197083026777295,400
2021-10-27,7.4227213859558105,7.4227213859558105,7.4227213859558105,7.4227213859558105,200
2021-10-28,7.19708251953125,7.671700667206046,7.19708251953125,7.58611400707348,24000
2021-10-29,7.313791751861572,7.683371966022003,7.294340474071522,7.683371966022003,1800
2021-11-01,7.19708251953125,7.2943403914168075,7.045360476835756,7.2943403914168075,1200
2021-11-03,7.19708251953125,7.19708251953125,7.19708251953125,7.19708251953125,2200
2021-11-04,7.19708251953125,7.19708251953125,7.19708251953125,7.19708251953125,3400
2021-11-05,7.376037120819092,7.379927524986332,7.193192577071128,7.193192577071128,8800
2021-11-08,7.002565383911133,7.092042430176662,7.002565383911133,7.092042430176662,5400
2021-11-09,6.862515449523926,7.002567027520317,6.831392959082361,7.002567027520317,6800
2021-11-10,6.83917236328125,6.944211025216654,6.83917236328125,6.944211025216654,800
2021-11-11,7.014237880706787,7.09982453953612,6.850844628746305,6.850844628746305,3600
2021-11-12,7.1542887687683105,7.1542887687683105,7.049250831795603,7.130947087443117,11600
2021-11-16,7.123166084289551,7.2165335490481395,7.002566535062037,7.154288572542414,11400
2021-11-17,7.313791751861572,7.3526950494603565,7.107605536019775,7.138728025695066,9800
2021-11-18,7.13872766494751,7.306011316755716,7.13872766494751,7.306011316755716,2000
2021-11-19,7.13872766494751,7.13872766494751,7.13872766494751,7.13872766494751,1400
2021-11-22,7.173741340637207,7.173741340637207,7.002567266360919,7.053141036796396,6000
2021-11-23,7.088153839111328,7.142618755038246,7.088153839111328,7.142618755038246,600
2021-11-24,7.088153839111328,7.088153839111328,7.084263434972354,7.088153839111328,10000
2021-11-25,7.088153839111328,7.092044243250302,7.088153839111328,7.088153839111328,23200
2021-11-26,6.998676776885986,7.08815384611464,6.881967620676328,7.08815384611464,7400
2021-11-29,7.080373764038086,7.080373764038086,7.080373764038086,7.080373764038086,200
2021-11-30,7.060920715332031,7.080372733170568,7.060920715332032,7.080372733170568,14800
2021-12-01,6.9753336906433105,7.060920338509513,6.975333690643311,7.041469063727649,5400
2021-12-02,7.1542887687683105,7.329353233753943,6.808050984706362,6.850844685484777,16000
2021-12-03,7.625016689300537,7.772848316156264,7.173740259506909,7.173740259506909,14700
2021-12-06,7.656139850616455,7.749507319280232,7.625017361061864,7.625017361061864,21000
2021-12-07,7.803970813751221,7.959583248029779,7.780629134114091,7.959583248029779,4300
2021-12-08,7.8195319175720215,7.8195319175720215,7.8195319175720215,7.8195319175720215,1100
2021-12-09,7.757286548614502,8.53534937116709,7.72616406539314,7.819531515057227,5400
2021-12-10,7.757286548614502,7.765066612905945,7.399377620559569,7.765066612905945,6400
2021-12-13,7.936241626739502,8.177441458158519,7.928460819463716,7.928460819463716,23500
2021-12-14,8.091853141784668,8.512007040646209,8.084073077412418,8.084073077412418,8500
2021-12-15,8.550909996032715,8.550909996032715,7.819531290339774,8.014046990387934,536900
2021-12-16,8.441984176635742,8.441984176635742,8.021830169901076,8.021830169901076,4200
2021-12-17,8.208563804626465,8.208563804626465,8.099634730687331,8.099634730687331,400
2021-12-20,8.340834617614746,8.340834617614746,8.340834617614746,8.340834617614746,300
2021-12-21,8.348613739013672,8.449761995099115,8.340833674713663,8.340833674713663,3600
2021-12-22,8.348613739013672,8.348613739013672,8.348613739013672,8.348613739013672,0
2021-12-23,8.0762939453125,8.115197243312917,8.0762939453125,8.099635627305274,300
2021-12-27,8.107416152954102,8.107416152954102,8.107416152954102,8.107416152954102,200
2021-12-28,8.473106384277344,8.480886450386427,8.247468142702475,8.247468142702475,3200
2021-12-29,8.193002700805664,8.480885904847113,8.193002700805664,8.480885904847113,3600
2021-12-30,8.441984176635742,8.441984176635742,8.333055085253152,8.333055085253152,400
2022-01-03,8.045170783996582,8.473105542255286,8.045170783996582,8.473105542255286,2900
2022-01-04,8.161880493164062,8.161880493164062,8.014048853252165,8.021829661147182,2400
2022-01-05,8.333053588867188,8.597595090421478,8.161879545152306,8.161879545152306,48400
2022-01-06,8.40307903289795,8.40307903289795,8.333053256804194,8.333053256804194,1600
2022-01-07,8.441984176635742,8.480886734540706,8.40308087671205,8.40308087671205,3400
2022-01-10,8.333053588867188,8.48088521160827,8.333053588867188,8.48088521160827,2500
2022-01-11,8.465324401855469,8.480885273933762,8.34083445715472,8.34083445715472,900
2022-01-12,8.364176750183105,8.465325023181046,8.364176750183105,8.465325023181046,900
2022-01-13,8.356395721435547,8.36417652884918,8.356395721435547,8.36417652884918,600
2022-01-14,8.364176750183105,8.364176750183105,8.333054261723635,8.333054261723635,900
2022-01-17,8.107416152954102,8.107416152954102,8.107416152954102,8.107416152954102,600
2022-01-18,8.278590202331543,8.480886008994467,8.278590202331543,8.371957668949507,3200
2022-01-19,8.317493438720703,8.34861593014457,8.060732698969108,8.34861593014457,4800
2022-01-20,8.465324401855469,8.465324401855469,8.325272843057826,8.325272843057826,300
2022-01-21,8.286369323730469,8.558691626846658,8.2396859667508,8.2396859667508,12000
2022-01-24,8.301932334899902,8.550912259419455,8.084074900945295,8.22412573747819,6700
2022-01-25,8.138538360595703,8.301931607245105,8.021829216711263,8.301931607245105,30300
2022-01-26,8.387517929077148,8.558691976369754,8.23190549609233,8.2552471755354,11000
2022-01-27,8.722085952758789,8.722085952758789,8.387518637085913,8.387518637085913,2100
2022-01-28,8.823233604431152,8.823233604431152,8.512007992175601,8.512007992175601,6100
2022-01-31,8.683181762695312,8.939942457891892,8.574253432623186,8.939942457891892,1500
2022-02-01,8.582033157348633,8.675400611716528,8.441982346806073,8.66762054703313,4900
2022-02-02,8.862136840820312,8.862136840820312,8.488666256957206,8.690962792298947,3700
2022-02-03,8.582033157348633,8.947722910136815,8.582033157348633,8.93216129673288,800
2022-02-04,8.40307903289795,8.71430387996068,8.40307903289795,8.71430387996068,4300
2022-02-07,8.231904983520508,8.496446474131936,8.037389268896643,8.496446474131936,12400
2022-02-08,8.0762939453125,8.231906395295471,7.93624236931848,8.22412558729165,17900
2022-02-09,8.146319389343262,8.193002751357673,8.10741609298548,8.10741609298548,2800
2022-02-10,8.208563804626465,8.224124676892849,8.099634730687331,8.115196344972325,1700
2022-02-11,7.936241626739502,8.224124817775992,7.858435780037507,8.224124817775992,7100
2022-02-14,8.177441596984863,8.597595550768077,8.04517083912546,8.04517083912546,10000
2022-02-15,8.364176750183105,8.403080046262106,8.317492646484572,8.317492646484572,2300
2022-02-16,8.231904983520508,8.364175728826222,8.231904983520508,8.364175728826222,1300
2022-02-17,8.53534984588623,8.543129910610386,8.231905061087057,8.239685867829783,5000
2022-02-18,8.71430492401123,8.939943150669801,8.418640912869199,8.519789185787683,25000
2022-02-21,8.831015586853027,9.328975445496654,8.792112287391815,8.792112287391815,39200
2022-02-22,9.057646751403809,9.353178340148029,9.049659225881229,9.049659225881229,16400
2022-02-23,9.21739387512207,9.265318268718941,9.185444533301622,9.225381401010281,3600
2022-02-24,8.913874626159668,9.025697701881997,8.4745706107827,9.025697701881997,11300
2022-02-25,8.70620346069336,9.345191045361766,8.70620346069336,8.913874559013758,4700
2022-03-02,8.90588665008545,8.90588665008545,8.786076816373297,8.786076816373297,2000
2022-03-03,8.570418357849121,9.097583616296776,8.570418357849121,8.905886812437465,3200
2022-03-04,8.626330375671387,8.666267242014735,8.466583672030362,8.63431790128653,9300
2022-03-07,8.514508247375488,8.786078054575936,8.49054642960264,8.770103001572403,4900
2022-03-08,8.52249526977539,8.746140666469165,8.506520217716774,8.730166376142956,7400
2022-03-09,8.746140480041504,8.746140480041504,8.474570694692913,8.65029245493007,20300
2022-03-10,8.626330375671387,8.706203346625715,8.626330375671387,8.642304665169304,400
2022-03-11,8.586394309997559,8.650292997412434,8.546457439930153,8.642305471052465,2400
2022-03-14,8.498533248901367,8.586393747912156,8.498533248901367,8.586393747912156,1900
2022-03-15,8.530482292175293,8.546456581558399,8.530482292175293,8.546456581558399,500
2022-03-16,8.474571228027344,8.618343655608792,8.46658446339805,8.546457441818069,47900
2022-03-17,8.474571228027344,8.482558754389078,8.474571228027344,8.482558754389078,1200
2022-03-18,8.490545272827148,8.490545272827148,8.466583458318926,8.466583458318926,600
2022-03-21,8.474571228027344,8.53048315082704,8.46658446339805,8.53048315082704,3800
2022-03-22,8.450608253479004,8.522494457425893,8.426646439407486,8.474570067550522,122300
2022-03-23,8.426647186279297,8.626330765282445,8.306836581837967,8.626330765282445,34100
2022-03-24,8.386709213256836,8.442620364257545,8.386709213256836,8.434633601066231,19900
2022-03-25,8.378722190856934,8.6263301462135,8.378722190856934,8.482557735894696,8700
2022-03-28,8.418659210205078,8.474570365582336,8.410671684656224,8.474570365582336,7800
2022-03-29,8.458596229553223,8.458596229553223,8.426646888510993,8.434634414204645,7100
2022-03-30,8.410672187805176,8.410672187805176,8.354761029083162,8.402685423510894,3800
2022-03-31,8.394698143005371,8.418659960053848,8.362748799696591,8.378723090484765,1600
2022-04-01,8.40268611907959,8.458597282429892,8.386711065703807,8.394698592391698,2000
2022-04-04,8.426647186279297,8.514507686817018,8.402685370083992,8.402685370083992,38000
2022-04-05,8.4346342086792,8.466583548942923,8.378722291918413,8.458596023443903,6000
2022-04-06,8.330799102783203,8.442621418751365,8.3068365250194,8.442621418751365,34500
2022-04-07,8.3228120803833,8.330799606787807,8.266900919016653,8.274887683688714,3500
2022-04-08,8.266901016235352,8.322812178259515,8.266901016235352,8.322812178259515,15300
2022-04-11,8.258912086486816,8.266899611628116,8.226962747653944,8.266899611628116,28100
2022-04-12,8.195014953613281,8.338786624596564,8.195014953613281,8.338786624596564,8500
2022-04-13,8.23495101928711,8.23495101928711,8.203001677558055,8.203001677558055,1900
2022-04-14,8.187026023864746,8.266899753180752,8.187026023864746,8.234950413800817,3500
2022-04-18,8.226963996887207,8.234951523241381,8.195014653202948,8.195014653202948,1800
2022-04-19,8.187026023864746,8.195013549142814,8.147089159206745,8.195013549142814,10900
2022-04-20,8.163064956665039,8.171051720941541,8.035267587452127,8.035267587452127,1100
2022-04-22,8.107152938842773,8.14708980667465,7.995330622992394,8.14708980667465,2000
2022-04-25,8.171051979064941,8.171051979064941,8.171051979064941,8.171051979064941,300
2022-04-26,8.115140914916992,8.402685769871216,8.107153388561056,8.210988945990922,2100
2022-04-27,8.147089004516602,8.147089004516602,8.115139665743294,8.115139665743294,600
2022-04-28,8.466585159301758,8.49054697862404,8.386711412584146,8.386711412584146,3700
2022-04-29,8.466585159301758,8.506521270928062,8.466585159301758,8.466585159301758,1800
2022-05-02,8.242938041687012,8.30683672714719,8.147090013496745,8.30683672714719,2600
2022-05-03,8.187026023864746,8.40268463597856,8.147089159206745,8.40268463597856,2800
2022-05-04,8.163064956665039,8.210988589253677,8.091178746049675,8.091178746049675,1800
2022-05-05,8.187026023864746,8.290861567282619,8.083190480446875,8.083190480446875,2000
2022-05-06,8.258912086486816,8.282873900178389,8.187025883679773,8.218975222512645,1600
2022-05-09,8.067217826843262,8.25891390197955,7.995331608234031,8.15507833751427,3600
2022-05-10,8.059229850769043,8.20300227997442,8.059229850769043,8.20300227997442,2400
2022-05-11,8.067217826843262,8.09916717269931,7.9633822623779835,7.9633822623779835,3500
2022-05-12,8.139101028442383,8.139101028442383,8.067215591484503,8.075202354436081,8300
2022-05-13,8.2030029296875,8.2030029296875,8.2030029296875,8.2030029296875,1300
2022-05-16,8.027278900146484,8.171050538845538,7.971366987905239,8.011303850439758,2800
2022-05-17,8.147089004516602,8.203000918669131,8.05124098819668,8.195013393542725,2200
2022-05-18,8.147089004516602,8.370734375929754,8.147089004516602,8.147089004516602,3500
2022-05-19,8.21098804473877,8.306836065292254,8.051241343816294,8.051241343816294,1100
2022-05-20,8.274886131286621,8.274886131286621,8.210987455503117,8.210987455503117,1600
2022-05-23,8.226963996887207,8.274887631547376,8.226963996887207,8.274887631547376,1000
2022-05-24,8.250925064086914,8.258912589714905,8.05922901940935,8.179038856899735,4300
2022-05-25,8.226963996887207,8.306836975231635,8.187027126848774,8.274887631547376,4500
2022-05-26,8.163064956665039,8.242937931556906,8.163064956665039,8.242937931556906,3300
2022-05-27,8.147089004516602,8.163064054769416,8.147089004516602,8.147089004516602,2500
2022-05-30,8.187026023864746,8.258912227902684,8.187026023864746,8.258912227902684,900
2022-05-31,8.163064956665039,8.226963641271494,8.163064956665039,8.226963641271494,1200
2022-06-01,8.218976020812988,8.258912888666185,8.043254259298363,8.258912888666185,2200
2022-06-02,8.2030029296875,8.2030029296875,8.123129182306513,8.123129182306513,1200
2022-06-03,8.226963996887207,8.242938287863117,8.05922975211174,8.242938287863117,2100
2022-06-06,8.187026023864746,8.218975363244681,8.107152294548742,8.107152294548742,1900
2022-06-07,8.163064956665039,8.290862325877951,8.15507743065613,8.15507743065613,2300
2022-06-08,8.187026023864746,8.266899753180752,8.075202955168807,8.266899753180752,3300
2022-06-09,8.123127937316895,8.187026620735262,8.083191069747317,8.171051569014473,2200
2022-06-10,8.171051979064941,8.171051979064941,8.027280315024873,8.075203949127419,2400
2022-06-13,8.17903995513916,8.17903995513916,8.1231287917005,8.1231287917005,1200
2022-06-14,7.995330810546875,8.043254443683402,7.9873432844466485,8.027280153215365,3200
2022-06-15,7.987342357635498,8.083190374519246,7.979354832462104,7.995329882808893,5400
2022-06-17,8.003317832946777,8.003317832946777,7.9234441004363125,7.931431626033833,2900
2022-06-20,7.987342357635498,8.171050866229598,7.987342357635498,8.171050866229598,2500
2022-06-21,7.939417839050293,7.995329752621313,7.931431075739274,7.9873422275779795,1500
2022-06-22,7.97935676574707,7.987344292855728,7.907470545234166,7.987344292855728,4000
2022-06-23,7.94740629196167,7.987343160108694,7.94740629196167,7.9793556341328085,3400
2022-06-24,7.955392837524414,7.955392837524414,7.955392837524414,7.955392837524414,600
2022-06-27,7.963379859924316,7.9633798599243155,7.923442999219592,7.955392335436919,2200
2022-06-28,7.94740629196167,7.987343160108694,7.94740629196167,7.955393817937556,700
2022-06-29,7.97935676574707,7.987344292855728,7.955394946153605,7.955394946153605,2000
2022-06-30,7.94740629196167,8.067216896402742,7.94740629196167,7.94740629196167,1100
2022-07-01,7.987342357635498,8.043253510384602,7.979354832462104,8.043253510384602,1500
2022-07-04,7.94740629196167,7.987343160108694,7.939418765985785,7.987343160108694,900
2022-07-05,7.859546184539795,7.9394191630964945,7.779672444250654,7.9394191630964945,3300
2022-07-06,7.987342357635498,7.987342357635498,7.915456154539607,7.915456154539607,600
2022-07-07,7.987342357635498,7.987342357635498,7.843569951443715,7.843569951443715,1200
2022-07-08,8.306836128234863,8.306836128234863,7.97935519842931,7.987342723969046,10600
2022-07-11,8.075202941894531,8.306835842451378,8.075202941894531,8.306835842451378,400
2022-07-12,8.075202941894531,8.075202941894531,8.075202941894531,8.075202941894531,100
2022-07-13,8.059229850769043,8.059229850769043,8.059229850769043,8.059229850769043,400
2022-07-14,7.97935676574707,7.979356765747069,7.963382473262264,7.971369238638411,600
2022-07-15,7.987342357635498,7.987342357635498,7.971367307288711,7.979354832462104,400
2022-07-18,7.97935676574707,7.987344292855728,7.923445599451483,7.987344292855728,400
2022-07-19,7.987342357635498,7.987342357635498,7.987342357635498,7.987342357635498,100
2022-07-20,7.987342357635498,7.987342357635498,7.987342357635498,7.987342357635498,100
2022-07-21,8.226963996887207,8.402685768016848,8.067217278465915,8.402685768016848,20900
2022-07-22,7.987342357635498,8.226962780711029,7.987342357635498,8.226962780711029,800
2022-07-25,7.931433200836182,8.203003031213667,7.931433200836182,8.203003031213667,2800
2022-07-26,8.195014953613281,8.234951825115708,8.10715368396145,8.131116263902385,26800
2022-07-27,8.027278900146484,8.195013113405627,7.987342037611965,8.195013113405627,1900
2022-07-28,8.147089004516602,8.147089004516602,8.107152140616888,8.147089004516602,7400
2022-07-29,8.17903995513916,8.17903995513916,8.075204393229882,8.17903995513916,900
2022-08-01,7.995330810546875,8.083191312452119,7.947406415677932,8.083191312452119,14500
2022-08-02,7.987342357635498,8.051241035557997,7.987342357635498,8.051241035557997,400
2022-08-03,7.987342357635498,8.13910152726835,7.931431204886394,8.075202849345851,5600
2022-08-04,7.987342357635498,8.218975255537634,7.95539301867425,8.067216085904784,8800
2022-08-05,7.987342357635498,8.027279221770142,7.963380543847643,7.971367307288711,1200
2022-08-08,7.971368312835693,8.155077606336098,7.827596650240182,8.019292708189145,6400
2022-08-09,8.059229850769043,8.059229850769043,7.971368583262446,7.971368583262446,1400
2022-08-10,8.059229850769043,8.147090356543192,7.971368583262446,8.059229850769043,2800
2022-08-11,7.995330810546875,8.059229495883855,7.995330810546875,8.059229495883855,2900
2022-08-12,8.05124282836914,8.107153993568268,7.995331663170013,7.995331663170013,13700
2022-08-15,8.147089004516602,8.147089004516602,8.067216038449494,8.107152140616888,8900
2022-08-16,7.987342357635498,8.13910152726835,7.907468629366213,8.13910152726835,13400
2022-08-17,7.97935676574707,7.987344292855728,7.883508725640702,7.987344292855728,17200
2022-08-18,7.987342357635498,8.091177899692639,7.987342357635498,7.987342357635498,16200
2022-08-19,8.466585159301758,8.466585159301758,7.987344202461092,8.011306021783374,48700
2022-08-22,8.019292831420898,8.354761318852908,8.019292831420898,8.354761318852908,9900
2022-08-23,8.139101028442383,8.258911613503408,8.067215591484503,8.11513921612309,1600
2022-08-24,8.139101028442383,8.139101028442383,8.139101028442383,8.139101028442383,0
2022-08-25,8.187026023864746,8.187026023864746,8.03526685224314,8.03526685224314,1100
2022-08-26,8.17903995513916,8.17903995513916,8.17903995513916,8.17903995513916,900
2022-08-29,8.115140914916992,8.115140914916992,8.011305357487126,8.107153388561056,5300
2022-08-30,8.067217826843262,8.075204592007905,8.067217826843262,8.075204592007905,3600
2022-08-31,8.067217826843262,8.131116518555357,7.843571644118436,7.9873440813368966,9700
2022-09-01,8.067217826843262,8.067217826843262,7.9873440813368966,8.067217826843262,6900
2022-09-02,8.067217826843262,8.226964556123502,8.067217826843262,8.067217826843262,15500
2022-09-05,8.147089004516602,8.147089004516602,8.067216038449494,8.131114715996109,5500
2022-09-06,8.107152938842773,8.14708980667465,8.051241780917584,8.131115516581337,9500
2022-09-08,8.195014953613281,8.266901169971156,8.075204339106001,8.147090555463876,5000
2022-09-09,8.123127937316895,8.266900355874416,8.099166121468105,8.218975962444445,4300
2022-09-12,8.139101028442383,8.29086095050656,8.139101028442383,8.14708855312624,5500
2022-09-13,8.123127937316895,8.147089753165684,8.123127937316895,8.131115463177288,4000
2022-09-14,8.107152938842773,8.123127990668483,8.083191122836606,8.123127990668483,2000
2022-09-15,8.059229850769043,8.059229850769043,8.043254797865135,8.059229850769043,1600
2022-09-16,8.226963996887207,8.226963996887207,8.027280408427481,8.051242225757566,4800
2022-09-19,8.163064956665039,8.163064956665039,8.123128088352901,8.13111561436181,1600
2022-09-20,8.147089004516602,8.187025868416317,8.035266699676187,8.179038343289909,7400
2022-09-21,8.147089004516602,8.147089004516602,8.035266699676187,8.059228513323088,3900
2022-09-22,8.05124282836914,8.147090866595857,8.05124282836914,8.147090866595857,2400
2022-09-23,8.027278900146484,8.147088726017746,8.027278900146484,8.051240712974277,5700
2022-09-26,8.027278900146484,8.187025588552265,8.027278900146484,8.083190050655434,4500
2022-09-27,7.963379859924316,8.059227868576295,7.843569277810146,8.043252819601502,13800
2022-09-28,7.987342357635498,8.179038391402992,7.987342357635498,7.987342357635498,5800
2022-09-29,8.410672187805176,8.54645708332927,8.115140580409323,8.210988607532377,37900
2022-09-30,8.370735168457031,8.586393796894297,8.370735168457031,8.490545771499644,16200
2022-10-03,9.265317916870117,9.8563810989691,8.626330342994184,8.626330342994184,106200
2022-10-04,8.364541053771973,9.297571528022788,8.24995802161264,9.297571528022788,50900
2022-10-05,8.266326904296875,8.569152636283505,8.24177289699009,8.4054631569033,13000
2022-10-06,8.716472625732422,8.765579858958182,8.192666300833611,8.282695317792347,40800
2022-10-07,8.70828914642334,8.73284237392324,8.63462868339061,8.73284237392324,4200
2022-10-10,8.446385383605957,8.577336973966817,8.438201494608188,8.470939392198403,2000
2022-10-11,8.683734893798828,8.716472789720923,8.511860745074582,8.61825910195464,19500
2022-10-13,8.610074996948242,8.71647257062085,8.610074996948242,8.71647257062085,7900
2022-10-14,8.323617935180664,8.601890437325622,8.299064708677578,8.601890437325622,15100
2022-10-17,8.413647651672363,8.438201660748256,8.348171855202779,8.348171855202779,1600
2022-10-18,8.601889610290527,8.601889610290527,8.487306596737803,8.487306596737803,2900
2022-10-19,8.405465126037598,8.757397394018371,8.405465126037598,8.724659490472876,3600
2022-10-20,8.266326904296875,8.421831714574818,8.266326904296875,8.421831714574818,16100
2022-10-21,8.266326904296875,8.307248688742172,8.24177289699009,8.274510792866131,54700
2022-10-24,8.258142471313477,8.35635616174975,8.258142471313477,8.35635616174975,3300
2022-10-25,8.274510383605957,8.299064389698293,8.233588601184668,8.233588601184668,3800
2022-10-26,8.266326904296875,8.274510792866131,8.20903500111405,8.20903500111405,500
2022-10-27,8.249958038330078,8.282695936080076,8.21722014058008,8.266327377471603,7800
2022-10-28,8.249958038330078,8.307249164259312,8.249958038330078,8.249958038330078,1700
2022-10-31,8.274510383605957,8.36454017821192,8.192666038230408,8.192666038230408,3300
2022-11-01,8.258142471313477,8.258142471313477,8.192666677689294,8.233589243837665,9800
2022-11-03,8.282695770263672,8.282695770263672,8.217219976074476,8.217219976074476,4900
2022-11-04,8.290881156921387,8.315434386733196,8.274511816691446,8.274511816691446,2400
2022-11-07,8.258142471313477,8.323618264937657,8.258142471313477,8.266327140649755,5500
2022-11-08,8.241772651672363,8.274510546573955,8.184481530727822,8.233588763346702,8800
2022-11-09,8.258142471313477,8.258142471313477,8.184482008353015,8.225404574501386,11700
2022-11-10,8.184481620788574,8.249957411312243,8.184481620788574,8.233588853947822,7000
2022-11-11,8.184481620788574,8.675550830249085,8.135374387629327,8.209034847101702,119700
2022-11-14,8.290881156921387,8.430017426743477,8.200852127256017,8.200852127256017,2000
2022-11-16,8.339987754821777,8.339987754821777,8.290881294383974,8.290881294383974,200
2022-11-17,8.249958038330078,8.348171731580072,8.241773368759315,8.249958038330078,3900
2022-11-18,8.200850486755371,8.372723841589542,8.200850486755371,8.364539953644782,2300
2022-11-21,8.241772651672363,8.258141989389651,8.22540409448806,8.233588763346702,2400
2022-11-22,8.127192497253418,8.241774768572967,8.127192497253418,8.225406207184395,12500
2022-11-23,8.331803321838379,8.487308143796058,8.200851728498636,8.23358962683357,3800
2022-11-24,8.241772651672363,8.331802448051478,8.184481530727822,8.249957320531006,2800
2022-11-25,8.233590126037598,8.282696586250802,8.209036115397883,8.282696586250802,7200
2022-11-28,8.249958038330078,8.25814270790084,8.18448224283008,8.18448224283008,1600
2022-11-29,8.176297187805176,8.258142318588282,8.176297187805176,8.249957649403369,1000
2022-11-30,8.233590126037598,8.233590126037598,8.217220785611122,8.217220785611122,2800
2022-12-01,8.225404739379883,8.233589408880224,8.225404739379883,8.233589408880224,8800
2022-12-02,8.200850486755371,8.233588380133254,8.200850486755371,8.233588380133254,1600
2022-12-05,8.200850486755371,8.225403711655547,8.200850486755371,8.225403711655547,10500
2022-12-06,8.192667007446289,8.233589575241805,8.192667007446289,8.192667007446289,600
2022-12-07,8.225404739379883,8.225404739379883,8.159928944443237,8.184482172411219,8200
2022-12-08,8.15174388885498,8.225404349803217,8.15174388885498,8.192666453885446,2600
2022-12-09,8.217219352722168,8.233588690294217,7.955316195833166,8.217219352722168,104100
2022-12-12,8.200850486755371,8.225403711655547,8.200850486755371,8.225403711655547,2100
2022-12-13,8.184481620788574,8.184481620788574,8.110821161316197,8.176296951839868,1500
2022-12-14,8.184481620788574,8.184481620788574,7.865286556585943,8.176296951839868,16700
2022-12-15,8.143559455871582,8.184482022088632,8.143559455871582,8.184482022088632,300
2022-12-16,8.102638244628906,8.21722129309134,8.061716452101686,8.21722129309134,2000
2022-12-19,8.15174388885498,8.209035011577827,8.15174388885498,8.209035011577827,2100
2022-12-20,8.233590126037598,8.233590126037598,8.020793383692078,8.233590126037598,32900
2022-12-21,8.217219352722168,8.225404021508194,8.217219352722168,8.225404021508194,600
2022-12-22,8.225404739379883,8.241773297847523,8.225404739379883,8.241773297847523,300
2022-12-23,8.192667007446289,8.22540490557609,8.078083973725459,8.22540490557609,2100
2022-12-26,8.184481620788574,8.233588853947822,8.16811228289116,8.233588853947822,7200
2022-12-27,8.127192497253418,8.184483632913192,8.110823155331664,8.110823155331664,2000
2022-12-28,8.217219352722168,8.217219352722168,8.192666126897068,8.192666126897068,8400
2022-12-29,8.200850486755371,8.233588380133254,8.143558587944367,8.184481149799957,20100
2023-01-02,8.184481620788574,8.225404184999116,8.159928394475445,8.19266628973728,24200
2023-01-03,8.184481620788574,8.266326749209655,8.176296951839868,8.266326749209655,27800
2023-01-04,8.127192497253418,8.225406207184395,8.102638484370786,8.192668303874068,4100
2023-01-05,8.184481620788574,8.184481620788574,8.127190499213611,8.184481620788574,2500
2023-01-06,8.168112754821777,8.176297424243371,8.143559527090034,8.176297424243371,5100
2023-01-09,8.168112754821777,8.184482093664965,8.13537485766844,8.13537485766844,52500
2023-01-10,8.405465126037598,8.405465126037598,8.15174578816012,8.176299020685944,34300
2023-01-11,8.176297187805176,8.430016468806395,8.176297187805176,8.430016468806395,10800
2023-01-12,8.380910873413086,8.511862483851857,8.184483457754927,8.184483457754927,6600
2023-01-13,8.397278785705566,8.438201352135652,8.299065094593184,8.380909446920318,1500
2023-01-16,8.299065589904785,8.299065589904785,8.184482553168518,8.266327690913435,3200
2023-01-17,8.511860847473145,8.511860847473145,8.266327015370143,8.299064911686077,3900
2023-01-18,8.34817123413086,8.511860713126953,8.299064780698533,8.511860713126953,2900
2023-01-19,8.34817123413086,8.511860713126953,8.299064780698533,8.339986565047804,4000
2023-01-20,8.503676414489746,8.528229640021838,8.380908725763355,8.528229640021838,2500
2023-01-23,8.315433502197266,8.380909295085983,8.315433502197266,8.323618171441609,1600
2023-01-24,8.315433502197266,8.348171398641623,8.315433502197266,8.348171398641623,3100
2023-01-25,8.233590126037598,8.315434486570643,8.209036115397883,8.315434486570643,1100
2023-01-26,8.192667007446289,8.24177346437446,8.184482337780574,8.24177346437446,7900
2023-01-27,8.249958038330078,8.372724959759308,8.18448224283008,8.18448224283008,10100
2023-01-30,8.34817123413086,8.34817123413086,8.209034981850929,8.209034981850929,10600
2023-01-31,8.266326904296875,8.397278487801039,8.266326904296875,8.389093818698777,2800
2023-02-01,8.454568862915039,8.495491424275052,8.348170515592182,8.495491424275052,1600
2023-02-02,8.356356620788574,8.356356620788574,8.356356620788574,8.356356620788574,200
2023-02-03,8.356356620788574,8.356356620788574,8.3399872812168,8.3399872812168,300
2023-02-06,8.184481620788574,8.307248532887206,8.176296951839868,8.307248532887206,12200
2023-02-07,8.241772651672363,8.241772651672363,8.17629686186918,8.17629686186918,2700
2023-02-08,8.282695770263672,8.282695770263672,8.225404645481385,8.225404645481385,200
2023-02-09,8.225404739379883,8.266327306348549,8.225404739379883,8.266327306348549,900
2023-02-10,8.233590126037598,8.233590126037598,8.233590126037598,8.233590126037598,1300
2023-02-13,8.20903491973877,8.241772815290282,8.184481693208385,8.233588926802154,2800
2023-02-14,8.225404739379883,8.249957967347864,8.2090354003792,8.233589408880224,1000
2023-02-15,8.233590126037598,8.2581433561442,8.200852225717757,8.22540545582436,2500
2023-02-16,8.241772651672363,8.241772651672363,8.217219425629414,8.233588763346702,900
2023-02-17,8.225404739379883,8.241773297847523,8.19266684191156,8.241773297847523,900
2023-02-22,8.241772651672363,8.462754027657846,8.241772651672363,8.266326658248294,2100
2023-02-23,8.200850486755371,8.258141605033428,8.200850486755371,8.258141605033428,1300
2023-02-24,8.184481620788574,8.225404184999116,8.184481620788574,8.200850958685987,1000
2023-02-27,8.15174388885498,8.225404349803217,8.15174388885498,8.192666453885446,2700
2023-02-28,8.159928321838379,8.159928321838379,8.159928321838379,8.159928321838379,800
2023-03-01,8.159928321838379,8.200850885684641,8.143558984086681,8.15174365296253,2900
2023-03-02,8.15174388885498,8.20085112299814,8.15174388885498,8.192666453885446,1400
2023-03-03,8.143559455871582,8.192666691438648,8.127190897704581,8.184482022088632,3400
2023-03-06,8.225404739379883,8.225404739379883,8.127191046974914,8.184482172411219,4300
2023-03-07,8.176297187805176,8.209035084011814,8.176297187805176,8.209035084011814,2800
2023-03-08,8.266326904296875,8.266326904296875,8.192666443442532,8.192666443442532,9200
2023-03-09,8.217219352722168,8.389093494563818,8.209034683936142,8.290879810730443,34000
2023-03-10,8.331803321838379,8.55278394046593,8.241773516017506,8.356356550456315,67700
2023-03-13,8.406612396240234,8.43193329243638,8.14496045242415,8.38129150004409,7100
2023-03-14,8.41505241394043,8.457254441470193,8.28844633135114,8.406611847447133,2900
2023-03-15,8.364411354064941,8.398172821293722,8.355970786023528,8.364411354064941,2700
2023-03-16,8.440372467041016,8.440372467041016,8.128078782352896,8.364408986047783,5100
2023-03-17,8.372851371765137,8.457255436757709,8.288447306772564,8.39817226928818,1600
2023-03-20,8.474135398864746,8.482575965984896,8.423492801080636,8.482575965984896,3100
2023-03-21,8.398172378540039,8.448814979181757,8.398172378540039,8.448814979181757,600
2023-03-22,8.406612396240234,8.415052963284541,8.406612396240234,8.415052963284541,500
2023-03-23,8.474135398864746,8.482575965984896,8.398171904656973,8.440373935320935,600
2023-03-24,8.440372467041016,8.474133924711714,8.372849551699618,8.474133924711714,3800
2023-03-27,8.440372467041016,8.440372467041016,8.398170443718481,8.440372467041016,2200
2023-03-28,8.41505241394043,8.41505241394043,8.28844633135114,8.406611847447133,1600
2023-03-29,8.423492431640625,8.482575593953598,8.398171536327492,8.474135027203637,1900
2023-03-30,8.423492431640625,8.49945592251677,8.415052669827414,8.415052669827414,3000
2023-03-31,8.482577323913574,8.491017892384928,8.415054386016578,8.440375286493722,3500
2023-04-03,8.491016387939453,8.491016387939453,8.406612328054534,8.482575820963607,5000
2023-04-04,8.482577323913574,8.482577323913574,8.482577323913574,8.482577323913574,400
2023-04-05,8.406612396240234,8.448814426524994,8.406612396240234,8.440373859480687,1200
2023-04-06,8.474135398864746,8.474135398864746,8.406612471777121,8.406612471777121,300
2023-04-10,8.43193244934082,8.43193244934082,8.43193244934082,8.43193244934082,100
2023-04-11,8.550098419189453,8.550098419189453,8.288446487524189,8.440373467519294,1800
2023-04-12,8.440372467041016,8.609179755394507,8.440372467041016,8.609179755394507,1400
2023-04-13,8.56697940826416,8.60918143984383,8.491016717344916,8.491016717344916,12700
2023-04-14,8.575419425964355,8.60918088807694,8.550098530614104,8.558539097376437,5900
2023-04-17,8.499456405639648,8.558539571311004,8.48257607611697,8.524778107328856,800
2023-04-18,8.516337394714355,8.5247779618,8.507896827628711,8.507896827628711,1300
2023-04-19,8.507896423339844,8.5163369900244,8.507896423339844,8.5163369900244,2200
2023-04-20,8.482577323913574,8.50789822439072,8.381292917068079,8.440375286493722,3300
2023-04-24,8.330648422241211,8.482575400529177,8.077437060073512,8.482575400529177,23400
2023-04-25,8.423492431640625,8.431932998390584,8.423492431640625,8.431932998390584,1300
2023-04-26,8.41505241394043,8.423492175497003,8.372850386410667,8.398171280953834,1400
2023-04-27,8.398172378540039,8.440374411585331,8.28844741459701,8.423493276392483,7300
2023-04-28,8.406612396240234,8.406612396240234,8.38129150004409,8.38129150004409,2700
2023-05-02,8.389731407165527,8.423492870989536,8.389731407165527,8.423492870989536,900
2023-05-03,8.381291389465332,8.389731151461513,8.381291389465332,8.389731151461513,900
2023-05-04,8.347530364990234,8.389731591997375,8.229364836534538,8.355970127429577,3800
2023-05-05,8.35597038269043,8.38129208559242,8.322208917091276,8.322208917091276,2200
2023-05-08,8.372851371765137,8.482576334280752,8.313769009232427,8.322208771782229,5500
2023-05-09,8.474135398864746,8.474135398864746,8.347530111809647,8.347530111809647,3100
2023-05-10,8.56697940826416,8.69358550300317,8.431933551158657,8.558539645897667,5100
2023-05-11,8.507896423339844,8.550098451825876,8.44037349973689,8.550098451825876,2700
2023-05-12,8.642942428588867,8.642942428588867,8.398171624818136,8.440373654075868,7600
2023-05-15,8.482577323913574,8.651384668656066,8.457256423436428,8.482577323913574,8700
2023-05-16,8.482577323913574,8.482577323913574,8.482577323913574,8.482577323913574,100
2023-05-17,8.491016387939453,8.64294256882083,8.398171761078688,8.448814357996994,2800
2023-05-18,8.499456405639648,8.541658436851533,8.440374044905086,8.541658436851533,4100
2023-05-19,8.651383399963379,8.651383399963379,8.499456409506198,8.499456409506198,5000
2023-05-22,8.440372467041016,8.65138177871704,8.440372467041016,8.507895382382411,11600
2023-05-23,8.516337394714355,8.516337394714355,8.431933333731472,8.44881446790276,4100
2023-05-24,8.440372467041016,8.524776513686083,8.440372467041016,8.44881303269285,8200
2023-05-25,8.52477741241455,8.52477741241455,8.440373356871149,8.448813923412834,5300
2023-05-26,8.440372467041016,8.499454816730577,8.440372467041016,8.457253598344687,3600
2023-05-29,8.60918140411377,8.642942868250026,8.440374083432479,8.491016682105265,9200
2023-05-30,8.482577323913574,8.482577323913574,8.423494149551017,8.482577323913574,7000
2023-05-31,8.482577323913574,8.600742062764862,8.440375286493722,8.600742062764862,11700
2023-06-01,8.550098419189453,8.550098419189453,8.431932900866956,8.491016062496575,11600
2023-06-02,8.491016387939453,8.583860209863449,8.4319332240453,8.474135253987761,18200
2023-06-05,8.491016387939453,8.524777850906068,8.440373791021148,8.491016387939453,7100
2023-06-06,8.482577323913574,8.516338792862072,8.43193471802237,8.482577323913574,14700
2023-06-07,8.465694427490234,8.491016127641519,8.440373532275697,8.465694427490234,5900
2023-06-09,8.448814392089844,8.617621707604087,8.448814392089844,8.507896751285635,15300
2023-06-12,8.482577323913574,8.499457655919366,8.457256423436428,8.491017892384928,6700
2023-06-13,8.482577323913574,8.499457655919366,8.448815854965076,8.482577323913574,7000
2023-06-14,8.507896423339844,8.5163369900244,8.448814066421443,8.448814066421443,2800
2023-06-15,8.735787391662598,8.946796741171967,8.491016578429202,8.491016578429202,61500
2023-06-16,8.837071418762207,9.11560368424457,8.735787031762872,8.777988255976695,31300
2023-06-19,9.07340145111084,9.098722346057235,8.777988058634863,8.794869191890283,18700
2023-06-20,9.098722457885742,9.115603591348643,8.946796281403376,8.988997505187132,22500
2023-06-21,9.039641380310059,9.115604881773171,9.031200812383744,9.039641380310059,5100
2023-06-22,8.86239242553711,9.107163231759236,8.85395185861368,9.039640306245323,9700
2023-06-23,9.039641380310059,9.039641380310059,8.904595513236464,8.904595513236464,1900
2023-06-26,9.07340145111084,9.107162912684945,8.929915038186707,9.039639989536735,5800
2023-06-27,9.115604400634766,9.115604400634766,8.997438870713934,9.115604400634766,6000
2023-06-28,9.115604400634766,9.115604400634766,8.862393010768308,8.955236838246721,14500
2023-06-29,9.115604400634766,9.115604400634766,8.870833578249114,8.870833578249114,2900
2023-06-30,9.115604400634766,9.115604400634766,9.03120033570034,9.115604400634766,9900
2023-07-03,9.098722457885742,9.124044158080093,9.022758967176186,9.107163024617194,3600
2023-07-04,8.853951454162598,9.073401354526661,8.853951454162598,8.96367640434463,11800
2023-07-05,8.946797370910645,8.997439167592818,8.853952735431918,8.853952735431918,33000
2023-07-06,9.115604400634766,9.115604400634766,8.921475373260314,8.946797075702733,59900
2023-07-07,9.107163429260254,9.11560399636673,9.056520831558183,9.11560399636673,2100
2023-07-10,9.115604400634766,9.115604400634766,8.896154475754715,9.098723265673154,3500
2023-07-11,9.107163429260254,9.107163429260254,9.056520831558183,9.056520831558183,1800
2023-07-12,9.03119945526123,9.11560351196722,8.803309790053838,9.107162945309273,13700
2023-07-13,9.07340145111084,9.107162912684945,9.00587852796263,9.090282584366262,900
2023-07-14,9.107163429260254,9.107163429260254,9.039640502282015,9.090283099984086,3100
2023-07-17,9.107163429260254,9.11560399636673,9.039640502282015,9.098722862153778,11900
2023-07-18,9.064961433410645,9.107163464168,9.048081104069775,9.048081104069775,700
2023-07-19,8.988997459411621,9.090282649799745,8.94679623584277,9.07340151642281,11000
2023-07-20,9.05652141571045,9.115604584329901,8.862393189360798,8.963677586361072,23900
2023-07-21,9.149364471435547,9.242208284766365,8.955235473642588,9.056519853168034,68300
2023-07-24,9.157806396484375,9.284411688442962,9.031200299588972,9.284411688442962,7000
2023-07-25,9.115604400634766,9.157806433101978,9.10716383315396,9.157806433101978,8100
2023-07-26,9.157806396484375,9.200007623846027,9.031200299588972,9.157806396484375,25300
2023-07-27,9.200007438659668,9.200007438659668,9.115604180698496,9.200007438659668,2200
2023-07-28,9.200007438659668,9.419457358244953,9.200007438659668,9.200007438659668,121800
2023-07-31,9.453218460083008,9.495420489914427,9.30129227960138,9.30129227960138,33000
2023-08-01,9.537623405456543,9.579825439207049,9.394136973666926,9.537623405456543,8400
2023-08-02,9.537623405456543,9.622026668020712,9.537623405456543,9.537623405456543,18900
2023-08-03,9.706430435180664,10.11156801480114,9.622026370291321,9.664228402735993,4600
2023-08-04,9.976521492004395,10.094687014010207,9.78239328256995,9.78239328256995,273100
2023-08-07,9.959641456604004,10.044044713435293,9.959641456604004,10.044044713435293,2200
2023-08-08,10.128448486328125,10.128448486328125,9.98496206837687,9.98496206837687,19300
2023-08-09,10.896522521972656,11.706798444544413,10.120008062635689,10.12844862967858,114100
2023-08-10,11.369183540344238,11.732119060205777,11.107531602828471,11.107531602828471,37000
2023-08-11,11.521110534667969,11.689918663696435,11.023129129831803,11.394505242833434,52600
2023-08-14,11.261561393737793,11.384160344248258,10.946308023315632,11.209019582902613,66400
2023-08-15,11.384160041809082,11.471730837723953,11.24404743645489,11.287832834412326,14500
2023-08-16,11.384160041809082,11.454216344486177,11.270318341174551,11.454216344486177,21100
2023-08-17,11.384160041809082,11.480487249205837,11.384160041809082,11.384160041809082,2600
2023-08-18,11.384160041809082,11.515515400544386,11.384160041809082,11.5067589890625,2400
2023-08-21,11.384160041809082,11.515515400544386,11.252804683073778,11.384160041809082,10600
2023-08-22,11.4016752243042,11.43670337776028,11.121449161518507,11.366646235711066,12700
2023-08-23,11.39291763305664,11.427945785454769,11.296589587609018,11.41918853857098,2500
2023-08-24,11.427947044372559,11.49800335688631,11.296590832056435,11.462975200629435,3400
2023-08-25,11.357891082763672,11.436704645560887,11.331619338406503,11.42794739744183,11700
2023-08-28,11.384160041809082,11.471730837723953,11.349131890470535,11.471730837723953,3800
2023-08-29,11.375404357910156,11.515516982512612,11.357890697403407,11.41043251406077,7500
2023-08-30,11.515515327453613,11.515515327453613,11.384159969552043,11.480487176337395,1600
2023-08-31,11.515515327453613,11.515515327453613,11.480487176337395,11.506758916027307,9900
2023-09-01,11.489245414733887,11.515516321554692,11.471731755232373,11.515516321554692,8500
2023-09-04,11.559301376342773,11.594329529432352,11.410431516927801,11.498002317220271,16200
2023-09-05,11.594329833984375,11.64687248256742,11.515516278678339,11.53303077325171,29800
2023-09-06,11.646871566772461,11.646871566772461,11.489244468554627,11.59432892232085,8100
2023-09-08,11.81325626373291,11.81325626373291,11.48924562327172,11.48924562327172,9400
2023-09-11,11.822012901306152,11.822012901306152,11.725685689426326,11.822012901306152,6500
2023-09-12,11.734441757202148,11.813255307854902,11.690657193627969,11.813255307854902,8400
2023-09-13,11.603086471557617,11.734441833407233,11.515515673566524,11.734441833407233,2400
2023-09-14,11.699414253234863,11.795742302762049,11.58557254433541,11.60308703884474,3800
2023-09-15,11.646871566772461,11.78698417179409,11.646871566772461,11.78698417179409,1800
2023-09-18,11.506759643554688,11.725685810657149,11.296589888432166,11.646872256878336,14700
2023-09-19,11.462974548339844,11.506759949953652,11.279076529671507,11.375403745112227,2900
2023-09-20,11.778227806091309,11.778227806091309,11.489245327836908,11.489245327836908,4600
2023-09-21,11.646871566772461,11.655628813370564,11.629357073576257,11.638114320174358,4400
2023-09-22,11.62060260772705,11.734443492014503,11.454218235053746,11.576817202542648,3200
2023-09-25,11.62935733795166,11.66438549000338,11.498001976541973,11.64687183154603,3000
2023-09-26,11.261561393737793,11.585572011011493,11.261561393737793,11.585572011011493,5200
2023-09-27,11.384160041809082,11.58557170322148,11.191504791878566,11.375402795190194,5000
2023-09-28,11.39291763305664,11.55930114816349,11.200262377298424,11.27031868209468,4100
2023-09-29,11.427947044372559,11.594330577808439,11.427947044372559,11.480488861189311,3100
2023-10-02,11.690656661987305,11.690656661987305,11.191504475598164,11.59432862217585,22200
2023-10-03,10.902522087097168,11.769469439401908,10.902522087097168,11.769469439401908,17100
2023-10-04,10.508455276489258,11.252804525962045,10.508455276489258,11.252804525962045,35500
2023-10-05,10.639810562133789,10.727381356239517,10.377099850090573,10.508455206112181,41700
2023-10-06,10.709867477416992,10.990093533539978,10.26325874025489,10.639811172170505,45200
2023-10-09,10.709867477416992,10.823709182226795,10.482184902934424,10.823709182226795,34500
2023-10-10,10.60478401184082,10.972580066368213,10.508456791897785,10.832467442764846,35800
2023-10-11,10.534728050231934,10.858738711869677,10.50845714121729,10.683597926543484,39900
2023-10-13,10.552241325378418,10.68359669039021,10.482185019353857,10.508455925328805,36100
2023-10-16,10.552241325378418,10.613540384365649,10.166930807106285,10.517213172366137,39400
2023-10-17,10.534728050231934,10.648569769478245,10.429643579036219,10.47342898415205,37800
2023-10-18,10.289530754089355,10.508456940346576,10.245745349810486,10.420886131788837,19500
2023-10-19,10.3683443069458,10.48218602393017,10.201959937838984,10.403372463315058,15000
2023-10-20,10.19320297241211,10.429642806300274,9.983033210455089,10.377100992163829,5800
2023-10-23,10.3683443069458,10.3683443069458,10.193203525099513,10.193203525099513,3200
2023-10-24,10.596026420593262,10.946307940638897,10.377100261780484,10.429642072218819,6700
2023-10-25,10.648569107055664,10.771168066725975,10.648569107055664,10.701111756953537,2000
2023-10-26,10.596026420593262,10.762409933830684,10.429642072218819,10.762409933830684,1700
2023-10-27,10.517212867736816,10.596026418515887,10.377100259746031,10.508455620953137,2000
2023-10-30,10.429643630981445,10.849982352994962,10.359587316502049,10.849982352994962,2700
2023-10-31,10.68359661102295,10.68359661102295,10.377100483226677,10.42964229478625,2000
2023-11-01,10.85873794555664,10.85873794555664,10.508456399624006,10.508456399624006,1600
2023-11-03,11.033880233764648,11.209021017526267,10.639812426379592,10.858738614865898,5100
2023-11-06,11.252805709838867,11.252805709838867,10.613540845659232,10.613540845659232,4500
2023-11-07,11.71692943572998,11.82201390354504,11.25280616076253,11.25280616076253,15400
2023-11-08,11.559301376342773,11.822012942083141,11.515515976196538,11.778227541936905,56300
2023-11-09,11.822012901306152,11.822012901306152,11.524273183503182,11.524273183503182,22400
2023-11-10,11.822012901306152,11.822012901306152,11.699413948346976,11.699413948346976,11700
2023-11-13,11.822012901306152,11.822012901306152,11.778227501310942,11.813255654279702,12300
2023-11-14,11.804499626159668,11.822014122021077,11.778228717504684,11.813256874090373,24600
2023-11-16,11.822012901306152,11.822012901306152,11.743199348342184,11.822012901306152,17600
2023-11-17,12.32992172241211,12.723988658023218,11.646872311677047,11.822013079155646,24600
2023-11-20,12.776532173156738,12.811560329030307,12.364950715289467,12.364950715289467,13600
2023-11-21,12.969186782836914,13.135570305918234,12.522577192002798,12.522577192002798,11900
2023-11-22,12.802801132202148,13.310709732614361,12.776530228080684,13.310709732614361,18700
2023-11-23,12.78528881072998,12.9779432412716,12.69771800765683,12.78528881072998,28600
2023-11-24,13.223142623901367,13.258170781992161,12.785290230197841,12.785290230197841,26100
2023-11-27,12.872859001159668,13.301954106333003,12.872859001159668,13.301954106333003,14800
2023-11-28,12.907886505126953,12.977942811209122,12.872858352085867,12.8816155991304,12400
2023-11-29,12.986700057983398,13.012970963979404,12.87285835181798,12.925400998947035,13400
2023-11-30,13.021729469299316,13.17935659078078,12.872859595708409,12.986701312874228,31700
2023-12-01,13.144327163696289,13.573422247207374,13.047999116486464,13.047999116486464,18200
2023-12-04,13.223142623901367,13.41579707583216,13.056758246617214,13.310712601559773,10600
2023-12-05,13.196868896484375,13.398281401602185,13.196868896484375,13.38952415461075,20100
2023-12-06,13.380765914916992,13.398280407600483,13.249410560338713,13.389523161258738,3000
2023-12-07,13.660993576049805,14.055059686635168,13.284440289956079,13.284440289956079,15400
2023-12-08,13.328225135803223,13.923703735671934,13.328225135803223,13.529636806386321,8700
2023-12-11,13.818619728088379,13.818619728088379,13.13557030601403,13.32822557100728,14200
2023-12-12,13.380765914916992,13.722291006012284,13.380765914916992,13.43330855783049,8700
2023-12-13,13.564665794372559,13.660993847222377,13.179356088384564,13.538394886839468,10000
2023-12-14,13.284440994262695,13.59969440052715,13.266926498568331,13.380768215170331,18900
2023-12-15,13.275683403015137,13.792349320714637,13.275683403015137,13.46833867498414,16500
2023-12-18,13.485851287841797,13.617207486539893,13.23189697252325,13.275682372089284,9700
2023-12-19,13.555908203125,13.643479006197857,13.407039174120458,13.485851894721543,4400
2023-12-20,13.538394927978516,13.60845123837103,13.477095865169339,13.477095865169339,73700
2023-12-21,13.450822830200195,13.529636380604439,13.42455192511112,13.529636380604439,5100
2023-12-22,14.886980056762695,14.974550861739665,13.92370454256439,13.92370454256439,41300
2023-12-26,15.937826156616211,17.951946291999132,14.843195285152849,14.886979851901721,141500
2023-12-27,16.4282169342041,17.076238076148147,15.937822872514463,15.937822872514463,91500
2023-12-28,15.471343040466309,16.36903037939988,14.885099673932585,16.36903037939988,57300
2024-01-02,15.114102363586426,15.617905076848702,15.114102363586426,15.572105465513287,14600
2024-01-03,14.848458290100098,15.517144082084986,14.839299766433124,15.114100902160658,25400
2024-01-04,14.76601791381836,15.260660259543583,14.738537104055853,14.830138056121365,12200
2024-01-05,15.5354642868042,15.810267194620165,14.656099174936719,14.793499755273116,10200
2024-01-08,15.865225791931152,16.488110235942994,15.178221198766861,15.782785100979995,325500
2024-01-09,16.350711822509766,16.61635272504253,16.10338971704794,16.12171026126213,9000
2024-01-10,16.680469512939453,16.98275318997794,16.332387978903867,16.35070851941703,11000
2024-01-11,16.497270584106445,16.973594190245517,16.497270584106445,16.973594190245517,3000
2024-01-12,16.772071838378906,16.982754577203973,16.451469341781937,16.497270696806105,9500
2024-01-15,16.85451316833496,16.900314525093016,16.652992440028875,16.900314525093016,6900
2024-01-16,16.845352172851562,16.946113406244738,16.707951602770077,16.7720717523319,10600
2024-01-17,16.79955291748047,16.86367306838685,16.772072104030702,16.845352526087,3800
2024-01-18,17.046873092651367,17.18427365026389,16.671310753177128,16.955272138528727,15200
2024-01-19,17.413278579711914,17.51403982373757,17.147635935332726,17.1842770230305,9400
2024-01-22,17.587318420410156,17.62395775714901,16.76291150449793,17.587318420410156,13400
2024-01-23,17.23923683166504,17.669760874505545,17.230076559780855,17.495719202992507,7100
2024-01-24,17.72471809387207,17.843798116177112,17.30335438626502,17.550676448525053,6100
2024-01-25,17.752201080322266,18.17356488102308,17.724722009873158,17.935403036651895,3300
2024-01-26,18.10028076171875,18.12776157371461,17.31251495593396,17.94455965469485,12700
2024-01-29,18.17356300354004,18.201043818293485,17.715559907174903,18.100282578007345,9700
2024-01-30,17.404115676879883,18.173560930787062,17.404115676879883,18.136919848628168,11900
2024-01-31,17.495718002319336,17.78883969392435,17.36747595188482,17.69723872851201,12900
2024-02-01,17.54151725769043,17.54151725769043,17.193435692715088,17.49571764947946,10000
2024-02-02,17.7613582611084,17.7613582611084,17.321675739025448,17.752197990172125,5100
2024-02-05,17.7613582611084,17.770518532044672,17.66975904603173,17.770518532044672,2800
2024-02-06,18.237682342529297,18.237682342529297,17.514038391123176,17.66059923563943,10500
2024-02-07,20.243736267089844,21.98414760289002,18.301802460091604,18.301802460091604,55800
2024-02-08,21.01318359375,21.425385352658797,20.61014035973725,20.884941532343117,27600
2024-02-09,23.816158294677734,23.816158294677734,21.013180153811845,21.013180153811845,52400
2024-02-14,23.816158294677734,25.21764823868216,23.257394021755317,23.80699802413801,32600
2024-02-15,23.559677124023438,23.85280055433582,23.559677124023438,23.816159470368127,9300
2024-02-16,23.1291561126709,23.742880324952246,23.083356502394153,23.56883866104296,8100
2024-02-19,21.984146118164062,23.119993457945384,21.984146118164062,23.119993457945384,13600
2024-02-20,22.99175453186035,22.99175453186035,21.571943962348648,21.993307696517167,19300
2024-02-21,24.594762802124023,24.970325143008274,23.16579385273167,23.486394572650262,27200
2024-02-22,25.281768798828125,25.620690078626524,24.118440628400133,24.548962867951044,14300
2024-02-23,26.564176559448242,26.747378475956793,25.281768385317264,25.281768385317264,20500
2024-02-26,27.38858413696289,27.764146526937946,26.161135729239447,26.55501866193112,14300
2024-02-27,29.03739356994629,29.220593738512818,27.489342798344353,27.874065423619896,17600
2024-02-28,29.77935791015625,29.907601704251373,29.037395177179448,29.312196318811083,33600
2024-02-29,29.944238662719727,29.95340068067642,29.08319417194985,29.77019875868882,19700
2024-03-01,27.754985809326172,29.770200050031708,27.361104630110564,29.770200050031708,52800
2024-03-04,27.663389205932617,27.919869835508656,25.831376722020345,27.654228933855865,94200
2024-03-05,28.075586318969727,28.780911427832706,27.45270189800725,28.029786713310763,89300
2024-03-06,26.29853630065918,28.304590302051537,26.243576419662205,28.304590302051537,15400
2024-03-07,26.564176559448242,26.99469879195749,26.29853395522514,26.99469879195749,12000
2024-03-08,23.358158111572266,26.564179813160614,22.808554041871343,26.564179813160614,59500
2024-03-11,22.716951370239258,23.67875885693441,22.442150229550954,23.67875885693441,17700
2024-03-12,20.985698699951172,21.984145445366323,20.06053236946819,21.984145445366323,40000
2024-03-13,21.984146118164062,22.304748598482547,20.994859612732398,20.994859612732398,26500
2024-03-14,22.506271362304688,22.625353143042652,22.21314966686219,22.30475063347375,7900
2024-03-15,23.00091552734375,23.605479460812056,22.561231237158793,22.57039150853172,7600
2024-03-18,22.304750442504883,23.01007560808899,22.304750442504883,23.01007560808899,5700
2024-03-19,22.4329891204834,22.5429106209379,21.626904523341306,22.21314786671737,5600
2024-03-20,23.559677124023438,23.559677124023438,22.671151803523507,23.35815640363028,8500
2024-03-21,25.098567962646484,25.098567962646484,23.550517092154205,23.550517092154205,13800
2024-03-22,24.283321380615234,25.089405961945637,22.900151990718673,24.732164149976168,19100
2024-03-25,23.037555694580078,25.098569654779666,22.900155113328744,24.93368825842079,23800
2024-03-26,21.855907440185547,23.358156976866884,21.43454369993158,23.358156976866884,39500
2024-03-27,22.002466201782227,22.51542911134083,21.95666485003588,22.51542911134083,12600
2024-03-28,21.984146118164062,22.075747076418338,21.709344990544196,21.71850351394096,11300
2024-04-01,22.634511947631836,22.634511947631836,21.984148396206113,21.984148396206113,15500
2024-04-02,21.984146118164062,22.781072183690412,21.938346512608405,22.67115068435669,6600
2024-04-03,21.700185775756836,22.1673491131533,21.700185775756836,21.98414718773165,6700
2024-04-04,21.800945281982422,22.066587899369214,21.69102552434468,22.066587899369214,10600
2024-04-05,21.526145935058594,22.194830049046047,21.526145935058594,21.755147487559217,5400
2024-04-08,20.985698699951172,22.71694959468804,20.985698699951172,21.791785011347965,26700
2024-04-09,21.00402069091797,21.34294197820513,20.32617636920062,21.34294197820513,15700
2024-04-10,21.068138122558594,21.352099495010485,20.472734568523542,21.352099495010485,8200
2024-04-11,20.976539611816406,21.251342493655635,20.80249796136586,21.06814057242948,4900
2024-04-12,20.793338775634766,20.87577946284717,20.50937563206184,20.87577946284717,6900
2024-04-15,20.829980850219727,21.645225811947036,19.3368915078106,20.454418446695247,21300
2024-04-16,21.058982849121094,21.581106116490037,20.89410144950075,21.45286580440453,13000
2024-04-17,20.976539611816406,21.315462641941888,20.73837781307961,20.73837781307961,9400
2024-04-18,20.50937843322754,20.958221265385163,20.31701796822135,20.958221265385163,17900
2024-04-19,20.518535614013672,20.84829835822616,20.45441546867078,20.84829835822616,2300
2024-04-22,21.159740447998047,21.251341403913944,20.637617270563226,20.637617270563226,6500
2024-04-23,20.600975036621094,21.471181448415717,20.600975036621094,21.452860908829074,13900
2024-04-24,20.518535614013672,21.07729987567529,20.445255198315667,20.701737526830147,8900
2024-04-25,19.69413185119629,20.5643383760366,19.465130318042842,20.243735880193164,9600
2024-04-26,20.014734268188477,20.243735800439733,19.923133305859366,19.968932913452402,7600
2024-04-29,20.133813858032227,20.50937622297926,20.014733832596118,20.197934006124207,19300
2024-04-30,21.022340774536133,21.022340774536133,19.932293022152745,20.37197553252583,26100
2024-05-02,21.480344772338867,21.51698410957881,20.399457243042956,21.013181429313867,15000
2024-05-03,23.816158294677734,23.825318565217458,21.51698280349592,21.526143074035645,27000
2024-05-06,23.916919708251953,24.063480543733927,23.119993636568616,23.81615847867948,20800
2024-05-07,27.480182647705078,27.754983775324945,23.971879399567115,23.98103967010684,39800
2024-05-08,27.571786880493164,28.5335926885335,27.205384751103665,27.892389398887666,35300
2024-05-09,26.243576049804688,27.37026320365115,26.243576049804688,27.361104679566655,20900
2024-05-10,25.877174377441406,26.564179006931003,25.37337168133962,25.64817283427821,26100
2024-05-13,25.977933883666992,26.582497777542365,25.4100093257407,25.4100093257407,19100
2024-05-14,24.631404876708984,25.977935038786036,24.631404876708984,25.977935038786036,8000
2024-05-15,23.733718872070312,24.961167235534077,23.623799114020365,24.73216570126312,35300
2024-05-16,24.072641372680664,24.475682806032673,23.81615903106692,23.898599721330516,10600
2024-05-17,24.127601623535156,24.40240276390076,23.816159399311182,24.081802015855235,20700
2024-05-20,24.27416229248047,24.686365747247727,24.136761723272393,24.686365747247727,10600
2024-05-21,24.384084701538086,24.732166272932698,24.274163193804313,24.686366663877095,16400
2024-05-22,24.36576271057129,24.466522193932317,24.1367611846207,24.393241775513847,10700
2024-05-23,25.73977279663086,26.362657249273305,24.32912250715908,24.429883741305083,31400
2024-05-24,24.448205947875977,25.730614277433713,24.429885404576098,25.730614277433713,30300
2024-05-27,24.64056396484375,24.732164925106076,24.484842856540695,24.723004654365543,2500
2024-05-28,24.008520126342773,24.915367743772265,24.008520126342773,24.63140458200854,14000
2024-05-29,24.36576271057129,24.686365196330712,23.63295677924361,24.008519142031137,16000
2024-05-31,24.631404876708984,24.631404876708984,23.706238453211995,24.35660372987122,8900
2024-06-03,24.090959548950195,24.686364907161714,23.816158419885628,24.631403283634423,18100
2024-06-04,23.733718872070312,23.89860025628829,23.7062380589863,23.8161595641793,12100
2024-06-05,23.825319290161133,24.439043457852993,23.6970789929889,23.770359412393464,24600
2024-06-06,24.823766708374023,24.823766708374023,23.77035999829019,23.77035999829019,21000
2024-06-07,25.281768798828125,25.684811973453375,24.42988284327287,24.75964559952471,24800
2024-06-10,25.556570053100586,25.556570053100586,25.171847418015503,25.29092919040586,7400
2024-06-11,25.48328971862793,26.170294301612405,25.373369963750495,25.45581065348007,7600
2024-06-12,24.42072296142578,26.005413125947587,24.329122000214742,25.483289918330588,20600
2024-06-13,24.164241790771484,24.622244871884345,24.164241790771484,24.439044687725062,11000
2024-06-14,24.18256187438965,24.58560506732001,24.18256187438965,24.27416283830242,4400
2024-06-17,24.01767921447754,24.51232334507651,23.99936042038137,24.18256059134386,3600
2024-06-18,24.18256187438965,25.22681006756636,24.02684075988085,24.02684075988085,19200
2024-06-19,23.770360946655273,24.457365578094524,23.715399318197083,24.191722948642646,12500
2024-06-20,23.632959365844727,24.36576537737721,23.284877777045605,24.08180394331925,16700
2024-06-21,23.99936294555664,25.63901312183578,23.541359849245584,24.01768174158028,31200
2024-06-24,25.00696563720703,25.00696563720703,24.008518856178817,24.411562026253144,11700
2024-06-25,24.210041046142578,25.10772658790537,24.210041046142578,25.10772658790537,9200
2024-06-26,24.548961639404297,24.548961639404297,24.21004037656713,24.21004037656713,4200
2024-06-27,25.419170379638672,25.419170379638672,24.613085745351636,24.613085745351636,10600
2024-06-28,25.32756996154785,25.419170926929368,24.87872715303582,25.419170926929368,3700
2024-07-01,25.877174377441406,25.877174377441406,25.41917129111501,25.64817283427821,9600
2024-07-02,26.564176559448242,26.564176559448242,25.877171993255615,25.877171993255615,6300
2024-07-03,25.85885238647461,26.509217641149455,25.483290016491413,26.161134336635307,8200
2024-07-04,26.197776794433594,26.197776794433594,25.602373133748465,25.95961498073092,6400
2024-07-05,25.932132720947266,26.19777533389392,25.446650596399685,26.19777533389392,9300
2024-07-08,26.01457405090332,26.280216670380447,25.831373871017803,26.280216670380447,3500
2024-07-09,27.113784790039062,27.113784790039062,26.014576613859724,26.014576613859724,3800
2024-07-10,26.976381301879883,27.25118244278181,26.729059226782322,27.02218090964919,5100
2024-07-11,27.461862564086914,27.461862564086914,26.81149906921939,27.324461997988156,7900
2024-07-12,27.159582138061523,27.2420228317579,26.9122600569724,27.22370228934913,6400
2024-07-15,27.077138900756836,27.361102039988193,26.78401723832453,26.95805888057231,3800
2024-07-16,26.91225814819336,26.96721977152146,26.280215204206886,26.958059500966776,2600
2024-07-17,27.296981811523438,27.296981811523438,26.820659954607244,26.912259169343763,8400
2024-07-18,27.89238739013672,27.89238739013672,27.333623091094278,27.425224053630537,9500
2024-07-19,28.396188735961914,28.964113279424055,27.296980731196527,27.700023899229564,6700
2024-07-22,28.469472885131836,28.670993621993745,28.02979032444593,28.396192458350853,4700
2024-07-23,28.075586318969727,28.478629487911853,28.06642604840934,28.06642604840934,1600
2024-07-24,29.22975730895996,30.667886744067896,28.52443212513532,28.52443212513532,19300
2024-07-25,31.244972229003906,31.886177271717607,29.614482301369208,29.614482301369208,24700
2024-07-26,30.915205001831055,32.243414508174304,30.86940539698181,31.144206520363138,42800
2024-07-29,32.509063720703125,32.509063720703125,31.153371380271334,31.153371380271334,27600
2024-07-30,30.58890151977539,31.985313595379512,30.19262504371253,31.985313595379512,25500
2024-07-31,29.53215980529785,31.211626972742305,29.334021572940657,31.211626972742305,18400
2024-08-01,30.286975860595703,30.475680488857023,28.918873604373616,29.890699380564207,22200
2024-08-02,32.174015045166016,32.174015045166016,29.720865667834943,30.35302203535618,19800
2024-08-05,32.03248977661133,32.12684029289931,30.20205952699603,32.11740668096711,9200
2024-08-06,33.400596618652344,33.400596618652344,31.749437252461036,31.9758799499633,19700
2024-08-07,34.45733642578125,34.90079179213661,33.51381682025353,33.51381682025353,22500
2024-08-08,33.49494934082031,34.61773648778547,33.36285715873524,34.447902653892655,15600
2024-08-09,34.53281021118164,34.53281021118164,33.4005897577588,33.95726637369615,10000
2024-08-12,34.30636978149414,34.53281244714421,33.96670218377776,34.53281244714421,17500
2024-08-13,33.77800369262695,34.485643449871546,33.77800369262695,34.485643449871546,13900
2024-08-14,35.01401138305664,35.81600156788447,33.96670409750494,33.97613770942132,20400
2024-08-15,34.636600494384766,35.749953808820365,34.32524092637687,35.749953808820365,10000
2024-08-16,34.570556640625,34.636602722913715,33.98557551210717,34.41959365264486,29300
2024-08-19,34.627166748046875,34.63660035948376,33.995006804536956,34.16484060433118,22000
2024-08-20,35.25932693481445,35.25932693481445,34.43846587918056,34.52338278833177,17100
2024-08-21,35.99527359008789,36.03301163804609,34.81587410940666,35.18384617150055,12200
2024-08-22,35.52351379394531,36.09905771709213,35.52351379394531,36.04244884554021,6900
2024-08-23,36.6651725769043,36.96709856380615,35.74052379211219,35.84431152496751,18700
2024-08-26,36.71234893798828,37.46716392786921,36.59912758931659,36.65573646403154,13100
2024-08-27,37.22184753417969,37.22184753417969,36.457595391314385,36.79726301036563,3700
2024-08-28,37.44828796386719,37.44828796386719,36.608556177915645,36.608556177915645,15600
2024-08-29,36.325504302978516,37.08031925695832,36.12736605241662,36.835005746630486,26200
2024-08-30,36.797264099121094,37.21241142399958,36.325504302978516,36.325504302978516,14800
2024-09-02,37.22184753417969,37.22184753417969,35.85374344599728,36.042448078719254,14900
2024-09-03,37.363372802734375,37.74078206306157,36.79726251148503,37.146363737780746,16600
2024-09-04,36.95766067504883,37.71247922771625,36.95766067504883,37.36337438737301,8800
2024-09-05,37.06144332885742,37.31619401559746,36.419849806528674,36.806692642117376,6700
2024-09-06,36.967098236083984,37.02371070784182,36.42929235173025,37.01427349626136,10100
2024-09-09,38.66543197631836,38.87300743578211,37.06144796964754,37.06144796964754,29600
2024-09-10,37.787960052490234,38.29746151099146,37.787960052490234,38.24084903807742,5600
2024-09-11,38.401248931884766,38.401248931884766,37.79739695602625,38.08045211980472,10300
2024-09-12,38.21254348754883,38.51446946914075,37.98609720173408,38.36350647834479,6100
2024-09-13,39.533470153808594,39.62782066808366,38.22197497024018,38.22197497024018,13900
2024-09-16,39.13719177246094,40.28828681258206,39.080579301896414,39.53347186792951,13400
2024-09-17,38.68429946899414,39.80708637736736,38.64655782520649,39.10888396350209,14500
2024-09-18,39.618385314941406,39.627818926257696,38.68429942801347,38.71260386120359,22700
2024-09-19,39.439117431640625,39.599517630656585,39.29759165523522,39.35420052610077,13400
2024-09-20,39.21267318725586,39.7787834688037,39.08057742893606,39.62782048710819,16300
2024-09-23,39.06171417236328,40.33546423481875,38.92961840062887,39.21267716938942,23000
2024-09-24,39.608951568603516,39.89200672298469,39.34476723774663,39.69386847484203,17300
2024-09-25,39.4013786315918,39.83540040195375,39.29759449442621,39.590083279674154,23100
2024-09-26,39.14662551879883,39.816523497929694,38.788087102109124,39.42968064808386,22200
2024-09-27,37.92948913574219,39.2409808210101,37.83513501496361,39.2409808210101,43700
2024-09-30,36.910484313964844,37.74078253757921,36.74065050460642,37.74078253757921,22700
2024-10-01,35.429161071777344,36.646302247478104,35.429161071777344,36.646302247478104,36900
2024-10-02,37.080318450927734,37.70304122432989,35.75939320998699,35.75939320998699,40200
2024-10-03,36.702911376953125,37.174671144784185,36.53307757259463,37.099187854295344,16100
2024-10-04,36.71234893798828,37.45773031516397,36.3255060307217,36.86331193596447,25400
2024-10-07,37.22184753417969,37.6275612347974,36.7029124936254,36.71234610560282,26800
2024-10-08,36.93879699707031,37.136935266510186,36.68404625097249,37.09919361540489,16000
2024-10-09,36.77839279174805,36.93879299193298,36.10849475385241,36.93879299193298,23700
2024-10-10,36.882179260253906,37.55207727524286,36.77839153413758,36.77839153413758,38200
2024-10-11,37.344505310058594,37.457726647644684,36.80669585823144,36.88217914944979,17400
2024-10-14,37.26902389526367,37.32563636652776,37.08031925695832,37.32563636652776,15800
2024-10-15,33.966705322265625,37.401116062304936,33.966705322265625,37.099190080713015,50400
2024-10-16,36.608558654785156,36.608558654785156,33.96670457440218,33.96670457440218,51800
2024-10-17,37.74078369140625,38.561644728906685,36.13679966467316,36.62743028457044,33200
2024-10-18,37.193538665771484,38.13705820898324,36.853874653578046,37.74078172847018,37200
2024-10-21,36.8916130065918,37.36337278211978,36.334936327499115,37.25958865486644,23700
2024-10-22,35.5706901550293,36.72178163621658,35.5706901550293,36.41985564778303,21500
2024-10-23,36.2122802734375,36.2122802734375,34.45733338609175,35.74052051229042,42900
2024-10-24,37.39168167114258,37.96722918632595,35.72165159567724,36.18397417069103,29800
2024-10-25,38.75034713745117,39.20323608377905,36.58025291991455,37.18410484835172,32100
2024-10-28,38.3068962097168,40.807224712737316,37.59925647481384,39.15606533129708,56700
2024-10-29,37.0520133972168,40.13732277734468,37.0520133972168,38.108754292183065,54100
2024-10-30,39.882572174072266,39.882572174072266,37.25015174175098,37.259588952912246,22900
2024-10-31,40.090152740478516,40.6940047591011,39.665568165121414,39.854272820751454,17200
2024-11-01,41.39220428466797,41.39220428466797,39.4485561915002,40.090149814266745,15600
2024-11-04,40.17506790161133,41.373334674178714,39.29759435059549,40.94875371659964,35900
2024-11-05,40.3920783996582,42.12815473777022,39.86370608832258,39.86370608832258,57400
2024-11-06,38.14649963378906,40.36376936556765,37.92949054678773,39.15606536860656,100000
2024-11-07,37.1463623046875,39.495727481141664,36.53307677936795,38.84469671215585,38600
2024-11-08,36.5047721862793,37.59925478304696,36.13680011656524,37.136932192621174,32300
2024-11-11,34.721519470214844,35.85374367452173,34.71208585817729,35.85374367452173,54400
2024-11-12,37.73134994506836,37.73134994506836,34.919658402717545,35.30650129021012,24600
2024-11-13,36.608558654785156,37.533207402957125,35.7971312474069,37.18410616928561,22000
2024-11-14,35.25932693481445,36.68404356621343,34.89135486157311,36.68404356621343,20400
2024-11-18,37.83513641357422,37.976665800353004,35.85374659412209,35.85374659412209,26100
2024-11-19,37.28789520263672,38.57108244066593,36.91992313275162,37.835134701654084,27800
2024-11-21,37.02370834350586,38.486162911062046,37.02370834350586,38.03327396364576,16300
2024-11-22,38.448421478271484,38.448421478271484,36.957658868778694,36.957658868778694,13600
2024-11-25,37.85400390625,39.524033966719465,37.85400390625,38.43898862748213,21100
2024-11-26,38.731475830078125,38.731475830078125,37.01427058035931,37.863439593623056,16100
2024-11-27,38.495601654052734,39.137195314890434,38.0144082080454,38.99566952453152,18800
2024-11-28,37.12749481201172,38.49559895155451,36.84443965192326,38.49559895155451,23100
2024-11-29,37.457725524902344,38.655995742766436,36.32550138525396,36.98596576665229,24300
2024-12-02,35.627296447753906,37.25958842849624,35.52351232113111,37.25958842849624,32400
2024-12-03,36.061317443847656,36.080188266281,35.627295726363485,35.78769591742622,11400
2024-12-04,36.04244613647461,36.551947537595616,35.36311093497993,36.31606765921455,20900
2024-12-05,37.74078369140625,38.03327606074163,36.01414110988844,36.410421210253844,27700
2024-12-06,37.32563781738281,38.297461883454204,36.76896109232677,36.98597017507855,29000
2024-12-09,36.589683532714844,37.93891664940078,36.589683532714844,37.32563115951515,25000
2024-12-10,37.184104919433594,37.74078159188353,36.636865457956816,36.82556648652311,24600
2024-12-11,37.95779037475586,38.09931974438032,36.684040445101246,37.17467103409362,32000
2024-12-12,36.49533462524414,37.50490020444332,36.36324247084294,37.50490020444332,26600
2024-12-13,35.042320251464844,36.863313517238694,34.77813589348462,36.32550758892641,43400
2024-12-16,35.12723159790039,36.20284328401432,34.410158340238226,35.27819457842092,18000
2024-12-17,34.919654846191406,35.636731676321794,33.966701742093264,35.57068559976258,29100
2024-12-18,34.91022491455078,35.32537223942927,34.16484357282752,34.919658526807325,47500
2024-12-19,35.6650390625,36.01414029596816,35.240454535718975,35.29706700570362,23300
2024-12-20,35.74995803833008,35.88205021003623,35.34424431138019,35.88205021003623,19900
2024-12-23,35.63002014160156,37.66463081474983,35.2406232262964,37.66463081474983,41200
2024-12-26,37.022125244140625,37.771719099002674,35.33797426384013,35.63002290133966,38600
2024-12-27,36.535377502441406,37.32391219237613,36.535377502441406,37.04159689076493,10400
2024-12-30,36.798221588134766,37.67437122430938,36.097305592795024,36.73981408812309,18400
2025-01-02,36.2141227722168,37.080535312617506,35.81498878011311,36.89557204774987,11200
2025-01-03,37.75224685668945,37.75224685668945,35.99995140340439,36.50617075010447,14600
2025-01-06,36.4088249206543,38.26820586198354,36.4088249206543,37.76198648088867,18100
2025-01-07,37.17788314819336,37.479668831524926,36.38935223259758,36.38935223259758,8700
2025-01-08,36.32120895385742,37.6646334178679,36.32120895385742,37.469936803559044,10600
2025-01-09,36.652198791503906,36.79822125380636,35.5521450835458,35.5521450835458,12200
2025-01-10,36.22385787963867,36.98318880696416,35.99995379645294,36.311472843806996,9000
2025-01-13,36.798221588134766,37.30444096530233,35.74684573832518,35.86366445194847,21700
2025-01-14,36.06809997558594,36.876105094043666,35.776051319777174,36.82743093700889,18200
2025-01-15,36.652198791503906,37.236296067913564,35.79551956764981,35.79551956764981,16000
2025-01-16,35.92207717895508,37.187623818391415,35.80525474681011,36.66193401453936,11200
2025-01-17,36.23359680175781,36.992924054524956,36.048629804781086,36.13624477345423,9300
2025-01-20,35.045928955078125,36.739817155224344,34.72467282379512,36.204390269752665,29100
2025-01-21,36.11676788330078,36.11676788330078,34.55917284609948,35.04592175942482,28000
2025-01-22,35.63002014160156,37.23629309383426,35.63002014160156,36.11676907093273,26300
2025-01-23,36.86636734008789,36.86636734008789,35.153012534974565,36.214125478186816,24000
2025-01-24,37.080535888671875,37.080535888671875,36.04862675748515,36.885835562123454,12800
2025-01-27,36.973453521728516,37.65490286310975,36.4282933059035,36.99292392732228,23000
2025-01-28,37.1097412109375,37.40178985633984,36.21412486989032,36.21412486989032,13200
2025-01-29,36.72034454345703,38.102709875569765,36.72034454345703,36.90530782049183,15500
2025-01-30,36.72034454345703,37.469938424492824,36.36014762148397,37.09027109752662,14400
2025-01-31,37.13895034790039,37.67437350752251,36.65220134577116,36.983190815763045,15100
2025-02-03,37.81066131591797,37.82039466163719,36.769018784759574,37.47967185746389,9200
2025-02-04,37.878807067871094,38.1416519737558,36.50617503509551,37.635432567637125,22300
2025-02-05,36.944252014160156,38.11245042554236,36.74955165999639,38.11245042554236,18200
2025-02-06,36.71060562133789,37.869070521245085,36.506171949683626,37.684103539996116,21100
2025-02-07,36.85663604736328,37.33364800293101,36.710609857275045,36.97345477127371,12200
2025-02-10,37.73779296875,37.796238382966386,36.510387246057995,36.88055763880755,28300
2025-02-11,37.503997802734375,37.79623600344972,36.83184956948805,37.79623600344972,12900
2025-02-12,37.29943084716797,37.4942575499173,36.90977744166931,37.4260650453463,11300
2025-02-13,37.211761474609375,37.211761474609375,36.97796867266585,37.11434625879519,7000
2025-02-14,37.581932067871094,37.581932067871094,36.958485831288,37.21176167777719,8900
2025-02-17,37.591670989990234,37.79623736626598,37.10460606589915,37.698825867851944,16400
2025-02-18,36.70521545410156,37.620896235430365,36.63702665740743,37.620896235430365,11700
2025-02-19,37.503997802734375,37.503997802734375,36.14995795714536,36.637022863674375,14500
2025-02-20,37.503997802734375,37.503997802734375,36.607800158405944,37.49425813964834,12600
2025-02-21,37.494258880615234,37.698825253557615,37.21176033740315,37.50399854389374,14600
2025-02-24,37.2020149230957,37.659857108359425,36.15969635682272,36.52986671333403,18800
2025-02-25,36.80262756347656,37.484519257626836,36.5785781255149,37.40659079555837,9000
2025-02-26,37.01693344116211,37.60140985119735,36.65650644550739,37.60140985119735,11800
2025-02-27,36.67599105834961,37.611154840851505,36.52987009157907,37.34813933027087,9300
2025-02-28,36.539608001708984,37.39684328586939,36.52986833852994,37.39684328586939,12000
2025-03-05,36.08177185058594,37.065641399891454,35.84797904302241,36.5298707060712,5700
2025-03-06,36.442195892333984,37.465031445390224,36.2376295249248,36.2376295249248,12300
2025-03-07,36.80262756347656,37.114348843771985,36.442200529887,36.48116661892662,9300
2025-03-10,36.062286376953125,37.260465609453526,35.96487116536141,37.260465609453526,8700
2025-03-11,36.33504104614258,36.510384708626674,35.935647974042205,36.062285889394126,8100
2025-03-12,35.76030349731445,36.72469361901832,35.76030349731445,36.23762872676611,16200
2025-03-13,36.529869079589844,36.695469369065634,35.760305612470646,35.77004899185772,12900
2025-03-14,36.23762893676758,36.919520533074355,35.98435311036294,36.47141800543775,14800
2025-03-17,36.4129753112793,36.812368406379555,36.14021642281314,36.14021642281314,9300
2025-03-18,36.91952133178711,36.91952133178711,35.89668205719383,36.06228605742725,11500
2025-03-19,37.09486389160156,37.16305267907794,36.04280194309129,37.16305267907794,11600
2025-03-20,36.85133361816406,37.07538303536547,36.43245748982782,36.529868987390024,9500
2025-03-21,36.72469711303711,37.00719566926299,36.5298703943982,36.63702527545013,8400
2025-03-24,36.14021301269531,36.685727022143496,36.04280152201286,36.50064370344277,7300
2025-03-25,36.286338806152344,36.432459777682055,36.14996121459697,36.27659914218868,11700
2025-03-26,36.03306579589844,36.5883195286713,35.93565057856337,36.52987039827026,12500
2025-03-27,36.14021301269531,36.14021301269531,35.84797482463778,35.916163611317536,5600
2025-03-28,36.247371673583984,36.247371673583984,35.867461617768996,36.10125442227621,10500
2025-03-31,34.58161163330078,35.847979766811065,34.58161163330078,35.7116021746499,12900
2025-04-01,34.41600799560547,34.698502816539715,33.69515030064524,34.18221520599367,19300
2025-04-02,33.9776496887207,34.6985036857278,33.89971751822782,34.6985036857278,11500
2025-04-03,34.49393844604492,34.85436545639602,34.09454534916654,34.66928211940719,10100
2025-04-04,33.58799743652344,35.05893561964977,33.013260665184575,34.44523276170916,16800
2025-04-07,32.05861282348633,34.27962766524871,31.756631235909165,33.587996372034695,14200
2025-04-08,32.750247955322266,33.315245111332494,32.185254515322896,32.185254515322896,14200
2025-04-09,32.19498825073242,33.12041227817766,32.078093718468764,32.75998530269211,13600
2025-04-10,31.893014907836914,33.12041696013851,31.65922209425005,33.12041696013851,12200
2025-04-11,31.493619918823242,32.87688252585569,31.493619918823242,32.87688252585569,14300
2025-04-14,31.02603530883789,31.591030533217754,30.49026279009505,31.542324785152584,14800
2025-04-15,32.52619552612305,32.730761905479795,30.587677322004833,31.269567111199258,18500
2025-04-16,32.30214309692383,32.51645283592719,32.05861065387826,32.341109179653564,9200
2025-04-17,32.4580078125,32.61386844709982,32.15602620720819,32.29240751399235,10000
2025-04-22,33.21782684326172,33.21782684326172,32.5359389119421,32.5359389119421,10800
2025-04-23,32.72102355957031,32.94507299112786,32.2534416524923,32.467751420073725,16800
2025-04-24,32.24369812011719,32.81843490826962,32.14628661677365,32.458007886685756,14900
2025-04-25,33.7828254699707,33.7828254699707,31.97094324850002,31.97094324850002,12000
2025-04-28,35.058937072753906,35.058937072753906,33.21782842262277,33.25679451083957,9900
2025-04-29,33.9289436340332,35.05893408391142,33.9289436340332,34.76669216321036,11900
2025-04-30,34.36730194091797,34.688766594016755,33.80230852700135,34.318596188754405,10900
2025-05-02,34.1140251159668,34.37704060074902,33.110672638324004,34.37704060074902,20100
2025-05-05,34.377044677734375,34.97126450463934,33.52954899870075,34.57187139875396,13600
2025-05-06,33.324981689453125,34.77643681897687,33.324981689453125,34.34781730142087,17200
2025-05-07,32.00016403198242,33.99713319391386,32.00016403198242,33.65618551738413,17500
2025-05-08,32.22421646118164,33.07170837019759,32.11706158564886,32.37033370562693,15700
2025-05-09,33.315242767333984,34.7569545493576,32.25344104540983,32.25344104540983,22800
2025-05-12,33.558773040771484,34.240664657944485,33.35420667042269,33.45161816601439,10800
2025-05-13,34.289371490478516,34.289371490478516,33.42239651785054,33.42239651785054,7100
2025-05-14,37.650123596191406,38.13718856527015,35.61419187680181,35.61419187680181,37200
2025-05-15,36.47142028808594,37.33839897702956,36.14995936954252,36.94874555017826,17700
2025-05-16,37.591670989990234,38.078735914081314,36.47142017817655,36.47142017817655,22100
2025-05-19,40.7186279296875,41.30310808282814,37.085123950970534,37.87417048550564,24300
2025-05-20,39.06260681152344,40.92319473891897,38.53657949901117,40.91345507513622,21000
2025-05-21,38.61450958251953,39.24769551935529,38.61450958251953,39.06260845559767,11100
2025-05-22,38.48786926269531,39.29639883289325,38.41968046954736,38.58528447862848,17600
2025-05-23,38.44890594482422,38.458645608172255,37.61115368849658,38.35149073129168,8500
2025-05-26,38.49761199951172,38.60476687724381,37.874169491990955,38.390457121779626,11400
2025-05-27,38.945709228515625,39.578895089316546,38.13718342122662,38.254077957555445,11100
2025-05-28,38.96519470214844,39.140538375588946,37.991064834594724,37.991064834594724,8900
2025-05-29,38.322269439697266,39.42303723917601,38.29304673256412,38.47813007109164,10500
2025-05-30,38.565799713134766,39.41329161584737,38.185889677988094,39.28665741480538,14800
2025-06-02,38.283302307128906,38.94571090146381,38.20537385156563,38.565800855068005,10100
2025-06-03,37.95209884643555,38.77036808594233,37.65012096495781,38.57554136872442,9300
2025-06-04,38.38071823120117,38.88726249175389,37.48451682158601,37.991064798149274,14900
2025-06-05,37.99106216430664,38.5170931476549,37.513736927710575,38.5170931476549,10200
2025-06-06,38.653472900390625,38.75088439937733,37.805980967972715,37.991064302451655,7400
2025-06-09,37.31891632080078,38.60476744031996,37.01693472606124,38.60476744031996,12300
2025-06-10,37.46503448486328,38.137186483753,36.91952412751581,37.991065514600294,9800
2025-06-11,39.812686920166016,39.812686920166016,36.568836371234816,36.568836371234816,17100
2025-06-12,38.96519470214844,39.549671136276444,38.40019759528222,39.549671136276444,10300
2025-06-13,39.5496711730957,39.64708638954809,38.57554130463512,39.63734300989758,6800
2025-06-16,40.4263916015625,40.46535769012947,39.072351609951404,39.54967318885926,13900
2025-06-17,40.68940353393555,40.68940353393555,39.257431491583084,40.43612769661627,11700
2025-06-18,40.913455963134766,41.26414332309477,39.08209070334955,41.26414332309477,12900
2025-06-20,38.96519470214844,40.90371477362496,38.52683551854716,40.90371477362496,14500
2025-06-23,39.4522590637207,40.202339496779366,38.59502375222359,38.9651941370081,12700
2025-06-24,38.96519470214844,39.919841526429806,38.60476769163652,39.919841526429806,4700
2025-06-25,37.51374053955078,40.51406239328922,37.51374053955078,39.0723505977563,11900
2025-06-26,37.542964935302734,39.38406973882461,37.53322155593433,37.562447978029105,12200
2025-06-27,38.97493362426758,39.43277584243059,37.51373885073676,37.51373885073676,14700
2025-06-30,39.3938102722168,39.6470861172429,37.991064609031724,37.991064609031724,11200
2025-07-01,38.91648864746094,39.83216937803265,38.4878691308444,39.40355357742663,12000
2025-07-02,39.44252014160156,39.44252014160156,38.341752346057866,38.96519486940668,11500
2025-07-03,39.1113166809082,39.4522606569716,38.57554226707909,39.43277761319503,7700
2025-07-04,38.47813034057617,39.481482929953884,38.47813034057617,39.481482929953884,8900
2025-07-07,38.29304504394531,38.90674416274228,38.11770137685749,38.47812837431116,9300
2025-07-08,38.54631805419922,38.94571114599617,37.99106433428664,37.99106433428664,7300
2025-07-09,38.185890197753906,39.01389906942038,37.844942526589165,39.01389906942038,11100
2025-07-10,38.185890197753906,38.741143905296916,37.601410068333095,38.1566637758761,6600
2025-07-11,38.14692687988281,38.468391531785834,38.03003233192293,38.185892967873,7900
2025-07-14,37.52348327636719,38.53657923943672,37.45529448231545,38.137186138843425,10400
2025-07-15,37.84494400024414,38.84830029421621,37.49426036814878,38.624250869817544,8300
2025-07-16,37.79623794555664,38.848299981403024,37.6598603592826,37.84494369551015,10100
2025-07-17,37.79623794555664,38.37097471343334,37.50399972982505,38.08847616128824,10400
2025-07-18,37.61115264892578,38.08847417600554,37.172793490171685,37.503997775006965,7700
2025-07-21,37.38710403442383,38.11770140924028,36.529868740822934,38.11770140924028,14400
2025-07-22,37.90339279174805,37.90339279174805,37.10460660197881,37.38710515387563,6900
2025-07-23,38.47813034057617,38.93597257425832,37.26046798802629,37.26046798802629,5800
2025-07-24,37.542964935302734,38.46838902674787,37.01693392972207,38.46838902674787,12200
2025-07-25,38.11770248413086,38.32226886300559,37.37736170914063,37.39684475227306,7700
2025-07-28,37.99106216430664,38.47812706384904,37.02667202816818,37.513736927710575,9700
2025-07-29,36.822105407714844,38.46838713503679,36.61753904316332,37.991061901739656,20400
2025-07-30,37.406585693359375,37.49425752373484,36.35452372885383,36.35452372885383,7400
2025-07-31,37.689083099365234,37.815721022164716,36.75391932179334,37.40658826298096,9100
2025-08-01,40.4263916015625,40.4263916015625,37.01693688817771,37.60141335263938,17900
2025-08-04,37.80598068237305,39.79320274516729,37.80598068237305,38.91648811287848,21600
2025-08-05,37.84494400024414,39.01390058859369,37.84494400024414,38.107959511323585,12600
2025-08-06,37.942359924316406,40.71862862189613,37.90339383690917,38.47813062012873,38100
2025-08-07,38.9554557800293,38.9554557800293,37.805982217155005,37.805982217155005,8300
2025-08-08,40.855003356933594,40.884229778452045,39.160019549278196,39.160019549278196,14100
2025-08-11,40.913455963134766,40.913455963134766,40.16337549122268,40.84526716714373,10800
2025-08-12,40.84526443481445,41.10827993719013,40.62121501783008,40.903713562901416,11300
2025-08-13,40.913455963134766,40.99138813913063,40.39716830319958,40.75759532715373,14600
2025-08-14,40.6212158203125,40.913454034499686,40.39716639890198,40.913454034499686,9300
2025-08-15,41.8388786315918,42.35516627322154,40.35820078426535,40.367940447914165,17900
2025-08-18,41.40052032470703,42.62792235105367,41.06931601346895,41.79017376710852,15000
2025-08-19,39.96854782104492,41.420002978515875,39.43277712979438,41.420002978515875,12500
2025-08-20,40.03673553466797,40.90371422664608,39.74449732151187,40.708887512538524,16500
2025-08-21,40.855003356933594,41.663532892087304,40.855003356933594,40.91345248396013,21400
2025-08-22,41.09853744506836,41.20569232420249,40.182856714667594,40.91345410947974,24800
2025-08-25,41.5953483581543,41.790175085501424,40.932939714780524,41.29336674496572,10900
2025-08-26,43.96248245239258,45.355488475776475,41.15698736213564,41.88758477093094,52200
2025-08-27,43.86506652832031,44.13782541676386,43.348778890211946,44.128082037170955,21900
2025-08-28,45.2191047668457,46.25168372079993,43.485154864630275,43.485154864630275,35500
2025-08-29,44.28394317626953,45.29703913698221,44.2547204691755,45.18988425629002,18100
2025-09-01,45.560054779052734,46.11530851148933,44.39109818381389,44.44954731417953,22100
2025-09-02,45.394447326660156,45.95944439600127,45.18014129691896,45.40419070565448,12900
2025-09-03,46.55366516113281,46.74849186905257,45.18988192170488,46.22246087247234,29200
2025-09-04,46.32961654663086,46.55366596399892,45.92048008134235,46.55366596399892,24900
2025-09-05,47.829776763916016,48.21943021162636,45.79384511745137,45.79384511745137,20700
2025-09-08,47.829776763916016,48.01486382378324,47.24530030836118,47.99538077979665,20000
2025-09-09,48.33632278442383,48.667527086640796,47.53753659366711,47.72262364597133,25500
2025-09-10,47.67391586303711,49.2714920169608,47.537538271899756,48.33632449085627,25100
2025-09-11,46.90435791015625,48.40451518759921,46.806942686938655,47.985639017790554,16900
2025-09-12,48.433738708496094,48.70649388512943,47.14788756720952,47.14788756720952,18200
2025-09-15,49.135108947753906,49.16433537052856,47.391419317301036,48.40451155056639,14800
2025-09-16,48.60908126831055,50.01182692224907,48.219427839766816,49.83648325100545,20300
2025-09-17,49.27149200439453,49.69036444163359,48.05382963239202,48.45322274176842,26000
2025-09-18,48.85261154174805,49.56372585834727,48.53114692021138,49.38838219496551,12300
2025-09-19,48.8818359375,49.14485144166875,48.33632188633403,49.14485144166875,12400
2025-09-22,49.48579788208008,49.77803610713749,48.42399614876332,49.164336949320116,24300
2025-09-23,49.544246673583984,50.157949543201525,48.94028718380755,48.94028718380755,15100
2025-09-24,51.58991622924805,51.58991622924805,48.423994200480216,48.43373757999615,16800
2025-09-25,52.59326934814453,52.83680179726983,50.674232459913874,50.8593157834854,20800
2025-09-26,53.84015655517578,54.55127089050576,52.71990575584158,52.71990575584158,33500
2025-09-29,53.304386138916016,53.84015680876922,52.271807168718404,53.09981604794515,20300
2025-09-30,52.710166931152344,53.830414032299686,52.59327238929577,53.304386735939865,16700
2025-10-01,52.06724166870117,52.7101672265309,51.258712102637006,52.612752011095786,21500
2025-10-02,51.62887954711914,52.26206540532755,50.946987941974,51.92111774474983,16400
2025-10-03,51.151554107666016,52.22309911611396,50.674232587147706,51.541207513648956,19000
2025-10-06,51.2294921875,51.716557143184154,50.55734388641972,51.04440884210388,15900
2025-10-07,49.826744079589844,51.14181791089434,49.49553977685982,51.14181791089434,15300
2025-10-08,49.76829528808594,50.65475332259086,49.68062345100257,50.02156741965425,12700
2025-10-09,48.31684112548828,49.768296298672475,48.31684112548828,49.768296298672475,10700
2025-10-10,49.086402893066406,50.63526951412851,48.69675317992512,48.69675317992512,25200
2025-10-13,49.14485168457031,49.87544907220215,48.58959796725096,48.76494163756344,18300
2025-10-14,47.732364654541016,48.87209484321944,47.732364654541016,48.87209484321944,20800
2025-10-15,47.634952545166016,48.64804479464035,47.48883157698644,47.751847090103325,21900
2025-10-16,47.75184631347656,48.36554916743482,47.51805351139372,47.86874085651272,12000
2025-10-17,48.46295928955078,48.60908025119982,47.751844955946964,47.751844955946964,10200
2025-10-20,50.84958267211914,50.84958267211914,48.22917080366562,48.22917080366562,10600
2025-10-21,52.01853561401367,52.68094421104684,49.82674344571552,50.070275908859756,16300
2025-10-22,52.79783630371094,53.54791670132206,51.093109140779376,53.54791670132206,9500
2025-10-23,51.716556549072266,53.372578122576414,51.35612952648952,53.372578122576414,9500
2025-10-24,52.70042419433594,52.99266612655697,51.79448312287601,52.99266612655697,5800
2025-10-27,53.37257385253906,53.47972872754746,52.106205826825175,52.700421896944725,8900
2025-10-28,53.362831115722656,53.53817478311799,52.895249241338576,53.51869174051735,9500
2025-10-29,55.213680267333984,56.17806673912663,53.47973032119455,53.52843607055602,17800
2025-10-30,55.5254020690918,55.5254020690918,53.60636505407175,55.21368081089704,11600
2025-10-31,55.54488754272461,55.78842001859625,54.65842947919227,55.51566483474343,9200
2025-11-03,55.5254020690918,56.207293714896785,53.63559147678474,56.15858796505582,28900
2025-11-04,56.06117248535156,56.06117248535156,54.01550127358091,54.746098665786214,18900
2025-11-05,57.21064376831055,57.8633126787312,55.574105376701276,56.0611702857276,28700
2025-11-06,56.98659896850586,57.85357398218296,56.22677883804919,56.83073833364268,16000
2025-11-07,58.399085998535156,58.399085998535156,56.353411057732856,57.56133372224559,15000
2025-11-10,59.42192077636719,60.07458599137341,58.145809336684714,58.145809336684714,17900
2025-11-11,60.81492614746094,61.06819827056222,59.59726384868271,59.59726384868271,15700
2025-11-12,60.39604949951172,61.26302445421724,58.506238965839124,61.26302445421724,15400
2025-11-13,58.93485641479492,59.77260868731897,57.40547283486538,59.733642601152624,19800
2025-11-14,60.86363220214844,60.86363220214844,57.93150300699634,57.93150300699634,19900
2025-11-17,61.038978576660156,61.038978576660156,58.535465064109815,60.19148661537148,14100
2025-11-18,61.49681854248047,61.50655820594718,59.31476604089895,59.56804188315929,14300
2025-11-19,63.32818603515625,63.37688807029375,61.340960173823646,61.496820807104015,13000
2025-11-21,63.318443298339844,63.318443298339844,61.652682066487614,63.318443298339844,11000
2025-11-24,63.80550765991211,64.23412718885145,62.54887921263007,62.75344559725442,13200
2025-11-25,63.376888275146484,63.80550780506087,62.53913597505269,63.80550780506087,11800
2025-11-26,63.2599983215332,63.69835380536893,62.587846309765155,63.376889153478004,17800
2025-11-27,61.11690902709961,63.523007253454026,61.11690902709961,63.513263873892015,21600
2025-11-28,59.90898513793945,61.847505153870216,59.61674692924915,61.847505153870216,11100
2025-12-01,60.57139587402344,64.67248175249429,59.95769301280475,60.32786340547751,33900
2025-12-02,61.662418365478516,61.92543386920931,60.02587993071611,60.39605031181987,15500
2025-12-03,60.66880416870117,61.84750407833739,59.908984096117635,61.37991849335173,21900
2025-12-04,64.58480834960938,64.58480834960938,60.31811509311037,60.31811509311037,22200
2025-12-05,62.841121673583984,66.24083292974773,62.41250214108586,63.56197571567704,22000
2025-12-08,64.80885314941406,66.34797998728338,62.860593587155314,62.860593587155314,23800
2025-12-09,64.44843292236328,65.5491969513573,64.01007004099624,64.61403320927003,13100
2025-12-10,66.85453033447266,67.14677226842055,64.23412603669665,64.44843579732229,23100
2025-12-11,67.4000473022461,68.84175533120201,65.75376546278302,67.16625078510107,19600
2025-12-12,71.98819732666016,71.98819732666016,67.79943600320088,68.58848623465587,39500
2025-12-15,75.49506378173828,75.49506378173828,71.4524233960539,72.76749721423482,63100
2025-12-16,72.9233627319336,74.91058856046112,72.26095412242442,74.57938053969598,24600
2025-12-17,73.15715026855469,73.30327123249874,70.77053510821194,72.58241722426794,19400
2025-12-18,76.46920013427734,76.63480044005492,72.08561541320412,73.5175876112115,51400
2025-12-19,76.95626068115234,78.88504111768069,75.00800091707254,77.4433256221723,86000
2025-12-22,80.70665740966797,80.70665740966797,75.83600810996536,75.98212907536065,33600
2025-12-23,82.80104064941406,82.80104064941406,78.52461102690602,80.7164032793905,29200
2025-12-26,76.28411102294922,77.53099612106281,68.3449581865494,71.00432868411511,132300
2025-12-29,72.52396392822266,76.12824881099215,71.33553176119062,76.12824881099215,54500
2025-12-30,70.50752258300781,73.41043308258665,68.18909599471529,72.67009224510653,102600
2026-01-02,64.95745849609375,69.95418607271634,64.95745849609375,67.96549063205289,46700
2026-01-05,60.96007537841797,67.94549827465356,60.62029775660761,65.94680727863985,45300
2026-01-06,56.81278991699219,62.938778874270746,56.62291564516352,61.95942074575354,87300
2026-01-07,58.54166030883789,59.560989348238735,56.08326751982269,56.822784855682656,47500
2026-01-08,57.49234390258789,59.970720220784884,57.49234390258789,58.97137474672801,44900
2026-01-09,58.96138381958008,59.780846815147356,57.46236558687889,57.46236558687889,28000
2026-01-12,57.48235321044922,59.950737797875526,57.47235762068769,59.06131710692478,36000
2026-01-13,56.06327819824219,60.000701709513905,55.70351703863088,57.46236335257636,39800
2026-01-14,55.963348388671875,58.161909266381244,54.36439710244719,56.05328963678455,59900
2026-01-15,57.10260009765625,57.862104797027925,54.983988748199266,56.69286860348485,41300
2026-01-16,59.56098937988281,59.56098937988281,56.47301167880893,57.94205076163257,19900
2026-01-19,58.761512756347656,59.09129859064603,57.532318288163594,59.061315634309544,15400
2026-01-20,57.67222595214844,59.531009129641006,57.322456563781735,58.76151266303385,26500
2026-01-21,57.35243606567383,59.43107647865082,56.87275069626385,57.80214229080831,58600
2026-01-22,62.73890686035156,62.89880198172211,57.35243543219311,57.382414576137464,40600
2026-01-23,65.1573257446289,67.1860035824483,61.16993920017273,62.95876862034563,51100
2026-01-26,70.05411529541016,70.05411529541016,64.76757689147584,64.76757689147584,43900
2026-01-27,68.98481750488281,73.45189303595309,68.35523259507328,71.96287040039665,34800
2026-01-28,68.05542755126953,70.92355190322795,66.07672771563642,68.99481476834046,24000
2026-01-29,74.02152252197266,74.64111949050097,67.45582274630806,68.83491682211479,48300
2026-01-30,75.53053283691406,75.9502561065943,72.95221968133399,74.03151462428391,57900
2026-02-02,75.35065460205078,76.73974428092184,72.95222380150462,76.73974428092184,31500
2026-02-03,78.6085205078125,78.91831517228728,74.79101338722116,75.15077837634075,43300
2026-02-04,77.39930725097656,78.84836282543742,75.30068318991042,78.6085220361616,42800
2026-02-05,74.96090698242188,78.66847781772115,74.96090698242188,77.4093003714909,26300
2026-02-06,77.94894409179688,78.4186376671259,72.85228388759796,74.98088692378205,33900
2026-02-09,77.43927764892578,77.95894155838316,76.43993218778553,77.95894155838316,19700
2026-02-10,77.7091064453125,79.51791931931554,76.45992459875771,77.96893077982723,22700
2026-02-11,75.46057891845703,77.44927427798862,74.51119614298953,77.19943790934994,25100
2026-02-12,69.95418548583984,75.5505187998268,69.62439963869318,74.05150053941595,34800
2026-02-13,66.96614074707031,69.9541815080834,66.0767239064196,69.9541815080834,55300
2026-02-18,67.46581268310547,68.954835251531,66.95614437467502,68.954835251531,15400
2026-02-19,69.45451354980469,69.45451354980469,66.77626725470668,66.77626725470668,17500
2026-02-20,73.44189453125,73.84163423365678,68.23530568389357,68.23530568389357,25800
2026-02-23,77.23941040039062,77.43927643973751,71.96286766786567,73.44189465759429,48400
2026-02-24,76.94960021972656,81.93633191731558,74.65110261794845,77.94894567712561,74600
2026-02-25,76.3499984741211,79.9476407845454,76.3499984741211,76.3499984741211,35900
2026-02-26,81.64652252197266,81.74646316931681,76.75972374335956,76.75972374335956,58400
2026-02-27,83.04560852050781,83.80511322615232,78.93829795524232,81.64652331255249,24600
2026-03-02,84.33476257324219,84.33476257324219,79.78773769052141,80.85704464978521,31600
2026-03-03,79.94763946533203,82.69583957195282,77.4492757320404,82.69583957195282,45900
2026-03-04,81.43666076660156,82.94567457134626,79.34803237987889,80.30740312264346,37900
2026-03-05,79.13816833496094,81.42667032199282,77.54920511060226,81.32672967783891,32000
2026-03-06,77.90897369384766,79.14815996992971,75.8503244187499,79.13817200457173,33300
2026-03-09,83.0,83.69000244140625,74.20999908447266,77.56999969482422,71300
2026-03-10,86.58999633789062,88.77999877929688,83.9800033569336,83.9800033569336,68900
2026-03-11,85.93000030517578,87.0,84.5,86.58999633789062,49200
2026-03-12,78.08999633789062,86.0999984741211,78.08999633789062,86.0999984741211,39600
2026-03-13,80.0,81.08999633789062,78.0,79.0,40400
2026-03-16,78.41000366210938,84.05999755859375,78.05000305175781,80.77999877929688,46600
2026-03-17,76.5999984741211,80.79000091552734,75.1500015258789,80.79000091552734,51400
2026-03-18,80.2300033569336,80.47000122070312,76.4000015258789,76.4800033569336,30300
2026-03-19,79.0199966430664,79.98999786376953,76.80000305175781,78.7300033569336,28700
2026-03-20,74.5999984741211,79.63999938964844,74.5999984741211,79.0199966430664,35300
2026-03-23,77.38999938964844,79.0,76.0,76.0,26200
2026-03-24,75.06999969482422,77.38999938964844,74.9800033569336,77.38999938964844,12600
2026-03-25,76.7699966430664,78.73999786376953,76.69999694824219,76.69999694824219,14600
2026-03-26,73.5999984741211,76.7699966430664,73.08000183105469,76.7699966430664,24500
2026-03-27,72.08999633789062,74.72000122070312,72.08999633789062,74.41000366210938,26800
2026-03-30,72.0,73.7699966430664,71.47000122070312,72.19999694824219,19200
2026-03-31,74.1500015258789,76.44000244140625,72.63999938964844,72.63999938964844,18000
2026-04-01,76.41999816894531,77.16999816894531,74.1500015258789,74.22000122070312,17900
2026-04-02,76.7699966430664,77.81999969482422,73.51000213623047,73.51000213623047,17000
2026-04-06,78.5,79.27999877929688,77.0999984741211,78.16000366210938,21500
2026-04-07,79.98999786376953,81.0,77.5999984741211,78.25,29100
2026-04-08,81.4000015258789,83.29000091552734,80.9000015258789,82.0,22300
2026-04-09,77.95999908447266,81.4000015258789,77.62999725341797,81.38999938964844,28700
2026-04-10,82.30000305175781,82.79000091552734,78.16000366210938,79.4000015258789,32700
2026-04-13,82.1500015258789,83.0,80.22000122070312,80.22000122070312,18500
2026-04-14,82.30999755859375,83.27999877929688,80.01000213623047,82.1500015258789,41400
2026-04-15,79.5,82.16000366210938,79.37999725341797,82.16000366210938,24700
2026-04-16,80.30000305175781,81.37000274658203,78.01000213623047,78.5999984741211,28300
2026-04-17,78.62999725341797,82.55000305175781,78.62999725341797,79.5,23900
2026-04-20,76.70999908447266,81.01000213623047,76.66000366210938,80.19999694824219,26600
2026-04-22,76.0,77.5,75.51000213623047,76.80999755859375,18700
2026-04-23,73.93000030517578,78.95999908447266,73.93000030517578,78.94999694824219,19600
2026-04-24,73.87999725341797,74.98999786376953,73.26000213623047,74.98999786376953,16000
2026-04-27,72.69000244140625,73.94999694824219,72.69000244140625,73.52999877929688,12900
2026-04-28,71.08999633789062,72.69000244140625,70.4000015258789,72.69000244140625,18400
2026-04-29,71.98999786376953,71.98999786376953,70.2699966430664,71.08999633789062,15500
2026-04-30,72.8499984741211,73.43000030517578,71.31999969482422,71.31999969482422,18600
2026-05-04,70.83000183105469,74.29000091552734,70.4000015258789,74.29000091552734,30800
2026-05-05,73.05999755859375,73.44999694824219,71.0,72.0,23400
2026-05-06,72.41000366210938,75.4000015258789,71.22000122070312,73.91000366210938,28800
2026-05-07,72.0,72.08000183105469,70.04000091552734,71.98999786376953,19200
2026-05-08,71.30000305175781,75.0,70.54000091552734,75.0,31300
2026-05-11,68.66000366210938,71.87000274658203,68.66000366210938,71.30000305175781,35000
2026-05-12,68.7699966430664,68.7699966430664,65.19999694824219,68.22000122070312,25000
2026-05-13,65.94000244140625,69.31999969482422,65.94000244140625,68.98999786376953,25000
2026-05-14,69.58000183105469,70.05000305175781,66.80999755859375,67.08999633789062,26400
2026-05-15,67.18000030517578,68.88999938964844,66.0999984741211,68.36000061035156,22500
2026-05-18,66.9000015258789,67.97000122070312,66.0199966430664,66.0199966430664,26000
2026-05-19,67.52999877929688,70.19999694824219,65.12999725341797,66.01000213623047,42500
2026-05-20,71.5,71.7699966430664,68.63999938964844,68.88999938964844,21900
2026-05-21,74.56999969482422,74.62000274658203,70.76000213623047,70.7699966430664,26900
2026-05-22,74.80000305175781,75.41000366210938,73.26000213623047,75.41000366210938,27900
2026-05-25,82.0,82.0,75.79000091552734,75.87999725341797,54400
2026-05-26,80.69999694824219,82.0,78.5,81.48999786376953,36200
2026-05-27,85.6500015258789,85.76000213623047,80.19999694824219,81.01000213623047,62000
2026-05-28,85.72000122070312,85.72000122070312,82.0999984741211,84.5999984741211,61100
2026-05-29,85.26000213623047,85.8499984741211,83.2300033569336,85.48999786376953,32300
2026-06-01,74.51000213623047,85.0,74.51000213623047,84.52999877929688,64500
2026-06-02,76.55000305175781,78.31999969482422,72.80000305175781,75.9000015258789,21300
2026-06-03,77.37999725341797,77.54000091552734,73.79000091552734,74.6500015258789,32100
2026-06-05,77.69999694824219,77.87000274658203,75.51000213623047,77.5,12400
2026-06-08,79.0,79.29000091552734,76.68000030517578,77.69999694824219,24000
2026-06-09,76.86000061035156,81.44000244140625,76.86000061035156,79.30000305175781,23400
2026-06-10,73.9800033569336,77.37000274658203,72.05000305175781,76.66999816894531,34000
2026-06-11,73.16000366210938,74.88999938964844,72.33999633789062,74.79000091552734,31400
2026-06-12,73.62999725341797,76.0,73.38999938964844,73.38999938964844,23900
2026-06-15,72.58999633789062,75.97000122070312,72.58999633789062,75.97000122070312,15800
2026-06-16,73.01000213623047,73.88999938964844,71.66000366210938,73.87999725341797,22600
2026-06-17,70.97000122070312,73.5,70.97000122070312,72.0,26000
2026-06-18,69.25,71.8499984741211,69.08999633789062,71.16000366210938,24100
2026-06-19,69.5,70.06999969482422,68.61000061035156,68.91999816894531,23100
2026-06-22,68.19000244140625,69.01000213623047,66.4000015258789,69.01000213623047,32800
2026-06-23,66.72000122070312,69.69999694824219,66.01000213623047,69.69999694824219,35800
2026-06-24,67.5,68.80000305175781,65.7699966430664,66.01000213623047,55200
2026-06-25,69.4800033569336,69.61000061035156,67.26000213623047,67.26000213623047,51600
2026-06-26,68.0,69.4000015258789,67.55000305175781,69.38999938964844,37900
