Date,Close,High,Low,Open,Volume
2019-11-29,4.386711597442627,4.4598236400128535,4.334489136779646,4.4598236400128535,1580100
2019-12-02,4.485935688018799,4.559047241821923,4.407601240041742,4.444157514978412,2430100
2019-12-03,4.480712890625,4.595603105215018,4.433712325654763,4.574714020565475,955700
2019-12-04,4.433712482452393,4.506824530328922,4.334489451366821,4.4859354449406394,2725200
2019-12-05,4.371045112609863,4.454601451989945,4.334489338639845,4.454601451989945,1230900
2019-12-06,4.360601425170898,4.4180462919686985,4.292711765481606,4.371045720027254,5217100
2019-12-09,4.444156169891357,4.5224900961244305,4.371044140181521,4.371044140181521,1106500
2019-12-10,4.532936096191406,4.673937300685677,4.459824046950062,4.496379822553189,2770200
2019-12-11,4.65304708480835,4.673936165513187,4.5694907619890035,4.62171371276858,2082800
2019-12-12,4.882828712463379,4.898495402467828,4.647825872221163,4.668714958238794,3284300
2019-12-13,5.086496353149414,5.086496353149414,4.919383692063032,4.961161857334627,4368300
2019-12-16,4.987273693084717,5.16483115725016,4.825382917511798,5.14394207311511,2271600
2019-12-17,4.9350504875183105,5.013384922642902,4.8619389457107225,4.987273444268038,1835600
2019-12-18,4.9611616134643555,4.987273089984324,4.8306047288995035,4.9611616134643555,1047900
2019-12-19,4.924605846405029,5.008162172862105,4.83582712503564,5.008162172862105,2136400
2019-12-20,4.8046698570251465,4.992352477073737,4.72959670672691,4.992352477073737,6088300
2019-12-23,4.874380588531494,4.911916908435423,4.8314817911001455,4.885105032192329,4998500
2019-12-26,5.094236373901367,5.094236373901367,4.885104380765704,4.901191811202711,1591900
2019-12-27,5.147859573364258,5.169308966945197,4.965539472229332,5.147859573364258,1482900
2019-12-30,5.249744415283203,5.2551068918846875,5.040612430370546,5.137134963621605,4771800
2020-01-02,5.142498016357422,5.330180115890906,5.115686141740075,5.330180115890906,2710100
2020-01-03,5.0995988845825195,5.153222118880205,4.944090635749538,5.040612662042946,1179000
2020-01-06,4.981627941131592,5.0942374203530525,4.965541018783966,5.0942374203530525,1397400
2020-01-07,4.986990451812744,5.067425575473416,4.949453617562926,5.013802330164316,930800
2020-01-08,4.960178375244141,4.9977146965999,4.885105221138597,4.992352730259094,1330600
2020-01-09,4.976263999938965,4.99771339389325,4.895828900458872,4.99771339389325,2137900
2020-01-10,4.986990451812744,5.035251730566765,4.90119285020295,4.970903529359419,1134000
2020-01-13,5.233658790588379,5.271195113289598,4.981627953351809,4.986990431278852,6790000
2020-01-14,5.26046895980835,5.340904057006075,5.2014827445624,5.255106483623467,2711100
2020-01-15,5.281919002532959,5.324817794498401,5.233657733723351,5.2443821760177425,1515500
2020-01-16,5.308730602264404,5.38916622435566,5.2390204457368625,5.3248180335190325,2509900
2020-01-17,5.448152542114258,5.496413818440683,5.308731190814369,5.308731190814369,2705700
2020-01-20,5.5232253074646,5.528587784767297,5.426702761591977,5.464239079922893,1527800
2020-01-21,5.5232253074646,5.6036604214291295,5.469601557225591,5.5232253074646,1431200
2020-01-22,5.458877086639404,5.6036603933283065,5.239020632271157,5.587573472894868,6030700
2020-01-23,5.469601154327393,5.566123693090035,5.389166046287821,5.432064838761452,2220800
2020-01-24,5.5232253074646,5.550037182584104,5.442789682106087,5.5232253074646,1490600
2020-01-27,5.46423864364624,5.46423864364624,5.239020240248684,5.340904743895342,1657300
2020-01-28,5.469601154327393,5.5768481355114705,5.351629219327935,5.5178624237087135,2388100
2020-01-29,5.308730602264404,5.512500128944039,5.244382411427777,5.480326289222706,4397900
2020-01-30,5.185396671295166,5.228295464968003,5.051337813219064,5.228295464968003,1957200
2020-01-31,5.121048450469971,5.190759117624141,5.045975306289951,5.1853966405982925,1429700
2020-02-03,5.163947582244873,5.228295776589465,5.056700591670554,5.115686308637932,911600
2020-02-04,5.174671649932861,5.319455460242624,5.174671649932861,5.255107270569603,1177900
2020-02-05,5.1961212158203125,5.287281282009614,5.1532224213069915,5.24974496465895,1308000
2020-02-06,5.1961212158203125,5.303368713497587,5.142497978375646,5.222933090239631,1628800
2020-02-07,5.088873863220215,5.174671446070818,4.933365616455015,5.131772654645516,1087000
2020-02-10,4.928003787994385,5.121048886198709,4.906554389459904,5.121048886198709,828600
2020-02-11,4.954814910888672,5.06206188725974,4.928003038947424,4.970902340889774,798000
2020-02-12,4.928003787994385,5.051338213113148,4.928003787994385,4.976265062545466,1007500
2020-02-13,4.911916732788086,4.976264926634054,4.836844095664783,4.911916732788086,1490900
2020-02-14,4.048577785491943,4.633074512970918,3.9735046377278795,4.633074512970918,30631300
2020-02-17,3.968142509460449,4.166549571009222,3.9681425094604488,4.107563598006588,4705300
2020-02-18,3.8555333614349365,3.941330961520126,3.7590110613390992,3.941330961520126,6466900
2020-02-19,3.8877065181732178,3.9306053078070646,3.8179958571697394,3.860894646803586,3967700
2020-02-20,3.9413304328918457,4.048577674310885,3.860895065751811,3.887706940030817,3159500
2020-02-21,3.8608951568603516,3.9252436055090496,3.8179963615592127,3.887707031772058,2567700
2020-02-26,3.582052230834961,3.7000241571143104,3.571327533509289,3.673212285951653,2541200
2020-02-27,3.485530376434326,3.5606032667931404,3.4319068833208872,3.485530376434326,4097100
2020-02-28,3.351471185684204,3.4640806379789506,3.271035826088392,3.4533559404126395,4362100
2020-03-02,3.485530376434326,3.485530376434326,3.3514715158022366,3.3943703102929876,2915300
2020-03-03,3.512343168258667,3.6195901824983148,3.4587194054417916,3.539154793970053,2387500
2020-03-04,3.485530376434326,3.608864538443728,3.389008088830136,3.565965743952977,3281000
2020-03-05,3.410457134246826,3.5552406785654815,3.3997324367305173,3.4748053193446826,1959200
2020-03-06,3.174514055252075,3.3032104466124026,3.1637893559720482,3.271036348772321,1554400
2020-03-09,2.79914927482605,2.9117587533928986,2.68654005195622,2.6972647520246333,1790200
2020-03-10,2.863497495651245,2.981469186710522,2.6865398312138304,2.9439326117067983,1704500
2020-03-11,2.573929786682129,2.852772158931281,2.531030743823309,2.8152355923161667,1529000
2020-03-12,2.5203065872192383,2.5310312863083713,2.0966807175014854,2.1985653588482497,1978800
2020-03-13,2.7348005771636963,2.8903088277290947,2.455958170388123,2.6972642615977556,1812000
2020-03-16,2.284363031387329,2.4988569966563006,2.284363031387329,2.4291465857923726,1014600
2020-03-17,2.1985652446746826,2.402334772483263,2.1985652446746826,2.3326241041755407,1215100
2020-03-18,1.8232004642486572,2.107405219185636,1.699866308428093,2.091318172058843,2137000
2020-03-19,2.128854751586914,2.19856529359735,1.7159534653642334,1.7159534653642334,2158900
2020-03-20,2.1771161556243896,2.2843634118163956,2.150304533349152,2.252189055970881,1501700
2020-03-23,1.9036357402801514,2.171753581628619,1.8500122487195512,2.14494170799983,1315100
2020-03-24,1.9358097314834595,2.118129848716601,1.9358097314834595,2.0859557555043344,1423600
2020-03-25,2.091317892074585,2.1342166786694383,1.9197224899982355,1.9572590561172007,2798200
2020-03-26,2.150304079055786,2.236101661325376,2.0645062410892323,2.075230938872931,2050600
2020-03-27,2.0966806411743164,2.1717536599138016,2.010882923736118,2.0698687665790403,1695000
2020-03-30,2.016245126724243,2.1663910254554812,2.0001580798439482,2.0966804889742026,1669700
2020-03-31,1.9358097314834595,2.0645062321810084,1.9358097314834595,2.0376944878374528,1230900
2020-04-01,1.9304475784301758,1.9304475784301758,1.8232005901773287,1.9036358313669641,991800
2020-04-02,1.9840712547302246,2.2468266388410987,1.9679842060518238,2.1449418693627296,3614000
2020-04-03,2.144941806793213,2.144941806793213,1.967984148644291,2.005520594465594,1641500
2020-04-06,2.2361018657684326,2.3326241546465925,2.2253771670041926,2.2361018657684326,1293200
2020-04-07,2.225377321243286,2.396972513364249,2.150304424690365,2.343349015826448,1767500
2020-04-08,2.359435558319092,2.3969718686509114,2.1503038463233057,2.236101419306821,1044100
2020-04-09,2.4023349285125732,2.50421969903418,2.3058126354538397,2.391610229283825,969900
2020-04-13,2.5203065872192383,2.573930338361899,2.3594361008822418,2.402334897238774,657000
2020-04-14,2.6007421016693115,2.724076275844822,2.531031425896847,2.5739304803162937,866900
2020-04-15,2.654365301132202,2.702626572108163,2.4934948240406336,2.573930190434908,662400
2020-04-16,2.5685677528381348,2.7937866799257347,2.531031179757873,2.686539693549251,1367000
2020-04-17,2.627553939819336,2.6972646145597583,2.573930442210167,2.654365560775417,819300
2020-04-20,2.611466407775879,2.64900297884938,2.482770031004397,2.5685676155187185,690100
2020-04-22,2.606104612350464,2.670452811248744,2.6007421345937676,2.6114668344101473,510900
2020-04-23,2.6972646713256836,2.8098738908263794,2.6490033946132345,2.6597280943607777,1221100
2020-04-24,2.461320638656616,2.6972642521304007,2.3433487040712384,2.6972642521304007,1568800
2020-04-27,2.509582042694092,2.5739304968890773,2.461321021669117,2.5524810973897525,610400
2020-04-28,2.654365301132202,2.697264350720268,2.5417558393196136,2.5792924118228036,1246400
2020-04-29,2.6811769008636475,2.7669744798682587,2.568567450571618,2.7026262956148006,1039200
2020-04-30,2.611466407775879,2.6704523749779607,2.520306346380927,2.6704523749779607,1055200
2020-05-04,2.5042192935943604,2.547118083563924,2.3862473654811036,2.520306211984468,863600
2020-05-05,2.493495225906372,2.5953800056665144,2.4398717249002506,2.5685681273149426,578100
2020-05-06,2.455958366394043,2.5363937365499996,2.3969723941867427,2.520306560240011,610900
2020-05-07,2.3487112522125244,2.536393602168068,2.348711252212524,2.493494808543599,789700
2020-05-08,2.4023349285125732,2.50421969903418,2.284363236996344,2.413059627741321,1187500
2020-05-11,2.300450325012207,2.445233902960632,2.300450325012207,2.380885702916225,1144200
2020-05-12,2.1824779510498047,2.3540730981850047,2.1824779510498047,2.3111743114012047,1046000
2020-05-13,2.1395797729492188,2.2361022042882435,2.0966809713978805,2.198565625082309,917400
2020-05-14,2.241464376449585,2.268276254667395,2.0376949457944002,2.0913185743815093,1523800
2020-05-15,2.144941806793213,2.3004500673299617,2.144941806793213,2.209289999629732,793100
2020-05-18,2.246826171875,2.2521883924715187,2.1717532936451343,2.225376778095038,697100
2020-05-19,2.241464376449585,2.3272622333283635,2.203928053781077,2.241464376449585,1160700
2020-05-20,2.2361018657684326,2.3165372343487265,2.1610289744187527,2.2736381835947785,717500
2020-05-21,2.2092902660369873,2.284363422429278,2.171753943537862,2.2200149661363118,1212200
2020-05-22,2.1824779510498047,2.2361014345295547,2.1771154748533603,2.2039273444417047,982000
2020-05-25,2.2950875759124756,2.332623889471657,2.214652216476151,2.246826309111289,1805100
2020-05-26,2.3272621631622314,2.4023350619328476,2.29508806368911,2.364798484699033,1266900
2020-05-27,2.4881319999694824,2.5042191732836687,2.3165368483352085,2.337986242289493,1666600
2020-05-28,2.49885630607605,2.5203056966752246,2.429145914477183,2.488131610776462,951600
2020-05-29,2.493495225906372,2.493495225906372,2.4398717249002506,2.4720458255039235,531000
2020-06-01,2.611466407775879,2.6275535827208,2.4934947290686873,2.498856950252347,1698900
2020-06-02,2.7133517265319824,2.750888305342811,2.638278824607349,2.638278824607349,1382600
2020-06-03,2.9492948055267334,2.9707442018384427,2.7830618562625,2.7830618562625,2364500
2020-06-04,2.997556447982788,3.131615319456838,2.8474103994251707,2.9224832958554767,2048600
2020-06-05,3.0458171367645264,3.1745137723529595,3.0297302171265836,3.1637890740286716,1604400
2020-06-08,3.212050199508667,3.2174126767043942,3.072629116480576,3.1208903884541774,1478200
2020-06-09,3.153064250946045,3.185238344645866,3.0565417141496156,3.136977076247651,1451900
2020-06-10,2.9707443714141846,3.244224573544708,2.9707443714141846,3.2120502215435978,1589800
2020-06-12,2.922482967376709,2.976106714496776,2.7616124931074357,2.8366853810997634,1498000
2020-06-15,2.8742218017578125,2.9117581159310446,2.734800475694484,2.8152358364466377,831000
2020-06-16,2.9063963890075684,3.029730561608528,2.8795845122998354,2.9975564629774523,724100
2020-06-17,2.8581349849700928,2.965382231291915,2.8581349849700928,2.8688596840325755,1040500
2020-06-18,2.8527727127075195,2.943932525273856,2.825960837678191,2.8581349342951907,1147400
2020-06-19,2.842047691345215,2.9171205749329525,2.80987334268208,2.9063958772775615,878800
2020-06-22,3.0029184818267822,3.0029184818267822,2.842047999550359,2.890309016384791,1563400
2020-06-23,2.9707443714141846,3.1101657110957035,2.954657451110617,3.077991359094593,1555700
2020-06-24,2.88494610786438,2.997555546491955,2.842047322805671,2.9600189817171203,1007700
2020-06-25,2.863497495651245,3.002918585084936,2.777699646456591,2.8903091157707634,1978700
2020-06-26,2.724076271057129,2.890309243662913,2.6865399500894735,2.874222322018778,1367000
2020-06-29,2.8795840740203857,2.879584074020386,2.6865395116157673,2.7669746181025414,1534800
2020-06-30,2.8956716060638428,2.9332079255371544,2.8205987114202205,2.842048109889827,1362200
2020-07-01,2.938570261001587,2.981469055867787,2.836685495345867,2.922483085078268,1351500
2020-07-02,2.943932294845581,3.072628926937192,2.9010335027140344,3.0082807387398716,1039100
2020-07-03,2.954658031463623,2.9921943566761455,2.8903095705190855,2.9492955531778122,756400
2020-07-06,2.9278457164764404,3.0833539839045625,2.890309141143204,2.9975563896537367,1800400
2020-07-07,2.8742218017578125,2.976106557950945,2.852772406316833,2.922482813651534,1468800
2020-07-08,2.960019588470459,2.976106764013535,2.8956713976921185,2.9117583175382133,1118400
2020-07-09,2.9278457164764404,3.0082810889350897,2.906396317913734,2.9761069910910303,1081300
2020-07-10,2.9492948055267334,2.9653819806090023,2.9117582341327557,2.9492948055267334,962900
2020-07-13,2.9332079887390137,3.0243680620475666,2.9010338903413486,2.965382342833683,1773300
2020-07-14,2.9332079887390137,2.93857046632046,2.8313234716615763,2.9332079887390137,799200
2020-07-15,2.965381383895874,2.9761060798936363,2.8903082562146163,2.9546566878981118,1064400
2020-07-16,2.8956716060638428,2.9600198014726615,2.8849469068290396,2.9332079255371544,829000
2020-07-17,2.88494610786438,2.9332071132069633,2.8795836318835772,2.911757720677609,1208300
2020-07-20,2.8527727127075195,2.9171209059415184,2.815236138805858,2.8849468093245187,1392900
2020-07-21,2.8313236236572266,2.884947123865371,2.815236445746274,2.868859945954419,1890300
2020-07-22,2.842047691345215,2.858134609979821,2.7937864240474743,2.8366852146690387,938300
2020-07-23,2.788424015045166,2.8634971561518583,2.7401630022731123,2.852772458236183,1261800
2020-07-24,2.766974925994873,2.7884243242043683,2.713351430471134,2.7884243242043683,1104100
2020-07-27,2.788424015045166,2.793786491851487,2.7133511296354413,2.777699317129491,1356000
2020-07-28,2.7455251216888428,2.8045110858887123,2.7455251216888428,2.8045110858887123,749900
2020-07-29,2.750887632369995,2.7991486439522495,2.7348004580446026,2.7455251556958773,938300
2020-07-30,2.766974925994873,2.766974925994873,2.713351430471134,2.7455255277853774,671600
2020-07-31,2.707989454269409,2.7937870548856694,2.7079894542694096,2.7723376547316043,1049900
2020-08-03,2.649003505706787,2.7616129856270955,2.632916327562305,2.7616129856270955,2396100
2020-08-04,2.6382787227630615,2.691902222067796,2.5471186460965067,2.627554022902115,1723000
2020-08-05,2.6811769008636475,2.691901598239224,2.58465462448346,2.6597275061124948,1233300
2020-08-06,2.7937862873077393,2.8259603786991763,2.6597274453282775,2.7079887102639075,1417100
2020-08-07,2.938570261001587,2.9975562317911058,2.8688595914955175,2.938570261001587,3112600
2020-08-10,2.868859052658081,2.9761062753770844,2.852772135453241,2.9385697090708924,1249300
2020-08-11,2.863497495651245,2.970744487523315,2.8474103190219355,2.970744487523315,1021600
2020-08-12,2.804511547088623,2.917121017399212,2.777699671034864,2.8634975209886937,1007300
2020-08-13,2.8152356147766113,2.8903084929088436,2.7937862210245448,2.804510917900578,913100
2020-08-14,2.836686372756958,2.8688604788583314,2.76161345852042,2.8045122666555846,688500
2020-08-17,2.750887632369995,2.8849464808594067,2.665089795462838,2.815235818277642,1348300
2020-08-18,2.783061981201172,2.7991489013086497,2.724076010847456,2.750887885289232,686200
2020-08-19,2.7616126537323,2.8098736709716197,2.724076079704392,2.7884242731548126,603900
2020-08-20,2.7455251216888428,2.783061690851843,2.6865394131859315,2.7079888082228005,623200
2020-08-21,2.691901445388794,2.7776990195216826,2.6704520518555714,2.7455249292218493,2001900
2020-08-24,2.6972646713256836,2.7508881700633987,2.686539971578141,2.7187140708207695,1293900
2020-08-25,2.825960874557495,2.825960874557495,2.6865397873976935,2.6972644864099857,1636000
2020-08-26,2.7455251216888428,2.86885927099932,2.7240757266519737,2.8259604809255814,1371500
2020-08-27,2.836686372756958,2.8795851808921227,2.7133521715198268,2.76161345852042,1438400
2020-08-28,2.79914927482605,2.884947131070375,2.7937870526403525,2.8366858529140058,1045000
2020-08-31,2.8152356147766113,2.852772181691199,2.804510917900578,2.8259603116526444,1085200
2020-09-01,2.9171206951141357,2.9224829163142663,2.799148760347598,2.8313231103362697,1726100
2020-09-02,2.954658031463623,2.9761074332127895,2.8581354678953357,2.911758972268252,1899000
2020-09-03,2.8527727127075195,2.9975562753325127,2.8366855365505246,2.933207826401523,3110800
2020-09-04,2.863497495651245,2.9653822657782105,2.7616127255242797,2.8688597173963495,4535600
2020-09-08,2.804511547088623,2.8688597427812454,2.7884243703169673,2.8581350434991415,1298300
2020-09-09,2.836686372756958,2.852773553656178,2.772338160554211,2.815236968689376,2325300
2020-09-10,2.804511547088623,2.8688597427812454,2.7830621485244156,2.836685644934934,1689800
2020-09-11,2.7026267051696777,2.82059864987539,2.6865397845169854,2.8152361725264967,2376200
2020-09-14,2.750887632369995,2.7616123300212694,2.7133510627420536,2.729438237067446,702900
2020-09-15,2.7562499046325684,2.7937864749589507,2.7133511132292547,2.772337079257294,1747600
2020-09-16,2.750887632369995,2.809873341603524,2.7348004580446026,2.7562498533471516,800600
2020-09-17,2.724076271057129,2.7616128477217936,2.713351571395369,2.7348009707188887,885600
2020-09-18,2.6811769008636475,2.73480038774153,2.6597275061124948,2.7133509929903767,1631600
2020-09-21,2.627553939819336,2.665090260297251,2.5846551417320005,2.627553939819336,1330900
2020-09-22,2.6007421016693115,2.670452777441776,2.584655179996903,2.6382786783999483,1034500
2020-09-23,2.590017080307007,2.643640572049982,2.573930160632603,2.6061042556783884,1225600
2020-09-24,2.6972646713256836,2.6972646713256836,2.5739304963804335,2.5900174181532423,1185900
2020-09-25,2.654365301132202,2.702626572108163,2.654365301132202,2.6811771751626208,721900
2020-09-28,2.59537935256958,2.7669745126092495,2.573929957564621,2.681176932589415,1423200
2020-09-29,2.5042192935943604,2.627553442605334,2.5042192935943604,2.606104047620552,1518600
2020-09-30,2.49885630607605,2.5471175627726463,2.482769390975121,2.525668172173471,1297000
2020-10-01,2.509582042694092,2.525669220167091,2.4720457214187794,2.5042198206677666,1612400
2020-10-02,2.7133517265319824,2.7133517265319824,2.482770542772097,2.4934952430470445,3245700
2020-10-05,2.7187132835388184,2.804510856673997,2.659727324159914,2.740162676822613,2795200
2020-10-06,2.724076271057129,2.7830622470453137,2.697264649751234,2.7294387487365137,1686900
2020-10-07,2.707989454269409,2.777699876921611,2.7079894542694096,2.7401635545005067,1300500
2020-10-08,2.842047691345215,2.842047691345215,2.7079888428043457,2.7133510637835605,1559700
2020-10-09,2.9278457164764404,2.9278457164764404,2.7937868476110244,2.842048122225614,1871000
2020-10-13,2.8581349849700928,2.960019753912176,2.8581349849700928,2.917120957662245,1102600
2020-10-14,2.766974925994873,2.879584394443222,2.766974925994873,2.8634974736345984,1464000
2020-10-15,2.7776994705200195,2.868859535685795,2.7133512794725245,2.745525374996272,1606600
2020-10-16,2.724076271057129,2.8045116463688333,2.713351571395369,2.7884244690276887,819300
2020-10-19,2.740163564682007,2.7776998872425827,2.7079894643313613,2.7508882647988884,1098200
2020-10-20,2.79914927482605,2.8045117527087657,2.724076374347157,2.740163552298286,1723900
2020-10-21,2.8313236236572266,2.847410545871161,2.777699867752064,2.799149267835322,1559500
2020-10-22,2.8527727127075195,2.8634974115798526,2.78842426377653,2.831323314962853,1383800
2020-10-23,2.868859052658081,2.8795837493602874,2.8205980453466215,2.8581343559558747,1610200
2020-10-26,2.836686372756958,2.917121765858925,2.7777003837225736,2.863498255689969,1741800
2020-10-27,2.868859052658081,2.8742215288576536,2.7348002160320313,2.8420474387510346,1770100
2020-10-28,2.63291597366333,2.788424233470513,2.627553752133938,2.788424233470513,3364900
2020-10-29,2.59537935256958,2.6221909684772995,2.4452333318379114,2.5363933884574648,3320100
2020-10-30,2.461320638656616,2.5685676194642584,2.43450876560622,2.5685676194642584,2705600
2020-11-03,2.2950875759124756,2.5203062243584418,2.2736379251254246,2.504219305889352,3565000
2020-11-04,2.4130594730377197,2.4130594730377197,2.2414640406819015,2.3272618847083018,2465400
2020-11-05,2.4666833877563477,2.488132788508375,2.364798606335706,2.434509286628307,1549800
2020-11-06,2.525669574737549,2.5256695747375493,2.402335382453444,2.445234187474516,1231700
2020-11-09,2.590017080307007,2.643640572049982,2.5471182869126263,2.6061042556783884,1740600
2020-11-10,2.5578432083129883,2.659727979357795,2.50958193368729,2.5900173061644534,2252700
2020-11-11,2.509582042694092,2.5739304968890773,2.5042198206677666,2.5524810973897525,1481600
2020-11-12,2.4881319999694824,2.552480437529281,2.434508515083772,2.520306090900909,1556000
2020-11-13,2.6168293952941895,2.6168293952941895,2.4666833373982517,2.4881327377123825,1548200
2020-11-16,2.6168293952941895,2.6543657179954083,2.5792928168959497,2.6221916175242117,1266700
2020-11-17,2.654365301132202,2.654365301132202,2.5792924118228036,2.5900171102955745,1830200
2020-11-18,2.5632052421569824,2.697264087849991,2.5417555916049017,2.649002821577482,3117800
2020-11-19,2.552480936050415,2.590017254953101,2.52030658313812,2.5578431577378007,1535400
2020-11-23,2.514943838119507,2.552480404908255,2.5042191412794277,2.5471179286397443,1727300
2020-11-24,2.5632052421569824,2.6275534267223573,2.5095814993222145,2.5203061967497766,2156100
2020-11-25,2.707989454269409,2.7294388544234742,2.5524811753039285,2.5739305754579935,3098100
2020-11-26,2.670452356338501,2.7026264503068,2.638278262370202,2.7026264503068,1390200
2020-11-27,2.7026267051696777,2.7401632795209485,2.659727909166507,2.6650901308184065,1668400
2020-11-30,2.6007421016693115,2.7026268764836034,2.579292702308093,2.7026268764836034,2255000
2020-12-01,2.707989454269409,2.7079894542694096,2.6382787759201887,2.6382787759201887,1915500
2020-12-02,2.7187132835388184,2.75624959393699,2.659727324159914,2.7187132835388184,1389000
2020-12-03,2.7348005771636963,2.7776993696373276,2.6972642615977556,2.718713657834571,1378200
2020-12-04,2.7187132835388184,2.766974290578888,2.707988586896921,2.7348002006531957,989700
2020-12-07,2.6972646713256836,2.761612869810942,2.6811774938558637,2.734800992593579,1618100
2020-12-08,2.7562499046325684,2.7884239981850536,2.6811770196767695,2.697264194301495,1839300
2020-12-09,2.7616126537323,2.815236148274317,2.7079891591902823,2.7776995742464092,1764100
2020-12-10,2.7937862873077393,2.8098732051549833,2.6919015367197145,2.7616121959163022,1327600
2020-12-11,2.809873580932617,2.8581348523224546,2.75088786667502,2.7669747866736434,1894000
2020-12-14,2.836686372756958,2.87422295772376,2.772338160554211,2.8098744898239474,1343800
2020-12-15,2.9278457164764404,2.94393263754997,2.8259609454550842,2.8366856447364377,2066100
2020-12-16,2.943932294845581,2.965381946608325,2.8581347105824877,2.9332075968126943,1716800
2020-12-17,2.9117584228515625,2.970744394380287,2.9010337240006114,2.943932519404415,1262700
2020-12-18,3.1262528896331787,3.158426988594938,2.933208040165616,2.9546576951704644,3540100
2020-12-21,3.0350918769836426,3.061903745682968,2.8688589558598423,3.045816573323987,3510200
2020-12-22,3.0458171367645264,3.1530643757043837,3.0082808204780074,3.0511796137751594,2272900
2020-12-23,3.0887157917022705,3.0887157917022705,3.035092051225136,3.0458167481811738,1433400
2020-12-28,3.1208901405334473,3.2066877232735123,3.0940782680786945,3.1208901405334477,2073400
2020-12-29,3.190600633621216,3.190600633621216,3.1155277467246036,3.1584265392369533,1972500
2020-12-30,3.4425711631774902,3.4425711631774902,3.1662813435436323,3.19391043090322,5080400
2021-01-04,3.3154783248901367,3.4646748389705713,3.2933751571367793,3.425994163656924,4107800
2021-01-05,3.227065086364746,3.315477741829918,3.1718069132085165,3.315477741829918,3049800
2021-01-06,3.2049624919891357,3.309952407264466,3.19391090809223,3.2602204114736635,2248300
2021-01-07,3.1773338317871094,3.282324024804162,3.1718079073433056,3.193911341627941,2095000
2021-01-08,3.2767975330352783,3.365210464394794,3.1828592051697524,3.193910788653375,2986300
2021-01-11,3.2049624919891357,3.29337516316438,3.19391090809223,3.243642903883033,1908200
2021-01-12,3.238117218017578,3.2933751370641837,3.2215397105583254,3.227065634208257,1373900
2021-01-13,3.116549491882324,3.2657460031030063,3.0999722481303253,3.238117175686162,2158900
2021-01-14,3.1662814617156982,3.1994362096903033,3.099971965766488,3.144178296399295,1721100
2021-01-15,3.0999722480773926,3.1662817500653326,3.0557659134187656,3.1662817500653326,1891000
2021-01-18,3.077869415283203,3.1441789244783562,3.044714660685627,3.099972585014921,1586700
2021-01-19,3.072343349456787,3.0999724420928985,3.006033843318787,3.0999724420928985,1594100
2021-01-20,3.01155948638916,3.0833949160364527,2.967353149218689,3.0778692556354206,1178500
2021-01-21,2.9507758617401123,3.033662610987648,2.917621109342988,3.000507858590524,1154900
2021-01-22,3.017085313796997,3.0170853137969975,2.845785630994159,2.8844660430360785,1430100
2021-01-26,2.9452502727508545,3.0944468072441627,2.9397246118017732,3.0281372949117102,1890800
2021-01-27,2.91762113571167,2.978404717243802,2.8844661195243497,2.945249964547034,1154100
2021-01-28,2.9784045219421387,3.028136779471495,2.9120950208966874,2.9231466044042627,1595400
2021-01-29,2.912095069885254,3.0060336630251876,2.8678887351112943,2.9507757445577383,1966700
2021-02-01,3.1552305221557617,3.1552305221557617,2.9120953906290707,2.95077606956192,2850800
2021-02-02,3.116549491882324,3.238117175686162,3.0999722481303253,3.171807410206551,2728100
2021-02-03,3.144178628921509,3.1662817965755,3.0833947861277613,3.133127045094513,1550800
2021-02-04,3.1607556343078613,3.1994363065275713,3.1165493023370625,3.1497040513151613,1236400
2021-02-05,3.133126735687256,3.199436232100935,3.094446064367352,3.1773330666297084,1359500
2021-02-08,3.088921070098877,3.1552305807956342,3.0557663147504983,3.133127410563382,1292700
2021-02-09,3.0944461822509766,3.1054977654076024,2.9618271843714687,3.083394599094351,1806200
2021-02-10,2.9894564151763916,3.232591541023925,2.972879169942788,3.138652939731632,2941500
2021-02-11,2.956301212310791,3.0336622931318082,2.9397239695944055,2.989455961234084,1531500
2021-02-12,2.9452502727508545,3.006034124134226,2.9120955165846283,2.9507761971905158,1253900
2021-02-17,2.956301212310791,2.956301212310791,2.8844657912317277,2.94524962933636,1005500
2021-02-18,2.90104341506958,2.967352915604871,2.878940248224483,2.9507756722163148,1192600
2021-02-19,2.80710506439209,2.9065695871951602,2.796053480024032,2.8899920788977966,2204000
2021-02-22,2.7076408863067627,2.7463213010100684,2.6413313781091836,2.713166546911279,2227300
2021-02-23,2.735269546508789,2.779476146053455,2.685537550193179,2.729743886247298,1313200
2021-02-24,2.740795373916626,2.8071048756668984,2.724217866733789,2.7518469575416713,1021000
2021-02-25,2.6634347438812256,2.751847427996591,2.6634347438812256,2.7463215034940895,1637800
2021-02-26,2.569495916366577,2.7021149312417383,2.5694959163665767,2.7021149312417383,1707300
2021-03-01,2.5031862258911133,2.61370206353928,2.4755571347338012,2.6081761399116012,2065700
2021-03-02,2.5915985107421875,2.5915985107421875,2.3816181869358393,2.4755567667171268,2942200
2021-03-03,2.5915985107421875,2.635804839229734,2.4700308439109326,2.5805469286203007,2134900
2021-03-04,2.685537576675415,2.7628986655329846,2.575021471959766,2.5971246402047856,2206400
2021-03-05,2.8292083740234375,2.912095392656937,2.6579086760425077,2.6634346002470064,2672700
2021-03-08,2.7794761657714844,2.8457856703230724,2.7076407374286564,2.762898657888313,2002000
2021-03-09,2.8734145164489746,2.950775869058003,2.7463211668661995,2.768424598676315,2679700
2021-03-10,2.90104341506958,2.9286725053712175,2.7684244139989977,2.8734143247679422,2765300
2021-03-11,2.856837272644043,3.0281369589072895,2.856837272644043,2.9286727014452416,1811800
2021-03-12,2.812631130218506,2.9286729036826866,2.812631130218506,2.8623631306384625,1053500
2021-03-15,2.8292083740234375,2.901043807738508,2.8126311283910783,2.8236827133095073,782600
2021-03-16,2.7739503383636475,2.8623630141710756,2.729744000459933,2.8347341847265333,913100
2021-03-17,2.840259552001953,2.884465885341979,2.7463209619091336,2.773950051991915,1007300
2021-03-18,2.785001754760742,2.912095100308935,2.762898587142843,2.8402596738054906,1152100
2021-03-19,2.823683023452759,2.901044126378827,2.790528265055873,2.7960539263767217,1280300
2021-03-22,2.856837272644043,2.8678888568064926,2.796053428005294,2.834734104319143,1253800
2021-03-23,2.8292083740234375,2.8955178835340094,2.796053619268151,2.856837468064793,747000
2021-03-24,2.7628986835479736,2.851311357104532,2.7628986835479736,2.8292081887153926,736800
2021-03-25,2.8789401054382324,2.8789401054382324,2.7076404391393813,2.7628983535115075,1458400
2021-03-26,2.845785140991211,2.901043051172589,2.7794756487735577,2.82368197691866,1104000
2021-03-29,2.823683023452759,2.8623634431704943,2.7960539263767217,2.8347346095850545,816400
2021-03-30,2.8734145164489746,2.923146776913271,2.8126309353154455,2.823682519475228,1228600
2021-03-31,2.7684240341186523,2.9673525084277617,2.7684240341186523,2.9231461808035153,2311900
2021-04-01,2.7297441959381104,2.8181568780768096,2.724218271559153,2.801579631921092,1857900
2021-04-05,2.7131667137145996,2.7794764894794133,2.6910635429565213,2.751847394286526,1803800
2021-04-06,2.696589708328247,2.7297444674277007,2.691063783399703,2.7242185424991567,1273700
2021-04-07,2.6910629272460938,2.773949930369777,2.6634341018652123,2.724217675797463,2003900
2021-04-08,2.6910629272460938,2.7076404332670383,2.674485684715669,2.7076404332670383,1169900
2021-04-09,2.6910629272460938,2.7076404332670383,2.6689597615451808,2.6910629272460938,1068100
2021-04-12,2.696589708328247,2.7242185424991567,2.6744865355952783,2.691063783399703,1250300
2021-04-13,2.674485683441162,2.7021145088088776,2.674485683441162,2.696588849131542,984400
2021-04-14,2.6468567848205566,2.6965890429435793,2.6413311247460753,2.6855374593040784,1388600
2021-04-15,2.63580584526062,2.674486529196067,2.6302801838359007,2.6579090179407032,1556800
2021-04-16,2.6634347438812256,2.6744863293956462,2.60265089180662,2.635805648349882,1433500
2021-04-19,2.7628986835479736,2.779476191585104,2.635805333565145,2.6744860099914147,3062900
2021-04-20,2.7242178916931152,2.779476073815156,2.713166307966815,2.7628985664804357,1093700
2021-04-22,2.696589708328247,2.7518476401606695,2.691063783399703,2.7297444674277007,1117000
2021-04-23,2.685537576675415,2.724217989358925,2.685537576675415,2.702114821113905,978600
2021-04-26,2.685537576675415,2.7186923290429448,2.663434408430395,2.6965891607979247,1064800
2021-04-27,2.6468567848205566,2.7021147030180606,2.6413311247460753,2.69106311937856,1071100
2021-04-28,2.685537576675415,2.685537576675415,2.6247537322563352,2.6468569005013554,1022400
2021-04-29,2.6523823738098145,2.6910627799235898,2.6468564509418435,2.6910627799235898,1125500
2021-04-30,2.6137020587921143,2.6744859011334774,2.6137020587921143,2.652382733643989,1475200
2021-05-03,2.5971248149871826,2.6358054937643907,2.58054756943307,2.6358054937643907,1583200
2021-05-04,2.5639700889587402,2.619228013905801,2.5639700889587402,2.5971248439269767,1177200
2021-05-05,2.586073160171509,2.602650668767792,2.5584443304984505,2.575021575604173,966500
2021-05-06,2.5750210285186768,2.6026501158122564,2.5584437869349324,2.586072610738008,941300
2021-05-07,2.6026506423950195,2.6137022268503687,2.5252895512075755,2.569495889028972,2484800
2021-05-10,2.6026506423950195,2.6910633180378127,2.6026506423950195,2.6800117335824636,3718600
2021-05-11,2.5915985107421875,2.6137016749859607,2.5694953464984143,2.6137016749859607,1634700
2021-05-12,2.5308148860931396,2.6192275503613818,2.5252892263216364,2.5750212182272607,2077800
2021-05-13,2.4479284286499023,2.5363413761668485,2.4424027676435456,2.514238205160258,4501900
2021-05-14,2.4424023628234863,2.4810827739285797,2.409247611808889,2.458979606585515,3758000
2021-05-17,2.4424023628234863,2.4645055301665506,2.425824855570918,2.4424023628234863,1725500
2021-05-18,2.4976601600646973,2.5252892496490085,2.4424022443866007,2.4424022443866007,2378300
2021-05-19,2.458979845046997,2.4976605233937184,2.4424025996773766,2.4700314297902652,1729700
2021-05-20,2.4866089820861816,2.492134906299624,2.453454227277234,2.4589798880001075,2141700
2021-05-21,2.508711814880371,2.5584440721568935,2.4810827245066287,2.497660231428981,2635500
2021-05-24,2.6689603328704834,2.6689603328704834,2.514238139843816,2.5197638007066234,3796400
2021-05-25,2.62475323677063,2.691062728988168,2.6081757319709955,2.657907982879399,1861000
2021-05-26,2.6910629272460938,2.7131660929470067,2.6137018472928983,2.652382519014756,1849600
2021-05-27,2.746320962905884,2.746320962905884,2.663434219608518,2.707640552964588,1991800
2021-05-28,2.6634347438812256,2.75737308900851,2.6579088193787235,2.7463215034940895,1752100
2021-05-31,2.746320962905884,2.7518468863206578,2.630279469591466,2.663434219608518,1818900
2021-06-01,2.7131667137145996,2.7960537358026825,2.6910635429565213,2.7463214698517167,3089700
2021-06-02,2.7628986835479736,2.790527775779674,2.718692346769694,2.746321175510843,2278900
2021-06-04,2.80710506439209,2.8292082331282042,2.73526963425444,2.73526963425444,2045100
2021-06-07,2.801578998565674,2.8292078237426566,2.757372403999571,2.8071046582048633,1734700
2021-06-08,2.790527582168579,2.801579165596373,2.7463209849668697,2.7960532421372095,1316900
2021-06-09,2.840259552001953,2.845785475414722,2.7573725452441398,2.79052755873969,1990000
2021-06-10,2.8347339630126953,2.889991881070435,2.7905276285665033,2.8513112066847484,2288500
2021-06-11,2.7518467903137207,2.851311036894751,2.7186920414533775,2.83473379420984,1685700
2021-06-14,2.812631130218506,2.818156790936026,2.751847281382371,2.76289886630798,1390000
2021-06-15,2.801578998565674,2.8292078237426566,2.7628983271292777,2.81815624097376,1063400
2021-06-16,2.7684240341186523,2.8402591847628047,2.757372188722094,2.8015787798368375,1916600
2021-06-17,2.7628986835479736,2.8568372809470928,2.757372759705413,2.7684246073905343,2393200
2021-06-18,2.7628986835479736,2.796053436131683,2.757372759705413,2.7739502677425434,964000
2021-06-21,2.7242178916931152,2.785001733933036,2.6744858966700344,2.7739501502067356,2188900
2021-06-22,2.685537576675415,2.7186923290429448,2.663434408430395,2.7186923290429448,1635100
2021-06-23,2.6634347438812256,2.7021151614364065,2.6634347438812256,2.680011990407565,1209800
2021-06-24,2.740795373916626,2.757372617608925,2.6689599486085624,2.674485872166354,1637400
2021-06-25,2.735269546508789,2.751847054274357,2.6744859661796494,2.7407954702608275,1375500
2021-06-28,2.7021145820617676,2.729743671669012,2.6744857559450494,2.71316616520656,1184000
2021-06-29,2.7076408863067627,2.7076408863067623,2.635805454014104,2.7021149622116827,1227900
2021-06-30,2.6689603328704834,2.7076410128724384,2.6247539920057212,2.7076410128724384,2214900
2021-07-01,2.5971248149871826,2.674486172541599,2.5694959845668057,2.668960248363183,2089000
2021-07-02,2.6081759929656982,2.6302794227405544,2.586072826681368,2.613701916282044,1017800
2021-07-05,2.5750210285186768,2.6523823675444986,2.5750210285186768,2.6523823675444986,1499000
2021-07-06,2.6026506423950195,2.6137022268503687,2.558444304573623,2.586073133966717,1403800
2021-07-07,2.6689603328704834,2.6744862572238666,2.59159923635715,2.613702406789531,1406000
2021-07-08,2.5971248149871826,2.6302798330765427,2.5860732301209186,2.6302798330765427,971500
2021-07-12,2.674485683441162,2.685537266286352,2.6026502632021677,2.619227505724693,1966000
2021-07-13,2.7021145820617676,2.7076405053794272,2.6247535000482203,2.6744857559450494,1505700
2021-07-14,2.6689603328704834,2.7131666737352456,2.6523830867914855,2.7021150885190552,1097500
2021-07-15,2.6523823738098145,2.6910627799235898,2.6468564509418435,2.668959615432717,971700
2021-07-16,2.6137020587921143,2.6744859011334774,2.608176135174472,2.663434317388733,826200
2021-07-19,2.5805470943450928,2.608175919678904,2.5639695883523914,2.597124336847276,1155500
2021-07-20,2.5805470943450928,2.602650260008349,2.5639695883523914,2.5805470943450928,1184300
2021-07-21,2.6137020587921143,2.641331149899245,2.580547307557882,2.580547307557882,1089500
2021-07-22,2.5418663024902344,2.580546972317074,2.5087115555631603,2.536340643080975,3555600
2021-07-23,2.508711814880371,2.5418665652345416,2.4810827245066287,2.5308149817831516,1730300
2021-07-26,2.514237642288208,2.5584439744047485,2.4755569699409734,2.4755569699409734,1311100
2021-07-27,2.525289535522461,2.563969949130652,2.4976604428104197,2.4976604428104197,1262500
2021-07-28,2.630279541015625,2.6413311246547435,2.5252893646987284,2.5252893646987284,1260700
2021-07-29,2.5750210285186768,2.6413307853251675,2.5639694462993456,2.6192273573960008,1101400
2021-07-30,2.569495916366577,2.5750215769077616,2.497660484897251,2.5473927472207167,1468700
2021-08-02,2.514237642288208,2.5915987234921536,2.5087117190283785,2.575021217203189,1167400
2021-08-03,2.5363409519195557,2.5363409519195557,2.453453942763847,2.514237784610105,1926800
2021-08-04,2.47003173828125,2.5418671798295582,2.4645060769647786,2.530815593706018,1361600
2021-08-05,2.4368762969970703,2.508711718414121,2.4368762969970703,2.4810826291027865,1247600
2021-08-06,2.514237642288208,2.514237642288208,2.442402220853568,2.4479278806228737,1231900
2021-08-09,2.514237642288208,2.541866468115784,2.492134476229938,2.5087117190283785,995000
2021-08-10,2.464505434036255,2.530814933478986,2.4534538507957997,2.5142376903635673,825800
2021-08-11,2.47003173828125,2.503186760142467,2.4368769799106302,2.48108332440479,907200
2021-08-12,2.45345401763916,2.4810828458738894,2.4092476816711557,2.4755571856231624,1308900
2021-08-13,2.403722047805786,2.453454313512507,2.33188661144954,2.4424027281877443,3260800
2021-08-16,2.2600514888763428,2.3981964402552767,2.2600514888763428,2.392670515724639,2343900
2021-08-17,2.1605865955352783,2.282154140905716,2.1274317146195134,2.221370302347866,2823100
2021-08-18,2.232422113418579,2.2545252817898085,2.127431931909964,2.166112608304891,1981500
2021-08-19,2.199267625808716,2.2268967213465203,2.1605870764991972,2.204793418567218,1365500
2021-08-20,2.188215494155884,2.226896165556754,2.177163911397138,2.188215494155884,1168600
2021-08-23,2.1440093517303467,2.2103188541161,2.1440093517303467,2.1992672703851412,1485900
2021-08-24,2.293205976486206,2.293205976486206,2.1495352491813415,2.1495352491813415,2067800
2021-08-25,2.3650410175323486,2.3650410175323486,2.2324217645399083,2.2987312592908733,2367400
2021-08-26,2.3208346366882324,2.3816184775201745,2.304257393228043,2.348463727109261,1355800
2021-08-27,2.331886053085327,2.370566724205297,2.2987313050498597,2.320834470406838,1254700
2021-08-30,2.353990077972412,2.353990077972412,2.221370788760299,2.3208350580514474,2856700
2021-08-31,2.304257392883301,2.3650412337061493,2.2103188016544992,2.331886219809662,3938800
2021-09-01,2.2047932147979736,2.3153091914993182,2.2047932147979736,2.3153091914993182,2769000
2021-09-02,2.1550607681274414,2.2379477714189813,2.1550607681274414,2.2047928910552095,1872200
2021-09-03,2.1495351791381836,2.1937415147929666,2.138483463479216,2.171638346965575,992700
2021-09-06,2.1440093517303467,2.182689894788703,2.1329576362541176,2.1661125191922643,1220600
2021-09-08,2.0445449352264404,2.144009319033475,2.0445449352264404,2.1384833955069973,1745800
2021-09-09,2.0555965900421143,2.0832255499058645,2.000338538569341,2.044545006096614,1629800
2021-09-10,2.072174310684204,2.138483825388357,2.072174310684204,2.0887516893602425,1108400
2021-09-13,2.199267625808716,2.204793418567218,2.083225846134869,2.1163806026858847,1485600
2021-09-14,2.1550607681274414,2.2047928910552095,2.144009185254604,2.2047928910552095,781700
2021-09-15,2.110854387283325,2.166112435549646,2.110854387283325,2.1550608522454353,675100
2021-09-16,2.0998034477233887,2.132958207800396,2.094277654377221,2.0998034477233887,616600
2021-09-17,2.0942771434783936,2.138483479463603,2.07769976748394,2.0887513514802425,1019200
2021-09-20,2.0279674530029297,2.0887511593927504,2.0279674530029297,2.0721737849227995,1138600
2021-09-21,2.1495351791381836,2.1495351791381836,2.02244183238541,2.0445450002128016,1495800
2021-09-22,2.1495351791381836,2.2047930987066624,2.12743187956552,2.171638346965575,905900
2021-09-23,2.1440093517303467,2.182689894788703,2.138483428119597,2.160586727326785,761600
2021-09-24,2.1440093517303467,2.160586727326785,2.1108544687922,2.1329576362541176,616800
2021-09-27,2.177164077758789,2.1882156613620096,2.127431819799027,2.127431819799027,1102900
2021-09-28,2.0942771434783936,2.166112571199632,2.0832255594820914,2.160586779201481,824900
2021-09-29,2.0887515544891357,2.1274321022356144,2.072174176883502,2.116380517165192,757300
2021-09-30,2.0555965900421143,2.116380301742365,2.0555965900421143,2.0887513418786146,717800
2021-10-01,2.121906042098999,2.1440093411976013,2.0555965400390006,2.072173915554,1286900
2021-10-04,2.0776991844177246,2.1219055079972815,2.0500702321805013,2.1219055079972815,804200
2021-10-05,2.0832254886627197,2.1108544477142277,2.0666481132318153,2.105328655903926,555700
2021-10-06,2.0445449352264404,2.0721738941324865,2.016915976320394,2.066648102351277,1112200
2021-10-07,2.011389970779419,2.0721736739129537,2.011389970779419,2.0611220915250383,855900
2021-10-08,2.0555965900421143,2.0832255499058645,2.0224418382056135,2.0224418382056135,921700
2021-10-11,2.0500710010528564,2.0832257561721055,2.0334936234932317,2.055596793572731,578900
2021-10-13,2.061122417449951,2.077699793653202,2.0334934571112004,2.050070833314451,777900
2021-10-14,2.0279674530029297,2.077699576412783,2.0224416615129464,2.0666479934328157,758300
2021-10-15,2.0555965900421143,2.0832255499058645,2.0224418382056135,2.0334934221511136,843500
2021-10-18,2.132957696914673,2.1495352047278398,2.027967648484684,2.0500708165752077,1171500
2021-10-19,2.022442102432251,2.1219063709364923,2.022442102432251,2.1219063709364923,1051600
2021-10-20,2.0500710010528564,2.072174171132356,2.022442038453482,2.027967830973357,926600
2021-10-21,1.961658000946045,2.044545012543947,1.9395548329853438,2.022441844583246,1352400
2021-10-22,1.9008740186691284,1.95613193071086,1.8179870188612766,1.95613193071086,1866900
2021-10-25,1.9395548105239868,1.978235354007267,1.9119258508930725,1.928503226671621,1183900
2021-10-26,1.8566676378250122,1.9340288497842986,1.856667637825012,1.9285030583404394,989200
2021-10-27,1.8621937036514282,1.9119259657191563,1.8566679113933784,1.8621937036514282,808200
2021-10-28,1.7572029829025269,1.873244707963811,1.7572029829025269,1.873244707963811,1554100
2021-10-29,1.685368299484253,1.7848326965860464,1.685368299484253,1.7737811115464344,1869400
2021-11-01,1.8953485488891602,1.8953485488891602,1.7074713525954588,1.7074713525954588,2001200
2021-11-03,1.8511418104171753,1.961657768892512,1.8511418104171753,1.8566676017536794,2129800
2021-11-04,1.7793067693710327,1.8842969510447758,1.7793067693710327,1.8566678587920087,1438000
2021-11-05,1.8621937036514282,1.8842970044289071,1.7958841965548302,1.80140998881288,1258700
2021-11-08,1.7627297639846802,1.8621940427411794,1.75720397072043,1.8621940427411794,1517400
2021-11-09,1.7903581857681274,1.8235129352696036,1.7682550194338102,1.784832394184548,878500
2021-11-10,1.8677195310592651,1.8732453230315298,1.7903583117022877,1.795884103674552,1481900
2021-11-11,1.8400905132293701,1.8898227747189928,1.8400905132293701,1.8732453981375445,1121200
2021-11-12,1.7351001501083374,1.8400901829458551,1.7295743589063626,1.8069354357340073,1921200
2021-11-16,1.6964199542999268,1.7627295990102902,1.6853683688057481,1.7351006352748435,1943200
2021-11-17,1.6356359720230103,1.724048641811106,1.6301101801612543,1.712997058087594,2031000
2021-11-18,1.624584436416626,1.6798423566708212,1.624584436416626,1.646687604518304,861400
2021-11-19,1.6743165254592896,1.6908939011475672,1.6190586064983643,1.6356359821866417,746400
2021-11-22,1.6080069541931152,1.7129969957455162,1.6080069541931152,1.6964196207635582,1059400
2021-11-23,1.5914299488067627,1.6411620853024882,1.5859040241174975,1.6080073276386713,1208800
2021-11-24,1.7129970788955688,1.7129970788955686,1.596955448389122,1.6024812403180004,1341000
2021-11-25,1.6964199542999268,1.7295748425277542,1.66879099056448,1.7019457470470163,735800
2021-11-26,1.6411620378494263,1.6577394162020114,1.608007281144256,1.6466878306336212,966400
2021-11-29,1.613532543182373,1.6798420347812522,1.613532543182373,1.657738870914959,942700
2021-11-30,1.5969552993774414,1.6466874220968497,1.5693262105658443,1.6080068822039766,993000
2021-12-01,1.5472230911254883,1.6522132628586954,1.5472230911254885,1.60248113865388,977300
2021-12-02,1.5914299488067627,1.5914299488067627,1.5527492664536806,1.5638008523416196,820100
2021-12-03,1.6632649898529053,1.6632649898529053,1.596955485178768,1.596955485178768,1078600
2021-12-06,1.685368299484253,1.707471469563477,1.6466877518456111,1.6632651294050291,848600
2021-12-07,1.6687906980514526,1.7295745393602655,1.6687906980514524,1.7129970322794852,790200
2021-12-08,1.701945424079895,1.72957451431764,1.6687906738889202,1.6687906738889202,614500
2021-12-09,1.685368299484253,1.718523054603089,1.6743167144446411,1.701945677043671,714500
2021-12-10,1.6908938884735107,1.724048639601555,1.6853680966188365,1.6908938884735105,598500
2021-12-13,1.701945424079895,1.7185227991753822,1.6798422572859117,1.701945424079895,684700
2021-12-14,1.6908938884735107,1.7406261469108473,1.6798423047641624,1.7019454721828589,661700
2021-12-15,1.7240487337112427,1.7240487337112427,1.6743166043044757,1.690893980773398,611100
2021-12-16,1.7074711322784424,1.7295744297367805,1.6743163837088242,1.7240485065632511,824900
2021-12-17,1.8787713050842285,1.889822890146877,1.7240488507165792,1.7240488507165792,3322300
2021-12-20,1.8621937036514282,1.956132303783555,1.8456163268772787,1.9064001734611065,1758500
2021-12-21,1.9008740186691284,1.9008740186691284,1.829038601269623,1.889822436260782,869900
2021-12-22,1.9008740186691284,1.9008740186691284,1.8511417660863156,1.889822436260782,1096900
2021-12-23,1.8842968940734863,1.922977437614477,1.8677195182702049,1.9008742698767682,1214300
2021-12-27,1.9008740186691284,1.9616577219150333,1.8787708538524357,1.9174513922816478,2128600
2021-12-28,1.895337462425232,1.9743099291102066,1.889262668436735,1.9378611651792246,1660000
2021-12-29,1.8467391729354858,1.9135620539020235,1.8467391729354858,1.8953375264860455,658500
2021-12-30,1.895337462425232,1.8953374624252322,1.8102903465862736,1.883187874448238,1598800
2022-01-03,1.8528138399124146,1.9135619225140807,1.8406642523589831,1.895337396349425,982700
2022-01-04,1.7859911918640137,1.871038308714006,1.785991191864014,1.8588887205925784,625200
2022-01-05,1.7313179969787598,1.8224400578027042,1.73131799697876,1.8042156746048201,1042700
2022-01-06,1.7616920471191406,1.7799164296271228,1.7313179314379865,1.749542458780486,627000
2022-01-07,1.8771133422851562,1.913562256134656,1.749542650732775,1.7920662145835689,1551500
2022-01-10,1.792065978050232,1.913562003565157,1.7859911840162113,1.9074872095311364,931000
2022-01-11,1.864963412284851,1.8710382060121173,1.7981406812849212,1.7981406812849212,1965500
2022-01-12,1.8406648635864258,1.883188434144189,1.8345900677924596,1.8649640467622903,992200
2022-01-13,1.828514814376831,1.87103837429224,1.8163652258295713,1.828514814376831,971900
2022-01-14,1.8831881284713745,1.9014126577296844,1.822440180392117,1.8285149752000427,836700
2022-01-17,1.9682350158691406,1.9682350158691408,1.8771129667281279,1.8953373475894295,1489500
2022-01-18,2.016833543777466,2.0289831320963136,1.9257116313861071,1.9682351905020745,1276200
2022-01-19,1.9621601104736328,2.047207216314972,1.9500105239248702,2.028982836491828,1260700
2022-01-20,2.0289831161499023,2.047207498484943,1.931786410363019,1.9621603809214199,1148900
2022-01-21,1.9500110149383545,2.0289833473905743,1.9378614253303208,2.016833757782541,941300
2022-01-24,1.8771133422851562,1.9621606148212773,1.8528141629418455,1.9560858199854498,1159400
2022-01-25,1.9317864179611206,1.9378612120966943,1.8649635376352944,1.8649635376352944,725000
2022-01-26,1.913562536239624,1.980385289215162,1.913562536239624,1.9439365148648686,876300
2022-01-27,1.9500110149383545,1.992534578566473,1.9317866305263038,1.9560858097423715,981100
2022-01-28,1.9074876308441162,1.9925347661050405,1.8953378952580096,1.9560859938503588,758200
2022-01-31,1.9074876308441162,1.937861607723018,1.889263099882229,1.9074876308441164,839300
2022-02-01,1.919636845588684,1.9500108165181138,1.8224399937799916,1.9257116397745702,1517600
2022-02-02,1.9074876308441162,1.9439364030987982,1.8771135091306685,1.9135624262198967,534200
2022-02-03,1.8831881284713745,1.9135622473455358,1.8588889492396714,1.9074874525376102,481400
2022-02-04,1.8467391729354858,1.8953375264860455,1.8406643787416659,1.8831879380984056,610400
2022-02-07,1.828514814376831,1.87103837429224,1.8224400201032012,1.8467391971977207,936100
2022-02-08,1.8528138399124146,1.8892626025727093,1.8224398710288356,1.8285146648055515,715200
2022-02-09,1.8406648635864258,1.889263229938155,1.816365680410561,1.8649640467622903,1096400
2022-02-10,1.828514814376831,1.87711316856587,1.8163652258295713,1.8406644029240908,1222300
2022-02-11,1.822440266609192,1.8771134224670332,1.7920662911326133,1.8345898567998231,1351200
2022-02-14,1.810289978981018,1.8406639427556355,1.8042151862260944,1.8224395644908649,679100
2022-02-15,1.8345897197723389,1.8528141036970869,1.8163653358475904,1.822440130489173,814800
2022-02-16,1.8467391729354858,1.8649635555169457,1.828514790354026,1.8467391729354858,569800
2022-02-17,1.8345897197723389,1.877113282263418,1.8345897197723386,1.8528141036970869,1240400
2022-02-18,1.804215669631958,1.8406644359272648,1.804215669631958,1.8285148471621626,1128700
2022-02-21,1.7434674501419067,1.8224399160234903,1.731317862288511,1.8224399160234903,982400
2022-02-22,1.7313179969787598,1.7616921138097568,1.7130936137808757,1.7616921138097568,1310300
2022-02-23,1.6827197074890137,1.755617387961486,1.6705701182160233,1.7313180645809763,1294900
2022-02-24,1.6705700159072876,1.6705700159072876,1.597672484733721,1.6644952216428237,1873300
2022-02-25,1.688794493675232,1.7009440828874292,1.65234572603864,1.6644953152508373,937600
2022-03-02,1.6827197074890137,1.7009440913984997,1.6584205289430325,1.688794502125509,361300
2022-03-03,1.6705700159072876,1.719168370022999,1.6584204273783598,1.6948691929651434,655600
2022-03-04,1.6584203243255615,1.688794293760469,1.6341211487776357,1.6827194998734876,772700
2022-03-07,1.609822154045105,1.6705700997381354,1.609822154045105,1.6462709214609232,826700
2022-03-08,1.6280463933944702,1.6523455695170794,1.597672423241209,1.621971599363818,615600
2022-03-09,1.7434674501419067,1.7495423889031163,1.6462707473147415,1.6705699230215327,956200
2022-03-10,1.7252429723739624,1.749542291563317,1.7009437980191113,1.737392559551388,799000
2022-03-11,1.6827197074890137,1.755617387961486,1.682719707489014,1.7252432699444809,531000
2022-03-14,1.6644949913024902,1.7373925123881688,1.6462706110310708,1.68271937157391,533100
2022-03-15,1.688794493675232,1.6948692882813305,1.6401961368264428,1.6644953152508373,319300
2022-03-16,1.7070187330245972,1.7373927034844714,1.688794350748673,1.7009439389326224,525800
2022-03-17,1.7616920471191406,1.7616920471191408,1.707018754760677,1.7373927256073138,481600
2022-03-18,1.792065978050232,1.7981407720842524,1.749542419812088,1.7799163899821908,529000
2022-03-21,1.804215669631958,1.8224400527796114,1.7799164921017534,1.804215669631958,612000
2022-03-22,1.816365122795105,1.822439916724138,1.7920659470789715,1.8042155349370381,552100
2022-03-23,1.816365122795105,1.834589504582205,1.7981407410080048,1.8163651227951048,475200
2022-03-24,1.822440266609192,1.8345898567998231,1.7920662911326133,1.8163654715138762,1222700
2022-03-25,1.895337462425232,1.9074871952367394,1.8102903465862736,1.8102903465862736,1040800
2022-03-28,1.9014126062393188,1.9560857580300983,1.8710384881876903,1.9074874008827387,1148900
2022-03-29,1.8771133422851562,1.931786640642139,1.864963752613501,1.9074874612988282,1114200
2022-03-30,1.8406648635864258,1.889263229938155,1.8345900677924596,1.8771136383502227,722100
2022-03-31,1.810289978981018,1.8649631137753298,1.8102899789810178,1.8528135282654827,601000
2022-04-01,1.8467391729354858,1.8467391729354858,1.8163652019663858,1.828514790354026,762900
2022-04-04,1.8467391729354858,1.8649635555169457,1.822439996160206,1.8528139671293058,601500
2022-04-05,1.7859911918640137,1.846739132471151,1.7799163978033001,1.846739132471151,923200
2022-04-06,1.7799166440963745,1.7920662338989817,1.7495426695898564,1.7920662338989817,712700
2022-04-07,1.792065978050232,1.8042155661182728,1.7556172138461086,1.7799163899821908,571100
2022-04-08,1.816365122795105,1.834589504582205,1.7799163592209049,1.7920659470789715,564400
2022-04-11,1.7677668333053589,1.8224399805824048,1.7677668333053589,1.8102903922986169,579000
2022-04-12,1.7799166440963745,1.8042158237015888,1.75561746449116,1.7799166440963743,686300
2022-04-13,1.792065978050232,1.8042155661182728,1.761692007880129,1.7920659780502317,626900
2022-04-14,1.7616920471191406,1.7859912237964501,1.749542458780486,1.7799164296271228,466700
2022-04-18,1.7799166440963745,1.7799166440963743,1.75561746449116,1.7677670542937671,355700
2022-04-19,1.792065978050232,1.8042155661182728,1.761692007880129,1.7799163899821908,434000
2022-04-20,1.7859911918640137,1.8163651621675825,1.7799163978033001,1.7920659859247274,471200
2022-04-22,1.7495421171188354,1.8042152539658658,1.743467179301343,1.8042152539658658,708500
2022-04-25,1.7677668333053589,1.785991215731041,1.7009439529100079,1.737392717761372,722600
2022-04-26,1.7252429723739624,1.7799162595068807,1.7252429723739624,1.773841465918168,527700
2022-04-27,1.7070187330245972,1.7556172305949116,1.7070187330245974,1.7434674975764461,604500
2022-04-28,1.7070187330245972,1.7252431153005217,1.688794350748673,1.7252431153005217,585000
2022-04-29,1.688794493675232,1.7313180559179224,1.688794493675232,1.7191684667057252,707300
2022-05-02,1.7434674501419067,1.7434674501419067,1.6705699230215327,1.6948690987283241,686600
2022-05-03,1.7616920471191406,1.7616920471191408,1.7009439605913497,1.7373927256073138,450200
2022-05-04,1.7616920471191406,1.7616920471191408,1.707018754760677,1.7373927256073138,738700
2022-05-05,1.713093876838684,1.749542793665967,1.688794695510192,1.749542793665967,810800
2022-05-06,1.713093876838684,1.7191686721708068,1.670570309513823,1.7130938768386839,598500
2022-05-09,1.652345895767212,1.6948694623779128,1.6401963053070114,1.6827198719177126,709100
2022-05-10,1.640196442604065,1.670570421297101,1.6280468511268504,1.6584208298198866,586000
2022-05-11,1.6219714879989624,1.6705698369074091,1.6219714879989622,1.6462706624531858,556500
2022-05-12,1.6644949913024902,1.6644949913024902,1.615896643912038,1.615896643912038,628300
2022-05-13,1.6219714879989624,1.6705698369074091,1.6219714879989622,1.6705698369074091,865600
2022-05-16,1.6584203243255615,1.6584203243255615,1.6037471793427283,1.6219715610036727,684300
2022-05-17,1.7070187330245972,1.7130935271165721,1.6584203802887987,1.6584203802887987,639000
2022-05-18,1.652345895767212,1.707019052838113,1.6462711005371116,1.6887946671478127,340000
2022-05-19,1.6584203243255615,1.6705699120995245,1.6341211487776357,1.6523455304385801,472100
2022-05-20,1.652345895767212,1.6766450766876124,1.6401963053070114,1.652345895767212,571500
2022-05-23,1.676645040512085,1.700944220908203,1.6584206552149965,1.6584206552149965,437000
2022-05-24,1.652345895767212,1.6948694623779128,1.6401963053070114,1.6887946671478127,470500
2022-05-25,1.6280463933944702,1.664495157578384,1.6280463933944702,1.6584203635477317,548400
2022-05-26,1.646270990371704,1.6584205800188765,1.6219718110773595,1.640196195548118,473400
2022-05-27,1.6827197074890137,1.682719707489014,1.6523457343065373,1.6584205289430325,334500
2022-05-30,1.6584203243255615,1.6948690876474504,1.6584203243255615,1.6827194998734876,304500
2022-05-31,1.652345895767212,1.6705702814575123,1.652345895767212,1.658420690997312,364400
2022-06-01,1.6584203243255615,1.6705699120995245,1.640195942664617,1.6523455304385801,426800
2022-06-02,1.676645040512085,1.676645040512085,1.6401962699179078,1.6584206552149965,478200
2022-06-03,1.6705700159072876,1.6948691929651434,1.6584204273783598,1.6766448101717517,592500
2022-06-06,1.6341214179992676,1.6766449822138985,1.6341214179992676,1.670570187326094,394700
2022-06-07,1.609822154045105,1.6462709214609232,1.6037473594758018,1.6462709214609232,596400
2022-06-08,1.5915974378585815,1.621971551958616,1.5915974378585815,1.6037471703993014,538000
2022-06-09,1.5915974378585815,1.6098219642524063,1.5794478501523719,1.5915974378585815,474000
2022-06-10,1.597672700881958,1.597672700881958,1.567298580615821,1.5915977609610992,575300
2022-06-13,1.4944008588790894,1.579447979803781,1.4883260645273257,1.579447979803781,1636200
2022-06-14,1.4579520225524902,1.5126251690852655,1.4458024344340958,1.4944007869076739,790800
2022-06-15,1.4701018333435059,1.4944010132608303,1.4458026534261812,1.4761766283228368,908300
2022-06-17,1.4579520225524902,1.4579520225524902,1.4336527014811864,1.4458024344340958,693700
2022-06-20,1.500475525856018,1.5247747012003245,1.4458023813313285,1.4640267628395585,935700
2022-06-21,1.530849814414978,1.530849814414978,1.4640270682770202,1.5004758388977244,709500
2022-06-22,1.4883263111114502,1.5247750832608216,1.4883263111114502,1.5187002879025928,538400
2022-06-23,1.5187002420425415,1.5187002420425415,1.4822514709938106,1.488326266168599,430800
2022-06-24,1.5551486015319824,1.5551486015319824,1.4883258722934807,1.4883258722934807,601100
2022-06-27,1.5551486015319824,1.585522569367665,1.5186998401291631,1.5369242208305727,1114400
2022-06-28,1.4944008588790894,1.5855227741555449,1.4944008588790894,1.579447979803781,567400
2022-06-29,1.5065504312515259,1.5065504312515259,1.4518772826783126,1.5065504312515259,659300
2022-06-30,1.4944008588790894,1.4944008588790894,1.4397275648786942,1.4883260645273257,1398000
2022-07-01,1.5187002420425415,1.5187002420425415,1.4701018806442336,1.4944010613433876,566200
2022-07-04,1.4640270471572876,1.5126254072838239,1.4640270471572874,1.4944010222363728,364900
2022-07-05,1.4640270471572876,1.4822514322047387,1.4397277222594815,1.4579522521414705,573600
2022-07-06,1.5065504312515259,1.5065504312515259,1.4701016655360504,1.4701016655360504,530500
2022-07-07,1.4944008588790894,1.5369244193414353,1.482251270175562,1.4883260645273257,571800
2022-07-08,1.4883263111114502,1.53084987861905,1.4883263111114502,1.5065506971861358,705000
2022-07-11,1.451877474784851,1.48832624532308,1.4458026796951464,1.4822514502333755,522200
2022-07-12,1.4701018333435059,1.482251423302168,1.4458026534261812,1.4579522433848435,485000
2022-07-13,1.4579520225524902,1.476176404730082,1.451877228493293,1.4640268166116874,435900
2022-07-14,1.451877474784851,1.451877474784851,1.403278969232673,1.451877474784851,479300
2022-07-15,1.4640270471572876,1.4640270471572874,1.4336529272436644,1.4518774571256534,364700
2022-07-18,1.4458024501800537,1.4883260090575503,1.4458024501800535,1.4640268325561236,565200
2022-07-19,1.4701018333435059,1.4761766283228368,1.4458026534261812,1.4579522433848435,549600
2022-07-20,1.4883263111114502,1.4883263111114502,1.4458027436038505,1.464027129678536,511600
2022-07-21,1.4944008588790894,1.5126252419343804,1.4761764758237983,1.4883260645273257,415100
2022-07-22,1.4640270471572876,1.5065506122680068,1.4579522521414705,1.5065506122680068,394900
2022-07-25,1.476176381111145,1.4883259690351451,1.4579519992251448,1.470101587149145,465900
2022-07-26,1.4701018333435059,1.4761766283228368,1.4518774484055124,1.4761766283228368,480200
2022-07-27,1.5126254558563232,1.5126254558563232,1.4579522989583389,1.4701018893801132,604300
2022-07-28,1.500475525856018,1.5369242888724777,1.4944007320199415,1.518699907364248,755200
2022-07-29,1.500475525856018,1.5247747012003245,1.4944007320199415,1.500475525856018,448000
2022-08-01,1.5126254558563232,1.5612238175434203,1.4944010702236619,1.5126254558563232,1034300
2022-08-02,1.500475525856018,1.518699907364248,1.488325938183865,1.500475525856018,452100
2022-08-03,1.5247750282287598,1.5308498233677372,1.4883262573948948,1.5004758476728497,521900
2022-08-04,1.6037474870681763,1.6158970771733905,1.5187002114971395,1.5187002114971395,804300
2022-08-05,1.6644949913024902,1.6644949913024902,1.5855225319585056,1.615896643912038,560600
2022-08-08,1.6705700159072876,1.713093575758535,1.6584204273783598,1.6644952216428237,651500
2022-08-09,1.6158967018127441,1.688794225510482,1.609821908171266,1.6705698445860475,454900
2022-08-10,1.6280463933944702,1.664495157578384,1.597672423241209,1.6037472172718612,677300
2022-08-11,1.652345895767212,1.6705702814575123,1.621971919616711,1.6705702814575123,441900
2022-08-12,1.6280463933944702,1.6584203635477317,1.621971599363818,1.6584203635477317,513300
2022-08-15,1.676645040512085,1.688794630710144,1.6158970895217897,1.6341214748188784,833100
2022-08-16,1.646270990371704,1.688794554136807,1.634121400724532,1.6766449644896348,852300
2022-08-17,1.676645040512085,1.6827198356111146,1.6341214748188784,1.6401962699179078,566400
2022-08-18,1.6280463933944702,1.6766447456396887,1.6158968053331657,1.664495157578384,553000
2022-08-19,1.567298412322998,1.6219717070637227,1.5551488234549533,1.6219717070637227,721100
2022-08-22,1.6037474870681763,1.6219718722259975,1.5369245966549605,1.5672985719179957,953100
2022-08-23,1.6280463933944702,1.6523455695170794,1.58552269034539,1.597672423241209,561900
2022-08-24,1.640196442604065,1.6584208298198866,1.6280468511268504,1.6280468511268504,488600
2022-08-25,1.6219714879989624,1.6644950432938532,1.6219714879989622,1.628046281612518,478700
2022-08-26,1.597672700881958,1.6401962664861944,1.597672700881958,1.6280466763135555,516000
2022-08-29,1.6037474870681763,1.6401962573838185,1.5915977521284237,1.6037474870681763,690800
2022-08-30,1.5794481039047241,1.615897017713705,1.5612237194175005,1.6098222228846304,697500
2022-08-31,1.609822154045105,1.628046537753014,1.5855228309333655,1.597672564906499,610900
2022-09-01,1.6037474870681763,1.6219718722259975,1.5612237768653887,1.6158970771733905,716800
2022-09-02,1.5187002420425415,1.6037475193241222,1.5187002420425415,1.5794481937904268,3001400
2022-09-05,1.500475525856018,1.5429990827085545,1.500475525856018,1.5429990827085545,1035200
2022-09-06,1.5065504312515259,1.5187000198233511,1.4822512541078756,1.5004756369656134,905100
2022-09-08,1.5065504312515259,1.5369244026810889,1.4944008426797006,1.5126252255374384,820000
2022-09-09,1.5247750282287598,1.5429994136456922,1.5126254379508048,1.5126254379508048,804600
2022-09-12,1.530849814414978,1.5490741997253301,1.5247750193115273,1.5369246095184288,471800
2022-09-13,1.5369242429733276,1.5612234175919564,1.5126250683546987,1.518699862009356,445400
2022-09-14,1.5187002420425415,1.5429994227416957,1.5126254468677531,1.536924627566907,604500
2022-09-15,1.597672700881958,1.6037474959682774,1.5126254248389457,1.5126254248389457,1332000
2022-09-16,1.5490738153457642,1.5855225769222518,1.5369242281536017,1.5794477833261706,661000
2022-09-19,1.567298412322998,1.5733732067570203,1.549074029020931,1.5551488234549533,580800
2022-09-20,1.5429986715316772,1.5915970092698493,1.518699502662591,1.5672978404007631,686400
2022-09-21,1.5551486015319824,1.5612233950991188,1.5247746336962997,1.5429990143977093,481600
2022-09-22,1.567298412322998,1.5733732067570203,1.5429992345869086,1.549074029020931,419000
2022-09-23,1.567298412322998,1.5733732067570203,1.5429992345869086,1.5551488234549533,308100
2022-09-26,1.5247750282287598,1.5672985942016022,1.5247750282287598,1.5672985942016022,405600
2022-09-27,1.5187002420425415,1.5612238082660612,1.5126254468677531,1.5308498323921187,531900
2022-09-28,1.530849814414978,1.5551489948287809,1.512625429104626,1.5247750193115273,518300
2022-09-29,1.5126254558563232,1.536924636699872,1.5065506606454362,1.536924636699872,482000
2022-09-30,1.5126254558563232,1.5308498414889846,1.500475865434549,1.5247750462780976,994400
2022-10-03,1.5794481039047241,1.5794481039047243,1.524774950443053,1.524774950443053,680400
2022-10-04,1.5794481039047241,1.6219718125427796,1.5672985142465752,1.5976726332264812,766000
2022-10-05,1.5855228900909424,1.5976726245173953,1.5612237109071017,1.5794480952949823,606200
2022-10-06,1.5794481039047241,1.6401961970300034,1.5733733090756497,1.5733733090756497,1144100
2022-10-07,1.597672700881958,1.6037474959682774,1.567298580615821,1.5794481707884602,490600
2022-10-10,1.5794481039047241,1.615897017713705,1.5672985142465752,1.603747428055556,564000
2022-10-11,1.5369242429733276,1.5915973858652424,1.5369242429733274,1.579447798555928,544700
2022-10-13,1.5429986715316772,1.542998671531677,1.5126247104453194,1.530849087097134,487800
2022-10-14,1.713093876838684,1.749542793665967,1.652345923517454,1.658420718849577,3916100
2022-10-17,1.810289978981018,1.834589150000712,1.7373923210874518,1.7495420514317825,3320700
2022-10-18,1.8710384368896484,1.9196369375391176,1.8102904921209684,1.8285148755515723,3343700
2022-10-19,1.8710384368896484,1.9257117320159856,1.8406644645053083,1.8771132313665164,2543400
2022-10-20,1.8345897197723389,1.901412605664278,1.828514925130756,1.877113282263418,2665000
2022-10-21,1.8345897197723389,1.8710384876218353,1.822440130489173,1.8710384876218353,3021400
2022-10-24,1.7862145900726318,1.8257617382968885,1.7862145900726318,1.8125793555554697,1928300
2022-10-25,1.7268931865692139,1.7730316693099915,1.7268931865692139,1.7598492905687264,916700
2022-10-26,1.6346169710159302,1.7466673773251618,1.6346169710159302,1.7137112645426402,1221100
2022-10-27,1.6543903350830078,1.6873462865495275,1.634616764203096,1.634616764203096,1101200
2022-10-28,1.647799015045166,1.674163774142471,1.6346166354965135,1.647799015045166,808300
2022-10-31,1.6412079334259033,1.674163884469321,1.601660792173802,1.6346167432172198,984600
2022-11-01,1.6741636991500854,1.7005284570664092,1.647798941233762,1.6543901307128428,1058800
2022-11-03,1.6609816551208496,1.6939376091616631,1.6412080826963613,1.6741640367371748,738800
2022-11-04,1.6543903350830078,1.6939374768428315,1.6412079544964,1.6873462865495275,1262700
2022-11-07,1.6280254125595093,1.674163740039961,1.6214342229194447,1.6609813607598318,789600
2022-11-08,1.647799015045166,1.674163774142471,1.6148430661735347,1.6280254457221872,1216600
2022-11-09,1.568704605102539,1.6609812541401316,1.5621132587392215,1.6477988757061899,1487300
2022-11-10,1.535748839378357,1.634616856507201,1.5093840767163667,1.5752961405177233,2208600
2022-11-11,1.5291576385498047,1.5752961300480242,1.5159752573064222,1.5687049394263328,1529900
2022-11-14,1.5489312410354614,1.5687049704378193,1.5357488595314783,1.555522431787453,620300
2022-11-16,1.535748839378357,1.5818873311832207,1.5225664580473617,1.5687049498522256,1396700
2022-11-17,1.4896104335784912,1.5357487660334819,1.4500632914742133,1.5357487660334819,1541700
2022-11-18,1.4632457494735718,1.5555224192581927,1.443472177376867,1.5027928936669808,2664700
2022-11-21,1.4764281511306763,1.5027929142880552,1.463245769551987,1.4698369603413317,1304000
2022-11-22,1.4632457494735718,1.5093840843658821,1.443472177376867,1.5093840843658821,948900
2022-11-23,1.4632457494735718,1.4830193215702763,1.4500633680757686,1.4764281308713747,629200
2022-11-24,1.4698368310928345,1.5093839723513682,1.4566544506733232,1.47642802130259,974800
2022-11-25,1.483019232749939,1.575296054154339,1.4698368521416492,1.4896104230540836,2598500
2022-11-28,1.4764281511306763,1.5225664866560895,1.4566545787626421,1.5159752958667447,1515300
2022-11-29,1.4764281511306763,1.5027929142880552,1.4566545787626421,1.4896105327093658,1382500
2022-11-30,1.4698368310928345,1.4896104017221012,1.4566544506733232,1.4830192115123457,1099000
2022-12-01,1.496201753616333,1.5027929445383543,1.4632457990062262,1.4764281808502688,807600
2022-12-02,1.5291576385498047,1.5291576385498047,1.489610494819657,1.4962016854413482,718700
2022-12-05,1.5027925968170166,1.5291573544047334,1.4962014074200873,1.5291573544047334,581900
2022-12-06,1.509384036064148,1.515975226552125,1.4830192741122394,1.515975226552125,555400
2022-12-07,1.5027925968170166,1.515974975610875,1.483019028626229,1.4962014074200873,776800
2022-12-08,1.456654667854309,1.5093841973941013,1.4368810942768868,1.5093841973941013,1412100
2022-12-09,1.3907424211502075,1.4764280528545424,1.37096885009837,1.4764280528545424,2368700
2022-12-12,1.3446041345596313,1.4171073880357876,1.3314217534087627,1.3907424685876715,4670000
2022-12-13,1.3116480112075806,1.3841510981141323,1.305056821488803,1.3643775289578,2924400
2022-12-14,1.3050569295883179,1.3511952614414564,1.3050569295883179,1.311648119853052,2054700
2022-12-15,1.3314216136932373,1.3380128035770114,1.3116480440419154,1.3116480440419154,794300
2022-12-16,1.4632457494735718,1.4632457494735718,1.37756011324147,1.3841513039403717,1974700
2022-12-19,1.483019232749939,1.4962016133582285,1.4500632812292147,1.4962016133582285,1128900
2022-12-20,1.5423399209976196,1.5687048389419433,1.4632456386037587,1.502792779800689,1545300
2022-12-21,1.5423399209976196,1.6214343605378505,1.5357487307981312,1.5423399209976196,2518800
2022-12-22,1.443471908569336,1.5950694235595229,1.4236983401549228,1.581887044616581,5506700
2022-12-23,1.5017054080963135,1.5017054080963135,1.4248738787648383,1.5017054080963135,3732400
2022-12-26,1.4807511568069458,1.5017053302862757,1.45979714985526,1.5017053302862757,736000
2022-12-27,1.4807511568069458,1.5017053302862757,1.45979714985526,1.4807511568069458,908200
2022-12-28,1.5086901187896729,1.5296441274013501,1.4737666045758868,1.4947207797152213,1468700
2022-12-29,1.5366287231445312,1.5505980615481283,1.508690046337337,1.508690046337337,877400
2023-01-02,1.522659182548523,1.543613187371457,1.4807510063750273,1.5366285190971456,915200
2023-01-03,1.4807511568069458,1.5366286752057519,1.4807511568069458,1.5296440062218566,745400
2023-01-04,1.4947208166122437,1.508690156031527,1.452812631826733,1.4947208166122437,1465300
2023-01-05,1.522659182548523,1.522659182548523,1.4667816698264047,1.5086898459999,1130300
2023-01-06,1.5505982637405396,1.5575829338531137,1.4877362327273707,1.5226595832902423,1157900
2023-01-09,1.5156748294830322,1.5645675175712284,1.5086901597561473,1.5366288386636877,1989300
2023-01-10,1.5645675659179688,1.5994909156315618,1.5156748763189387,1.5226595462616572,1894900
2023-01-11,1.6134600639343262,1.6274294021610405,1.5645673801408262,1.5645673801408262,946000
2023-01-12,1.5436137914657593,1.61346050154343,1.522659778442458,1.61346050154343,1901000
2023-01-13,1.5086901187896729,1.5505981360130272,1.501705449252447,1.5436134664758014,1489100
2023-01-16,1.4947208166122437,1.52265949545081,1.4877361469026023,1.508690156031527,754000
2023-01-17,1.4947208166122437,1.5156748257411683,1.4947208166122437,1.4947208166122437,592000
2023-01-18,1.4807511568069458,1.5226593372379613,1.45979714985526,1.5017053302862757,1687100
2023-01-19,1.4597973823547363,1.4877362292677347,1.4458280421620726,1.4807513926437321,1595100
2023-01-20,1.4528125524520874,1.4807512297642196,1.4388432137960214,1.4597972217801205,1263700
2023-01-23,1.4807511568069458,1.4877359923184852,1.45979714985526,1.45979714985526,695600
2023-01-24,1.4947208166122437,1.5017054863218853,1.4737666409556576,1.4807513106652992,516400
2023-01-25,1.5156748294830322,1.5226594992099174,1.4877361505754918,1.5017054900292621,531100
2023-01-26,1.522659182548523,1.5505978556457682,1.5156745142742114,1.522659182548523,681600
2023-01-27,1.5436137914657593,1.5436137914657593,1.5156751074346908,1.536629120457992,834200
2023-01-30,1.522659182548523,1.5715518604687024,1.522659182548523,1.543613187371457,711300
2023-01-31,1.5645675659179688,1.5645675659179688,1.5226595462616572,1.5226595462616572,676300
2023-02-01,1.5505982637405396,1.5645676039656882,1.5226595832902423,1.5645676039656882,788200
2023-02-02,1.5436137914657593,1.5785371465045945,1.529644449450225,1.5436137914657593,823200
2023-02-03,1.5017054080963135,1.5505980935169277,1.4947207387505115,1.5505980935169277,953700
2023-02-06,1.5156748294830322,1.5156748294830322,1.4807513143209448,1.5017054900292621,695400
2023-02-07,1.4667819738388062,1.5156748284203851,1.459797304116818,1.5156748284203851,1612600
2023-02-08,1.4807511568069458,1.5156746682540663,1.4528124808713647,1.4877359923184852,2319700
2023-02-09,1.4737666845321655,1.4877361908921622,1.4528126747836703,1.4807513544483306,1233300
2023-02-10,1.4178893566131592,1.4667820471094282,1.4178893566131592,1.4667820471094282,2129000
2023-02-13,1.4248740673065186,1.445828078116594,1.3969353862264182,1.4109047267664685,1416900
2023-02-14,1.4388433694839478,1.4528127096515455,1.403920019064953,1.4318586994001488,938200
2023-02-15,1.5017054080963135,1.5226594161337197,1.4667818948396505,1.4807512335312545,1455700
2023-02-16,1.4737666845321655,1.5366288803053179,1.4458280048675052,1.5086902006406575,1840600
2023-02-17,1.4877359867095947,1.4877359867095947,1.4737664822668262,1.4807511512243885,461200
2023-02-22,1.4667819738388062,1.4807513132827825,1.4528126343948298,1.4807513132827825,437600
2023-02-23,1.4388433694839478,1.4877362265982108,1.4248740293163498,1.4737667199029425,1653600
2023-02-24,1.4248740673065186,1.445828078116594,1.4109047267664685,1.445828078116594,1966700
2023-02-27,1.4318585395812988,1.4388432088854943,1.396935193060321,1.4318585395812988,757900
2023-02-28,1.4528125524520874,1.4528125524520874,1.4318585444679883,1.4388432137960214,552100
2023-03-01,1.4528125524520874,1.4667818911081534,1.4318585444679883,1.4667818911081534,702800
2023-03-02,1.4248740673065186,1.452812748386619,1.4178893970364934,1.452812748386619,1127300
2023-03-03,1.4388433694839478,1.4388433694839478,1.4178893592325508,1.4318586994001488,718300
2023-03-06,1.4597973823547363,1.4807513926437321,1.4248740318730768,1.4388433720657408,629600
2023-03-07,1.4737666845321655,1.4807513544483306,1.4528126747836703,1.4597973446998354,390300
2023-03-08,1.5017054080963135,1.5086900774421155,1.4667818948396505,1.4667818948396505,633900
2023-03-09,1.4807511568069458,1.5156746682540663,1.4807511568069458,1.5017053302862757,425700
2023-03-10,1.4597973823547363,1.4947208993640668,1.4458280421620726,1.4807513926437321,543800
2023-03-13,1.445827841758728,1.4597971800151295,1.4388431726305273,1.4597971800151295,454000
2023-03-14,1.4178893566131592,1.452812706967637,1.403920016471368,1.4458280368967416,2485900
2023-03-15,1.4109045267105103,1.43185853454946,1.3969351881512102,1.4039198574308602,1835000
2023-03-16,1.4109045267105103,1.4248738652698103,1.4039198574308602,1.4178891959901603,799300
2023-03-17,1.4178893566131592,1.4178893566131592,1.3969353464004726,1.4109046865422636,913800
2023-03-20,1.4039199352264404,1.4248739442265173,1.3899505958930556,1.4109046048931326,1153800
2023-03-21,1.3899505138397217,1.4109045216028149,1.3899505138397217,1.4039198523484506,664500
2023-03-22,1.3829659223556519,1.4039199312970818,1.3829659223556519,1.389950592002795,1037100
2023-03-23,1.3759812116622925,1.3969352199786538,1.3620118727847184,1.3969352199786538,1186000
2023-03-24,1.3899505138397217,1.4039198523484506,1.3689965060766285,1.375981175330993,1034100
2023-03-27,1.4109045267105103,1.4388432038291101,1.3969351881512102,1.3969351881512102,904100
2023-03-28,1.396934986114502,1.4109043226534368,1.3759809813060997,1.4039196543839694,1338700
2023-03-29,1.4039199352264404,1.4039199352264404,1.375981256559671,1.396935265559748,1152400
2023-03-30,1.4178893566131592,1.4318586967549503,1.3829660062586815,1.4109046865422636,854700
2023-03-31,1.4388433694839478,1.4458280395677467,1.403920019064953,1.4178893592325508,1471100
2023-04-03,1.4178893566131592,1.4388433668258458,1.389950676329577,1.4388433668258458,1526200
2023-04-04,1.4039199352264404,1.4248739442265173,1.396935265559748,1.417889274559825,480400
2023-04-05,1.4109045267105103,1.4178891959901603,1.3899505188715602,1.4039198574308602,737200
2023-04-06,1.396934986114502,1.4178889909229042,1.3899503178450345,1.4109043226534368,464200
2023-04-10,1.4039199352264404,1.4109046048931326,1.3899505958930556,1.396935265559748,393000
2023-04-11,1.4178893566131592,1.4248740266840547,1.403920016471368,1.403920016471368,707800
2023-04-12,1.4318585395812988,1.4458278781896898,1.410904531668712,1.4178892009729076,847000
2023-04-13,1.4318585395812988,1.4458278781896898,1.4248738702771033,1.4318585395812988,308000
2023-04-14,1.4318585395812988,1.4388432088854943,1.4178892009729076,1.4248738702771033,410000
2023-04-17,1.4388433694839478,1.4388433694839478,1.4178893592325508,1.4318586994001488,738800
2023-04-18,1.445827841758728,1.4528125108869288,1.4178891652459253,1.445827841758728,889200
2023-04-19,1.4388433694839478,1.4528127096515455,1.4248740293163498,1.4388433694839478,643300
2023-04-20,1.445827841758728,1.445827841758728,1.4318585035023268,1.445827841758728,382500
2023-04-24,1.4248740673065186,1.445828078116594,1.3969353862264182,1.445828078116594,1363200
2023-04-25,1.424667239189148,1.4528784450103904,1.4105616362785267,1.424667239189148,1198000
2023-04-26,1.4317200183868408,1.4458256210781752,1.4176144156955062,1.4246672170411736,760600
2023-04-27,1.4458258152008057,1.4528786174934119,1.4317202106155935,1.4387730129081997,590300
2023-04-28,1.4669842720031738,1.4669842720031738,1.4387730618726629,1.4528786669379183,670500
2023-05-02,1.4528785943984985,1.4740370009399832,1.4458257922180036,1.4669841987594883,746900
2023-05-03,1.4599311351776123,1.4599311351776123,1.4387727324245498,1.4528783342599247,655200
2023-05-04,1.4669842720031738,1.4810898770684293,1.4528786669379183,1.4740370745358016,530500
2023-05-05,1.4599311351776123,1.4810895379306748,1.4599311351776123,1.4669839360952996,591600
2023-05-08,1.5022480487823486,1.5163536500538424,1.4669838774515838,1.4810894787230773,835400
2023-05-09,1.488142490386963,1.5234066667184138,1.488142490386963,1.5022482618107762,566500
2023-05-10,1.4951952695846558,1.5022482392667469,1.481089666524578,1.4951952695846558,620600
2023-05-11,1.4951952695846558,1.5234066438568634,1.488142468054617,1.5093010407967857,870900
2023-05-12,1.488142490386963,1.488142490386963,1.4599312838434457,1.4810896887510836,847600
2023-05-15,1.488142490386963,1.488142490386963,1.4740368871152043,1.488142490386963,425500
2023-05-16,1.488142490386963,1.5022482618107762,1.4740368871152043,1.495195292022842,370900
2023-05-17,1.488142490386963,1.495195292022842,1.4740368871152043,1.488142490386963,489600
2023-05-18,1.5093010663986206,1.5234066696979676,1.4810896916478715,1.4881424932975449,737700
2023-05-19,1.5022480487823486,1.530459251325336,1.495195079994571,1.5163536500538424,489800
2023-05-22,1.5093010663986206,1.5234066696979676,1.4951952949472185,1.5093010663986206,646900
2023-05-23,1.516353964805603,1.5445651732044312,1.509301162705896,1.509301162705896,838300
2023-05-24,1.5657237768173218,1.5868821857828426,1.5163541558977733,1.5163541558977733,1033100
2023-05-25,1.5586707592010498,1.5939347692877575,1.5445651551663668,1.5657235612183913,543600
2023-05-26,1.5657237768173218,1.5798293827943355,1.5516181708403078,1.5798293827943355,443500
2023-05-29,1.5657237768173218,1.5868821857828426,1.5516181708403078,1.5657237768173218,496600
2023-05-30,1.5516177415847778,1.5798289457341672,1.5445649405474304,1.5727761446968198,390700
2023-05-31,1.58688223361969,1.593935036820805,1.5445654144130003,1.5586710208152303,593200
2023-06-01,1.6080403327941895,1.6362515401525342,1.5727763235962584,1.5798291254358445,917500
2023-06-02,1.6503571271896362,1.6785685024155594,1.622145920115771,1.622145920115771,901100
2023-06-05,1.6785683631896973,1.6785683631896973,1.6362513879367477,1.6503569903037163,584500
2023-06-06,1.7420436143875122,1.756149217082792,1.6715154327590662,1.678568402258754,1342300
2023-06-07,1.8478355407714844,1.8548885099130317,1.7420435259288647,1.7420435259288647,1522700
2023-06-09,1.8972055912017822,1.9042583932149015,1.8478358089578837,1.8548887791230668,1117300
2023-06-12,1.8760472536087036,1.9183640672313185,1.8689944513382677,1.9042584626904469,846800
2023-06-13,1.763202428817749,1.8831002477860237,1.7561496258285614,1.8760474447968363,1852000
2023-06-14,1.784360647201538,1.8196246583810014,1.7561494382579672,1.7702550427297525,1190500
2023-06-15,1.7984658479690552,1.8196242499272757,1.7773074460108347,1.791413047316315,546600
2023-06-16,1.784360647201538,1.805519053909216,1.7702550427297525,1.7984662516733232,439600
2023-06-19,1.8619418144226074,1.8831002231129448,1.7843608144059528,1.791413617302732,1441400
2023-06-20,1.8972055912017822,1.9042583932149015,1.833730204931645,1.861941581136186,918500
2023-06-21,1.8972055912017822,1.9042583932149015,1.8689943831493052,1.8972055912017822,667100
2023-06-22,1.8689944744110107,1.8972056838410214,1.8266774921139224,1.8972056838410214,638000
2023-06-23,1.9888923168182373,2.010050726043187,1.8407832840915015,1.8689946645435234,1431700
2023-06-26,2.059419870376587,2.1017366755660145,1.995944494440409,1.995944494440409,2229300
2023-06-27,2.1581592559814453,2.1722648588452156,2.066472837366939,2.080578440230709,1788500
2023-06-28,2.0453145503997803,2.1722649834561634,2.0453145503997803,2.165212181619698,1074500
2023-06-29,2.094684362411499,2.1158427699325757,2.017103366682142,2.04531474486232,844000
2023-06-30,2.002997636795044,2.0664730235530984,1.9677336264583833,2.052367419418434,2642800
2023-07-03,2.010050058364868,2.0594198316426824,1.9606804532390876,2.002997257632614,1322200
2023-07-04,2.038261890411377,2.045314692738666,2.0100505129501496,2.0100505129501496,570700
2023-07-05,2.059419870376587,2.1087894764309194,2.038261467781873,2.0453142686467776,989300
2023-07-06,2.038261890411377,2.0876315067024,2.024156117604728,2.059420297393244,931500
2023-07-07,2.059419870376587,2.0876310738362056,2.038261467781873,2.0453142686467776,846800
2023-07-10,2.024155855178833,2.0876312360471077,2.002997450940091,2.052367228982538,1146500
2023-07-11,1.9818390607833862,2.0312088391766316,1.9677334578573304,2.0241558695615534,1111300
2023-07-12,1.91836416721344,1.9959449962316247,1.9042585619374062,1.9818393909555911,1121300
2023-07-13,1.9324694871902466,1.9465750903838062,1.9183638839966872,1.9395222887870265,731300
2023-07-14,1.9254167079925537,1.9536279147078641,1.904258302956071,1.9465751130290365,548500
2023-07-17,1.9324694871902466,1.9395222887870265,1.9042582808031276,1.925416685593467,503900
2023-07-18,1.9465752840042114,1.9465752840042114,1.9254168771093045,1.9324696794076068,338000
2023-07-19,1.9042584896087646,1.9536281061996972,1.890152884868498,1.946575303829564,744300
2023-07-20,1.911311149597168,1.918363951441908,1.8972055459076882,1.9042583477524282,344800
2023-07-21,1.9818390607833862,1.981839060783386,1.9042582446900795,1.9113110461531075,647500
2023-07-24,1.9747865200042725,1.9818393223983133,1.9606809152161904,1.9818393223983133,451400
2023-07-25,1.9677332639694214,1.9888916662736909,1.953627662433242,1.9747860647375113,454400
2023-07-26,1.9324694871902466,1.9677334951741454,1.8407828982800558,1.9606806935773657,1376100
2023-07-27,1.91836416721344,1.9606809830415406,1.9183641672134397,1.9395225751274903,546400
2023-07-28,1.9324694871902466,1.9465750903838062,1.9183638839966872,1.9324694871902466,437700
2023-07-31,1.9677332639694214,1.9747860647375113,1.9324692601289726,1.9395220608970625,587700
2023-08-01,2.0171031951904297,2.0312089671573004,1.9465751761163823,1.9606807799311916,675100
2023-08-02,2.010050058364868,2.0171028590971227,1.9888916561681051,2.0171028590971227,276300
2023-08-03,1.9747865200042725,2.0453147120967548,1.9747865200042722,2.010050531974477,753600
2023-08-04,1.960680603981018,1.9888918090789822,1.946575001432036,1.960680603981018,528100
2023-08-07,1.9465752840042114,1.9677336908991183,1.9113112725127,1.9677336908991183,545300
2023-08-08,1.9395225048065186,1.9606809119534319,1.9042584928949964,1.946575307188823,420700
2023-08-09,1.8901526927947998,1.974786312636092,1.8901526927947998,1.974786312636092,651100
2023-08-10,1.8548890352249146,1.9183642621069208,1.847836064085938,1.9183642621069208,914600
2023-08-11,1.7420436143875122,1.8125716278639104,1.7349908130398726,1.7984660251686309,2479600
2023-08-14,1.6503571271896362,1.7490965201002224,1.6503571271896362,1.742043718331756,1784900
2023-08-15,1.706779956817627,1.7208855623985924,1.6433045635512007,1.6503573663416835,891200
2023-08-16,1.6997270584106445,1.7279382679855808,1.6785686512294422,1.7067798608043785,520100
2023-08-17,1.6503571271896362,1.6997269077209582,1.6362515236527038,1.6997269077209582,718100
2023-08-18,1.6715154647827148,1.6785684344175267,1.636251457368912,1.650357060334433,560100
2023-08-21,1.6574101448059082,1.6926743263928221,1.6433045394319747,1.6715157501798419,531200
2023-08-22,1.7420436143875122,1.7420436143875122,1.643304227368507,1.6503570287161469,705900
2023-08-23,1.7208856344223022,1.7420440436792868,1.7067800282509793,1.7420440436792868,586500
2023-08-24,1.7208856344223022,1.7420440436792868,1.7067800282509793,1.7208856344223022,507300
2023-08-25,1.6785683631896973,1.7279379714740872,1.6644625926706849,1.7279379714740872,617500
2023-08-28,1.6926740407943726,1.72088524678227,1.6715154681513977,1.72088524678227,669900
2023-08-29,1.7420436143875122,1.7420436143875122,1.6926740049540336,1.6926740049540336,510500
2023-08-30,1.7349909543991089,1.7490965582436495,1.7279381524768387,1.7490965582436495,443000
2023-08-31,1.706779956817627,1.7349911679795578,1.706779956817627,1.7349911679795578,362900
2023-09-01,1.7349909543991089,1.7420437563213793,1.6926741428654872,1.713832548632298,552700
2023-09-04,1.756149172782898,1.7632019739526266,1.7279379681039828,1.7349907692737117,528300
2023-09-05,1.7490965127944946,1.770254918011518,1.734990909316479,1.76320211627251,451400
2023-09-06,1.706779956817627,1.749096773560523,1.6926743512366618,1.7420439707700404,641800
2023-09-08,1.7138326168060303,1.7138326168060303,1.6926742101975694,1.70677981460321,309600
2023-09-11,1.7420436143875122,1.7420436143875122,1.7067796076493134,1.713832408996953,437900
2023-09-12,1.7490965127944946,1.7561493145335023,1.734990909316479,1.7420437110554867,379700
2023-09-13,1.7420436143875122,1.7632020184304318,1.7279380116922327,1.749096415735152,620300
2023-09-14,1.7420436143875122,1.749096415735152,1.7208852103445929,1.7420436143875122,418100
2023-09-15,1.7420436143875122,1.749096415735152,1.7208852103445929,1.749096415735152,334700
2023-09-18,1.7279382944107056,1.7420438994138887,1.7067798869059305,1.7279382944107056,539500
2023-09-19,1.7208856344223022,1.7349912405936254,1.7067800282509793,1.7279384375079638,468600
2023-09-20,1.7349909543991089,1.7490965582436495,1.7208853505545685,1.734990954399109,347700
2023-09-21,1.7138326168060303,1.7349910234144914,1.6997270124003896,1.7349910234144914,459800
2023-09-22,1.6997270584106445,1.7208854655918466,1.6997270584106445,1.7208854655918466,337600
2023-09-25,1.6785683631896973,1.7067795679236344,1.6574097914872006,1.7067795679236344,682700
2023-09-26,1.664462924003601,1.6856214999179866,1.657410121416165,1.6785686973305505,375800
2023-09-27,1.664462924003601,1.671515726591037,1.6362517136538568,1.657410121416165,469100
2023-09-28,1.6856213808059692,1.6926741828950291,1.6503572022086042,1.664462806386724,376300
2023-09-29,1.706779956817627,1.7208855623985924,1.6926743512366618,1.6926743512366618,637600
2023-10-02,1.6926740407943726,1.7279380482792444,1.685621239297398,1.72088524678227,493100
2023-10-03,1.664462924003601,1.6997271050928586,1.657410121416165,1.6926743025054225,585100
2023-10-04,1.6856213808059692,1.6926741828950291,1.6503572022086042,1.6715156084757838,361700
2023-10-05,1.6856213808059692,1.699726984984089,1.657410004297664,1.6926741828950291,407100
2023-10-06,1.6856213808059692,1.6856213808059692,1.6433044001195443,1.6856213808059692,549800
2023-10-09,1.6856213808059692,1.6856213808059692,1.657410004297664,1.6856213808059692,388800
2023-10-10,1.6997270584106445,1.7208854655918466,1.6785686512294422,1.6856214536231764,575100
2023-10-11,1.7420436143875122,1.749096415735152,1.7067796076493134,1.7067796076493134,443500
2023-10-13,1.7208856344223022,1.7420440436792868,1.7067800282509793,1.7420440436792868,316600
2023-10-16,1.706779956817627,1.7349911679795578,1.6997271540271444,1.7349911679795578,284100
2023-10-17,1.6926740407943726,1.7138324452852955,1.6715154681513977,1.6997268422913467,423300
2023-10-18,1.664462924003601,1.6785686973305505,1.6644629240036009,1.671515726591037,373000
2023-10-19,1.6715154647827148,1.6926740373830478,1.6574098618171937,1.6644626632999542,400800
2023-10-20,1.6574101448059082,1.6856215237058552,1.6503573421189415,1.6856215237058552,535500
2023-10-23,1.6715154647827148,1.6856212359002871,1.650357060334433,1.6574098618171937,477800
2023-10-24,1.6784194707870483,1.692643521236615,1.6641955898995167,1.6641955898995167,388300
2023-10-25,1.6641954183578491,1.6926433467625968,1.6570834786471669,1.678419297779214,497300
2023-10-26,1.6713073253631592,1.6855312045061808,1.6570834462201378,1.6641953857916485,568600
2023-10-27,1.6499717235565186,1.685531426088807,1.635747842543603,1.6713075450758916,664200
2023-10-30,1.6357473134994507,1.6570831281182543,1.614411498880647,1.6357473134994507,635900
2023-10-31,1.6428594589233398,1.6428594589233398,1.6072997634067747,1.6286355807167137,422800
2023-11-01,1.6357473134994507,1.6428592517057186,1.614411498880647,1.6357473134994507,434000
2023-11-03,1.6784194707870483,1.692643521236615,1.6428597685682191,1.6428597685682191,746000
2023-11-06,1.692643165588379,1.7068670434872728,1.6784191181274852,1.6997551045378259,546100
2023-11-07,1.7139791250228882,1.7353149436461588,1.6641953786732426,1.6713073182143328,694300
2023-11-08,1.7139791250228882,1.7353149436461588,1.6997552459407075,1.7353149436461588,459100
2023-11-09,1.7139791250228882,1.7353149436461588,1.6855311972965132,1.713979125022888,488700
2023-11-10,1.7779864072799683,1.8206580403598083,1.7353147742001285,1.7424267130467683,1537300
2023-11-13,1.7708745002746582,1.799322256172725,1.7637625613001415,1.7850983782236916,575500
2023-11-14,1.7993226051330566,1.8135464858406671,1.7566509630102252,1.7708748437178357,1026000
2023-11-16,1.8348820209503174,1.8846657652305865,1.7993223247229868,1.7993223247229868,1150500
2023-11-17,1.8419936895370483,1.8704416119008407,1.8348817513365958,1.8419936895370486,685800
2023-11-20,1.8775535821914673,1.877553582191467,1.8348817826974453,1.8419937210194515,510100
2023-11-21,1.8348820209503174,1.8775538259851206,1.820658142459385,1.8775538259851206,632800
2023-11-22,1.8277698755264282,1.863329567742509,1.8277698755264282,1.8348818139696443,443900
2023-11-23,1.8562180995941162,1.8562180995941162,1.8206583983685642,1.8277703386136746,521400
2023-11-24,1.8704419136047363,1.8846657922999654,1.8348820473046543,1.856217865347498,548900
2023-11-27,1.9557850360870361,1.9842327913002007,1.8988895256607066,1.9557850360870361,1911000
2023-11-28,1.8633297681808472,1.9273373906170783,1.8491058897643524,1.9273373906170783,1273700
2023-11-29,1.8633297681808472,1.8775538161593475,1.8491058897643524,1.863329768180847,365600
2023-11-30,1.8704419136047363,1.8917777316475801,1.8491059259998834,1.8633298046951126,591300
2023-12-01,1.9131133556365967,1.9131133556365967,1.8562176770648,1.8633296156910255,614000
2023-12-04,1.9131133556365967,1.9131133556365967,1.8846656011316942,1.9131133556365967,514000
2023-12-05,1.9486733675003052,1.9486733675003052,1.8988897889739307,1.9060017287634128,418500
2023-12-06,1.9060015678405762,1.9700090205417948,1.8988896286515518,1.9557851421637462,560700
2023-12-07,1.9131133556365967,1.9415611101414991,1.8988894783841455,1.8988894783841455,433800
2023-12-08,1.934449315071106,1.934449315071106,1.8988896193010867,1.9131134976090944,377600
2023-12-11,1.9131133556365967,1.927337232889048,1.906001417010371,1.9131133556365967,343600
2023-12-12,1.8988893032073975,1.9202251171177982,1.891777365237264,1.9202251171177982,301900
2023-12-13,1.9202253818511963,1.9344492597524494,1.898889564999316,1.9060015039499427,626900
2023-12-14,2.026904582977295,2.026904582977295,1.9202254925670217,1.9202254925670217,926800
2023-12-15,2.2971584796905518,2.361165930088264,2.1478075925338906,2.1478075925338906,5959400
2023-12-18,2.346942186355591,2.4038378706339505,2.318494428997415,2.339830247016047,3031200
2023-12-19,2.496293067932129,2.5105169465307844,2.339830233784912,2.3540541123835674,3203700
2023-12-20,2.474957227706909,2.5674124377641063,2.3753899088525365,2.4891811061772473,4744600
2023-12-21,2.5389647483825684,2.5603005666557985,2.4251737175920063,2.4820692329872873,3945700
2023-12-22,2.4297680854797363,2.570851450333165,2.343550587824157,2.5316616786715382,4711300
2023-12-26,2.539499044418335,2.5708508544811557,2.4297675223269346,2.4297675223269346,2182600
2023-12-27,2.547337293624878,2.5708511539106755,2.5159854799104813,2.539499340196279,1084900
2023-12-28,2.5630128383636475,2.570850790684852,2.53166102907883,2.555174886042443,950200
2024-01-02,2.4767956733703613,2.5551752064096096,2.4454436732831146,2.5473372531056846,1023500
2024-01-03,2.4297680854797363,2.5159857700068873,2.4297680854797363,2.5159857700068873,740600
2024-01-04,2.3121981620788574,2.4297674461273617,2.3121981620788574,2.4297674461273617,1270400
2024-01-05,2.343549966812134,2.390577680344318,2.280846348769221,2.3121981577906774,825700
2024-01-08,2.782475709915161,2.782475709915161,2.367063860209204,2.367063860209204,4766000
2024-01-09,2.6805827617645264,2.8686938360439944,2.6649068544805337,2.7746382054684826,3236500
2024-01-10,2.594364881515503,2.7511241289420574,2.594364881515503,2.688420504720052,1824900
2024-01-11,2.6257166862487793,2.6257166862487793,2.563013062202958,2.6257166862487793,1950700
2024-01-12,2.6257166862487793,2.6257166862487793,2.5786889682144136,2.6257166862487793,1251800
2024-01-15,2.633554697036743,2.704096462507573,2.594364931148251,2.6257167438590447,1338400
2024-01-16,2.6100409030914307,2.6570688102109306,2.5865270429674547,2.633554763215406,1581100
2024-01-17,2.641392469406128,2.688420372124714,2.586526800917898,2.610040658841425,1236000
2024-01-18,2.6178781986236572,2.680581996735737,2.602202295813513,2.6413920528388743,761600
2024-01-19,2.6257166862487793,2.6257166862487793,2.5786889682144136,2.6178787332430518,480700
2024-01-22,2.6178781986236572,2.7354476565712433,2.602202295813513,2.6100402472185853,1259000
2024-01-23,2.6100409030914307,2.633554763215406,2.5865270429674547,2.617878856466089,817400
2024-01-24,2.594364881515503,2.6492307395812986,2.5786889754600018,2.6257166936265057,647200
2024-01-25,2.547337293624878,2.602202967625072,2.547337293624878,2.594365014196473,496500
2024-01-26,2.5708508491516113,2.5865267541505244,2.5316610866543283,2.547336991653242,635600
2024-01-29,2.633554697036743,2.6413926502144416,2.555175165259759,2.594364931148251,867000
2024-01-30,2.6100409030914307,2.6257168098407475,2.5943649963421134,2.6257168098407475,601500
2024-01-31,2.6257166862487793,2.6727445911546854,2.586526921220141,2.610040780237324,831800
2024-02-01,2.649230718612671,2.7040963893726646,2.617878719878278,2.625716672843992,804800
2024-02-02,2.641392469406128,2.688420372124714,2.6257165641237767,2.649230608918835,485200
2024-02-05,2.782475709915161,2.782475709915161,2.6413923802637806,2.680582329018599,1235000
2024-02-06,2.90004563331604,2.962749262078045,2.7903140961109774,2.82166591049198,2637200
2024-02-07,2.99410080909729,3.009776714887993,2.853017656980965,2.9000453743530734,2231000
2024-02-08,3.1822118759155273,3.190050015708176,2.9862628660162236,2.994100818937334,2616800
2024-02-09,3.3311331272125244,3.3546471725574465,3.1822118366762076,3.213563647974056,2354000
2024-02-14,2.9627490043640137,3.299781353386218,2.9549110514505452,3.291943213601212,2748200
2024-02-15,3.0097768306732178,3.1586983151569346,2.9784250178857175,2.9784250178857175,2173100
2024-02-16,3.001938819885254,3.072480584175357,2.978424960745733,3.0411287719893294,1275900
2024-02-19,3.0724806785583496,3.103832491707468,2.9705870989521683,2.9705870989521683,893300
2024-02-20,3.1665360927581787,3.1665360927581787,3.0254527478404896,3.0254527478404896,804400
2024-02-21,3.190049886703491,3.1978876524361066,3.1038322211863534,3.166535842019522,924400
2024-02-22,3.2762672901153564,3.2919431958578005,3.1665359499182495,3.197887761403137,886900
2024-02-23,3.143022298812866,3.2919432174723444,3.135184159018643,3.2762673116269743,916400
2024-02-26,3.056804895401001,3.1430225719136256,2.9941010796995773,3.1351844314383377,808900
2024-02-27,3.103832244873047,3.1665358661847343,3.080318386881164,3.088156339545125,668500
2024-02-28,3.1273460388183594,3.1665358013355767,3.095994228804586,3.095994228804586,455400
2024-02-29,3.1273460388183594,3.2292394213631237,3.0803183237976994,3.1273460388183594,943800
2024-03-01,3.1351842880249023,3.1351842880249023,3.0803186153084994,3.127346334779702,532500
2024-03-04,3.1195082664489746,3.166535984185221,3.0881564546248104,3.1351841723610567,422600
2024-03-05,3.048966884613037,3.1586984198788173,3.048966884613037,3.119508465723613,760600
2024-03-06,2.9235591888427734,3.1195081951358734,2.9235591888427734,3.1195081951358734,881300
2024-03-07,2.9784252643585205,2.9862632182040074,2.8765318643671876,2.9313975412855977,777300
2024-03-08,2.947072982788086,3.0097766036330884,2.9157211723655845,2.970586840604962,472000
2024-03-11,2.8765316009521484,2.94707317910177,2.8765316009521484,2.939235225974034,481100
2024-03-12,2.9157214164733887,2.9784250425680168,2.884369603426075,2.9157214164733887,551200
2024-03-13,3.0097768306732178,3.0097768306732178,2.9078834391138413,2.9078834391138413,667600
2024-03-14,2.90004563331604,3.02545289084005,2.90004563331604,3.009776983649549,601500
2024-03-15,2.8686935901641846,2.9392351668959327,2.8686935901641846,2.9078833550151555,659700
2024-03-18,2.845179796218872,2.9078834214121665,2.8216657498998434,2.8765316088155193,449800
2024-03-19,2.782475709915161,2.845179515799955,2.7667998051618437,2.8295034241751127,694400
2024-03-20,2.790314197540283,2.8059901053006113,2.7511244281394625,2.8059901053006113,583300
2024-03-21,2.688420295715332,2.813827534409861,2.688420295715332,2.813827534409861,828600
2024-03-22,2.7197725772857666,2.758962346177466,2.696258715950747,2.7197725772857666,348900
2024-03-25,2.782475709915161,2.782475709915161,2.7119341385252334,2.719772090901892,469800
2024-03-26,2.758962392807007,2.7903142084502472,2.743286484985387,2.751124438896197,491600
2024-03-27,2.743286371231079,2.7746381855742714,2.719772510473685,2.758962278402675,355300
2024-03-28,2.696258544921875,2.7432862646088556,2.696258544921875,2.7432862646088556,759200
2024-04-01,2.6727445125579834,2.8295035680627634,2.6649065597827444,2.7432860875351346,1217600
2024-04-02,2.7197725772857666,2.7432864386207862,2.680582808394067,2.680582808394067,417400
2024-04-03,2.7197725772857666,2.7511243923991264,2.696258715950747,2.7354484848424465,355300
2024-04-04,2.6805827617645264,2.743286390900497,2.6805827617645264,2.711934576332512,585500
2024-04-05,2.688420295715332,2.711934152970556,2.672744390878516,2.688420295715332,356600
2024-04-08,2.7119343280792236,2.719772281003726,2.672744563456714,2.680582516381216,353100
2024-04-09,2.7354485988616943,2.7432865529667367,2.704096782441525,2.7432865529667367,306900
2024-04-10,2.7040963172912598,2.7276101755616056,2.6884204117776958,2.7119342700480416,257300
2024-04-11,2.688420295715332,2.711934152970556,2.6649064384601076,2.704096200552148,458100
2024-04-12,2.6178781986236572,2.696257899545882,2.5943643444084405,2.6884199481408095,643700
2024-04-15,2.641392469406128,2.641392469406128,2.6022027062002495,2.617878611482601,483700
2024-04-16,2.5630128383636475,2.610040552290874,2.5159851244364213,2.5865266953272608,693700
2024-04-17,2.5630128383636475,2.610040552290874,2.5630128383636475,2.6022025999696696,395400
2024-04-18,2.586527109146118,2.6178789234469173,2.563013248420519,2.563013248420519,325600
2024-04-19,2.6257166862487793,2.6727445911546854,2.5786889682144136,2.586526921220141,407800
2024-04-22,2.727609872817993,2.727609872817993,2.6100404076440316,2.6570683058365243,993300
2024-04-23,2.6093995571136475,2.729833459396349,2.6093995571136475,2.729833459396349,591000
2024-04-24,2.5692555904388428,2.641515833930369,2.5531977585518373,2.61742908609986,563200
2024-04-25,2.5612261295318604,2.5933417864724806,2.5531972152967053,2.5692550437670154,303300
2024-04-26,2.6013708114624023,2.609399726039393,2.5612262385774502,2.5612262385774502,291900
2024-04-29,2.633486270904541,2.665601926787312,2.6013706150217697,2.6013706150217697,187700
2024-04-30,2.625457525253296,2.6656020976804493,2.6013707817970038,2.641515354224157,257200
2024-05-02,2.633486270904541,2.657573012816619,2.585312787080384,2.6013706150217697,495700
2024-05-03,2.6896886825561523,2.729833444040843,2.633486284471759,2.641515198483815,654000
2024-05-06,2.6896886825561523,2.769978014101124,2.6896886825561523,2.6896886825561523,568900
2024-05-07,2.6977179050445557,2.7458915860498254,2.689688990114416,2.6977179050445557,428300
2024-05-08,2.6896886825561523,2.729833444040843,2.665601940519984,2.7057465105802647,361600
2024-05-09,2.6415152549743652,2.689688740076924,2.609399598239326,2.689688740076924,351200
2024-05-10,2.6013708114624023,2.6736310426553165,2.5853129823084218,2.649544298924345,359800
2024-05-13,2.6415152549743652,2.649544169158125,2.601370684055566,2.601370684055566,228600
2024-05-14,2.6495444774627686,2.657573392580784,2.6174288169907065,2.625457732108722,239800
2024-05-15,2.6896886825561523,2.6896886825561523,2.6174284564476467,2.6495441124958714,373500
2024-05-16,2.6977179050445557,2.90646988465262,2.689688990114416,2.761949415910105,1856100
2024-05-17,2.713775873184204,2.8101228504590754,2.697717852213964,2.72180478795711,674100
2024-05-20,2.7860360145568848,2.810122758083815,2.7218046984850695,2.7218046984850695,656900
2024-05-21,2.761949062347412,2.7780068901520965,2.7218044928357013,2.7780068901520965,484200
2024-05-22,2.665601968765259,2.761949129355257,2.665601968765259,2.761949129355257,641600
2024-05-23,2.6495444774627686,2.697717968170861,2.6495444774627686,2.697717968170861,416900
2024-05-24,2.6495444774627686,2.6656023076987996,2.6334866472267375,2.6495444774627686,283400
2024-05-27,2.6977179050445557,2.7057468199746957,2.633486585603438,2.6495444154637173,379600
2024-05-28,2.7057464122772217,2.769977913464473,2.7057464122772217,2.7137755174219804,526700
2024-05-29,2.721804618835449,2.737862447383494,2.6896887703149432,2.7057465988629885,387800
2024-05-31,2.6977179050445557,2.737862671119686,2.6977179050445557,2.7298337561895463,338600
2024-06-03,2.6816599369049072,2.7218047009099786,2.673631022388777,2.7218047009099786,338800
2024-06-04,2.713775873184204,2.729833702730016,2.6816600226681526,2.6896889374410584,245400
2024-06-05,2.6896886825561523,2.7218045300287868,2.67363085453204,2.6977175965682085,339300
2024-06-06,2.6896886825561523,2.7458912720649553,2.681659768544096,2.6977175965682085,481700
2024-06-07,2.6174285411834717,2.6977176839032895,2.6093996269114896,2.689688769631308,529500
2024-06-10,2.5933420658111572,2.6415155564110364,2.5772842356111973,2.6334866413110567,428100
2024-06-11,2.6013708114624023,2.609399726039393,2.5853129823084218,2.593341896885412,229700
2024-06-12,2.5210814476013184,2.64954406972025,2.5210814476013184,2.641515155837817,473100
2024-06-13,2.5130527019500732,2.569255102889461,2.4889657672659165,2.5291105307898984,395900
2024-06-14,2.5612261295318604,2.5692550437670154,2.50502353846136,2.537139386826395,238600
2024-06-17,2.5210814476013184,2.569254930895918,2.513052533718885,2.561226017013485,244800
2024-06-18,2.464879035949707,2.553197286421109,2.4488212070320743,2.529110543044659,1010000
2024-06-19,2.456850290298462,2.4889659503403605,2.4167057152460885,2.4648792053089363,574500
2024-06-20,2.4809370040893555,2.5130528551512774,2.4488213444518645,2.456850259361237,601100
2024-06-21,2.4889657497406006,2.5210815986185358,2.4568500922870835,2.4889657497406006,242700
2024-06-24,2.585312604904175,2.6093993451189608,2.496994366025564,2.496994366025564,525600
2024-06-25,2.633486270904541,2.633486270904541,2.561226045168306,2.585312787080384,277300
2024-06-26,2.5692555904388428,2.625458002043363,2.5531977585518373,2.625458002043363,530500
2024-06-27,2.585312604904175,2.6013704317140323,2.5692547780943173,2.577283691499246,334000
2024-06-28,2.753920555114746,2.834209705994415,2.593342061930972,2.593342061930972,2382000
2024-07-01,2.6977179050445557,2.8582963950717817,2.6736311602541365,2.761949415910105,1257800
2024-07-02,2.7057464122772217,2.721804431142336,2.6816596711161536,2.6977174985568655,393900
2024-07-03,2.7298333644866943,2.7458911920428415,2.7057464317280693,2.7137755369305467,467500
2024-07-04,2.794064998626709,2.8101228280444377,2.7378625956646596,2.7378625956646596,698600
2024-07-05,2.802093744277954,2.8342094011757895,2.7699780873801187,2.810122658502413,637800
2024-07-08,2.8502676486968994,2.8502676486968994,2.7780074100524144,2.8101230716721854,693000
2024-07-09,2.8502676486968994,2.8582965641018423,2.826180902482071,2.8502676486968994,279100
2024-07-10,2.8582959175109863,2.8743537446883427,2.8342091767449524,2.8582959175109863,309200
2024-07-11,2.8582959175109863,2.8823826582770207,2.8502670039223084,2.8582959175109863,218000
2024-07-12,2.874354124069214,2.874354124069214,2.8502673801240133,2.866325209420814,290800
2024-07-15,2.9305570125579834,2.938585928013302,2.86632549749099,2.8743544129463086,551900
2024-07-16,3.010845899581909,3.010845899581909,2.930556752162829,2.930556752162829,501600
2024-07-17,2.9787302017211914,3.034932604180716,2.9466145431728914,2.9867591163582663,606700
2024-07-18,2.9305570125579834,3.018875082566489,2.9144991816473462,3.0108461671111706,611300
2024-07-19,2.9947876930236816,2.9947876930236816,2.9385852969067825,2.9385852969067825,595200
2024-07-22,2.9867587089538574,3.0108454495795662,2.9787297954119545,3.0028165360376633,640200
2024-07-23,2.915128231048584,2.989033016719484,2.890493367751781,2.989033016719484,433400
2024-07-24,2.84122371673584,2.906916687274774,2.824800474101106,2.906916687274774,415900
2024-07-25,2.8576467037200928,2.8576467037200928,2.800165359640915,2.8330118419718735,208200
2024-07-26,2.8576467037200928,2.874069944885572,2.824800221389134,2.8576467037200928,336200
2024-07-29,2.84122371673584,2.8904934446400405,2.800165610149006,2.874070202005307,304000
2024-07-30,2.874070167541504,2.874070167541504,2.8001655765714144,2.8001655765714144,699400
2024-07-31,2.882281541824341,2.9233396444012305,2.8576466802782066,2.874069921308963,349000
2024-08-01,2.882281541824341,2.939762885431987,2.8494350597628286,2.9151280238858526,446800
2024-08-02,2.84122371673584,2.915128308592141,2.824800474101106,2.8822818233226735,510200
2024-08-05,2.8001654148101807,2.8330118977882854,2.7098373908399105,2.808377035554707,604500
2024-08-06,2.8165886402130127,2.8248002609106404,2.783742157422502,2.808377019515385,453200
2024-08-07,2.84122371673584,2.874070202005307,2.8165888527837395,2.8165888527837395,345200
2024-08-08,2.874070167541504,2.890493409979302,2.8494353038848073,2.865858546322605,431100
2024-08-09,2.915128231048584,2.931551473246453,2.874070125553912,2.874070125553912,459100
2024-08-12,2.882281541824341,2.9233396444012305,2.8576466802782066,2.9069164033704746,610500
2024-08-13,2.9972448348999023,3.013668078177669,2.898705179452801,2.9069168010916844,1228100
2024-08-14,2.9972448348999023,3.0383029430943185,2.9643981525638665,2.9972448348999023,683200
2024-08-15,3.0383026599884033,3.095784006104533,2.8740700467332627,3.0300910391146707,1059300
2024-08-16,3.0218794345855713,3.0629375391763087,2.997244571831129,3.0383026764218664,419200
2024-08-19,3.0465140342712402,3.0957837555256478,3.0054559332259005,3.0136675534349684,619200
2024-08-20,3.0383026599884033,3.0875723852308004,3.0300910391146707,3.0629375226096016,553800
2024-08-21,3.0793607234954834,3.1204188273193267,3.03830261967164,3.03830261967164,581100
2024-08-22,3.0547261238098145,3.1204190955754556,3.046514502339109,3.0875726096926353,318700
2024-08-23,3.1122071743011475,3.1122071743011475,3.038302588184141,3.038302588184141,278900
2024-08-26,3.243593454360962,3.243593454360962,3.112207321491941,3.120418942559974,1114400
2024-08-27,3.194323778152466,3.2600167477291153,3.177900339977811,3.243593505334953,481900
2024-08-28,3.177900552749634,3.2107472355176543,3.145054065762119,3.2107472355176543,312800
2024-08-29,3.1450538635253906,3.1861121654001137,3.120418999868853,3.1861121654001137,451700
2024-08-30,3.1122071743011475,3.1779001397384863,3.079360691582478,3.1779001397384863,627600
2024-09-02,3.1204187870025635,3.153265269637252,3.0793606837092034,3.0793606837092034,786900
2024-09-03,3.1204187870025635,3.153265269637252,3.0957839250265478,3.1450536489785796,408900
2024-09-04,3.177900552749634,3.177900552749634,3.120419200521483,3.1286308222683616,480300
2024-09-05,3.18611216545105,3.2025354078890045,3.153265484794648,3.1779003484515798,392400
2024-09-06,3.1532652378082275,3.2189583981949776,3.13684199665666,3.2189583981949776,530500
2024-09-09,3.194323778152466,3.202535399349547,3.1614770975836484,3.202535399349547,471000
2024-09-10,3.1614768505096436,3.22717001073277,3.1532652299543122,3.2025351490667764,595100
2024-09-11,3.1286306381225586,3.1779003657038993,3.095784153068331,3.1614771231767858,540500
2024-09-12,3.177900552749634,3.186112370277018,3.120419200521483,3.1614773092558766,391500
2024-09-13,3.210747003555298,3.227170245862548,3.1696887020066806,3.177900323160306,555200
2024-09-16,3.22717022895813,3.251805092289964,3.1696886854033597,3.2107469867369067,804200
2024-09-17,3.2025351524353027,3.2435932552551443,3.186111911307366,3.2189583935632395,309000
2024-09-18,3.2025351524353027,3.2518048758191127,3.1943235318713343,3.235381634691176,465700
2024-09-19,3.2025351524353027,3.235381634691176,3.186111911307366,3.227170014127208,508100
2024-09-20,3.1696887016296387,3.2189586243260204,3.1204189747137483,3.2025353820207236,744200
2024-09-23,3.1450538635253906,3.1779003484007746,3.112207378650007,3.1779003484007746,360800
2024-09-24,3.1286306381225586,3.1696887444403425,3.120419016859002,3.145053880649672,326000
2024-09-25,3.1039960384368896,3.161477392172616,3.095784416474643,3.1286309043236296,368600
2024-09-26,3.1122071743011475,3.145053657019817,3.10399555362148,3.10399555362148,330600
2024-09-27,3.1039960384368896,3.1450541482481227,3.0793611725501497,3.112207660399136,457200
2024-09-30,3.1122071743011475,3.1286304156604823,3.0957839329418126,3.120418794980815,329600
2024-10-01,3.292863368988037,3.358556337381448,3.1286305564435315,3.1286305564435315,1569800
2024-10-02,3.325709819793701,3.3503444869134027,3.2764398982128378,3.2928633359267834,811900
2024-10-03,3.243593454360962,3.317498043973261,3.243593454360962,3.317498043973261,630500
2024-10-04,3.366767644882202,3.366767644882202,3.251804954215073,3.276439816500887,752100
2024-10-07,3.3749794960021973,3.4160374044520534,3.317497954299237,3.366767679375645,1042500
2024-10-08,3.3749794960021973,3.3914027376943334,3.342133012617925,3.366767679375645,626500
2024-10-09,3.333921194076538,3.3996141608073516,3.317497952393835,3.3749794940637807,521100
2024-10-10,3.3914029598236084,3.3914029598236084,3.3174981715879146,3.333921414355736,629700
2024-10-11,3.4817306995391846,3.4817306995391846,3.3585565710136325,3.383191240094341,791400
2024-10-14,3.572058916091919,3.5966939779953506,3.416037901532922,3.481730877860705,1126400
2024-10-15,3.6541748046875,3.6541748046875,3.531000681038138,3.5884818343249094,1097700
2024-10-16,3.662386655807495,3.7198682011895836,3.5966936848342477,3.629540170320871,736500
2024-10-17,3.670597791671753,3.703444666126707,3.5966934009407527,3.654174550224757,606700
2024-10-18,3.7855610847473145,3.7855610847473145,3.6705979966378455,3.678809813600372,873000
2024-10-21,3.514577627182007,3.8184078272053106,3.5063658096652097,3.777349522743346,1999900
2024-10-22,3.5085220336914062,3.5755104564081646,3.483401175531375,3.516895386889754,853700
2024-10-23,3.449907064437866,3.5336425952674246,3.449907064437866,3.516895489101513,562000
2024-10-24,3.4750277996063232,3.4750277996063232,3.399665624901592,3.424786482897333,423000
2024-10-25,3.4247868061065674,3.516895695791111,3.399665945740082,3.4750281275570085,345200
2024-10-28,3.3829190731048584,3.475028368457247,3.3494248564826368,3.399666181415969,857400
2024-10-29,3.3912925720214844,3.433160140011332,3.3577983579165953,3.399665925906443,528800
2024-10-30,3.4247868061065674,3.500148588640964,3.3745454846561262,3.3745454846561262,555000
2024-10-31,3.366171360015869,3.449906886527212,3.366171360015869,3.449906886527212,498400
2024-11-01,3.3326773643493652,3.3996657898787976,3.324303811158186,3.3829186834964395,670400
2024-11-04,3.3577983379364014,3.3996659056771206,3.3326774778659494,3.3326774778659494,537600
2024-11-05,3.3829190731048584,3.391292826901693,3.3410513023270814,3.3494248564826368,437500
2024-11-06,3.4164133071899414,3.416413307189941,3.341051319404732,3.382919090396515,352700
2024-11-07,3.3912925720214844,3.416413032958887,3.3577983579165953,3.416413032958887,318900
2024-11-08,3.366171360015869,3.399665570620406,3.2991829388067946,3.399665570620406,832400
2024-11-11,3.3577983379364014,3.366171691771535,3.315930370913157,3.3326774778659494,574000
2024-11-12,3.341050863265991,3.3912923812381606,3.3326773102108387,3.349424416321144,521100
2024-11-13,3.341050863265991,3.3912923812381606,3.3243037571556857,3.3661715224314497,692400
2024-11-14,3.349424362182617,3.3661714680222303,3.3075565975835843,3.3410508092628106,643900
2024-11-18,3.3745455741882324,3.4499073587220983,3.3577984665937577,3.366171820749725,479800
2024-11-19,3.3577983379364014,3.424786765747572,3.3326774778659494,3.374545444889194,788500
2024-11-21,3.349424362182617,3.374545220583286,3.332677256343004,3.357798114743673,971700
2024-11-22,3.3577983379364014,3.366171691771535,3.3243039243895534,3.3494245848187423,710600
2024-11-25,3.366171360015869,3.391292217610515,3.341050702062466,3.3577980070059774,671600
2024-11-26,3.5085220336914062,3.5336424925689434,3.349424330097859,3.3661714357770482,697500
2024-11-27,3.3996658325195312,3.533642685258818,3.3829187259271203,3.50852222501146,550700
2024-11-28,3.3075568675994873,3.4164130644435637,3.3075568675994873,3.399665957236783,1059900
2024-11-29,3.3912925720214844,3.3912925720214844,3.3075568371179984,3.3577983579165953,791500
2024-12-02,3.4164133071899414,3.4750283862197167,3.349424873603089,3.349424873603089,952600
2024-12-03,3.3745455741882324,3.4750282197550804,3.366171820749725,3.4247868969716566,716100
2024-12-04,3.4164133071899414,3.4247870610295776,3.357798627442725,3.391292844236151,802000
2024-12-05,3.413198947906494,3.456295058201285,3.3701030431091863,3.44767567174434,684900
2024-12-06,3.395960569381714,3.4649140167202312,3.387341388464399,3.430437293050973,373700
2024-12-09,3.3873414993286133,3.4131990429268484,3.3528647745309668,3.395960680528025,490900
2024-12-10,3.370103120803833,3.3959606642783395,3.3442455773293265,3.361483939645664,289200
2024-12-11,3.4993908405303955,3.4993908405303955,3.3442455795789905,3.3787223042348584,874500
2024-12-12,3.4045798778533936,3.464914146535051,3.3959606966131566,3.464914146535051,429600
2024-12-13,3.352864980697632,3.44767597972106,3.352864980697632,3.4045800710740473,575100
2024-12-16,3.344245672225952,3.395960760642437,3.33562628532571,3.3528648536286996,438600
2024-12-17,3.3270070552825928,3.3270070552825928,3.232196061238493,3.3011495114523837,515100
2024-12-18,3.232196092605591,3.344245655788048,3.232196092605591,3.327007087569791,531400
2024-12-19,3.2149577140808105,3.2666728019888818,3.2149577140808105,3.2321960767168343,346200
2024-12-20,3.2408151626586914,3.2752918869161,3.1891000762725787,3.2494343437230437,428300
2024-12-23,3.197719097137451,3.301149264728027,3.189099916504903,3.249434180932739,512900
2024-12-26,3.1891000270843506,3.240815112672817,3.1891000270843506,3.2321959317414057,327200
2024-12-27,3.2408151626586914,3.2408151626586914,3.1891000762725787,3.2149576194656353,263800
2024-12-30,3.2149577140808105,3.2666728019888818,3.2063385327627985,3.223576895398822,265100
2025-01-02,3.197719097137451,3.2580533615652874,3.189099916504903,3.249434180932739,285800
2025-01-03,3.2149577140808105,3.249434439352858,3.1891001701267747,3.2063385327627985,260100
2025-01-06,3.258053779602051,3.275292143078979,3.214957870909729,3.214957870909729,418200
2025-01-07,3.275291919708252,3.335626187762782,3.240815195105663,3.3183878254614876,517900
2025-01-08,3.232196092605591,3.283911180767882,3.232196092605591,3.283911180767882,257000
2025-01-09,3.2149577140808105,3.2666728019888818,3.2149577140808105,3.2580536206708697,240800
2025-01-10,3.2149577140808105,3.240815258034846,3.2149577140808105,3.2149577140808105,194500
2025-01-13,3.1891000270843506,3.240815112672817,3.1891000270843506,3.2149575698785835,364000
2025-01-14,3.154623508453369,3.2149577788958186,3.154623508453369,3.20633859740404,356400
2025-01-15,3.20633864402771,3.258053733730375,3.1891002807934883,3.1977194624105993,476300
2025-01-16,3.197719097137451,3.249434180932739,3.189099916504903,3.223576639035095,289900
2025-01-17,3.20633864402771,3.2321961888790427,3.1891002807934883,3.2321961888790427,208600
2025-01-20,3.2149577140808105,3.240815258034846,3.197719351444787,3.240815258034846,335800
2025-01-21,3.2149577140808105,3.2321960767168343,3.1891001701267747,3.2149577140808105,205300
2025-01-22,3.20633864402771,3.2408153704961533,3.1977194624105993,3.2321961888790427,288100
2025-01-23,3.2149577140808105,3.240815258034846,3.197719351444787,3.2063385327627985,227800
2025-01-24,3.2149577140808105,3.240815258034846,3.1891001701267747,3.2149577140808105,332500
2025-01-27,3.2666726112365723,3.2666726112365723,3.2149575263483237,3.2149575263483237,353700
2025-01-28,3.20633864402771,3.258053733730375,3.20633864402771,3.2235770072619316,436000
2025-01-29,3.1891000270843506,3.240815112672817,3.1891000270843506,3.2321959317414057,331500
2025-01-30,3.232196092605591,3.2494344553263543,3.1977193671640634,3.206338548524445,467100
2025-01-31,3.258053779602051,3.275292143078979,3.2235770526481935,3.2321962343866577,456700
2025-02-03,3.20633864402771,3.2752920969645967,3.20633864402771,3.258053733730375,524900
2025-02-04,3.2149577140808105,3.249434439352858,3.197719351444787,3.2149577140808105,260100
2025-02-05,3.2235772609710693,3.2580539901529764,3.2235772609710693,3.2494348078575,313800
2025-02-06,3.344245672225952,3.344245672225952,3.2063385642844975,3.2063385642844975,968700
2025-02-07,3.318387746810913,3.352864676093837,3.301149384918193,3.301149384918193,365900
2025-02-10,3.258053779602051,3.3356264152482296,3.240815416125122,3.318388051771301,329200
2025-02-11,3.2839112281799316,3.3011495911495774,3.2580536837254632,3.2839112281799316,223300
2025-02-12,3.258053779602051,3.318388051771301,3.258053779602051,3.275292143078979,374700
2025-02-13,3.2666726112365723,3.37010298651055,3.249434249607156,3.2839109728659883,469700
2025-02-14,3.395960569381714,3.4045797502990287,3.2666726501245105,3.2666726501245105,528700
2025-02-17,3.4304373264312744,3.464914050436013,3.370103059422981,3.3959606024265354,606900
2025-02-18,3.344245672225952,3.516629300280903,3.33562628532571,3.499390937475408,762400
2025-02-19,3.3356263637542725,3.361484114067987,3.292530455727247,3.361484114067987,322100
2025-02-20,3.3356263637542725,3.344245750857177,3.292530455727247,3.3356263637542725,291000
2025-02-21,3.3097686767578125,3.335626220463246,3.275291951817235,3.335626220463246,333500
2025-02-24,3.2666726112365723,3.335626057754237,3.2666726112365723,3.335626057754237,404300
2025-02-25,3.301149368286133,3.3270069109949363,3.2580534637714607,3.2752918255773293,248300
2025-02-26,3.301149368286133,3.3442454782982876,3.2752918255773293,3.2752918255773293,346300
2025-02-27,3.301149368286133,3.3356260918978706,3.301149368286133,3.3270069109949363,343000
2025-02-28,3.3270070552825928,3.3442456233335567,3.2839111488989112,3.335626236559329,490700
2025-03-05,3.258053779602051,3.318388051771301,3.258053779602051,3.318388051771301,208000
2025-03-06,3.232196092605591,3.2580536366867365,3.206338548524445,3.2580536366867365,440400
2025-03-07,3.3097686767578125,3.3097686767578125,3.214957683171224,3.232196045641513,272200
2025-03-10,3.275291919708252,3.3097686443108407,3.240815195105663,3.3097686443108407,333200
2025-03-11,3.2666726112365723,3.2752917920512803,3.240815068792448,3.2752917920512803,312400
2025-03-12,3.2149577140808105,3.2666728019888818,3.2149577140808105,3.2321960767168343,520300
2025-03-13,3.232196092605591,3.2408152739659726,3.206338548524445,3.223576911245209,228000
2025-03-14,3.2666726112365723,3.2752917920512803,3.2235767071630317,3.2321958879777397,367100
2025-03-17,3.2925305366516113,3.3011497184688605,3.266672991199865,3.2839113548343626,407200
2025-03-18,3.2925305366516113,3.2925305366516113,3.266672991199865,3.2925305366516113,309000
2025-03-19,3.301149368286133,3.301149368286133,3.2752918255773293,3.2752918255773293,245300
2025-03-20,3.275291919708252,3.292530282009546,3.2666727385576046,3.292530282009546,339200
2025-03-21,3.2408151626586914,3.292530249044804,3.2408151626586914,3.2752918869161,318500
2025-03-24,3.232196092605591,3.2752919994075,3.232196092605591,3.2752919994075,470200
2025-03-25,3.258053779602051,3.266672961340515,3.2321962343866577,3.2321962343866577,658000
2025-03-26,3.232196092605591,3.2752919994075,3.232196092605591,3.2752919994075,495200
2025-03-27,3.258053779602051,3.266672961340515,3.2235770526481935,3.2321962343866577,522200
2025-03-28,3.3614838123321533,3.413198897322499,3.2925301601808785,3.2925301601808785,1885500
2025-03-31,3.275291919708252,3.4218182047667423,3.275291919708252,3.3528647555615647,1110700
2025-04-01,3.3097686767578125,3.3442456071958806,3.258053589346946,3.275291951817235,648700
2025-04-02,3.3270070552825928,3.3614839858870296,3.2839111488989112,3.3183878740058566,1025900
2025-04-03,3.308021306991577,3.352246148485981,3.2903313703938157,3.3345562118882195,577800
2025-04-04,3.26379656791687,3.3168663793755138,3.219571725034667,3.3168663793755138,1195700
2025-04-07,3.210726499557495,3.254951338901124,3.166501449333198,3.228416435294947,721000
2025-04-08,3.1841914653778076,3.263796389084691,3.175346497286007,3.2195715486256855,712000
2025-04-09,3.27264142036438,3.3168662616772746,3.1488116538075968,3.1753465585953338,1322300
2025-04-10,3.2018816471099854,3.2814865769216777,3.1841917095697623,3.272641608151566,411800
2025-04-11,3.2461066246032715,3.2549515931629256,3.184191633805009,3.2284166874839637,359800
2025-04-14,3.2814862728118896,3.299176208712708,3.2372614330598433,3.2372614330598433,422700
2025-04-15,3.2814862728118896,3.3168661446135266,3.2814862728118896,3.2814862728118896,232400
2025-04-16,3.2814862728118896,3.3168661446135266,3.2814862728118896,3.3168661446135266,237800
2025-04-17,3.308021306991577,3.3257112435893386,3.2726414337960543,3.308021306991577,274500
2025-04-22,3.2814862728118896,3.325711112563936,3.2814862728118896,3.308021176663117,400000
2025-04-23,3.325711250305176,3.369936091888886,3.2814864087214657,3.2814864087214657,496500
2025-04-24,3.361091136932373,3.3876260419880744,3.325711263524771,3.325711263524771,289800
2025-04-25,3.361091136932373,3.3964710103399747,3.3522461685804728,3.3522461685804728,183900
2025-04-28,3.361091136932373,3.3964710103399747,3.361091136932373,3.361091136932373,268200
2025-04-29,3.361091136932373,3.4053159786918754,3.361091136932373,3.361091136932373,187400
2025-04-30,3.369935989379883,3.3787809574275722,3.352246053284503,3.3787809574275722,220300
2025-05-02,3.40531587600708,3.4230058121774536,3.352246067495958,3.369936003666332,334400
2025-05-05,3.3787810802459717,3.4230059220919897,3.369936111876768,3.4053159853535826,148100
2025-05-06,3.352246046066284,3.3964708862095057,3.325711141980351,3.3787809501522172,389000
2025-05-07,3.352246046066284,3.3610910140949284,3.316866173951707,3.352246046066284,144900
2025-05-08,3.3434011936187744,3.39647100362526,3.3434011936187744,3.3699360986220173,293000
2025-05-09,3.361091136932373,3.378781073636174,3.3522461685804728,3.361091136932373,254400
2025-05-12,3.352246046066284,3.3964708862095057,3.352246046066284,3.3787809501522172,323400
2025-05-13,3.423006057739258,3.423006057739258,3.36993624542098,3.36993624542098,664700
2025-05-14,3.4760758876800537,3.502610792363941,3.4230058674316024,3.4230058674316024,549900
2025-05-15,3.423006057739258,3.5203009245367896,3.414161089019545,3.4849210496579377,742200
2025-05-16,3.352246046066284,3.458385873290688,3.352246046066284,3.458385873290688,803000
2025-05-19,3.361091136932373,3.3876260419880744,3.325711263524771,3.3522461685804728,626500
2025-05-20,3.2991764545440674,3.352246266200911,3.2726415487156455,3.352246266200911,845800
2025-05-21,3.2814862728118896,3.308021176663117,3.2549513689606617,3.308021176663117,840700
2025-05-22,3.26379656791687,3.308021410799073,3.2549515993404294,3.290331473646192,636700
2025-05-23,3.316866159439087,3.316866159439087,3.2195715115497023,3.2726413194893667,437800
2025-05-26,3.2814862728118896,3.3168661446135266,3.2549513689606617,3.3168661446135266,445700
2025-05-27,3.2991764545440674,3.308021423153541,3.2726415487156455,3.2903314859345936,440600
2025-05-28,3.2991764545440674,3.2991764545440674,3.2726415487156455,3.2991764545440674,417300
2025-05-29,3.2814862728118896,3.299176208712708,3.263796336911071,3.299176208712708,361500
2025-05-30,3.2814862728118896,3.2903312407622987,3.263796336911071,3.2814862728118896,337700
2025-06-02,3.2549514770507812,3.2991763182714418,3.2549514770507812,3.29033135002731,477700
2025-06-03,3.2814862728118896,3.2814862728118896,3.2461064010102523,3.2814862728118896,443800
2025-06-04,3.2991764545440674,3.3168663917630155,3.2637965801061717,3.2814865173251198,648400
2025-06-05,3.2814862728118896,3.308021176663117,3.27264130486148,3.27264130486148,447900
2025-06-06,3.2814862728118896,3.308021176663117,3.263796336911071,3.299176208712708,320000
2025-06-09,3.2903313636779785,3.2903313636779785,3.2549514905546686,3.2726414271163238,307400
2025-06-10,3.2814862728118896,3.299176208712708,3.27264130486148,3.2814862728118896,146400
2025-06-11,3.26379656791687,3.290331473646192,3.26379656791687,3.290331473646192,267700
2025-06-12,3.2549514770507812,3.272641413539046,3.237261540562517,3.2637964452949135,348500
2025-06-13,3.2461066246032715,3.2637965617225793,3.2372616560436174,3.2549515931629256,324100
2025-06-16,3.27264142036438,3.3080212934146958,3.228416579051485,3.228416579051485,705400
2025-06-17,3.26379656791687,3.290331473646192,3.2461066307639888,3.272641536493311,470200
2025-06-18,3.26379656791687,3.26379656791687,3.2461066307639888,3.2549515993404294,334000
2025-06-20,3.2372615337371826,3.2549514701881503,3.2372615337371826,3.2549514701881503,199200
2025-06-23,3.175346851348877,3.2726417220880983,3.113432067802543,3.2726417220880983,1566300
2025-06-24,3.131121873855591,3.210726803080159,3.131121873855591,3.1753467173799685,965400
2025-06-25,3.1399667263031006,3.1665016314352714,3.13112175792571,3.1665016314352714,275300
2025-06-26,3.1045868396759033,3.1576566497160123,3.086896902995867,3.1311217446959576,802000
2025-06-27,3.2549514770507812,3.29033135002731,3.1576566154846506,3.175346551972915,1048600
2025-06-30,3.26379656791687,3.272641536493311,3.237261662187548,3.2549515993404294,283600
2025-07-01,3.2549514770507812,3.2814863817831776,3.2461065088066494,3.2637964452949135,291700
2025-07-02,3.2549514770507812,3.2637964452949135,3.237261540562517,3.2549514770507812,346200
2025-07-03,3.27264142036438,3.281486388626959,3.2461065155766433,3.254951483839222,435500
2025-07-04,3.2903313636779785,3.2903313636779785,3.2637964588354964,3.2637964588354964,243500
2025-07-07,3.2991764545440674,3.308021423153541,3.2726415487156455,3.2903314859345936,367600
2025-07-08,3.26379656791687,3.272641536493311,3.2284166936111074,3.272641536493311,439400
2025-07-09,3.2549514770507812,3.2814863817831776,3.228416572318385,3.272641413539046,283800
2025-07-10,3.2372615337371826,3.2461065019626667,3.1930364817290875,3.2461065019626667,423000
2025-07-11,3.219571590423584,3.2461064950434753,3.201881443129647,3.2372615268368445,341000
2025-07-14,3.1930365562438965,3.2284166408521613,3.1665016509482093,3.2284166408521613,529700
2025-07-15,3.2372615337371826,3.2372615337371826,3.184191513503604,3.184191513503604,308200
2025-07-16,3.27264142036438,3.3345561982024328,3.263796452101801,3.27264142036438,994100
2025-07-17,3.2595436573028564,3.303591567361616,3.2595436573028564,3.303591567361616,559740
2025-07-18,3.241924285888672,3.3035914849611894,3.2331147462727867,3.3035914849611894,519579
2025-07-21,3.2683534622192383,3.277163002769357,3.2243053377072766,3.250734170238317,600001
2025-07-22,3.241924285888672,3.285972194848758,3.2154954561603555,3.241924285888672,750503
2025-07-23,3.2331151962280273,3.2507342779118593,3.215495903663505,3.2331151962280273,669479
2025-07-24,3.241924285888672,3.250733825504557,3.2243049957762406,3.250733825504557,778816
2025-07-25,3.181617498397827,3.245249787681246,3.154346517276362,3.2361594606407573,1305300
2025-07-28,3.045262575149536,3.1997983616713865,3.045262575149536,3.1997983616713865,1317700
2025-07-29,3.117985248565674,3.1634368843432066,3.0452624145911265,3.0452624145911265,802300
2025-07-30,3.1361658573150635,3.1816174924322835,3.0907142221978434,3.1088948762447317,742500
2025-07-31,3.1361658573150635,3.1634368383853952,3.0907142221978434,3.1361658573150635,555400
2025-08-01,3.117985248565674,3.1634368843432066,3.117985248565674,3.1361659028766873,392300
2025-08-04,3.1361658573150635,3.1725271654088396,3.1179852032681756,3.1179852032681756,379100
2025-08-05,3.1361658573150635,3.1543465113619513,3.1088948762447317,3.1543465113619513,298200
2025-08-06,3.154346466064453,3.154346466064453,3.127075485385742,3.1452561391715497,410400
2025-08-07,3.199798107147217,3.199798107147217,3.1543464725886885,3.1725271264121,365400
2025-08-08,3.227069139480591,3.227069139480591,3.181617504195328,3.199798158309433,309500
2025-08-11,3.199798107147217,3.2907013762642725,3.199798107147217,3.199798107147217,509400
2025-08-12,3.236159324645996,3.27252063127992,3.2088883446705534,3.2088883446705534,294200
2025-08-13,3.2816107273101807,3.299791596079893,3.2270687711924473,3.263430075270936,430600
2025-08-14,3.263430595397949,3.290701577803277,3.2543402679295066,3.272520922866392,249100
2025-08-15,3.263430595397949,3.290701577803277,3.245249940461064,3.2816112503348345,336300
2025-08-18,3.290701389312744,3.2997919329909853,3.25434008152174,3.263430408469491,608600
2025-08-19,3.236159324645996,3.281610957938401,3.217978671329034,3.27252063127992,491800
2025-08-20,3.227069139480591,3.2452497935946965,3.199798158309433,3.236159466537644,430100
2025-08-21,3.254340171813965,3.2725208262138925,3.1997982086141823,3.21797886301411,243500
2025-08-22,3.2997918128967285,3.327062792747468,3.25433996308168,3.2725206163155063,447300
2025-08-25,3.336153507232666,3.354334162580214,3.29979219653757,3.3179728518851177,303700
2025-08-26,3.2997918128967285,3.3543337725982076,3.290701269549333,3.3452434459812945,217200
2025-08-27,3.308882236480713,3.327062890247325,3.272520712217,3.327062890247325,359400
2025-08-28,3.363424301147461,3.4088759369608397,3.29070146711556,3.29070146711556,677200
2025-08-29,3.390695333480835,3.4088759880788153,3.3634243515838644,3.390695333480835,245400
2025-09-01,3.4543275833129883,3.5088695464554442,3.3816049657897134,3.3816049657897134,908900
2025-09-02,3.4088759422302246,3.417966269406952,3.3543339791698603,3.3816049607000425,415200
2025-09-03,3.4361467361450195,3.4452370628254103,3.372514449382283,3.372514449382283,450700
2025-09-04,3.4634177684783936,3.472508095296034,3.40887580757255,3.40887580757255,514600
2025-09-05,3.445237159729004,3.490688794409369,3.427056505856858,3.4634178136011498,472200
2025-09-08,3.445237159729004,3.5361406458202236,3.408875851984712,3.445237159729004,438900
2025-09-09,3.4361467361450195,3.454327389505801,3.4179660827842375,3.4361467361450195,264600
2025-09-10,3.4361467361450195,3.481598369546974,3.4270564094646288,3.4452370628254103,464100
2025-09-11,3.4543275833129883,3.4815985648842163,3.445237256122579,3.4543275833129883,304000
2025-09-12,3.4543275833129883,3.472508237693807,3.4361469289321693,3.4543275833129883,185100
2025-09-15,3.472508192062378,3.490688846204289,3.4452372108495117,3.4452372108495117,250800
2025-09-16,3.5452311038970947,3.554321431169426,3.463417941715617,3.463417941715617,584700
2025-09-17,3.527050256729126,3.5906825441602845,3.5179597132227602,3.5179597132227602,422800
2025-09-18,3.5088694095611572,3.563411587306212,3.499779082725396,3.5452309336346897,263400
2025-09-19,3.5725018978118896,3.5815922246060987,3.508869393521941,3.545230917429263,565300
2025-09-22,3.581592321395874,3.590682648435742,3.527050359156666,3.581592321395874,707200
2025-09-23,3.5997731685638428,3.636134478673699,3.5634118584539864,3.5815925135089146,602300
2025-09-24,3.6724958419799805,3.7088571526165337,3.599773220706874,3.599773220706874,730400
2025-09-25,3.6452248096466064,3.681586117628933,3.6088632849337885,3.681586117628933,335900
2025-09-26,3.6452248096466064,3.681586117628933,3.6270439389249516,3.67249557390286,356100
2025-09-29,3.6724958419799805,3.681586386369626,3.6452250757330726,3.6452250757330726,357100
2025-09-30,3.6724958419799805,3.717947697006179,3.6452250757330726,3.6634057310513493,532900
2025-10-01,3.6452248096466064,3.708856881885187,3.6361342659205333,3.6906762278940235,494400
2025-10-02,3.5543212890625,3.6452247748818554,3.5361406352447267,3.6361342312424796,632300
2025-10-03,3.5634117126464844,3.599773021268511,3.5634117126464844,3.581592366957498,368000
2025-10-06,3.5725018978118896,3.590682551400308,3.5361405906350543,3.563411571017681,395500
2025-10-07,3.5361406803131104,3.5906826424615716,3.5088694825083877,3.5906826424615716,532800
2025-10-08,3.5361406803131104,3.5725019884120846,3.5270503532883666,3.5725019884120846,366300
2025-10-09,3.5361406803131104,3.5725019884120846,3.499779155483644,3.5725019884120846,406600
2025-10-10,3.499779224395752,3.5634117315523994,3.4725082427845444,3.5634117315523994,379100
2025-10-13,3.5088694095611572,3.5361406067989285,3.4906887558896345,3.499779082725396,195200
2025-10-14,3.527050256729126,3.563411563832645,3.490688732895121,3.499779059671001,307000
2025-10-15,3.608863353729248,3.6452248791352226,3.5270504092094197,3.5361407363782895,509800
2025-10-16,3.5906827449798584,3.6634055799846226,3.572502090411292,3.608863399548425,588500
2025-10-17,3.5906827449798584,3.645224925416056,3.5634117631270086,3.572502090411292,573000
2025-10-20,3.6179535388946533,3.6452247360613725,3.572501904834265,3.5906825584584205,513200
2025-10-21,3.627044200897217,3.6543151838536763,3.590682890288604,3.6179538732450633,495700
2025-10-22,3.5725018978118896,3.627043858577143,3.545230917429263,3.6088632049887255,450300
2025-10-23,3.5906827449798584,3.5997730722641417,3.545231108558442,3.545231108558442,231800
2025-10-24,3.5543212890625,3.599772923606933,3.5543212890625,3.5634116159713867,243200
2025-10-27,3.5725018978118896,3.590682551400308,3.563411571017681,3.590682551400308,341900
2025-10-28,3.5634117126464844,3.572502039801991,3.554321385490978,3.554321385490978,219300
2025-10-29,3.5906827449798584,3.617953726832708,3.5543214358427253,3.5543214358427253,368400
2025-10-30,3.608863353729248,3.617953680898118,3.572502045053769,3.5906826993915084,389900
2025-10-31,3.663405418395996,3.681586072162635,3.5997729134822722,3.608863240365592,694900
2025-11-03,3.6724958419799805,3.6724958419799805,3.6088635483660125,3.6634057310513493,574800
2025-11-04,3.6452248096466064,3.67249557390286,3.61795361192937,3.67249557390286,521400
2025-11-05,3.7270376682281494,3.7997602867752747,3.6452249390931324,3.6452249390931324,1127000
2025-11-06,3.7270376682281494,3.7724895215506016,3.690676358954587,3.7452183228649307,513100
2025-11-07,3.736128330230713,3.7633990963163537,3.6906764754732957,3.727037785894825,696500
2025-11-10,3.7270376682281494,3.7815796321384934,3.690676358954587,3.7270376682281494,2668600
2025-11-11,3.763399124145508,3.8088509792390273,3.727037813455098,3.745218468800303,1143000
2025-11-12,3.7810280323028564,3.827592595222426,3.7251508232429225,3.818279505009479,603900
2025-11-13,3.874156951904297,3.874156951904297,3.7530898802117454,3.781028264420561,653400
2025-11-14,3.9207217693328857,4.023163554176497,3.8648445532561806,3.8834702919484156,1300900
2025-11-17,4.051102161407471,4.088353640826228,3.930034631260179,3.9579734628605783,1063400
2025-11-18,4.013850212097168,4.069727424683896,3.9393472619815304,4.0417890404268375,1010700
2025-11-19,3.948660135269165,4.023163533732142,3.9207217494091053,4.013850442397032,554800
2025-11-21,3.9672861099243164,4.004537585166296,3.9300341906097236,3.9486599282307133,552000
2025-11-24,3.957973003387451,4.032475953576068,3.9486599125775683,4.004537569291642,598400
2025-11-25,3.957973003387451,3.9952244784817594,3.920721528293143,3.9765987409346053,393900
2025-11-26,4.004537582397461,4.041789057613683,3.9486599255005137,3.9765987539489873,486200
2025-11-27,4.051102161407471,4.153543951845385,4.0045380341703565,4.051102161407471,942500
2025-11-28,4.153543472290039,4.162856119033187,4.069727431238646,4.088353168797554,667000
2025-12-01,4.1069793701171875,4.181482328765706,4.097666722322454,4.153543941308842,429400
2025-12-02,4.190794944763184,4.190794944763184,4.116291994574567,4.116291994574567,529400
2025-12-03,4.134917736053467,4.237359514696529,4.106978907669864,4.190794948748061,588200
2025-12-04,4.125604629516602,4.181481841998309,4.116291982805955,4.134917720299858,609400
2025-12-05,4.004537582397461,4.144230392421989,4.004537582397461,4.144230392421989,767400
2025-12-08,4.088353157043457,4.1162919853378,4.05110168203274,4.05110168203274,423200
2025-12-09,4.060414791107178,4.097666266285652,4.004537578339466,4.097666266285652,334400
2025-12-10,4.377052307128906,4.377052307128906,4.032475941501984,4.088353153976138,1018800
2025-12-11,4.1721696853637695,4.274611475649672,4.144230853804828,4.24667264409073,835000
2025-12-12,4.2282891273498535,4.285428114382922,4.180673077772144,4.2378120648052136,2407200
2025-12-15,4.304474353790283,4.323520682404831,4.256858305203768,4.275904633818316,523500
2025-12-16,4.304474353790283,4.342567011019377,4.247335367946642,4.304474353790283,497500
2025-12-17,4.39970588684082,4.437798543117342,4.266381589872994,4.323520574287777,1350300
2025-12-18,4.361613750457764,4.418752741683371,4.323521089640692,4.380660080866299,536500
2025-12-19,4.504461288452148,4.5235076181540474,4.352090650836956,4.371136980538855,908800
2025-12-22,4.609216213226318,4.609216213226318,4.466368516995693,4.55207722555413,1123100
2025-12-23,4.663636207580566,4.663636207580566,4.555636080107624,4.663636207580566,958000
2025-12-26,4.79127311706543,4.79127311706543,4.6047275955382085,4.663636633678265,986900
2025-12-29,4.830545425415039,4.87963605254823,4.7618179856277125,4.77163639195478,508100
2025-12-30,4.860000133514404,5.007272964141263,4.8109095020837325,4.820727441102898,938800
2026-01-02,4.869818210601807,4.938545651746985,4.850181865727097,4.879636148955465,561000
2026-01-05,4.918909549713135,4.987636526083893,4.791273067642564,4.860000044013322,844600
2026-01-06,5.134909152984619,5.134909152984619,4.889454605457949,4.948363640684263,1027200
2026-01-07,4.9679999351501465,5.095636410923943,4.9679999351501465,5.076000066048542,653200
2026-01-08,4.830545425415039,5.0170909321228825,4.820727019087972,4.967999836822309,1236800
2026-01-09,4.801090717315674,4.899272440622944,4.761818027992766,4.810909123730094,686000
2026-01-12,4.869818210601807,4.899272493830175,4.7618180797072105,4.8010907694566285,590300
2026-01-13,4.820727348327637,4.899272731639037,4.791273063669569,4.879636385811187,318700
2026-01-14,4.958181858062744,4.997454546714668,4.850181730186267,4.869818074512229,815200
2026-01-15,4.909090995788574,4.968000031557949,4.8599998985637285,4.968000031557949,396400
2026-01-16,4.879636287689209,4.9189094467226,4.8599999422562155,4.9090910399224015,1306400
2026-01-19,4.977818489074707,4.997454834531578,4.889454700435082,4.909091045891954,436700
2026-01-20,4.997454643249512,4.997454643249512,4.909090857992091,4.977818298544239,319600
2026-01-21,5.18683385848999,5.206259997377264,4.944004781561979,4.944004781561979,1468202
2026-01-22,4.623470306396484,4.895438569624807,4.54576388447227,4.759453735759574,6112980
2026-01-23,4.778880596160889,4.846873016720431,4.6137570156843255,4.6137570156843255,2427563
2026-01-26,4.7303147315979,4.856586502193414,4.681748918074381,4.837159895883565,2746171
2026-01-27,4.788593769073486,4.9051520062003,4.778880699688107,4.8080208441790795,1426456
2026-01-28,4.973143577575684,5.011996320296416,4.788593400777739,4.788593400777739,1966937
2026-01-29,4.914865016937256,5.050849859379557,4.876012739859354,4.924578086206732,1020312
2026-01-30,4.918909549713135,4.997454933089666,4.869818451019095,4.938545895557268,1086900
2026-02-02,4.860000133514404,4.938545986504839,4.830545848289486,4.899272825925911,1146900
2026-02-03,4.8894548416137695,4.987636571733038,4.840363742470426,4.869818495589915,1645800
2026-02-04,4.79127311706543,4.909091193345542,4.79127311706543,4.889454847298857,1094000
2026-02-05,4.79127311706543,4.869818501252172,4.752000424972059,4.79127311706543,697100
2026-02-06,4.801090717315674,4.820727061977128,4.722545338669858,4.761818027992766,412300
2026-02-09,4.771636486053467,4.840363459028737,4.742181734658787,4.801090769280757,481100
2026-02-10,4.771636486053467,4.820727114154747,4.761818079532777,4.771636486053467,549300
2026-02-11,4.781454563140869,4.840363599472087,4.771636624502702,4.771636624502702,685500
2026-02-12,4.663636207580566,4.820726961601299,4.663636207580566,4.810909023558691,938700
2026-02-13,4.7127275466918945,4.810909273046434,4.624363758889109,4.673454856150079,1003600
2026-02-18,4.781454563140869,4.83054566083392,4.732363933615223,4.732363933615223,506400
2026-02-19,4.810909271240234,4.820727209788302,4.761818173997695,4.791272925976699,424100
2026-02-20,4.771636486053467,4.810909175801447,4.663636355162827,4.810909175801447,1448400
2026-02-23,4.7127275466918945,4.771636582504619,4.7127275466918945,4.771636582504619,1224000
2026-02-24,4.742181777954102,4.810909219724231,4.7127274944579,4.7127274944579,1532600
2026-02-25,4.722545623779297,4.81090941417423,4.722545623779297,4.801091007167053,1175600
2026-02-26,4.850182056427002,4.8599999951666835,4.722545575639273,4.722545575639273,1460400
2026-02-27,4.899272441864014,5.066181605612347,4.69309105695021,4.712727401616639,3210500
2026-03-02,5.134909152984619,5.203636594832349,4.8010908185347825,4.8010908185347825,2814100
2026-03-03,4.879636287689209,5.076000210186548,4.820727251390228,5.046545457953355,3073700
2026-03-04,4.928727149963379,5.036727278770546,4.889454460973024,4.899272399136922,2147300
2026-03-05,4.732363700866699,4.967999834602445,4.732363700866699,4.918909207491188,1399300
2026-03-06,4.673454761505127,4.7520001409980885,4.634181603591255,4.742181734477773,2060700
2026-03-09,4.644000053405762,4.712727495186518,4.62436370834946,4.673454805073913,1650700
2026-03-10,4.820727348327637,4.94836383029237,4.673454988702468,4.702909273360536,1241700
2026-03-11,4.722545623779297,4.850182105868108,4.693091339092595,4.830545760021169,1482700
2026-03-12,4.624363899230957,4.752000381449116,4.624363899230957,4.742181974431989,2026500
2026-03-13,4.644000053405762,4.761818123743576,4.644000053405762,4.693091150130216,2151400
2026-03-16,4.899272441864014,4.918909254697828,4.663636305866875,4.663636305866875,1669300
2026-03-17,4.987636566162109,5.017091319248699,4.8305457981467415,4.8305457981467415,1817600
2026-03-18,4.928727149963379,5.075999967760901,4.761817987670679,4.889454460973024,4108900
2026-03-19,4.860000133514404,4.909091233112498,4.801091094897145,4.850182194495239,1483400
2026-03-20,4.7618184089660645,4.90909123979335,4.732364123701061,4.899272832593399,738500
2026-03-23,4.977818489074707,4.997454834531578,4.791272973150725,4.791272973150725,1141400
2026-03-24,4.879636287689209,4.97781848302158,4.850182003623421,4.97781848302158,525400
2026-03-25,4.9385457038879395,5.056363774380113,4.889454607099169,4.899272545556486,1223700
2026-03-26,4.860000133514404,4.958182332710592,4.860000133514404,4.918909640299086,904100
2026-03-27,4.7618184089660645,4.889454893560873,4.7618184089660645,4.85018220109592,1458600
2026-03-30,4.742181777954102,4.8599998482737,4.742181777954102,4.8599998482737,918200
2026-03-31,4.909090995788574,4.938545747756962,4.781454517537895,4.781454517537895,1010700
2026-04-01,5.184000492095947,5.203636838089335,4.909091180021102,4.948363872007877,3382600
2026-04-02,5.203636646270752,5.233090930091369,5.007272725407905,5.046545415946994,1500400
2026-04-06,5.203636646270752,5.32145471788802,5.15454554901319,5.19381823955228,1517900
2026-04-07,5.233090877532959,5.272363567677615,5.144727090623787,5.203636594008166,1544400
2026-04-08,5.478545665740967,5.478545665740967,5.301818552324858,5.301818552324858,1462000
2026-04-09,5.586545467376709,5.606181812134008,5.468727398832911,5.488363743590211,1097000
2026-04-10,5.557090759277344,5.6454545454545455,5.557090759277344,5.625818200544877,968900
2026-04-13,5.782908916473389,5.782908916473389,5.478545338571356,5.478545338571356,1174000
2026-04-14,5.665091037750244,5.822181801114545,5.645454692329706,5.792727517067441,917500
2026-04-15,5.517817974090576,5.714181887960784,5.498181629520294,5.684727137021668,580500
2026-04-16,5.429454803466797,5.557090812518799,5.390181645103801,5.5178181223232,926600
2026-04-17,5.449090957641602,5.557090617811757,5.4392725513530165,5.478545240172597,567100
2026-04-20,5.488363742828369,5.596363404894832,5.419636302103666,5.429454708564648,661200
2026-04-22,5.360727310180664,5.439272689819336,5.321454620361328,5.4098184065385295,849200
2026-04-23,5.301818370819092,5.419636442396373,5.272363618841071,5.341091061344852,940200
2026-04-24,5.291999816894531,5.360727257486497,5.2429091891866015,5.301818223336549,593800
2026-04-27,5.311636447906494,5.439272929527968,5.272363756356412,5.292000102131452,1139900
2026-04-28,5.272363662719727,5.350909044424933,5.203636687811373,5.2920000081460286,918200
2026-04-29,5.184000492095947,5.292000160975871,5.184000492095947,5.292000160975871,577600
2026-04-30,5.252727508544922,5.321454954123042,5.193818470121142,5.193818470121142,921500
2026-05-04,5.272363662719727,5.31163635357233,5.2134546264408215,5.262545724090278,5927800
2026-05-05,5.350909233093262,5.42945508573533,5.193818464143967,5.252727502499953,1772600
2026-05-06,5.350909233093262,5.527636816328639,5.242909563524332,5.449091431853992,1871300
2026-05-07,5.301818370819092,5.449091194374394,5.282182025556211,5.380363751870613,1770600
2026-05-08,5.341091156005859,5.4490912909495055,5.3116364035058075,5.331272749116707,1440100
2026-05-11,5.400000095367432,5.439272785880348,5.30181836908514,5.341091059598057,2565800
2026-05-12,5.289999961853027,5.420000076293945,5.289999961853027,5.420000076293945,1955000
2026-05-13,5.230000019073486,5.389999866485596,5.170000076293945,5.25,1358400
2026-05-14,5.199999809265137,5.269999980926514,5.179999828338623,5.230000019073486,522000
2026-05-15,5.159999847412109,5.159999847412109,5.0,5.159999847412109,2100900
2026-05-18,5.150000095367432,5.179999828338623,5.070000171661377,5.130000114440918,1936900
2026-05-19,5.059999942779541,5.150000095367432,5.039999961853027,5.150000095367432,1838600
2026-05-20,5.210000038146973,5.269999980926514,5.099999904632568,5.099999904632568,1398900
2026-05-21,5.260000228881836,5.260000228881836,5.150000095367432,5.230000019073486,599700
2026-05-22,5.170000076293945,5.269999980926514,5.110000133514404,5.269999980926514,508900
2026-05-25,5.380000114440918,5.380000114440918,5.179999828338623,5.190000057220459,827700
2026-05-26,5.289999961853027,5.400000095367432,5.260000228881836,5.349999904632568,808800
2026-05-27,5.170000076293945,5.340000152587891,5.170000076293945,5.289999961853027,710000
2026-05-28,5.099999904632568,5.199999809265137,5.099999904632568,5.159999847412109,669500
2026-05-29,5.03000020980835,5.139999866485596,5.019999980926514,5.119999885559082,849400
2026-06-01,5.019999980926514,5.050000190734863,4.820000171661377,5.03000020980835,2057300
2026-06-02,5.090000152587891,5.170000076293945,5.010000228881836,5.050000190734863,945100
2026-06-03,5.03000020980835,5.139999866485596,4.989999771118164,5.139999866485596,1267200
2026-06-05,5.0,5.03000020980835,4.96999979019165,5.03000020980835,452200
2026-06-08,4.989999771118164,5.090000152587891,4.949999809265137,4.989999771118164,753900
2026-06-09,5.039999961853027,5.21999979019165,5.0,5.0,1668100
2026-06-10,4.96999979019165,5.039999961853027,4.960000038146973,5.0,739800
2026-06-11,5.110000133514404,5.159999847412109,4.909999847412109,4.989999771118164,1375300
2026-06-12,5.070000171661377,5.190000057220459,5.070000171661377,5.099999904632568,954400
2026-06-15,5.159999847412109,5.25,5.139999866485596,5.139999866485596,1194800
2026-06-16,5.170000076293945,5.210000038146973,5.139999866485596,5.179999828338623,1062900
2026-06-17,5.300000190734863,5.440000057220459,5.170000076293945,5.170000076293945,2033500
2026-06-18,5.380000114440918,5.519999980926514,5.25,5.340000152587891,1826800
2026-06-19,5.150000095367432,5.429999828338623,5.150000095367432,5.400000095367432,793400
2026-06-22,5.239999771118164,5.340000152587891,5.170000076293945,5.179999828338623,1246900
2026-06-23,5.360000133514404,5.420000076293945,5.190000057220459,5.230000019073486,777100
2026-06-24,5.21999979019165,5.409999847412109,5.170000076293945,5.320000171661377,953200
2026-06-25,5.25,5.320000171661377,5.190000057220459,5.239999771118164,842600
2026-06-26,5.300000190734863,5.329999923706055,5.210000038146973,5.260000228881836,774900
