Date,Close,High,Low,Open,Volume
2017-02-24,3.376772880554199,3.376772880554199,3.376772880554199,3.376772880554199,5200
2017-03-01,3.330390453338623,3.376774719519474,3.330390453338623,3.376774719519474,17200
2017-03-02,3.330390453338623,3.330390453338623,3.330390453338623,3.330390453338623,0
2017-03-03,3.478818416595459,3.525202662150065,3.4324341710408532,3.525202662150065,7200
2017-03-06,3.5623104572296143,3.6179714143585597,3.4324344187504288,3.4880953758793742,22800
2017-03-07,3.410170078277588,3.525203179855409,3.3582199421126946,3.3582199421126946,13600
2017-03-08,3.432434320449829,3.525202815597122,3.3136907599040866,3.3804838357692044,16400
2017-03-09,3.523348093032837,3.525203505765085,3.2710176235878907,3.3211127057071894,6800
2017-03-10,3.467686414718628,3.521491957372878,3.3396657935452834,3.358219563175057,26000
2017-03-13,3.4138808250427246,3.4138808250427246,3.4138808250427246,3.4138808250427246,2400
2017-03-14,3.4491331577301025,3.525203306023056,3.4324347979698175,3.4862407025049076,3600
2017-03-15,3.4658310413360596,3.4658310413360596,3.4324343264037087,3.4324343264037087,6400
2017-03-16,3.4509875774383545,3.523346879657839,3.4324338103892456,3.4324338103892456,3200
2017-03-17,3.4509875774383545,3.5066485247020083,3.4324338103892456,3.4324338103892456,4400
2017-03-20,3.2468974590301514,3.3953269156037487,3.2468974590301514,3.3953269156037487,8000
2017-03-21,3.155984401702881,3.2468974889267814,3.155984401702881,3.2468974889267814,10000
2017-03-22,3.4491331577301025,3.4509885703572203,3.3025587451417744,3.3025587451417744,623200
2017-03-23,3.3211119174957275,3.445421709983062,3.3211119174957275,3.373062400017678,12000
2017-03-24,3.3136913776397705,3.393472354960544,3.309980552210016,3.324823500045244,46800
2017-03-27,3.302558422088623,3.321112192661113,3.302558422088623,3.321112192661113,1600
2017-03-28,3.4695427417755127,3.4695427417755127,3.330389963691743,3.330389963691743,61200
2017-03-29,3.4862403869628906,3.525202986954507,3.4565541414997045,3.4843849745037074,85200
2017-03-30,3.5066497325897217,3.534480215807935,3.4324349927132216,3.4862409003010555,349200
2017-03-31,3.5252020359039307,3.538189565730614,3.484384034465261,3.484384034465261,390400
2017-04-03,3.571587324142456,3.571587324142456,3.4695421135776003,3.5066493020176615,105200
2017-04-04,3.6903316974639893,3.6903316974639893,3.506650066093963,3.506650066093963,24000
2017-04-05,3.632814407348633,3.681054069303498,3.5678763872600157,3.5678763872600157,18000
2017-04-06,3.432434320449829,3.554888705733558,3.432434320449829,3.5363349359273544,74000
2017-04-07,3.534479856491089,3.534479856491089,3.49737266726707,3.502938551014606,9200
2017-04-10,3.523348093032837,3.571587762419888,3.46768712660059,3.4713975981812912,19600
2017-04-11,3.473252773284912,3.525203264582175,3.4361455828300986,3.523347851976869,11600
2017-04-12,3.5419015884399414,3.5419015884399414,3.432434723016812,3.432434723016812,27600
2017-04-13,3.415736198425293,3.4528437405951533,3.358219826557384,3.4528437405951533,39544400
2017-04-17,3.4138808250427246,3.450988367637742,3.2301992323532707,3.2301992323532707,4008000
2017-04-18,3.3396661281585693,3.4138808602297863,3.321112356669826,3.4138808602297863,3004400
2017-04-19,3.245042085647583,3.413880727238736,3.1541289981664806,3.2673066813434875,6914000
2017-04-20,3.2468974590301514,3.330389249530137,3.1689719058580783,3.1689719058580783,2558400
2017-04-24,3.302558422088623,3.341521375679226,3.302558422088623,3.341521375679226,8001600
2017-04-25,3.302558422088623,3.302558422088623,3.302558422088623,3.302558422088623,0
2017-04-26,3.3396661281585693,3.3396661281585693,3.3396661281585693,3.3396661281585693,400
2017-04-27,3.3396661281585693,3.3396661281585693,3.3396661281585693,3.3396661281585693,0
2017-04-28,3.3396661281585693,3.3396661281585693,3.3396661281585693,3.3396661281585693,0
2017-05-02,3.395326614379883,3.395326614379883,3.284004708767722,3.3396656615738025,51600
2017-05-03,3.5252020359039307,3.5252020359039307,3.3860493239603544,3.450987326977419,6040400
2017-05-04,3.43985652923584,3.4676870115284335,3.376773913967945,3.4676870115284335,6047600
2017-05-05,3.4509875774383545,3.4509875774383545,3.395326276291028,3.4324338103892456,11200
2017-05-08,3.4509875774383545,3.4509875774383545,3.3396653290273743,3.3396653290273743,1600
2017-05-09,3.478818416595459,3.478818416595459,3.399037457620143,3.4509879400394374,21200
2017-05-10,3.478818416595459,3.5901406767032555,3.478818416595459,3.478818416595459,6203200
2017-05-11,3.523348093032837,3.5233480930328374,3.478819249110281,3.478819249110281,11200
2017-05-12,3.5252020359039307,3.5252020359039307,3.371206382175052,3.5252020359039307,1600
2017-05-15,3.5252020359039307,3.5252020359039307,3.5252020359039307,3.5252020359039307,0
2017-05-16,3.488095760345459,3.488095760345459,3.488095760345459,3.488095760345459,400
2017-05-17,3.488095760345459,3.488095760345459,3.4138810246988314,3.450988569464032,45200
2017-05-18,3.1095998287200928,3.354508585813219,3.0261080461275696,3.354508585813219,527200
2017-05-19,3.219067096710205,3.2580296977650836,3.19123661683047,3.2580296977650836,14400
2017-05-22,3.1170215606689453,3.1170215606689453,3.0242530576266105,3.0242530576266105,30000
2017-05-23,3.0298192501068115,3.172682827597507,3.0298192501068115,3.1170215142704016,17200
2017-05-24,2.922208070755005,3.2005136013031006,2.922208070755005,3.117021800585159,6968400
2017-05-25,2.924063205718994,3.005699586014013,2.924063205718994,3.005699586014013,8000
2017-05-26,2.9147861003875732,2.9147861003875732,2.9147861003875732,2.9147861003875732,800
2017-05-29,2.9147861003875732,2.9147861003875732,2.9147861003875732,2.9147861003875732,0
2017-05-30,2.829439163208008,2.8758234117851886,2.7830549146308274,2.8758234117851886,114400
2017-05-31,2.6253480911254883,2.8238727720986208,2.6253480911254883,2.818306535523314,43200
2017-06-01,2.5975184440612793,2.627204340825561,2.5975184440612793,2.627204340825561,8040000
2017-06-02,2.5975184440612793,2.5975184440612793,2.5975184440612793,2.5975184440612793,4000000
2017-06-05,2.5975184440612793,2.7088407338692377,2.5975184440612793,2.7088407338692377,2800
2017-06-06,2.638335943222046,2.638335943222046,2.638335943222046,2.638335943222046,400
2017-06-07,2.638335943222046,2.638335943222046,2.638335943222046,2.638335943222046,0
2017-06-08,2.5511341094970703,2.5938075405783656,2.5511341094970703,2.5938075405783656,800
2017-06-09,2.5511341094970703,2.5511341094970703,2.5511341094970703,2.5511341094970703,0
2017-06-12,2.5511341094970703,2.5511341094970703,2.5511341094970703,2.5511341094970703,0
2017-06-13,2.4954729080200195,2.4954729080200195,2.4954729080200195,2.4954729080200195,800
2017-06-14,2.5066049098968506,2.6105055307029073,2.5066049098968506,2.591951936887047,59600
2017-06-15,2.5066049098968506,2.5066049098968506,2.5066049098968506,2.5066049098968506,0
2017-06-16,2.5066049098968506,2.5066049098968506,2.5066049098968506,2.5066049098968506,0
2017-06-19,2.5066049098968506,2.5066049098968506,2.5066049098968506,2.5066049098968506,0
2017-06-20,2.5789644718170166,2.5863859454374527,2.5047497356126565,2.5344356300944004,40400
2017-06-21,2.5047497749328613,2.5047497749328613,2.5047497749328613,2.5047497749328613,2400
2017-06-22,2.337766170501709,2.337766170501709,2.337766170501709,2.337766170501709,800
2017-06-23,2.4954729080200195,2.5047497944991357,2.488051434225105,2.488051434225105,6000
2017-06-26,2.5882411003112793,2.5882411003112793,2.486195715486718,2.486195715486718,9600
2017-06-27,2.534435510635376,2.59566270935354,2.534435510635376,2.58824123608291,28000
2017-06-28,2.5956623554229736,2.5956623554229736,2.5956623554229736,2.5956623554229736,9600
2017-06-29,2.5975184440612793,2.5975184440612793,2.5604110731059273,2.5604110731059273,6400
2017-06-30,2.6810097694396973,2.6847205945860955,2.6160719218546653,2.6847205945860955,13600
2017-07-03,2.6810097694396973,2.6810097694396973,2.6810097694396973,2.6810097694396973,0
2017-07-04,2.783055305480957,2.783055305480957,2.783055305480957,2.783055305480957,400
2017-07-05,2.9036543369293213,2.9036543369293213,2.875823854277586,2.875823854277586,312000
2017-07-06,2.835151195526123,2.9302385448313744,2.835151195526123,2.9302385448313744,12400
2017-07-07,2.8526158332824707,2.8526158332824707,2.8526158332824707,2.8526158332824707,400
2017-07-10,2.8526158332824707,2.8526158332824707,2.8526158332824707,2.8526158332824707,0
2017-07-11,2.8526158332824707,2.8526158332824707,2.8526158332824707,2.8526158332824707,0
2017-07-12,2.9651682376861572,2.9651682376861572,2.9651682376861572,2.9651682376861572,400
2017-07-13,2.9651682376861572,2.9651682376861572,2.9651682376861572,2.9651682376861572,0
2017-07-14,2.9651682376861572,2.9651682376861572,2.9651682376861572,2.9651682376861572,0
2017-07-17,2.9690496921539307,3.0718990728338538,2.9690496921539307,3.0718990728338538,800
2017-07-18,3.085482120513916,3.201915484900216,3.0738388951147244,3.201915484900216,198000
2017-07-19,3.027266025543213,3.124293780399524,3.027266025543213,3.0757799029713686,538800
2017-07-20,3.0175628662109375,3.0486117145857348,3.0175628662109375,3.0466711152958763,264800
2017-07-21,3.0078608989715576,3.0136825134092113,2.9593470135042743,3.0136825134092113,919600
2017-07-24,3.0078608989715576,3.0078608989715576,3.0078608989715576,3.0078608989715576,400
2017-07-25,2.949643611907959,3.003979100990727,2.949643611907959,2.970989835704073,121600
2017-07-26,2.949643611907959,2.949643611907959,2.949643611907959,2.949643611907959,0
2017-07-27,2.949643611907959,2.949643611907959,2.949643611907959,2.949643611907959,110400
2017-07-28,2.949643611907959,2.949643611907959,2.949643611907959,2.949643611907959,400000
2017-07-31,2.949643611907959,2.949643611907959,2.949643611907959,2.949643611907959,0
2017-08-01,2.949643611907959,2.949643611907959,2.949643611907959,2.949643611907959,0
2017-08-02,2.9127731323242188,2.9399407841890803,2.8429130330928634,2.9108325328865146,494400
2017-08-03,2.934119462966919,2.959346702970626,2.9108328225940583,2.959346702970626,4033600
2017-08-04,2.9515841007232666,2.9884545635238546,2.9496435013480404,2.9593463131584294,6656800
2017-08-07,2.9806926250457764,2.9884548381943685,2.9806926250457764,2.9845738241529522,1055600
2017-08-08,3.0020389556884766,3.0020389556884766,2.986514528844765,3.000098356066571,2000800
2017-08-09,2.9205355644226074,2.94576280381078,2.914713950737879,2.9380005905425546,18400
2017-08-10,2.8642594814300537,2.897248934195506,2.8564972681361684,2.897248934195506,20000
2017-08-11,2.8526158332824707,2.8526158332824707,2.730360845204769,2.8351508085476924,38800
2017-08-14,2.811864137649536,2.8196263502112,2.7303608132191948,2.7711124754343657,122000
2017-08-15,2.8002209663391113,2.8254482039264435,2.8002209663391113,2.811864192877419,120400
2017-08-16,2.8332107067108154,2.8681405749676827,2.8332107067108154,2.840972920219649,33200
2017-08-17,2.8429129123687744,2.8429129123687744,2.7943990388808038,2.833210285723773,6800
2017-08-18,2.8138046264648438,2.852615687747763,2.8041018148776793,2.8041018148776793,45600
2017-08-21,2.934119462966919,3.1029477444694824,2.9108328225940583,2.914714021855752,770000
2017-08-22,2.9690496921539307,3.104888528251791,2.823508042392128,2.823508042392128,9457600
2017-08-23,3.0292062759399414,3.068017523833199,2.970989774231546,3.003979038835622,2498800
2017-08-24,3.058314800262451,3.114590704189726,2.9321786110948067,2.9321786110948067,3716400
2017-08-25,3.085482120513916,3.1339959914972524,3.06607668316002,3.0951849317237294,2109200
2017-08-28,3.1165311336517334,3.234905103572389,3.0583146334361713,3.0583146334361713,773200
2017-08-29,3.201915740966797,3.2407269889099,3.1048879912405303,3.1126503888817476,2156400
2017-08-30,3.1863911151885986,3.2543106097468146,3.1262340177828496,3.1262340177828496,12996800
2017-08-31,3.1708672046661377,3.2096784564525995,3.101007099503117,3.157283377580334,10858000
2017-09-01,3.4347832202911377,3.487177935008342,3.1631051670596717,3.3008847934992374,2530400
2017-09-04,3.667649745941162,3.683174174818301,3.3377555397690677,3.395972055525443,1924400
2017-09-05,3.667649745941162,3.7258666318291183,3.603611430556517,3.7258666318291183,4027600
2017-09-06,3.6560051441192627,3.743330255098004,3.632718324481118,3.6676483688726145,6755200
2017-09-07,3.6560051441192627,3.6560051441192627,3.6560051441192627,3.6560051441192627,0
2017-09-08,3.706460475921631,3.745271357527482,3.5880864912410004,3.745271357527482,3845200
2017-09-11,3.725865602493286,3.725865602493286,3.6443622808721368,3.704519379885147,3565600
2017-09-12,3.6424217224121094,3.7239250449479937,3.6424217224121094,3.7239250449479937,1457200
2017-09-13,3.6851134300231934,3.725865272287868,3.5725612692005098,3.613313111465185,7295600
2017-09-14,3.7278056144714355,3.764676259519257,3.6637673205101975,3.6986973663311375,6554800
2017-09-15,3.68705415725708,3.7394492262180727,3.6249564622506254,3.7064597794794616,6790400
2017-09-18,3.667649745941162,3.754974889707306,3.630779088558615,3.754974889707306,4126800
2017-09-19,3.6637680530548096,3.673471051129259,3.6288383703813816,3.6637680530548096,1009200
2017-09-20,3.68705415725708,3.7355680277473047,3.6560053097538527,3.6773515312116185,2251600
2017-09-21,3.714221715927124,3.725865311056154,3.638540198245678,3.68705406755562,1740000
2017-09-22,3.68705415725708,3.725865401701843,3.638540286766855,3.716162405524923,264800
2017-09-25,3.68705415725708,3.723924802466459,3.6346590882960874,3.723924802466459,520400
2017-09-26,3.68705415725708,3.721984203231075,3.6657079357993143,3.68705415725708,4233600
2017-09-27,3.704519510269165,3.7200439354038055,3.6113729594613226,3.708400709085698,520800
2017-09-28,3.667649745941162,3.7278068615736277,3.6404820879390645,3.7064610031997995,766800
2017-09-29,3.657947063446045,3.7258665775942115,3.5939087489935617,3.6676496925536792,6033600
2017-10-02,3.609431743621826,3.72392449823564,3.5706205023477975,3.690935054192144,6880400
2017-10-03,3.6288387775421143,3.7045203203567434,3.6094331493474066,3.6152545787137185,794800
2017-10-04,3.609431743621826,3.656005011071804,3.5104634114913384,3.6268967651819963,319600
2017-10-05,3.706460475921631,3.7200443029902552,3.5706214649723327,3.5880864912410004,7083200
2017-10-06,3.7375102043151855,3.756915834727279,3.628839192191723,3.7161639738487215,1278400
2017-10-09,3.704519510269165,3.733627761130179,3.6016699624199906,3.733627761130179,1365600
2017-10-10,3.704519510269165,3.745270987448287,3.687054485726258,3.7161627365872727,2628000
2017-10-11,3.7452707290649414,3.7452707290649414,3.67735160511876,3.7258654765840125,4607600
2017-10-12,3.7452707290649414,3.7452707290649414,3.7452707290649414,3.7452707290649414,0
2017-10-13,3.760796070098877,3.8034885242818595,3.7064607576937076,3.760796070098877,164000
2017-10-16,3.929624319076538,3.9529111445659777,3.7607958521398186,3.7840826776292587,3090400
2017-10-17,3.9781382083892822,4.01888969042184,3.9102187015368166,3.9393269558645776,3582800
2017-10-18,4.094571113586426,4.131441762129235,3.9587321158801756,3.9664945135235,23267200
2017-10-19,4.1683125495910645,4.245934684846371,4.071284787989048,4.094571613631408,1336400
2017-10-20,4.236231803894043,4.249815630486512,4.181896127392652,4.2148855791735835,1062400
2017-10-23,4.3274383544921875,4.399239066495439,4.098453130290466,4.20130232866854,13743600
2017-10-24,4.3274383544921875,4.397298466697344,4.232351185174928,4.3274383544921875,1485200
2017-10-25,4.346843719482422,4.46521770908703,4.261459184187383,4.3080328362621625,3500000
2017-10-26,4.308032512664795,4.344902793434803,4.253696836079999,4.325497538348068,5938800
2017-10-27,4.30997371673584,4.356547375844523,4.263400427758756,4.288627857286926,853200
2017-10-30,4.224587917327881,4.309972062617264,4.2032416959398065,4.309972062617264,649600
2017-10-31,4.271163463592529,4.3196773597667315,4.139205606777636,4.211006335973382,425600
2017-11-01,4.075165748596191,4.265340061365783,4.075165748596191,4.265340061365783,1703600
2017-11-02,4.075165748596191,4.075165748596191,4.075165748596191,4.075165748596191,0
2017-11-03,3.9761962890625,4.049937570358626,3.8869309560667196,4.049937570358626,1643200
2017-11-06,3.9587316513061523,4.036353767972655,3.9024557555222303,3.9567910521230587,944800
2017-11-07,3.9509706497192383,3.995603332115258,3.852002286494448,3.9218620245525306,2118800
2017-11-08,3.881110429763794,3.9393269381576372,3.8597642039580022,3.9296243101358415,3030400
2017-11-09,3.8228938579559326,3.9761975249202095,3.8228938579559326,3.8811103653840826,4268000
2017-11-10,3.867526054382324,4.01112707551694,3.6909355844646554,3.8830504790960267,2430000
2017-11-13,3.881110429763794,3.8888728282864578,3.8073694944561565,3.869467202111332,619200
2017-11-14,3.7918448448181152,3.9199214518668724,3.6385408141840356,3.8811102017963046,1044800
2017-11-15,3.7918448448181152,3.7918448448181152,3.7918448448181152,3.7918448448181152,0
2017-11-16,3.8034884929656982,3.914100086744418,3.7549746100710633,3.7860234655131055,3198000
2017-11-17,3.919921636581421,3.9315648640986387,3.793785252974033,3.793785252974033,516800
2017-11-20,3.919921636581421,3.919921636581421,3.919921636581421,3.919921636581421,0
2017-11-21,3.867526054382324,4.0712841750161015,3.8267742081766802,3.956791403953242,1738400
2017-11-22,3.8034884929656982,3.9567921704443374,3.8034884929656982,3.87722943210766,1299600
2017-11-23,3.79766583442688,3.8617041305518107,3.7297463397170514,3.819012056512346,621600
2017-11-24,3.7840826511383057,3.871407783447956,3.7355687709955068,3.8034882772217316,1040400
2017-11-27,3.774380922317505,3.7899053528562603,3.6676501384983955,3.7899053528562603,2044400
2017-11-28,3.725865602493286,3.8267741772511314,3.706459979225112,3.7219844038133556,1052400
2017-11-29,3.716162919998169,3.7821418226096464,3.6210757650890417,3.7530335703119966,641600
2017-11-30,3.68705415725708,3.76079507754438,3.6016696415574763,3.68705415725708,2035600
2017-12-01,3.68705415725708,3.751092451498918,3.6016696415574763,3.68705415725708,879600
2017-12-04,3.768557548522949,3.7821413733060463,3.6540647823061785,3.6870542296929,709600
2017-12-05,3.7840826511383057,3.875288612559416,3.6928766897171954,3.7840826511383057,798400
2017-12-06,3.8131909370422363,3.84035896183853,3.69287672055699,3.756915028075017,1018400
2017-12-07,3.8403592109680176,3.9199219506174727,3.710341987859862,3.7666179004777782,611600
2017-12-08,3.8772292137145996,3.9199216651413304,3.784082652635148,3.861704786868024,328400
2017-12-11,3.7937848567962646,3.9005156033082473,3.745270982053952,3.881109979385024,1203600
2017-12-12,3.7472121715545654,3.807369652203052,3.6598874053457613,3.7937854542255702,3766000
2017-12-13,3.723926067352295,3.7782613838729966,3.7103422382221196,3.756915525296257,914400
2017-12-14,3.6831727027893066,3.7627354152527936,3.6327182365705095,3.7084001209644217,1983200
2017-12-15,3.6637680530548096,3.762736412625014,3.642422197554081,3.7200443314920264,3090800
2017-12-18,3.7840826511383057,3.861704785340477,3.6424222099529007,3.685114291231212,1213600
2017-12-19,3.764677047729492,3.8384183532643474,3.7316875942284327,3.8131909281644893,1025200
2017-12-20,3.706460475921631,3.8015476355335287,3.688995449652963,3.747211957127504,1042800
2017-12-21,3.7413909435272217,3.7821424292540464,3.6695902308869894,3.7258665151363024,981200
2017-12-22,3.68705415725708,3.7821412990021455,3.6676485350346986,3.743330424688841,1151600
2017-12-25,3.68705415725708,3.68705415725708,3.68705415725708,3.68705415725708,0
2017-12-26,3.677351951599121,3.712281631434749,3.6676489543129738,3.6948169765826853,11444800
2017-12-27,3.68705415725708,3.725865401701843,3.6676485350346986,3.725865401701843,2048000
2017-12-28,3.6851134300231934,3.6870540291911724,3.6676484076428246,3.671529605978783,2410000
2017-12-29,3.6851134300231934,3.6851134300231934,3.6851134300231934,3.6851134300231934,0
2018-01-02,3.667649745941162,3.7724399184605346,3.619135859433656,3.7064610031997995,5450400
2018-01-03,3.7025797367095947,3.7452718228193174,3.624957593723019,3.725866564671354,3283600
2018-01-04,3.716162919998169,3.764676797204755,3.7122817209900796,3.7258659175183917,17233600
2018-01-05,3.777604579925537,3.783642061188207,3.7232649453514655,3.76351661182152,684000
2018-01-08,3.8238930702209473,3.8379810359028372,3.7776039304466584,3.7836414106713114,1135200
2018-01-09,3.7977304458618164,3.8420069722654575,3.7896799589511483,3.8359691070824566,540000
2018-01-10,3.771566867828369,3.8118185359316623,3.7675416242443687,3.803768048763661,238400
2018-01-11,3.763516902923584,3.803768188638671,3.7373532025338254,3.8017555667726612,331600
2018-01-12,3.7735791206359863,3.8017550552322064,3.72326473236084,3.767541255850374,680400
2018-01-15,3.8238930702209473,3.8238930702209473,3.767540823625112,3.7776039304466584,275200
2018-01-16,3.793705463409424,3.8218814017985485,3.745403690227338,3.8218814017985485,998000
2018-01-17,3.9245221614837646,3.9245221614837646,3.7574784130420085,3.801754935132825,7825600
2018-01-18,3.9647741317749023,4.035213971501535,3.8661575884209434,3.9043966327499273,1316400
2018-01-19,4.063389778137207,4.121754264235934,3.9245219701711087,3.9486730435049773,2003600
2018-01-22,4.164018154144287,4.224395255985984,4.019112495535013,4.055338910187331,3167600
2018-01-23,4.244521141052246,4.284772798727977,4.075464793003386,4.16401820956904,602400
2018-01-24,4.306912422180176,4.38741538277012,4.192195655355955,4.246535297704816,7018000
2018-01-25,4.306912422180176,4.306912422180176,4.306912422180176,4.306912422180176,0
2018-01-26,4.427665710449219,4.427665710449219,4.266659838162013,4.3169742212352995,2820400
2018-01-29,4.377351760864258,4.423640905747299,4.349175826390809,4.423640905747299,294800
2018-01-30,4.24653434753418,4.395464887269166,4.24653434753418,4.395464887269166,17347600
2018-01-31,4.256597518920898,4.381377380935532,4.16804408084175,4.16804408084175,1189200
2018-02-01,4.256597518920898,4.38741486234588,4.20225788301767,4.28477383968647,2215200
2018-02-02,4.226408958435059,4.312949774717189,4.174081944314041,4.2606227605961715,1449600
2018-02-05,4.218358516693115,4.320999924278523,4.151943533416481,4.2565975627821935,563200
2018-02-06,4.166032314300537,4.2344599263943605,4.037227194193603,4.196220876372896,2436000
2018-02-07,4.357226371765137,4.48804371723397,4.145906073997664,4.145906073997664,6518000
2018-02-08,4.357226371765137,4.5866602656517035,4.296849253508246,4.385402692970928,2927600
2018-02-09,4.288798809051514,4.391440218205003,4.228421690193396,4.345151068155888,2596400
2018-02-14,4.498106956481934,4.516220169257342,4.290811512423572,4.2928241342728795,2399600
2018-02-15,4.558483123779297,4.598734784616263,4.407539971443106,4.560495745207974,4425600
2018-02-16,4.548421382904053,4.604773259605133,4.498106987924734,4.548421382904053,1428000
2018-02-19,4.558483123779297,4.572571089911749,4.484018050259683,4.484018050259683,410800
2018-02-20,4.538357734680176,4.5886721236849155,4.4719427565486525,4.4719427565486525,903200
2018-02-21,4.588672637939453,4.628924307201597,4.528295517914605,4.538358243295957,3226400
2018-02-22,4.608798980712891,4.655088136760102,4.566535068809371,4.590685765934693,2644400
2018-02-23,4.649048805236816,4.649048805236816,4.542382181066517,4.636973461477167,11460400
2018-02-26,4.655087471008301,4.669175823496358,4.564521793938061,4.653075233092648,1428800
2018-02-27,4.679239273071289,4.7738302083558,4.614836901484523,4.669176546461513,1261600
2018-02-28,4.636975288391113,4.679239200135501,4.5765977780683205,4.628924800134044,1942400
2018-03-01,4.6289238929748535,4.675213039776202,4.510181901532554,4.657099828615964,4438800
2018-03-02,4.548421382904053,4.6188616126487725,4.290811542417329,4.588672668566486,5460800
2018-03-05,4.518233299255371,4.56049721123901,4.4216293589657205,4.510182810952729,1928000
2018-03-06,4.494081497192383,4.566534344818296,4.427666514824746,4.526282677499823,2264400
2018-03-07,4.548421382904053,4.6852765986667375,4.427666758180014,4.512194957100004,2156800
2018-03-08,4.606785774230957,4.626911608527866,4.568547111322028,4.620873743078285,2704000
2018-03-09,4.620874404907227,4.626912271221586,4.548421928476989,4.626912271221586,1792800
2018-03-12,4.618860721588135,4.618860721588135,4.526282053074714,4.590684404804939,3553600
2018-03-13,4.548421382904053,4.610811125195264,4.5162202008267585,4.590685290429862,1060400
2018-03-14,4.427665710449219,4.5343323407571665,4.403514637671998,4.5343323407571665,2116800
2018-03-15,4.38741397857666,4.4196151525066405,4.316974150522499,4.38741397857666,626400
2018-03-16,4.4679179191589355,4.4679179191589355,4.331062718973522,4.429678875843994,7140000
2018-03-19,4.528295040130615,4.5645214618705925,4.3974777046338405,4.473955407520649,710000
2018-03-20,4.508169651031494,4.522257620011946,4.431691940622594,4.520244998176401,343200
2018-03-21,4.498106956481934,4.5222576509369,4.137855706691435,4.475968500007908,1193600
2018-03-22,4.4679179191589355,4.538357757017611,4.387414589260462,4.455842189353169,1682800
2018-03-23,4.486030578613281,4.524269233359917,4.399489778317133,4.467917369999284,4544800
2018-03-26,4.564520835876465,4.576596180177628,4.4920680023329425,4.518231696165114,264400
2018-03-27,4.548421382904053,4.570559455664461,4.461880562120686,4.568547217669454,810800
2018-03-28,4.584646701812744,4.612822633360621,4.492068037791,4.546407663377571,442800
2018-03-29,4.6289238929748535,4.6289238929748535,4.496093933711998,4.580622124503663,5368400
2018-04-02,4.59068489074707,4.628923935085257,4.554458468097034,4.554458468097034,177200
2018-04-03,4.6289238929748535,4.6289238929748535,4.572571637824299,4.580622124503663,335200
2018-04-04,4.6289238929748535,4.6289238929748535,4.57458425949414,4.606785438474933,1371200
2018-04-05,4.6289238929748535,4.649049725804932,4.600747957333742,4.649049725804932,2727600
2018-04-06,4.602761268615723,4.628924586506931,4.582635432770275,4.582635432770275,450400
2018-04-09,4.588672637939453,4.628924307201597,4.461880532339926,4.606785850720581,890800
2018-04-10,4.6289238929748535,4.6289238929748535,4.516219766542077,4.57458425949414,940800
2018-04-11,4.618860721588135,4.628923445095372,4.582634302772809,4.582634302772809,1150400
2018-04-12,4.576596736907959,4.612823158086565,4.5282949699592585,4.612823158086565,1192800
2018-04-13,4.528295040130615,4.558483596957821,4.488043375115456,4.558483596957821,799200
2018-04-16,4.518233299255371,4.518233299255371,4.449805684156557,4.5001200844428375,1115600
2018-04-17,4.538357734680176,4.584647264304462,4.486031107919372,4.510181799675386,458000
2018-04-18,4.518233299255371,4.60879898944963,4.459868410666449,4.578610426051544,2500000
2018-04-19,4.552446365356445,4.5786096803420415,4.467918171287705,4.552446365356445,958800
2018-04-20,4.488043308258057,4.616848404066786,4.467917859918609,4.586659847689293,799200
2018-04-23,4.449804782867432,4.608798055957091,4.449804782867432,4.469930231810891,314400
2018-04-24,4.427665710449219,4.528294476595792,4.407539880446248,4.4940806807512255,692400
2018-04-25,4.538357734680176,4.572571534558132,4.399490297412288,4.401502919036677,2172000
2018-04-26,4.538357734680176,4.608797956060476,4.528295010426557,4.566534053553291,1494800
2018-04-27,4.544395923614502,4.618861393553717,4.469930453675287,4.490056287486023,905600
2018-04-30,4.504143238067627,4.608797243137218,4.488042651431402,4.50011837930977,2442800
2018-05-02,4.38741397857666,4.522256538359055,4.38741397857666,4.5041433300399065,2179200
2018-05-03,4.288798809051514,4.449805099120429,4.238484415380295,4.3874149745828985,3764800
2018-05-04,4.266660690307617,4.3854026887854145,4.206283188239996,4.29886187119634,3144400
2018-05-07,4.266660690307617,4.284773902541068,4.226409022262537,4.256597581362169,440000
2018-05-08,4.24653434753418,4.312949323143949,4.24653434753418,4.25659707140572,2746400
2018-05-09,4.274712085723877,4.327039116452166,4.226410299790488,4.244523517499068,1248000
2018-05-10,4.296848297119141,4.327036849528242,4.26665974471004,4.296848297119141,1368800
2018-05-11,4.274712085723877,4.327039116452166,4.226410299790488,4.294837925829907,3952800
2018-05-14,4.304898738861084,4.304898738861084,4.049301949985861,4.246534250773083,5342000
2018-05-15,4.230434894561768,4.262636080236184,4.2062838133717495,4.2384849990461655,965600
2018-05-16,4.262635707855225,4.282761543110658,4.226409281169119,4.242509872599791,264400
2018-05-17,4.194208145141602,4.258610511583423,4.166032205790401,4.246535163842677,1848400
2018-05-18,4.115716934204102,4.206282598811998,4.025150885727903,4.176094043942699,1307200
2018-05-21,4.1257805824279785,4.20024605940316,4.1076673686737015,4.15596914406231,1701600
2018-05-22,4.176095008850098,4.318987714052719,4.129805855097281,4.155969172997624,941200
2018-05-23,4.105654239654541,4.1881698104027,4.105654239654541,4.176094464013987,630800
2018-05-24,4.0855278968811035,4.125779558314415,4.039238754940601,4.071439930539932,691200
2018-05-25,4.045276641845703,4.113704236342455,3.9808742902883587,4.067414710275856,349200
2018-05-28,3.864145040512085,4.053326857551221,3.79773006562211,4.053326857551221,1158000
2018-05-29,3.9043972492218018,4.019114016453241,3.819869044335205,3.8842714130357745,10226400
2018-05-30,3.9144606590270996,4.02112694640551,3.896347443459365,3.898360065618938,3173200
2018-06-01,3.9647741317749023,3.978862099720229,3.892321286492267,3.966786369594232,4392800
2018-06-04,3.9748358726501465,4.015087528705292,3.9506848022434107,3.992949079488138,258000
2018-06-05,3.940622329711914,3.98691146839892,3.844018809703833,3.944647572345984,6604000
2018-06-06,3.844020128250122,3.9265357112110872,3.844020128250122,3.908422497012983,778800
2018-06-07,3.703139543533325,3.8319446609223315,3.6427624206626303,3.8238941731431,2882400
2018-06-08,3.6991145610809326,3.7856553914820714,3.6830139682529355,3.7655295544799716,1020000
2018-06-11,3.69106388092041,3.7454035171904154,3.3449009971739323,3.6890512591472597,10028800
2018-06-12,3.6528241634368896,3.7393649644310507,3.602509779962915,3.7313148626867214,9472400
2018-06-13,3.6306867599487305,3.6830133905303843,3.5964729575725096,3.6347116196230753,934800
2018-06-14,3.6206231117248535,3.630686219082487,3.566283483598517,3.6226357331963803,965600
2018-06-15,3.5622589588165283,3.6085481054006663,3.558233715495734,3.5783595482313735,2122000
2018-06-18,3.522007703781128,3.57232209954943,3.499869246805195,3.5381082950722496,586000
2018-06-19,3.592447280883789,3.62263583607744,3.465654811654827,3.465654811654827,918800
2018-06-20,3.616598606109619,3.644774928587098,3.5260329246367643,3.6306869592825453,12064400
2018-06-21,3.572321653366089,3.620623421206558,3.5421330964493367,3.6045228319264013,1277200
2018-06-22,3.6427619457244873,3.654837291950583,3.5602463760875547,3.6528246702681777,658000
2018-06-25,3.6729507446289062,3.715214651132207,3.5964730350126843,3.6407495633306697,482000
2018-06-26,3.622636318206787,3.7111897579127597,3.5843972718092423,3.668925467922135,1776000
2018-06-27,3.7232654094696045,3.7232654094696045,3.602510778875291,3.6226366146190747,1326400
2018-06-28,3.7232654094696045,3.7896803987162184,3.676976255966774,3.678988877927991,490000
2018-06-29,3.7232654094696045,3.7977308865610873,3.576347461116244,3.743391245213388,1879200
2018-07-02,3.6729507446289062,3.721252516576261,3.568296713475457,3.6729507446289062,894800
2018-07-03,3.743389844894409,3.779616258908045,3.672949638075477,3.672949638075477,1123200
2018-07-04,3.743389844894409,3.7937042234981826,3.7272892590959312,3.745402466102749,116000
2018-07-05,3.6830129623413086,3.745403078394549,3.632698575512229,3.727289868426616,1878000
2018-07-06,3.783642530441284,3.7937056402410105,3.65282517399195,3.666913143843179,7061200
2018-07-10,3.7615039348602295,3.8299315365332176,3.76150393486023,3.8017552168707116,606400
2018-07-11,3.8822591304779053,3.936598388529513,3.7232654486827332,3.7232654486827332,2017200
2018-07-12,3.9889259338378906,4.023139744308353,3.8842718801790124,3.944649395998416,415200
2018-07-13,3.998987913131714,3.998987913131714,3.976849458544211,3.998987913131714,566000
2018-07-16,4.005025863647461,4.043264912270306,3.974837302679269,4.005025863647461,3318000
2018-07-17,4.045276641845703,4.085527919634896,3.944647871570279,3.984899149359472,2778400
2018-07-18,4.005025863647461,4.065403369452224,3.9667868150246153,4.065403369452224,344800
2018-07-19,3.9446487426757812,3.964774577948958,3.8742085111538533,3.964774577948958,3868000
2018-07-20,4.1680450439453125,4.1861582600984475,3.964775189548467,3.982888405701602,555200
2018-07-23,4.135843276977539,4.218358857290706,4.029177001087457,4.216346619216284,1083200
2018-07-24,4.162006378173828,4.162006378173828,4.075465566454866,4.139867923863862,716400
2018-07-25,4.202258110046387,4.206283353782983,4.137855745734315,4.155968958680631,748000
2018-07-26,4.1257805824279785,4.174082357816587,4.083516672913591,4.172069735858513,408000
2018-07-27,4.166032314300537,4.174082418381249,4.065403518147079,4.153956582376879,540400
2018-07-30,4.087541103363037,4.1519434637791965,4.087541103363037,4.1519434637791965,559600
2018-07-31,3.9849002361297607,4.0794915516615085,3.9486741914003334,4.045277745082272,1696400
2018-08-01,3.9245221614837646,4.015088211065328,3.884270498587891,3.950685473658268,2303600
2018-08-02,3.9647741317749023,3.9808747214078952,3.894333908179933,3.894333908179933,1258000
2018-08-03,4.005025863647461,4.007038485561124,3.9426361197974136,3.9849000283792066,3110400
2018-08-06,3.9245221614837646,3.994962379617391,3.910434194630701,3.9728239266378296,1148800
2018-08-07,3.9144606590270996,3.98490051527004,3.84804566323488,3.9245233859565407,3798000
2018-08-08,3.9849002361297607,4.065403581399775,3.9486741914003334,3.9486741914003334,2077200
2018-08-09,4.075465679168701,4.141880660067087,3.9245225058661566,4.021126044651384,1721600
2018-08-10,3.940622329711914,4.031188369637157,3.8983584336589785,4.031188369637157,2844400
2018-08-13,4.105654239654541,4.162006495915766,3.888296085316017,3.940623098158224,1052400
2018-08-14,4.189624309539795,4.220843885570139,4.054340935644099,4.131348614493071,596800
2018-08-15,4.114697456359863,4.262468390060081,4.062665370357255,4.183379794004374,2936000
2018-08-16,4.162566661834717,4.183379574538549,3.9981450881450655,4.120940836427053,656400
2018-08-17,4.11677885055542,4.15632295070291,4.060584101537428,4.125103778017353,282800
2018-08-20,4.143835067749023,4.143835067749023,4.070990071989352,4.098046977515685,156800
2018-08-21,3.975252866744995,4.120942521291039,3.912814103105159,4.120942521291039,1071600
2018-08-22,4.200029373168945,4.2021107039126,3.933624992579878,3.9440316462981513,738000
2018-08-23,4.058503150939941,4.183380250363534,4.058503150939941,4.150079743447023,434800
2018-08-24,4.07515287399292,4.095965787350154,4.043933702443721,4.077234205025974,835600
2018-08-27,4.349882125854492,4.349882125854492,4.100128361823208,4.100128361823208,191600
2018-08-28,4.22500467300415,4.349881742501072,4.212517085146437,4.295768332486631,514000
2018-08-29,4.308257579803467,4.308257579803467,4.204193390890082,4.21459965099207,547200
2018-08-30,4.168810844421387,4.329069366494186,4.118860089843374,4.270793684639826,644400
2018-08-31,4.266632080078125,4.358208684656747,4.16673054615967,4.1812994702344355,1660800
2018-09-03,4.245819091796875,4.266632010266024,4.183380733362831,4.266632010266024,189200
2018-09-04,4.183379650115967,4.214598821249078,4.104290659807233,4.2104361592384505,729600
2018-09-05,4.254144191741943,4.254144191741943,4.131348415974888,4.1417546761693655,487600
2018-09-06,4.2624688148498535,4.281200399435412,4.172973554490705,4.237493633384676,1000000
2018-09-10,4.22500467300415,4.308256317317605,4.185460578625846,4.308256317317605,1301200
2018-09-11,4.114697456359863,4.1875424561581776,4.114697456359863,4.1875424561581776,442400
2018-09-12,4.183379650115967,4.183379650115967,4.037689655530383,4.120940910876445,4497200
2018-09-13,4.183379650115967,4.191704577163923,4.048096310556953,4.166729399046754,9509200
2018-09-14,4.2978515625,4.310339155875946,4.1417552558936555,4.143836587618552,1195600
2018-09-17,4.401915550231934,4.433134730621837,4.258306844070282,4.2666321705600785,732800
2018-09-18,4.370696544647217,4.395672128142082,4.268713672908927,4.387346801319317,1566000
2018-09-19,4.391508102416992,4.416483281190739,4.297850189582168,4.416483281190739,1956000
2018-09-20,4.389426231384277,4.401913819234969,4.3207439027455825,4.385263569776293,1607200
2018-09-21,4.401915550231934,4.445622720356531,4.3207456018235035,4.433134730621837,6559200
2018-09-24,4.401915550231934,4.433134730621837,4.383183962603309,4.4268911327279055,1387600
2018-09-25,4.401915550231934,4.401915550231934,4.322826933445953,4.391509289093105,2342000
2018-09-26,4.443540573120117,4.533035831591446,4.381101826827557,4.4123213984605085,3227200
2018-09-27,4.516385555267334,4.516385555267334,4.441459218893373,4.441459218893373,3884000
2018-09-28,4.433135509490967,4.503899209193227,4.395672724625199,4.493492946226095,6043600
2018-10-01,4.281200885772705,4.451866100740992,4.268713293621547,4.451866100740992,2126400
2018-10-02,4.245819091796875,4.345720624080707,4.24373776025262,4.293688526394536,3266400
2018-10-03,4.249980926513672,4.372776684876557,4.227086680962628,4.2583058540946634,2761600
2018-10-04,4.160485744476318,4.262468590192967,4.135510564327478,4.262468590192967,1826000
2018-10-05,4.120941638946533,4.152161212568682,4.037690368891997,4.058503285648974,21652000
2018-10-08,4.320744037628174,4.322825368497139,4.204192287778996,4.204192287778996,2428400
2018-10-09,4.370696544647217,4.441460234746998,4.306176849664509,4.320745774630917,4030000
2018-10-10,4.345720291137695,4.376939864936262,4.233331175172315,4.372777202166671,2422000
2018-10-11,4.2936882972717285,4.370695972406221,4.291607362811919,4.339476794855138,1369200
2018-10-15,4.256225109100342,4.3644515543033755,4.2229246033496635,4.3644515543033755,1124800
2018-10-16,4.15840482711792,4.25622541719309,4.089722479413812,4.254144085811345,3306000
2018-10-17,4.25830602645874,4.266631351350041,4.073071914334037,4.129266666430297,2159600
2018-10-18,4.156323432922363,4.2603876185966945,4.131348250665608,4.2603876185966945,1071200
2018-10-19,4.145916938781738,4.202111691142878,4.123022692196087,4.179217444557227,399200
2018-10-22,4.239575386047363,4.256225641003495,4.13759212784599,4.13759212784599,3482800
2018-10-23,4.168810844421387,4.231249188400575,4.1271850171197215,4.18962336109891,1696800
2018-10-24,4.023121356964111,4.185461627697468,4.0043897719959025,4.181298965043786,1343200
2018-10-25,4.03769063949585,4.077235144287019,3.9939838686530273,4.056422226135172,1797200
2018-10-26,4.058503150939941,4.073072073094245,3.923219791969948,4.05642181963599,2167200
2018-10-29,4.039771556854248,4.1604859933913385,4.012715043912036,4.087640985814583,1455600
2018-10-30,4.162566661834717,4.181298243570836,4.039770913552729,4.0501771714179995,902800
2018-10-31,4.114697456359863,4.2229242905188835,4.07099029769155,4.168810873439374,1190000
2018-11-01,4.222923755645752,4.241654939018763,4.091802693221844,4.114696935194679,13678400
2018-11-05,4.283280849456787,4.329068937371184,4.17713535763529,4.2208425116668575,547200
2018-11-06,4.447702884674072,4.447702884674072,4.204192706384901,4.245818136988989,6874800
2018-11-07,4.593392848968506,4.641262276570815,4.308257217621407,4.447703234921476,10124400
2018-11-08,4.526791572570801,4.620449488034008,4.478922147766638,4.580904990730285,1232400
2018-11-09,4.474760055541992,4.5163858892666155,4.345720288574359,4.49973563517144,15311200
2018-11-12,4.516385555267334,4.551767392224667,4.4372965564340765,4.4372965564340765,439200
2018-11-13,4.6058807373046875,4.6641568248763035,4.408159020388197,4.5288734613074695,2717200
2018-11-14,4.599637508392334,4.651669606005429,4.4997359762488065,4.612125100666924,1092000
2018-11-16,4.599637508392334,4.6412629482987695,4.587149916117743,4.620450426832252,2856000
2018-11-19,4.5101423263549805,4.635019442495653,4.505979663189829,4.635019442495653,515600
2018-11-21,4.549686908721924,4.610043937734459,4.424809790488528,4.449784975951157,868000
2018-11-22,4.562173366546631,4.5809049494705585,4.510141279974235,4.5809049494705585,172800
2018-11-23,4.501816749572754,4.597556012177874,4.501816749572754,4.582987088883774,310800
2018-11-26,4.599637508392334,4.610043769125593,4.34363968340952,4.510142236982065,2763600
2018-11-27,4.539280414581299,4.635019687575,4.501817238060869,4.635019687575,2003600
2018-11-28,4.537197113037109,4.622529690520021,4.495571688176785,4.616286095126263,1419600
2018-11-29,4.610043525695801,4.635019105899567,4.535117579031263,4.5413611763521695,2747200
2018-11-30,4.610043525695801,4.632937774468139,4.578824348171128,4.616287519990087,2996000
2018-12-03,4.560093402862549,4.676645200582074,4.53303688439984,4.626694430130849,3440800
2018-12-04,4.558011054992676,4.620449801866922,4.524710548782417,4.591311561202935,920800
2018-12-05,4.610043525695801,4.620450182852945,4.530954916168405,4.607962194264372,1244400
2018-12-06,4.558011054992676,4.610043145567873,4.483085114506267,4.576742639357614,942000
2018-12-07,4.591312408447266,4.610043996268783,4.5288740470244875,4.576743483913512,997200
2018-12-10,4.4789228439331055,4.610043548988585,4.458109926487038,4.578824371306174,800000
2018-12-11,4.464353561401367,4.539279502412418,4.418565067311633,4.539279502412418,519200
2018-12-12,4.518466472625732,4.578823887139778,4.4893286294663115,4.518466472625732,1787200
2018-12-13,4.539280414581299,4.599637842747198,4.476842051696202,4.476842051696202,1002800
2018-12-14,4.560093402862549,4.57466232795581,4.49973637076569,4.54136181432166,2270400
2018-12-17,4.553847789764404,4.607961204437419,4.535116604851913,4.53719753886296,458000
2018-12-18,4.651669025421143,4.668319278700245,4.558011102617846,4.558011102617846,939600
2018-12-19,4.880610942840576,4.918073719878833,4.659994561877112,4.676644817329694,1452800
2018-12-20,4.880610942840576,4.915992785298988,4.822334850269837,4.891017203633413,2128800
2018-12-21,4.801520824432373,4.9638610753878245,4.801520824432373,4.945129492701684,3909200
2018-12-26,4.903503894805908,4.9263981407106945,4.784870796887163,4.786952128057901,908800
2018-12-27,4.882691860198975,4.934723957926449,4.789034322473562,4.789034322473562,1348000
2018-12-28,4.90142297744751,4.928479887978105,4.832740630907839,4.832740630907839,5064800
2019-01-02,5.18239688873291,5.188640883412164,4.922236398365059,4.922236398365059,1463200
2019-01-03,5.396768093109131,5.409255682757821,5.0908191694163465,5.128282335335734,1576000
2019-01-04,5.588245391845703,5.592408053460032,5.378035744001256,5.442555411130301,736800
2019-01-07,5.702716827392578,5.785968089702835,5.590327722517064,5.619465565082321,7306800
2019-01-08,5.596522331237793,5.748126167358597,5.45773036223861,5.694744609492068,2610800
2019-01-09,5.605062961578369,5.654173891687657,5.494029235642561,5.654173891687657,3593200
2019-01-10,5.536734104156494,5.630685740642885,5.53459879341034,5.600791797465604,1556800
2019-01-11,5.530328750610352,5.5815749920738105,5.4641357396286665,5.53673468351913,1134400
2019-01-14,5.474812984466553,5.560223811292563,5.472677673069001,5.530329858995857,1465200
2019-01-15,5.466270923614502,5.498299772876504,5.410754061501538,5.455594369014558,1509600
2019-01-16,5.551681041717529,5.59011582178475,5.395807017906149,5.395807017906149,3644000
2019-01-17,5.701149940490723,5.754531492715284,5.555952053276888,5.58798090315784,2750400
2019-01-18,5.955245494842529,6.042791202896339,5.688337749003134,5.716096382641015,2036400
2019-01-21,5.893324375152588,5.955246773705057,5.8506189637399295,5.955246773705057,2578400
2019-01-22,5.8506178855896,5.96592223079413,5.831400494722177,5.893323289132518,2960400
2019-01-23,5.978734016418457,6.076955879770529,5.848482895020425,5.861294761146382,7852800
2019-01-24,6.299023628234863,6.31610570991898,6.0278452251391865,6.149555108047133,11440800
2019-01-28,6.256317615509033,6.324646342908208,6.130337122543023,6.130337122543023,1316800
2019-01-29,6.192260265350342,6.316105454366592,6.108985171418242,6.316105454366592,2693200
2019-01-30,6.252047538757324,6.333187318883227,6.1559605819131695,6.209342134100162,14204000
2019-01-31,6.318240165710449,6.420732641940293,6.245641226563752,6.2563173734451905,10741600
2019-02-01,6.33745813369751,6.448491863370555,6.258453254857744,6.324646674817984,1099600
2019-02-04,6.527497291564941,6.538173848253338,6.256318860714575,6.337459062470415,1574800
2019-02-05,6.427139759063721,6.529632254184707,6.371622889055943,6.5253616317374235,2480000
2019-02-06,6.284077167510986,6.4228691389462895,6.237101135111764,6.4228691389462895,1353600
2019-02-07,6.533903121948242,6.533903121948242,6.279806778560364,6.397246049387146,3208400
2019-02-08,6.832839012145996,7.00579554287458,6.632124252128904,6.71753465832694,6704800
2019-02-11,6.843515872955322,6.896897433297466,6.7944049351851055,6.896897433297466,2108000
2019-02-12,7.057042121887207,7.114694304863067,6.849922221423527,6.8584626520385665,6516800
2019-02-13,7.259891510009766,7.353842753964487,7.108288088672185,7.131776103295338,10172000
2019-02-14,7.3025970458984375,7.415765684310202,7.2043751780490615,7.368789654235323,7479600
2019-02-15,7.259891510009766,7.364519716638932,7.2556208878475665,7.364519716638932,5523200
2019-02-18,7.328218460083008,7.607938050171847,7.244943379894887,7.270566293520985,3621200
2019-02-19,7.191563129425049,7.3666545640451195,7.1210990860951275,7.3666545640451195,4838400
2019-02-20,6.9545488357543945,7.20650983745665,6.9502782136617265,7.20650983745665,3812400
2019-02-21,6.854191303253174,7.086934914516449,6.815756925943749,7.007930441566642,2273200
2019-02-22,6.9801716804504395,7.121098949876618,6.8413801293171,7.046365100384656,5758800
2019-02-25,6.941736698150635,7.078394156160957,6.828568068000837,7.069852912309466,2549200
2019-02-26,6.948143482208252,7.007930563912651,6.858462045113756,6.971631497031523,2338400
2019-02-27,7.313272476196289,7.458470359864818,6.918249325194977,6.988712548851214,4956400
2019-02-28,7.2278618812561035,7.31327269105436,7.142451885995697,7.311137787351436,1903200
2019-03-01,7.240673542022705,7.3111375802913185,7.138181061890217,7.3111375802913185,3990400
2019-03-06,7.127504348754883,7.274837124522851,7.00365876934066,7.26202526007173,2231200
2019-03-07,7.014336585998535,7.195834376853475,6.952414596084642,7.187293131852264,7831200
2019-03-08,6.982307434082031,7.016471596099535,6.841380163942594,6.939602027925683,4352000
2019-03-11,7.033552646636963,7.039958986442404,6.854190608302831,7.003659109337574,4714000
2019-03-12,7.153128147125244,7.249215106038976,7.095475971777004,7.249215106038976,2828400
2019-03-13,7.2299981117248535,7.24280916392573,7.069853442910645,7.153128540367969,6017200
2019-03-14,7.259891510009766,7.313273065230426,7.236403495386613,7.311138161418271,1247600
2019-03-15,7.516122341156006,7.552421403879628,7.255620118644162,7.3132722899150355,11000800
2019-03-18,7.727514266967773,7.729649985490958,7.488365108262341,7.580181455848329,4301200
2019-03-19,7.746730804443359,7.819329749983321,7.6442383191877425,7.725378508800139,2468400
2019-03-20,7.7168378829956055,7.761678196161663,7.659185702694416,7.751002047484687,3499600
2019-03-21,7.531069755554199,7.7275134838043975,7.364519567295303,7.7275134838043975,2988000
2019-03-22,7.462741374969482,7.5759100082341835,7.413630443278427,7.5759100082341835,3366000
2019-03-25,7.45847225189209,7.721109451304032,7.3154092355722655,7.682674659727842,4646800
2019-03-26,7.738189697265625,7.740324600827844,7.509715918294003,7.552421320378544,5451600
2019-03-27,7.281243801116943,7.7232430128673855,7.257756601048345,7.7232430128673855,5873600
2019-03-28,7.300461292266846,7.302597010644251,7.080529542592402,7.227862343655199,4410800
2019-03-29,7.659186363220215,7.695486249297943,7.39441426923045,7.473418753698912,3119200
2019-04-01,7.733919620513916,7.772354403644231,7.69761974109624,7.740325146189685,2619600
2019-04-02,7.729650497436523,7.7702201921465,7.642104766560672,7.765949569355237,3737600
2019-04-03,7.86203670501709,8.037128170314334,7.740326803884568,7.761679103735245,5373200
2019-04-04,8.220760345458984,8.434286588198178,7.8214664996073235,7.8321426488366885,11907200
2019-04-05,8.081966400146484,8.239976147637222,8.056343484039651,8.239976147637222,2560400
2019-04-08,8.109724998474121,8.118266241984491,7.9816096039698365,8.113995620229307,2658000
2019-04-09,7.906875133514404,8.146025070277796,7.883387120569979,8.111860909959859,2029200
2019-04-10,8.111861228942871,8.113996132686392,8.041397187338735,8.071290726975207,6130400
2019-04-11,7.964529037475586,8.113997576797885,7.932500588395242,8.113997576797885,4129200
2019-04-12,7.947446823120117,8.049939319410614,7.780895803927349,7.953852349595162,1970000
2019-04-15,8.047802925109863,8.113996346432824,8.007233236611338,8.007233236611338,4575600
2019-04-16,8.049939155578613,8.10118499541193,7.932499890211159,8.047803437105093,2214000
2019-04-17,8.105454444885254,8.105454444885254,7.900469486139364,8.02644997809445,10189200
2019-04-18,8.105454444885254,8.146024944631796,8.049937990676591,8.111860784840815,7932000
2019-04-22,8.113995552062988,8.113995552062988,8.007232452693739,8.111860648472238,3712400
2019-04-23,8.42360782623291,8.425742729601414,8.099047940192957,8.11399470738565,16202000
2019-04-24,8.470584869384766,8.617918484453842,8.412933506009272,8.617918484453842,6677600
2019-04-25,8.519697189331055,8.519697189331055,8.304035233637144,8.47058543798606,7011600
2019-04-26,8.568808555603027,8.647813039248984,8.468450958446004,8.498344502823501,7787600
2019-04-29,8.66916275024414,8.70119200368015,8.541047365575608,8.568805997584297,8155200
2019-04-30,8.835713386535645,8.850660153685158,8.607240443492822,8.669162415453215,9876000
2019-05-02,8.722546577453613,8.822904170897349,8.7118704283621,8.814362925808952,5460000
2019-05-03,8.658486366271973,8.763114552024874,8.658486366271973,8.724679774771786,9340400
2019-05-06,8.60510540008545,8.731085886318718,8.528235840412568,8.634998936727618,10201200
2019-05-07,8.56240177154541,8.660624459541532,8.438556977736837,8.555996245092297,11024800
2019-05-08,8.509021759033203,8.624326143376003,8.4663171555327,8.543185930556467,4748000
2019-05-09,8.570941925048828,8.639270246973991,8.361686337335787,8.56240068117372,5185600
2019-05-10,8.914717674255371,9.008668896630716,8.57094040726943,8.592293513175898,10661200
2019-05-13,8.914717674255371,8.929664441121046,8.799413345973557,8.882688422664522,10695600
2019-05-14,8.709734916687012,9.053512269399167,8.494072973210411,8.989453750243484,10892000
2019-05-15,8.541049003601074,8.688381805679546,8.44709775779511,8.688381805679546,6560800
2019-05-16,8.528237342834473,8.7609809663853,8.408663175200385,8.56880784788569,9854800
2019-05-17,8.370229721069336,8.6136495319755,8.225031796223895,8.538915665307137,6496800
2019-05-20,8.408662796020508,8.485532365769169,8.289087819240601,8.46204435117509,6123600
2019-05-21,9.087676048278809,9.117569588199608,8.425744289804205,8.451368022197352,8733600
2019-05-22,9.288390159606934,9.418641278378052,8.985183331581842,9.09194643686468,7155600
2019-05-23,9.388747215270996,9.557432293155376,9.224331944566337,9.352447337940921,6478000
2019-05-24,9.331096649169922,9.480565176846016,9.256361978062902,9.480565176846016,5696800
2019-05-27,9.437859535217285,9.544622650288662,9.115434471560489,9.288391011209773,8804400
2019-05-28,9.26703929901123,9.52540585830477,8.957426082851693,9.52540585830477,21354800
2019-05-29,9.822205543518066,9.984485102796933,9.58732704111864,9.608679336050283,16496800
2019-05-30,10.25139331817627,10.31545183489659,9.817935358385919,9.84355827635132,10587200
2019-05-31,9.978078842163086,10.277015836411124,9.864910221194139,10.198010559000934,11947600
2019-06-03,9.969537734985352,10.114735612510527,9.760282161972668,10.108330087323115,5444800
2019-06-04,9.973808288574219,10.057083373593596,9.723983033516088,9.931102887027983,6495200
2019-06-05,9.640707015991211,10.097652894900547,9.54889069663604,10.061353022009158,6954000
2019-06-06,10.001567840576172,10.27701685058945,9.619355724158169,9.685549143362728,5936800
2019-06-07,10.377373695373535,10.413673575385944,10.215094130805106,10.294098602072772,5213200
2019-06-10,10.110466003417969,10.398726883787255,10.089113707629668,10.398726883787255,7498800
2019-06-11,10.097654342651367,10.249257751401775,9.993026144709164,10.163846944324963,7390400
2019-06-12,10.089113235473633,10.328262358169821,10.054949075088462,10.20655248588904,21149600
2019-06-13,10.052815437316895,10.172389606453347,9.854235975529072,10.163848361647046,23034400
2019-06-14,9.9588623046875,10.116872058493888,9.869181687460141,10.116872058493888,9522000
2019-06-17,10.195878982543945,10.356023678604844,9.909753759666948,9.909753759666948,16098000
2019-06-18,10.409401893615723,10.541787905012667,10.112600616103288,10.249257249098557,14690800
2019-06-19,10.590898513793945,10.607980999674664,10.390184191922044,10.494812381597054,10118400
2019-06-21,10.751045227050781,10.83218542155812,10.507625458066675,10.676311373253174,15004000
2019-06-24,10.63360595703125,10.791615723635859,10.56100700716501,10.678446269276831,5181200
2019-06-25,10.569547653198242,10.704069396855004,10.458513923541313,10.66990523500194,6118800
2019-06-26,10.462785720825195,10.697664258130576,10.375239995334503,10.697664258130576,8372400
2019-06-27,10.556737899780273,10.601579032998535,10.296236418967975,10.462786639516269,4853600
2019-06-28,10.864212989807129,10.864212989807129,10.484135810216026,10.612252015468611,46755600
2019-07-01,10.686985969543457,11.06065681333545,10.563141199160622,11.06065681333545,6077200
2019-07-02,10.695527076721191,10.81083141682666,10.654957393145322,10.770260918713003,5356800
2019-07-03,10.889838218688965,10.889838218688965,10.4862737562048,10.697664277249856,8127600
2019-07-04,11.265645027160645,11.415113570847064,10.889839171027793,10.889839171027793,5350000
2019-07-05,11.98095703125,12.145372327955725,11.21012720189817,11.325431562892513,10066400
2019-07-08,12.115478515625,12.365303811004875,11.889140421075489,11.927575207216687,10584400
2019-07-10,12.025796890258789,12.256405603535555,11.87419346645901,12.170994787980183,10109600
2019-07-11,12.429361343383789,12.634346323591616,12.027932627444603,12.027932627444603,15428400
2019-07-12,12.382387161254883,12.501961335753315,12.213701234186912,12.382387161254883,5787200
2019-07-15,12.299108505249023,12.487011784905308,12.237186527752458,12.38451930905764,7299200
2019-07-16,12.491283416748047,12.546799873536935,12.175264720359477,12.245727946842985,7232800
2019-07-17,12.48914909362793,12.598047108542383,12.412279523317538,12.598047108542383,6776400
2019-07-18,12.373844146728516,12.544664953399145,12.143235446819773,12.491283400405957,8235200
2019-07-19,12.21796989440918,12.414413614983907,12.077042629572313,12.31832665838199,7233200
2019-07-22,12.03220272064209,12.358898406046595,12.03220272064209,12.147507080196622,7728800
2019-07-23,11.955333709716797,12.166724216565513,11.79945884849651,12.042879429484652,4861200
2019-07-24,11.882734298706055,12.062096353519886,11.829352744470247,11.957468148821036,2981600
2019-07-25,11.722588539123535,11.9531964082847,11.611554818957863,11.882733186846327,4624400
2019-07-26,11.769564628601074,11.797323264352505,11.579526429419914,11.76529400659794,7388800
2019-07-29,12.019390106201172,12.019390106201172,11.654260496266236,11.797322660629655,5154400
2019-07-30,12.670645713806152,12.788084969919028,12.02793216083635,12.02793216083635,9878000
2019-07-31,12.76032829284668,13.223680677135993,12.544667139567432,12.74538152056683,12655200
2019-08-01,13.095562934875488,13.740411376447902,12.768867277579298,12.768867277579298,15182000
2019-08-02,13.217273712158203,13.526886088156266,12.939688966792076,13.445746708762327,7515200
2019-08-05,12.70481014251709,13.151079976743324,12.683457846243982,13.151079976743324,6516000
2019-08-06,13.371010780334473,13.61656624284181,12.854277753229907,12.854277753229907,10607600
2019-08-07,13.541831970214844,13.687029859496624,13.13186203426948,13.473503647557282,11150000
2019-08-08,13.823686599731445,13.998778029560933,13.471368836335072,13.70624815980385,5738800
2019-08-09,13.872268676757812,14.157270862280612,13.578629861701758,14.034201774151873,3776400
2019-08-12,13.494424819946289,13.850677964646602,13.239650013454957,13.818291015625,9730800
2019-08-13,13.831245422363281,14.455227507160368,13.759995286130327,14.250112904562773,13035600
2019-08-14,13.466355323791504,13.988859847666866,13.382150250086063,13.81829013118779,9528400
2019-08-15,13.386469841003418,13.906815669060432,13.189991042411483,13.474993237651775,9853200
2019-08-16,13.267718315124512,13.807495294392114,13.060444152757986,13.47067416282078,9343200
2019-08-19,13.77510929107666,13.984542213327071,13.425334015136261,13.494425407331047,9868400
2019-08-20,14.142156600952148,14.163747350278513,13.233172381983028,13.816131673772036,7742800
2019-08-21,14.334318161010742,14.66898056647385,14.1961353780854,14.209089499213178,7322000
2019-08-22,14.509204864501953,14.776935438169723,14.386135776399495,14.466023364113552,11722800
2019-08-23,12.00464153289795,13.300106482072596,12.00464153289795,12.900671785530854,56884800
2019-08-26,9.84985065460205,12.805670090510528,8.6364321659094,12.652372793603528,86392000
2019-08-27,11.620318412780762,11.836229198337646,10.171557239366297,10.840880345138926,49428800
2019-08-28,11.404410362243652,11.868618991971752,11.227363541518162,11.803845081863102,11869200
2019-08-29,12.093162536621094,12.65237149490948,11.367703001001862,11.7066828628287,29396000
2019-08-30,12.317710876464844,12.576803999113359,12.201118847727862,12.4364616507854,10026400
2019-09-02,12.695554733276367,12.868283206617573,12.39328011083784,12.414870861142617,9079600
2019-09-03,12.155778884887695,12.6977154991342,12.028391469361988,12.695555929719603,9803600
2019-09-04,12.034868240356445,12.309074228959846,11.734751539347513,12.227028718754035,12059600
2019-09-05,11.829751968383789,12.369528924521386,11.745546895007807,12.101799191878058,8454000
2019-09-06,11.464861869812012,11.851342356310703,11.359066050865641,11.65918189755835,11747600
2019-09-09,10.916448593139648,11.52315731667701,10.659514255234656,11.46270256593899,18168400
2019-09-10,11.063268661499023,11.063268661499023,10.644401223751439,10.903494322883441,13550400
2019-09-11,11.55986499786377,11.650547142976505,11.277021539453061,11.281339854501436,7500400
2019-09-12,11.855660438537598,11.989524886345063,11.447589211894329,11.786569057499278,11838400
2019-09-13,11.872937202453613,12.119075423057295,11.78441379287449,12.008960435754927,8963200
2019-09-16,11.760662078857422,12.024072706864974,11.68077448617739,11.881571605275846,6492000
2019-09-17,11.972254753112793,11.98305012904271,11.665660970169926,11.76282100080796,6304000
2019-09-18,12.27021312713623,12.27021312713623,11.875095904426232,11.875095904426232,6202400
2019-09-19,12.514187812805176,12.671802573314283,12.205435351210804,12.306913674900121,14179200
2019-09-20,12.408394813537598,12.58544161611699,12.278847830232465,12.516350221141344,4593600
2019-09-23,12.306917190551758,12.369531528316305,12.132029123440779,12.369531528316305,5270400
2019-09-24,12.285322189331055,12.360890623514598,12.13634324246327,12.360890623514598,3006800
2019-09-25,12.373846054077148,12.373846054077148,11.853501151134521,12.32634542292277,6686400
2019-09-26,12.63941764831543,12.63941764831543,12.28748283545409,12.371687910467118,8463200
2019-09-27,12.546575546264648,12.65668968156625,12.378165401579516,12.65668968156625,5270000
2019-09-30,12.63941764831543,12.736577667035958,12.501234876639252,12.522825625850796,4834800
2019-10-01,12.479642868041992,12.680439958508424,12.35225547541957,12.630780578148396,3885200
2019-10-02,12.151460647583008,12.378167666773113,12.011119109207774,12.313393762070561,5079600
2019-10-03,11.691570281982422,12.179528333114515,10.925086274386544,12.093163682681801,23646800
2019-10-04,11.190656661987305,11.976571807276624,11.121564451314445,11.691569629833998,19309600
2019-10-07,10.929403305053711,11.259747354053827,10.927244559682006,11.184178087896093,12356400
2019-10-08,11.108611106872559,11.257589266148067,10.786903644302457,11.00713276473214,7935200
2019-10-09,11.266225814819336,11.35906752639884,10.935882548373499,11.279180759563344,5549600
2019-10-10,11.59441089630127,11.700206734106446,11.15395263731781,11.188498334671351,8820400
2019-10-11,11.83407211303711,11.85350411940864,11.557705708682617,11.659184055693325,6365200
2019-10-14,12.032708168029785,12.058617232083346,11.682932920586689,11.864298016230201,4174000
2019-10-15,12.218391418457031,12.449415893695418,11.926912186673057,12.058617074342472,4703200
2019-10-16,12.563848495483398,12.563848495483398,12.147140607483289,12.239982312496844,4034000
2019-10-17,12.600555419921875,12.695555882953958,12.524986139743133,12.533622770100887,2686800
2019-10-18,12.56600570678711,12.6825977084578,12.376004017801629,12.520664647348775,3526400
2019-10-21,12.654532432556152,12.658850747499006,12.395439301425432,12.522826709519364,2964800
2019-10-22,12.69339656829834,12.801351972028788,12.583281595258038,12.717146888900537,4074800
2019-10-23,13.274195671081543,13.436128768469933,12.673963920324892,12.751691938852813,8592800
2019-10-24,13.861472129821777,13.898178216233209,13.300104402411074,13.310900600873603,10811200
2019-10-25,13.872268676757812,14.306249839009116,13.712494324929903,13.969427876286789,5451200
2019-10-28,13.880904197692871,14.03420065331066,13.794539556526487,14.03420065331066,3134400
2019-10-29,13.721129417419434,13.939198935082807,13.634765602664356,13.842039746437623,3712400
2019-10-30,13.835564613342285,13.885223175424555,13.611017181170702,13.816132608180622,4498800
2019-10-31,14.109768867492676,14.12920169389211,13.751357012650272,13.904654289413093,2920000
2019-11-01,14.200451850891113,14.405568088559015,13.993177691369155,14.181020670593082,6344800
2019-11-04,14.243635177612305,14.466023029275503,14.001814498136074,14.334317314690162,4722800
2019-11-05,14.543747901916504,14.677613156712821,14.256586215980086,14.530793784353984,12648000
2019-11-06,14.319207191467285,14.625800196385814,14.094659714729074,14.520004343445848,5029600
2019-11-07,14.429317474365234,14.466021910734602,14.280338512636233,14.424998336399142,2470800
2019-11-08,14.666821479797363,14.733753304184843,14.178862584947668,14.314887450339985,4245200
2019-11-11,14.49625015258789,14.578295658886965,14.319203372586724,14.528637100192567,4936000
2019-11-12,14.366703987121582,14.511363819293368,14.196134267452583,14.34727115968153,4128000
2019-11-13,13.902495384216309,14.427158660293022,13.8398810585795,14.26522557072945,4842800
2019-11-14,14.416362762451172,14.463863399942483,14.044997586353462,14.176703300390786,2225600
2019-11-18,14.448752403259277,14.738073773140504,14.41852501872572,14.576140650024053,4396800
2019-11-19,14.789886474609375,14.811477220301128,14.353747481470043,14.466020347428147,6399600
2019-11-21,15.159097671508789,15.26273558441709,14.751026375106951,14.854664288015252,9833600
2019-11-22,15.30159854888916,15.480803255810411,15.232507160767218,15.480803255810411,2395600
2019-11-25,15.09864330291748,15.534782422803813,15.027392338886875,15.474327658390736,4185600
2019-11-26,14.537274360656738,15.113755793433214,14.304090304499292,15.113755793433214,9953200
2019-11-27,14.789886474609375,14.839546672241884,14.4876110931199,14.787726905859707,3880800
2019-11-28,14.80068588256836,14.919435833273733,14.623639093850763,14.746708182992645,1890800
2019-11-29,15.012274742126465,15.070571569264315,14.789886924920525,14.789886924920525,3236800
2019-12-02,14.912958145141602,15.297279086380097,14.856820878710675,15.113755245001654,3670000
2019-12-03,14.794205665588379,14.925911370897818,14.63875129037567,14.897843562998682,3768800
2019-12-04,15.105120658874512,15.126711411262582,14.660344900058762,14.789891061656,3189600
2019-12-05,15.24113941192627,15.428982361881177,15.189321291937043,15.318867415544277,4848800
2019-12-06,15.949336051940918,16.061608975966646,15.333988774223961,15.437626713321613,7085600
2019-12-09,16.568988800048828,16.726604356235093,16.193304594687163,16.193304594687163,10623200
2019-12-10,16.00546646118164,16.60785777016122,15.811148065671588,16.603540279107747,7726800
2019-12-11,15.735576629638672,16.39194558083548,15.65569069744178,16.1501265679993,16225600
2019-12-12,16.132856369018555,16.178197442520627,15.873762402518272,15.986036948849033,5041600
2019-12-13,16.1285343170166,16.182512011045798,15.8716016135802,16.13933051472984,4260800
2019-12-16,16.16092300415039,16.312061552077697,16.005466965033694,16.191150384282118,4444000
2019-12-17,16.193309783935547,16.277514863030518,15.785238509161864,16.12421839474817,3496000
2019-12-18,16.1004695892334,16.27967596303779,15.850013897604194,16.27967596303779,12712400
2019-12-19,16.40274429321289,16.66399617235881,16.033537010423096,16.193310546580783,13716000
2019-12-20,16.316377639770508,16.575469917832706,16.24728625580269,16.48694735428106,2324400
2019-12-23,16.01409912109375,16.497740362632072,15.912620810170369,16.309897426629117,7251600
2019-12-26,16.333650588989258,16.484787473792036,16.096149064041253,16.1609213086988,1709200
2019-12-27,16.137174606323242,16.372518262255994,15.927740842418615,16.3012672946303,3937200
2019-12-30,16.32285499572754,16.564675667635793,16.197626345242806,16.407060069988656,3013600
2020-01-02,16.36819839477539,16.622973222938185,16.36819839477539,16.441608928619992,4561600
2020-01-03,16.41569709777832,16.452401536728583,16.292628013386746,16.383310149829253,3106400
2020-01-06,16.39194679260254,16.603540091744613,16.322855405646298,16.484788498256417,5387600
2020-01-07,16.45734977722168,16.47911842667956,15.924010391716935,16.250545116109592,5153600
2020-01-08,16.311494827270508,16.435577931978955,16.10033548082043,16.41380928675384,3032800
2020-01-09,16.422515869140625,16.42904629614373,16.22224002961275,16.370269131433677,1997200
2020-01-10,16.653268814086914,17.023340790063443,16.46170239818067,16.544423919877197,8156000
2020-01-13,16.696800231933594,16.849184026709054,16.5836023125593,16.63149431489328,3187600
2020-01-14,16.37897491455078,16.64891137711173,16.361560998289466,16.616257585255394,2672400
2020-01-15,16.23965835571289,16.418163920969086,16.021968560969178,16.328911968761652,2621600
2020-01-16,16.03285026550293,16.413807324339803,15.95665918590375,16.285369509437494,1914000
2020-01-17,16.681562423706055,16.68591714811893,16.176522346460548,16.315843632539256,2201600
2020-01-20,16.653268814086914,16.779529289972096,16.598846366982055,16.696806107434288,2516800
2020-01-21,16.73598861694336,16.762111986773597,16.463876409365866,16.71204260980925,4578800
2020-01-22,16.527002334594727,16.849183835189848,16.32672820060243,16.849183835189848,5449600
2020-01-23,17.066875457763672,17.066875457763672,16.792585928209732,17.001567873303873,4369600
2020-01-24,17.014629364013672,17.17571929226689,16.712039124322335,17.066874431936732,6091600
2020-01-27,16.331087112426758,16.72292939390209,16.250542954064414,16.65326872839995,3604000
2020-01-28,16.374624252319336,16.544422001867083,16.10468941100859,16.10468941100859,2455600
2020-01-29,16.415985107421875,16.553129054213944,16.152579044166306,16.39203910167137,1755200
2020-01-30,16.080745697021484,16.300611193379122,15.806456091267226,16.300611193379122,5172400
2020-01-31,16.167816162109375,16.44646042274536,16.021964435785524,16.139517093981745,7131200
2020-02-03,16.431224822998047,16.52265412920189,16.18088125148082,16.52265412920189,2576000
2020-02-04,16.324554443359375,16.631497798515294,16.263601577018324,16.542244200772295,3996800
2020-02-05,17.071231842041016,17.164838512191526,16.572722055503753,16.627144499525187,6608800
2020-02-06,16.98198127746582,17.17572506105875,16.73163768245568,17.17572506105875,4800000
2020-02-07,16.768644332885742,17.175724839907396,16.72510703902774,17.023340989721788,3114400
2020-02-10,16.000198364257812,16.85571924118851,15.939245493366656,16.85571924118851,3029200
2020-02-11,16.59666633605957,16.709865937911353,16.00890466614943,16.069857531373767,6569600
2020-02-12,17.173545837402344,17.17572320013976,16.55530768726719,16.624968347294267,3970000
2020-02-13,17.770017623901367,17.80702615182384,16.936266959281674,17.197494052707782,7171200
2020-02-14,16.84265899658203,17.73083204307491,16.57707719735398,17.73083204307491,9967200
2020-02-17,16.80129623413086,17.14524646358219,16.65326712657213,16.979801776112758,4422000
2020-02-18,16.235309600830078,16.73817262872176,16.106871724195383,16.73817262872176,7575200
2020-02-19,15.967547416687012,16.315850784561913,15.708497669152079,16.217891033261353,14736800
2020-02-20,16.04373550415039,16.348501516588385,15.566996033671815,16.348501516588385,9563600
2020-02-21,15.67801284790039,16.10686186051051,15.434201425305138,15.6736597842858,5365600
2020-02-26,14.40453052520752,14.922633199127572,14.347932385359568,14.789842317227139,9118000
2020-02-27,14.583036422729492,14.842087766206992,13.980036523866639,14.367524027354667,13316800
2020-02-28,14.326163291931152,14.450246394914588,13.542480448833599,14.149835108965519,11878800
2020-03-02,14.413238525390625,15.03800872214349,14.040989242449854,14.430654104448223,15676400
2020-03-03,14.003983497619629,14.885626081886294,13.953914119052623,14.491608124171227,11179200
2020-03-04,14.35881519317627,14.602628302291473,13.986565933393859,14.171601882056564,7449200
2020-03-05,13.363974571228027,14.33051766152082,13.296491275391928,14.128066113171414,5967600
2020-03-06,12.299470901489258,12.84369527766135,11.864091400551585,12.218925926333528,20900400
2020-03-09,10.446934700012207,11.345993047764816,10.31196641535226,10.8844908675006,34585600
2020-03-10,10.914965629577637,11.221908191595103,10.401217606814644,11.036872207487361,20469600
2020-03-11,9.667603492736816,11.086941016148108,9.33889227685214,10.629792791583588,15111600
2020-03-12,7.0705647468566895,8.457248568287499,6.802806387110504,8.265682138329371,36663200
2020-03-13,9.042832374572754,9.1429694598319,7.079270738548872,8.859972952159296,56032400
2020-03-16,7.684447765350342,8.287448453388146,7.294782925900205,7.619141008504398,18620800
2020-03-17,7.619142055511475,8.021867803420276,7.21206241249191,8.010983480853662,29586800
2020-03-18,6.966072082519531,7.214238267592009,5.616395450447271,7.074916958808899,30899200
2020-03-19,7.194646835327148,7.418867866320364,5.879800821629116,6.530693193414159,25897200
2020-03-20,6.598177433013916,7.566896751497883,6.206335976244498,7.4014528761225815,21924000
2020-03-23,5.683879375457764,6.6177681657036755,5.557619339951946,6.530692350735911,27881600
2020-03-24,7.096685886383057,7.096685886383057,6.313003077852358,6.313003077852358,19240400
2020-03-25,7.44716739654541,8.21778944002339,6.715729996279721,7.074918060947289,25874000
2020-03-26,8.104592323303223,8.794669520654226,7.357916135173849,7.619144098935809,31328000
2020-03-27,7.923908233642578,8.250442899912125,7.471113097813586,7.619142212956095,17134800
2020-03-30,7.854247093200684,8.46377826705218,7.653972078260299,7.967445039847213,12672800
2020-03-31,7.32308292388916,7.923907087992635,7.0879784299855455,7.854246435693751,11229600
2020-04-01,6.5306925773620605,6.966072082519531,6.421847701072693,6.966072082519531,34938400
2020-04-02,6.946481227874756,6.946481227874756,6.530693758469052,6.652599925701583,16604400
2020-04-03,7.033557415008545,7.072741643648643,6.443617868102124,6.839813219533652,16414800
2020-04-06,7.662680149078369,8.102413588662031,7.510297142423345,7.510297142423345,16184000
2020-04-07,8.204727172851562,8.75330549561011,8.106767440204436,8.598745957448058,18506800
2020-04-08,8.746774673461914,8.809904903525366,8.14159740292126,8.33098726269108,11466400
2020-04-09,9.088546752929688,9.186507303177095,8.746773923504652,8.814258042657412,12677200
2020-04-13,8.76201343536377,9.08854809755124,8.585684418831123,9.08854809755124,10154000
2020-04-14,8.807729721069336,9.210456377321908,8.807729721069336,8.840383525507914,10795600
2020-04-15,8.70323657989502,8.977526144886182,8.381055831978518,8.489900712913304,30627600
2020-04-16,8.624868392944336,8.999295060390043,8.568269418535841,8.942696085981549,9143600
2020-04-17,8.881741523742676,8.964463860234288,8.670583033547919,8.933987428479611,8145600
2020-04-20,8.674939155578613,9.088550153411145,8.568271606837687,8.661878297605883,8877600
2020-04-22,9.184330940246582,9.249638534465923,8.533439004115893,8.68582200659343,12567600
2020-04-23,8.838203430175781,9.595764483432436,8.792488782430091,9.360659157162338,15106800
2020-04-24,8.130712509155273,8.862150263089417,7.357913998219348,8.707590726986345,27108400
2020-04-27,8.742422103881836,8.77942980072316,8.028399844474924,8.381057078642892,18400800
2020-04-28,9.534811973571777,9.604472635099086,8.970995423420963,8.988411004013084,17498000
2020-04-29,9.521751403808594,9.976723080150823,9.430321263801995,9.828693962365367,13892800
2020-04-30,9.10161018371582,9.360660728171945,8.846912704177068,9.208277713024556,13810000
2020-05-04,8.970995903015137,9.099432910276283,8.70759146063197,8.836028467893119,9897200
2020-05-05,8.988410949707031,9.288822239320812,8.814259296940946,9.099432368838979,4711200
2020-05-06,8.59874439239502,9.088546288164356,8.59874439239502,9.042831643860119,10252000
2020-05-07,8.1220064163208,8.744598522189495,8.100236938927779,8.742421989660519,19790400
2020-05-08,8.145950317382812,8.36146354243713,7.950030034117589,8.165542428751387,18061600
2020-05-11,8.071937561035156,8.452894681700156,7.956561411233448,8.076290625929753,9950400
2020-05-12,7.943499565124512,8.603099260343924,7.889077126101906,8.402824252922066,15657200
2020-05-13,8.174250602722168,8.182958392722231,7.843362056504842,8.098059516273024,9028000
2020-05-14,8.298333168029785,8.298333168029785,7.858599766461538,8.054520876711923,13520800
2020-05-15,8.139420509338379,8.448540419946386,7.910846412937447,8.228673283377622,12273200
2020-05-18,8.866500854492188,8.9122154894749,8.272208108456162,8.38105295198848,12950400
2020-05-19,9.034125328063965,9.193038758280647,8.692352460399768,8.816435561122665,20478000
2020-05-20,9.354129791259766,9.419436556934029,8.960111004032802,9.099432325583384,15886000
2020-05-21,10.229241371154785,10.240125692201751,9.20392205228942,9.406373579360764,24621200
2020-05-22,10.028966903686523,10.209649798168545,9.84175358231689,10.046382482614169,14373200
2020-05-25,10.871426582336426,11.012925261978358,10.246657188316414,10.55795361919222,11160400
2020-05-26,10.71251392364502,11.330752934898149,10.71251392364502,11.104355363358554,15676000
2020-05-27,11.078231811523438,11.082585706396692,10.801765715225768,10.888841951849797,15892000
2020-05-28,10.795235633850098,10.993333289614446,10.695098539819892,10.882311873262793,11788400
2020-05-29,10.631966590881348,10.830064214656232,10.285839882261447,10.830064214656232,18732800
2020-06-01,10.914965629577637,10.980272398649744,10.490470384978003,10.631969076651423,9743200
2020-06-02,12.040421485900879,12.040421485900879,10.928026627571432,10.947618740101678,19973600
2020-06-03,12.952539443969727,13.468463891825248,12.36477698378953,12.493213962753277,35992000
2020-06-04,13.115806579589844,13.387918749290877,12.460560840334747,12.787095443975987,16854800
2020-06-05,13.113632202148438,13.853776927086587,12.969956986157692,13.551188277531882,27721200
2020-06-08,14.371874809265137,14.643986963537234,13.139751838358288,13.139751838358288,24401600
2020-06-09,14.276095390319824,14.911749114557486,13.775408259363196,14.038812679458093,16740400
2020-06-10,13.792823791503906,14.585214411752734,13.605610458724566,14.476369528082937,21276800
2020-06-12,13.716631889343262,13.823300240838718,13.213769057720492,13.44669704258917,15121200
2020-06-15,13.237714767456055,13.522887825096284,12.956894774299329,13.279075523413653,15790000
2020-06-16,13.692686080932617,14.13241866037725,13.566425622962193,13.681800928719598,11170000
2020-06-17,13.886431694030762,14.465485663062706,13.71445656322273,13.71445656322273,12444000
2020-06-18,15.075016975402832,15.194747016439257,13.723163666873425,13.921261329651065,18649200
2020-06-19,15.673663139343262,15.673663139343262,14.850796090262318,15.294883411844642,33691600
2020-06-22,16.54224395751953,16.95150175837598,15.3514807362464,15.564817426144016,30803600
2020-06-23,17.079938888549805,17.80702357264884,16.805649317591634,17.00157043970461,30649200
2020-06-24,16.696800231933594,17.412999583108373,16.244006893595714,16.977620159476828,17316800
2020-06-25,16.74034309387207,17.284567500949567,16.35938600891782,16.762111737986952,12708000
2020-06-26,15.819514274597168,16.931909067985256,15.651893892138064,16.590136215237358,19133200
2020-06-29,16.47911262512207,16.49435084046204,16.043733145876143,16.32673047172236,16090800
2020-06-30,16.805641174316406,17.06686976416752,16.17216512408706,16.413800780800194,21161600
2020-07-01,16.631498336791992,17.306336274444895,16.492177020405887,17.088646509986468,15050400
2020-07-02,17.19748878479004,17.50660780485155,16.814354392397252,16.947145261450874,16826400
2020-07-03,17.308515548706055,17.441306452558628,17.02987288516009,17.151778635251127,8247200
2020-07-06,17.41518211364746,17.84403123893062,17.297629435079397,17.66552568869938,14847200
2020-07-07,17.621986389160156,17.891922902400452,17.08864711179104,17.345521109331862,11095200
2020-07-08,18.503625869750977,18.503625869750977,17.78960386662922,17.809195143875996,12497200
2020-07-09,18.03777313232422,18.73873440527881,18.02471227856564,18.512336862031045,12393200
2020-07-10,18.590707778930664,18.590707778930664,17.907161993966184,18.166211706065422,12845600
2020-07-13,18.494924545288086,18.96078056771057,18.414378724274364,18.721322128468195,11094000
2020-07-14,18.15532875061035,18.764859163837446,17.815731550101948,18.48186343439528,14524000
2020-07-15,18.281587600708008,18.656012609701154,18.248933803065967,18.433969775249338,8804800
2020-07-16,18.72784996032715,19.328674168521204,18.13355784010002,18.283762646517722,21816000
2020-07-17,19.380918502807617,19.380918502807617,18.734379668696437,18.936831206035887,16276800
2020-07-20,20.136306762695312,20.27780546670956,19.326500430396077,19.981747201979914,16507600
2020-07-21,19.439697265625,20.441069882683276,19.265544784031754,20.34746321447411,17562800
2020-07-22,19.417926788330078,19.635616557978807,18.99560976458352,19.589901905653512,12290800
2020-07-23,19.152652740478516,20.412695661932503,19.064997246347296,19.5032730451139,21160800
2020-07-24,18.933507919311523,19.277554228689972,18.238841433478743,19.277554228689972,20437600
2020-07-27,19.220584869384766,19.680774121679132,18.900643738325073,19.279753038215024,14638400
2020-07-28,18.571929931640625,19.36959144923078,18.525911190843754,19.130732031967657,13723200
2020-07-29,19.246885299682617,19.2994779361376,17.90795237839413,18.62672454020803,20789200
2020-07-30,19.034313201904297,19.25783306642872,18.58727180096639,18.885299401591663,13160400
2020-07-31,18.93789291381836,19.393700050727265,18.539062086995354,19.279749102444608,18884800
2020-08-03,19.667627334594727,19.919636264346277,18.955429130277924,19.284135993808757,18018800
2020-08-04,19.10881805419922,19.770615235219918,18.828321900080095,19.501074969437006,14933200
2020-08-05,19.32796287536621,19.56901591240773,19.03431888026409,19.28194411517362,8688400
2020-08-06,19.643518447875977,19.643518447875977,19.139500680305655,19.422188732006653,11630000
2020-08-07,19.314809799194336,19.61721942771436,18.848046784587304,19.505460328935346,13504800
2020-08-10,19.384937286376953,19.884571401311554,18.986106398851142,19.330152814618522,12873200
2020-08-11,19.13292694091797,20.13000492058248,19.043081283383334,19.886761750543695,20137600
2020-08-12,18.775733947753906,19.483550047942153,18.59384910297654,19.28413377121024,13930000
2020-08-13,18.727519989013672,19.214006271271383,18.53029559459986,19.14169038133814,12511200
2020-08-14,18.100786209106445,18.902831548527903,17.938624667039537,18.845855238978782,15860800
2020-08-17,17.3118896484375,18.102977397769124,16.98756490420267,18.102977397769124,18202800
2020-08-18,18.718753814697266,18.745050957269356,17.563898138269675,17.7085282426936,18394400
2020-08-19,18.381282806396484,18.75820018718244,18.302393044283647,18.657396973791407,9830800
2020-08-20,18.2191219329834,18.30458556644451,17.82686495463893,17.837822516626957,14440800
2020-08-21,18.107362747192383,18.188444366126372,17.772082052282954,18.144617458096278,8432400
2020-08-24,18.3111572265625,18.429491859827362,18.061340224744136,18.330880501384488,7979200
2020-08-25,17.756744384765625,18.473326278853175,17.680046451485953,18.188446330226338,11905200
2020-08-26,17.6734676361084,18.17967552598917,17.12123932724839,17.78303655924374,14514000
2020-08-27,18.140230178833008,18.14461387190323,17.48939052469612,17.750165090035704,11631600
2020-08-28,18.144617080688477,18.28924721169099,17.951774676832674,18.144617080688477,7070000
2020-08-31,17.737018585205078,18.07887310528225,17.64059739363904,17.991217628575775,8783200
2020-09-01,18.37690544128418,18.37690544128418,17.55513827096163,17.55513827096163,19070800
2020-09-02,18.21035385131836,18.54782631964627,17.892604657628002,18.407578238248828,10316400
2020-09-03,17.85316276550293,18.497428646575035,17.57924042448782,18.243227911606155,24953200
2020-09-04,17.563899993896484,18.155571553221904,16.998523908032244,17.953965121203233,18577200
2020-09-08,17.09932518005371,17.34037646674872,16.915250199195746,17.12562232241443,14116000
2020-09-09,17.896987915039062,17.945198509828998,17.257105790474235,17.311890253301137,13013600
2020-09-10,17.34037971496582,17.903563995547522,17.3009348299804,17.796186903266396,9204000
2020-09-11,17.116859436035156,17.53760375198036,16.98756722126356,17.421460946505942,10090000
2020-09-14,17.85535430908203,17.929860382065776,17.357910409989813,17.36448427856023,13684400
2020-09-15,17.50692367553711,18.113936490024237,17.408312306313324,18.052576484227856,13528800
2020-09-16,17.53102684020996,17.855351572385008,17.371055484661884,17.506921544553553,12065600
2020-09-17,17.46967124938965,17.56828262205202,17.241767664152263,17.344762730468986,7282000
2020-09-18,16.665433883666992,17.47624324640606,16.63694489363249,17.311889861643618,17362000
2020-09-21,15.911598205566406,16.39151059537429,15.78230601457043,16.216199660023843,22798800
2020-09-22,16.0408878326416,16.41342313157241,15.51276655327564,15.99706093718569,20459200
2020-09-23,16.025554656982422,16.40904599710289,15.900646115933053,16.108828132275043,15655200
2020-09-24,16.23154067993164,16.389320201351833,15.915981637091255,16.093484434633538,15671600
2020-09-25,16.281940460205078,16.281940460205078,15.887491721131779,16.15045643258807,8163200
2020-09-28,15.843672752380371,16.871428490629526,15.828333164403212,16.479171401625337,20111600
2020-09-29,15.523724555969238,16.06280514047067,15.493045390592945,15.843667289560505,11562800
2020-09-30,15.964193344116211,16.051848825664926,15.677123272136184,15.677123272136184,11601200
2020-10-01,16.327960968017578,16.341108703446494,15.756011070413155,15.889685286903939,9084800
2020-10-02,15.79546070098877,16.540529917429662,15.694657464630524,16.194291623923373,11742000
2020-10-05,16.28413200378418,16.3674054511951,15.82175103761691,15.86338776132237,7146000
2020-10-06,16.23592758178711,16.503276109902743,16.012407640512354,16.363027975791205,11218400
2020-10-07,15.924749374389648,16.345493703688494,15.78011924264476,16.211821134724143,11106400
2020-10-08,16.121971130371094,16.194287020208016,15.720948474245333,15.994870779486032,15198000
2020-10-09,15.986102104187012,16.41999569095482,15.887490761320526,16.03212251420605,7394400
2020-10-13,15.723140716552734,16.139502965375858,15.670548100751754,16.106631953541825,10578800
2020-10-14,16.349876403808594,16.47916694293604,15.7253338167327,15.773544415013864,15718000
2020-10-15,16.22496795654297,16.266604686491128,15.878729723653302,16.135120628105202,9010000
2020-10-16,15.852434158325195,16.185524687346124,15.791075816634345,16.10882676023256,8584800
2020-10-19,16.387128829956055,16.91306002598005,15.887494778894471,15.920365792125192,11722800
2020-10-20,17.263681411743164,17.362294457979818,16.599693922351396,16.610651484785233,14390000
2020-10-21,17.708534240722656,17.728257522304425,17.06426991243448,17.377637195363647,12026000
2020-10-22,17.555131912231445,17.899178242712196,17.513495189011874,17.772077898486444,10769600
2020-10-23,17.432418823242188,17.857545168691875,17.344763337867533,17.638407291199904,11918000
2020-10-26,17.23081398010254,17.658133925559437,16.858280186320297,17.640602490774718,11431200
2020-10-27,16.99852180480957,17.53979252510364,16.945929192505275,17.531026811071424,10478800
2020-10-28,15.91817569732666,16.575589346737914,15.82394634070214,16.527378744945455,13748400
2020-10-29,16.51422882080078,16.610650011621413,15.17967841978185,15.777925497181194,25014400
2020-10-30,15.802031517028809,16.216201946506,15.56974591604287,16.216201946506,14274800
2020-11-03,15.617955207824707,16.268794947083187,15.596041755274742,16.214010479763644,7802800
2020-11-04,16.466022491455078,16.566825729843433,15.87654097612296,15.997067495875111,8816400
2020-11-05,17.193559646606445,17.48939548089748,16.816642186429625,16.816642186429625,13918400
2020-11-06,17.382017135620117,17.506925664375185,16.78157979317378,16.853895697160766,9518800
2020-11-09,17.254915237426758,18.31773356156993,17.094945530237244,18.07887408824421,16642800
2020-11-10,16.718029022216797,17.28778717435268,16.65447883655585,17.200131688203466,16906400
2020-11-11,17.579238891601562,17.601152342594087,16.615032000928085,16.643519320029455,18346000
2020-11-12,17.42365264892578,17.80276023075077,17.18698334621014,17.452139970369796,14793200
2020-11-13,17.813718795776367,17.813718795776367,17.2593002166096,17.747976761802942,8276400
2020-11-16,17.789613723754883,18.155573593590223,17.662513348111307,17.940819400706356,9494800
2020-11-17,18.18844223022461,18.280479729413305,17.717295500726497,17.728253062391943,11006400
2020-11-18,18.19063377380371,18.385666330596496,17.732634788424964,18.267331688516183,7876400
2020-11-19,17.932052612304688,18.24541983867926,17.815909806705946,18.035047680481473,5838000
2020-11-23,17.438993453979492,17.940819415987757,17.28340575478924,17.840016188564043,7779600
2020-11-24,17.487201690673828,17.618684070746504,17.217661390419043,17.445564962759963,6895200
2020-11-25,17.660316467285156,17.824669835598147,17.296548548134645,17.403925613970234,7904800
2020-11-26,17.588003158569336,17.701954097483764,17.388586925607832,17.701954097483764,2791600
2020-11-27,17.719486236572266,18.074490146473234,17.695380939930832,17.85096860886886,4936400
2020-11-30,17.274639129638672,17.660320586819104,17.14315673869583,17.640598980527866,10452400
2020-12-01,17.934242248535156,18.129276488474673,17.16287769164849,17.485010623923884,12815600
2020-12-02,17.2658748626709,18.074494226244415,17.1431581770797,17.73921184415798,11318800
2020-12-03,18.920360565185547,18.9641891369261,17.44994583904347,17.636214343134963,19929200
2020-12-04,17.98683738708496,18.593848572149973,17.918903508172836,18.49523719602724,7406000
2020-12-07,18.094213485717773,18.291437899026636,17.9977922899025,18.168721229363,4584400
2020-12-08,18.0876407623291,18.3988161497553,17.752360074423052,17.859737167176448,4519200
2020-12-09,17.620878219604492,18.155573524676157,17.57924148625082,18.063536013789566,7395600
2020-12-10,17.715105056762695,17.787420956946843,17.099328161478464,17.454332121745757,8482000
2020-12-11,17.9013729095459,17.94519981423748,17.35571841636701,17.375441693800692,7920400
2020-12-14,18.66616439819336,18.72314071424609,17.78523086977327,17.83563164514008,9296400
2020-12-15,19.387128829956055,19.525185094746455,18.86338942189343,18.86338942189343,12695200
2020-12-16,19.932781219482422,20.213277436344022,19.249070436965273,19.393702239222286,14386800
2020-12-17,20.14972686767578,20.36667456693436,19.90210167166395,19.90210167166395,8458400
2020-12-18,19.750896453857422,20.138771436367037,19.656667098909427,20.066455534964994,6169200
2020-12-21,19.877994537353516,19.941544715645456,18.959806394013228,19.194283830937007,6838000
2020-12-22,20.36448097229004,20.480623768167412,19.94811871258898,20.051113772144884,6196400
2020-12-23,20.395164489746094,20.813718685431823,20.300935124929744,20.5441783301094,4243200
2020-12-28,20.866308212280273,20.993408577910625,20.327229253653112,20.338185144000324,7931600
2020-12-29,20.914520263671875,21.050384682260468,20.598961174504648,20.927668001757382,5737200
2020-12-30,20.579238891601562,21.10297828540804,20.55951561323159,20.927667314540972,4409600
2021-01-04,20.397354125976562,20.92766739053565,20.1606848160134,20.818098451318185,5809600
2021-01-05,20.243955612182617,20.248339305793717,19.505462068190962,19.941545956697443,9233600
2021-01-06,19.590925216674805,20.022627072746708,19.10443889504838,19.917440163250777,13171200
2021-01-07,19.7150821685791,19.838661178525143,19.143535350682306,19.220771179639335,7985200
2021-01-08,20.33959197998047,20.5227524326404,20.032854201966746,20.07919569897442,7444400
2021-01-11,19.862930297851562,20.37930828978187,19.818794347506437,20.0063691901481,4947600
2021-01-12,20.039470672607422,20.22704553045221,19.496611066470745,19.73273294820842,6797600
2021-01-13,20.15201759338379,20.73018602987391,19.93575560305857,20.392553940284735,6984000
2021-01-14,20.193946838378906,20.538198909527868,19.99975198091869,20.308696967556983,6649200
2021-01-15,19.7746639251709,20.19615181031865,19.646672169708673,20.19615181031865,5588800
2021-01-18,20.49626922607422,20.85376291064367,19.72170210159572,19.72170210159572,10837600
2021-01-19,20.895692825317383,21.487101228578993,20.47861767833374,20.524959174263618,15386800
2021-01-20,20.677221298217773,21.22890811709887,20.49185533520871,21.184773845034208,7003200
2021-01-21,20.85155487060547,21.02368089148826,20.359451163067703,20.74342472377659,7559600
2021-01-22,20.26456069946289,20.87582895593095,20.198357607541418,20.324142135300562,15764400
2021-01-26,20.430070877075195,20.844938843983705,20.14098577974741,20.321939026162443,7688400
2021-01-27,20.160844802856445,20.34621078019929,19.83645265889178,20.081401760105315,10391200
2021-01-28,21.14726448059082,21.295116178487863,19.92693322181338,19.92693322181338,13048400
2021-01-29,20.780941009521484,21.96375781594091,20.633089329622745,21.200223375402544,13806400
2021-02-01,21.716602325439453,22.120435826673386,21.01926932754034,21.57978337830851,10897200
2021-02-02,21.654808044433594,22.25504350722323,21.493716453731807,22.18442766946059,10170000
2021-02-03,23.28118133544922,23.312075659404265,21.94168594586321,21.94168594586321,19053200
2021-02-04,23.75563621520996,23.832872037869013,23.250290856076944,23.49523995337755,10913200
2021-02-05,24.243330001831055,25.41290693866542,23.854941941067267,24.276431553555586,25596800
2021-02-08,25.209880828857422,25.56516728089107,24.245533330721443,24.366903422751115,14325600
2021-02-09,25.015687942504883,25.344492824247745,24.16388333588409,25.190021184130856,17392800
2021-02-10,23.918935775756836,25.410697542072686,23.832872758816954,25.156921245417895,19508800
2021-02-11,24.44193458557129,24.759705065166102,23.998377888360523,23.998377888360523,8556000
2021-02-12,24.00058937072754,24.48828042896854,23.947626211707604,24.48828042896854,8605200
2021-02-17,24.057958602905273,24.219051898464528,23.369454514831286,23.841698307820607,7292000
2021-02-18,23.389314651489258,24.05133885536419,23.281184502935112,24.05133885536419,12770000
2021-02-19,23.534963607788086,23.815219813591593,23.201744247118476,23.45772777812687,6946800
2021-02-22,23.022994995117188,23.060509295166227,22.244013467252106,23.060509295166227,18010400
2021-02-23,23.28118133544922,23.609986173893297,22.828797517570564,23.2039455255616,9932000
2021-02-24,23.406970977783203,23.755637491507592,23.0185829411837,23.36945667384969,11020400
2021-02-25,22.932518005371094,23.99837737708283,22.861902157675065,23.334145954819984,9241600
2021-02-26,22.583852767944336,23.342974435308754,22.102783436433985,22.707431770947778,19755600
2021-03-01,22.66550064086914,23.084782952098085,22.30359422914256,22.72949651269591,11126800
2021-03-02,22.575027465820312,22.729499116466915,21.42972498129211,22.28814961905979,21387200
2021-03-03,22.272701263427734,22.683156408765026,21.262010564323457,22.6412276699959,21739600
2021-03-04,21.68129539489746,23.100234183760534,21.604059564819266,22.59268155704983,19034000
2021-03-05,21.407655715942383,21.950515341777354,20.705910017450428,21.849005169494188,22043600
2021-03-08,19.9445858001709,21.074441267968606,19.915898685174522,20.950863931227353,21687600
2021-03-09,19.65770149230957,20.152012319030298,19.355376565475485,20.03505500447539,34258000
2021-03-10,20.076990127563477,20.1917402603839,19.110433614634918,19.624606202382186,27160000
2021-03-11,20.56026268005371,20.798591775017936,19.867344213431924,20.368276756566797,20546400
2021-03-12,20.785354614257812,20.82286891655864,20.280009249967996,20.441100869784353,8994000
2021-03-15,20.566884994506836,21.18477493694698,20.467582035435754,20.869209992937456,15759200
2021-03-16,20.15422821044922,20.67281361055965,20.083612347671817,20.60661050262429,10190000
2021-03-17,20.780941009521484,20.935414346222267,20.02623376110443,20.116711217636784,13688000
2021-03-18,20.18070411682129,20.805214029433973,20.04829961074312,20.63529522196301,11750000
2021-03-19,20.646331787109375,20.725774842248676,20.068164943569403,20.346213952942005,12879200
2021-03-22,20.780941009521484,21.06561164187839,20.44330890805147,20.74342670571698,7914800
2021-03-23,20.98616600036621,21.44075707849858,20.58012531470262,20.73680416734115,19969200
2021-03-24,20.2579402923584,21.10533042253088,20.244698664089466,21.096503231556433,11088800
2021-03-25,20.47420310974121,20.624262007629035,19.768044580630708,20.216014055374064,10433200
2021-03-26,20.249113082885742,20.716942418802308,20.03726555053615,20.445513451947797,8216800
2021-03-29,20.233665466308594,20.36165552341749,19.984301957034674,20.048297827396365,7636400
2021-03-30,21.498132705688477,21.63053721258958,20.12774277621346,20.260147283114566,16717200
2021-03-31,21.416484832763672,21.49592787623548,20.964100928750025,21.493720657357176,16062400
2021-04-01,20.864797592163086,21.58861047871697,20.637501192984626,21.4584115050666,13825200
2021-04-05,21.725427627563477,21.81811229854205,21.081057786441082,21.21125675940771,13157200
2021-04-06,21.762941360473633,22.548542820151045,21.58198815851599,22.0145104050583,20317200
2021-04-07,21.80266761779785,22.129265329605524,21.533444133114724,21.707777400796665,10822800
2021-04-08,22.016719818115234,22.078510164460443,21.58199196001484,21.89093527366694,13414000
2021-04-09,21.74749755859375,22.00347939632333,21.64378015541509,21.853420497097453,9830000
2021-04-12,21.9019718170166,22.018929180514974,21.778394479526238,21.842390367473733,8166400
2021-04-13,21.758529663085938,21.95934449048901,21.62612515193986,21.85341987140332,10678800
2021-04-14,21.97479248046875,22.338906162502628,21.692329063787728,21.80928641441833,12500800
2021-04-15,21.897554397583008,22.12926185601883,21.659225282950796,21.990237380957335,8101200
2021-04-16,22.477930068969727,22.59709463546954,21.59081663512047,22.01671896805667,10354000
2021-04-19,22.012304306030273,22.705222823180055,21.913001351027848,22.270493335928244,12361200
2021-04-20,21.69232940673828,22.140298896552014,21.60626638572061,22.03216705282024,7760800
2021-04-22,21.53565216064453,22.09396079909485,21.40324762205995,21.818117308870704,11532400
2021-04-23,21.92624282836914,22.334490770463713,21.520200421525054,21.60405790225503,12258400
2021-04-26,22.473514556884766,22.70081095173743,22.067473846248816,22.07409381902435,13508000
2021-04-27,23.091405868530273,23.665159885862856,22.411727229658496,22.50882465910153,27266800
2021-04-28,23.48641014099121,23.64970895976518,23.124503740673507,23.14215812205839,13180800
2021-04-29,23.442283630371094,23.665163955572734,23.17968009209813,23.656336761958556,14320800
2021-04-30,23.61219596862793,23.863765024632556,22.923690209048935,23.263529493247983,13271600
2021-05-03,24.69129753112793,24.72881183439071,23.967484623780216,24.161677796800543,22199200
2021-05-04,23.733572006225586,24.708954078130922,23.548204325357336,24.69350691169314,17109200
2021-05-05,24.274221420288086,24.42869306497133,23.698260213717532,23.94762206402467,12571600
2021-05-06,24.667024612426758,24.969349642289703,24.119752145813976,24.2742238056769,18157200
2021-05-07,24.693504333496094,25.31801426670453,24.625094017601462,24.757500211660904,14023200
2021-05-10,24.788394927978516,25.192230122206798,24.36690534978496,25.126027024144392,14956800
2021-05-11,24.333803176879883,24.934038747392385,23.89907534728008,24.470622123680865,22893200
2021-05-12,23.79315185546875,24.605235015708473,23.768877497894117,24.01161939002569,19531200
2021-05-13,24.7177791595459,25.09733999801264,24.075614830453155,24.168297821163016,19929200
2021-05-14,24.781776428222656,25.315808947811018,24.428695462384738,25.16795726144491,18600800
2021-05-17,25.569581985473633,25.796876691677877,24.658194258294213,24.936244894011207,17626400
2021-05-18,25.245189666748047,25.77480936004492,25.205468147660415,25.74391503226727,10891200
2021-05-19,25.523244857788086,25.706403638427624,24.936249157969755,24.947283569981185,15608800
2021-05-20,26.328702926635742,26.536137722851734,25.62475164458397,25.765983344760702,20151600
2021-05-21,26.176441192626953,26.41035590443265,25.781433161813194,26.328705635399132,11086400
2021-05-24,27.0481014251709,27.259948962655915,26.251465519999716,26.284567066022436,19749600
2021-05-25,26.880388259887695,27.718952905378913,26.878182724795334,27.18492046409119,18743600
2021-05-26,26.701642990112305,27.540207658288953,26.635439896029816,26.701642990112305,24307600
2021-05-27,27.0767879486084,27.403387280765052,26.73474313673813,26.895834742358158,15636800
2021-05-28,27.129756927490234,27.35043169883181,26.774470410941102,27.251127041559165,10524000
2021-05-31,27.374704360961914,27.75426352989782,27.198163881389334,27.584344707291415,13231200
2021-06-01,26.922317504882812,27.758674947437108,26.394905026156653,27.758674947437108,17543600
2021-06-02,26.767847061157227,27.226849248109982,26.480969221148907,26.966452983424098,15822800
2021-06-04,26.977487564086914,27.112099293165397,26.525103663594997,26.591306760511028,12745600
2021-06-07,26.809776306152344,27.096654169579615,26.304430900228347,26.849497830571277,12547200
2021-06-08,27.253328323364258,27.27980989625742,26.604544098205253,27.019413655458834,18486800
2021-06-09,26.80315399169922,27.297464942927995,26.56261933078133,27.27539780542589,15836000
2021-06-10,26.659717559814453,27.037071202235243,26.51407309182047,26.91790831188327,11153200
2021-06-11,26.101408004760742,26.690609157101335,25.796877469347713,26.657509292958895,12352400
2021-06-14,26.141128540039062,26.359596053217995,25.93369375328688,26.11685418483978,11794000
2021-06-15,26.928943634033203,27.118724083046207,26.06169166518563,26.22940497251189,15917600
2021-06-16,27.021621704101562,27.363668230427784,26.701643999046464,26.9289387157757,21526000
2021-06-17,26.99073028564453,27.25774655239928,26.65751259878055,27.01500464476904,9399600
2021-06-18,26.955421447753906,27.14078743235944,26.756813833094583,26.836256878958313,7946800
2021-06-21,27.138578414916992,27.138578414916992,26.66412741955551,27.04810096955326,9664000
2021-06-22,26.686193466186523,27.129750116641592,26.326494285302598,27.129750116641592,13732000
2021-06-23,26.74798583984375,26.893631980770156,26.514071147147686,26.653095631438134,8837200
2021-06-24,26.569236755371094,27.08120204094399,26.531722456854105,26.90024883699877,9624000
2021-06-25,26.09920310974121,26.677371586717598,25.89176998031586,26.458904045852528,11456000
2021-06-28,26.91349220275879,27.18492288498822,26.262502366249464,26.36842530301115,18452400
2021-06-29,27.0767879486084,27.0767879486084,26.48096686753468,26.988519405941574,8230800
2021-06-30,26.935562133789062,27.032659572233854,26.573655642368347,27.032659572233854,46547200
2021-07-01,26.560413360595703,27.496073840312217,26.21616128525792,26.91349262807224,9616900
2021-07-02,27.76970672607422,28.069824488278677,26.763430513750187,26.922316585930727,13466300
2021-07-05,27.725576400756836,28.21106019386601,27.45194017283793,27.999212628675746,6827100
2021-07-06,27.116512298583984,27.955077010423455,26.860530467606644,27.68144079562293,6344000
2021-07-07,27.33718490600586,27.5402069368537,26.763430945574445,27.44310951704015,10997100
2021-07-08,26.860530853271484,27.01058975069369,25.99548623689159,26.763433424464548,9935900
2021-07-12,27.107685089111328,27.319534327622883,26.772260214761662,27.178302624358317,5903000
2021-07-13,27.49607276916504,27.672613237833307,26.7016440273872,27.010589005749328,5963400
2021-07-14,27.972728729248047,28.1580946908873,27.628475011952286,27.813842657206088,8635400
2021-07-15,28.414077758789062,28.643581369583693,27.778535126023787,27.972729970968587,11500000
2021-07-16,27.963903427124023,28.422907292114136,27.82267172768317,28.422907292114136,6575600
2021-07-19,27.504899978637695,27.78736338179672,27.03706891489638,27.460765703249603,10286900
2021-07-20,27.893287658691406,27.963903508617626,27.248917817662818,27.575515492216084,3843700
2021-07-21,28.113964080810547,28.184579934958172,27.646132994823315,27.893289326147382,3619100
2021-07-22,27.946247100830078,28.211056097967198,27.80501541120834,27.90211282917874,3671700
2021-07-23,27.963903427124023,28.272846717391733,27.725574302962084,28.06100085184511,4046600
2021-07-26,28.48469352722168,28.89073420767211,27.822669361049826,27.981555430309395,8295000
2021-07-27,27.955074310302734,28.43173084218652,27.48724328586339,28.43173084218652,10174700
2021-07-28,27.38132095336914,28.219883918759276,27.16947341420907,28.13161537348685,9136600
2021-07-29,27.054719924926758,27.80501429826963,26.75460217558961,27.496069358232628,13759300
2021-07-30,25.730676651000977,27.293054354151597,25.421731650617524,26.736954700353223,16747000
2021-08-02,26.074932098388672,26.763436315607617,25.739505499156184,26.392702628022448,14655600
2021-08-03,26.48097038269043,26.595720513558263,25.03334454052674,26.08375515350417,14106800
2021-08-04,26.322086334228516,26.533933911700622,25.951352652748614,26.392702193385883,8701600
2021-08-05,26.233814239501953,26.904665695999338,25.898389353060647,26.48097057093197,10883200
2021-08-06,26.69537353515625,26.828539344515598,25.85198894701696,26.473429955125628,7906300
2021-08-09,27.787336349487305,28.20459137577126,26.615474483820826,26.793030030319766,15961800
2021-08-10,27.60090446472168,28.985833659244566,27.39671677218266,28.6307225673391,19797700
2021-08-11,26.94394874572754,27.96488879152089,26.704249292552277,27.876111028126903,12762700
2021-08-12,26.162704467773438,27.041600702534822,26.056172514448047,26.810780905898184,17929700
2021-08-13,26.35801887512207,26.437918695869946,25.37258888142833,26.39352896584609,20168000
2021-08-16,25.052988052368164,26.278117432700405,24.90206636619086,26.260361541786615,17327000
2021-08-17,24.88431167602539,25.239421020797575,23.730204188897137,25.06186550176402,26222100
2021-08-18,24.413787841796875,25.328195777821186,24.236232343811373,24.955330586687406,19078100
2021-08-19,25.20391082763672,25.416976447924156,23.898883268390527,23.969905141819673,15120400
2021-08-20,25.15064811706543,25.479125382707466,24.591351002728743,25.026360245722888,9256600
2021-08-23,24.83104705810547,25.55902342103495,24.609103478665965,25.29269010973047,9052700
2021-08-24,25.4436092376709,25.9141301880722,25.12400997375341,25.12400997375341,13065500
2021-08-25,25.532386779785156,25.567896868084844,24.671246395654645,25.452486964492177,14538900
2021-08-26,24.88431167602539,25.92300756779336,24.751144190102764,25.416974846536206,13035000
2021-08-27,25.931886672973633,25.931886672973633,25.06186825923299,25.212789959028417,6838500
2021-08-30,25.514633178710938,26.029542204977243,25.372589426175065,25.985154167295445,7999900
2021-08-31,25.23941993713379,26.091682327994835,24.981964614918567,25.523507400754138,11702200
2021-09-01,24.83104705810547,25.29269010973047,24.591349279215105,25.177280193471784,11119500
2021-09-02,24.529205322265625,25.008604299229408,24.253995739172666,24.83104874628832,10825300
2021-09-03,24.396034240722656,24.902065256143896,23.845615193290556,24.671245457733587,11471400
2021-09-06,24.804412841796875,25.052988546311013,24.19184813955347,24.19184813955347,5798100
2021-09-08,23.597043991088867,24.760028005944925,23.43724432472942,24.760028005944925,12824400
2021-09-09,24.502573013305664,25.141769951753638,23.481632823854433,23.534898812067958,14652700
2021-09-10,23.907760620117188,25.115134131704163,23.747960985548914,25.017478423180222,9621300
2021-09-13,24.467060089111328,24.91982520113292,24.10307274885194,24.10307274885194,11983500
2021-09-14,24.529205322265625,25.07074823477021,24.387161557230858,24.635738992689326,5975200
2021-09-15,24.413787841796875,24.724509116624144,23.801223236371087,24.39603195333938,8380200
2021-09-16,24.27174949645996,24.39603735660039,23.987661991398923,24.111949851539354,7521000
2021-09-17,23.79235076904297,24.23623792289299,23.54377504659583,24.01429434596798,6384700
2021-09-20,22.87794303894043,23.153152584844612,22.451811801418785,22.727021347322967,13515600
2021-09-21,23.295196533203125,23.597039919062134,22.904575382098223,22.948965111368683,8310800
2021-09-22,24.182973861694336,24.626861050844298,23.410611100818745,23.676942736990622,11180600
2021-09-23,23.98766326904297,24.475938482711523,23.810107722275212,24.147462922474915,8480300
2021-09-24,23.76572036743164,23.890008237775362,23.277443446390155,23.845620196451243,9170000
2021-09-27,23.81898307800293,24.174092439615784,23.437239879283485,23.77459504278695,7141800
2021-09-28,22.76253318786621,23.597041528835085,22.4695677278754,23.437241879150072,9756900
2021-09-29,23.011106491088867,23.233050032980817,22.682629304039054,22.984472656475692,9032000
2021-09-30,22.194358825683594,23.197543099554604,22.114458998447518,23.082133178710937,12621200
2021-10-01,23.09988784790039,23.375097408630488,22.363035241671668,22.363035241671668,11128500
2021-10-04,21.945775985717773,22.61160658630345,21.191169326356498,22.50507463845482,19057900
2021-10-05,21.386486053466797,22.10558286425828,21.34209800949393,22.016805083017214,13975300
2021-10-06,21.572914123535156,21.590670015358768,20.347786373721707,21.084638951451147,20704900
2021-10-07,21.66169548034668,21.91915087458383,21.350974095103517,21.66169548034668,7656300
2021-10-08,22.771408081054688,23.233051075291513,21.90138976419715,21.9102677094665,16525200
2021-10-11,21.39535903930664,22.62936466317426,21.271069497073935,22.549464847915715,12120300
2021-10-13,21.96353530883789,22.25650075116959,21.164538801869174,21.51964817237804,16570700
2021-10-14,21.999046325683594,22.318643901353376,21.59954723947763,22.185478103716385,9616800
2021-10-15,23.03774070739746,23.108762574247802,21.87475530944272,21.945777176293056,25443600
2021-10-18,22.638242721557617,22.851308332212174,22.01680008717727,22.638242721557617,12883800
2021-10-19,21.43086814880371,22.2476204615813,21.129024792344936,22.220988319908084,14565600
2021-10-20,22.007925033569336,22.300890475835917,21.20004888756053,21.670569861689607,12715600
2021-10-21,20.622997283935547,21.652815371492967,20.569731298246758,21.315461871070426,29438600
2021-10-22,20.356666564941406,20.942597513387486,19.069393051761104,20.942597513387486,36861700
2021-10-25,20.738407135009766,21.14678247945639,20.41880786141153,20.42768580715537,17497000
2021-10-26,19.957168579101562,20.56085545635154,19.77961471086619,20.3477897984919,13064600
2021-10-27,20.241249084472656,20.827179863166172,19.95716163944486,20.232372833448434,8549000
2021-10-28,20.179107666015625,20.738406374296698,19.98379794670038,19.98379794670038,9234500
2021-10-29,20.10808563232422,20.622994609324,19.939408057341293,20.276763207307145,12304500
2021-11-01,20.942594528198242,21.217804069410438,20.454319371857736,20.54309544152329,13071500
2021-11-03,21.14678192138672,21.59954698260395,20.60523909836896,20.809428458498665,12498700
2021-11-04,20.76504135131836,21.27107245615464,20.489831778973137,21.08464065681293,8885700
2021-11-05,21.697202682495117,21.865878567233985,20.951472192897604,21.129026023142984,8981500
2021-11-08,21.14678192138672,21.528525111822518,20.800550512989116,21.466381186550638,5413000
2021-11-09,20.143600463867188,21.999048989747994,20.072578583640443,21.350972427721853,18410400
2021-11-10,21.08463478088379,21.43974408063973,20.25012665648629,20.418804208855878,13379000
2021-11-11,21.16453742980957,21.99016772102794,21.120149396359203,21.368725092953163,10881300
2021-11-12,20.22349739074707,21.60842470321847,20.143597575287668,21.040249742880448,11309000
2021-11-16,19.415624618530273,20.578608473363268,19.326846850179987,20.409930882827233,11511700
2021-11-17,18.527856826782227,19.841762841136998,18.323667379896747,19.79737309472899,20716900
2021-11-18,18.536725997924805,19.246946429341467,18.44794992563088,18.73203742087953,9165800
2021-11-19,18.572237014770508,19.24694563477993,18.279271585727795,18.439071218531996,10170600
2021-11-22,17.684463500976562,18.66989348112925,17.533541807559438,18.634381697598148,10868100
2021-11-23,17.844263076782227,17.995184769662334,17.311598178776258,17.71109727560449,15653600
2021-11-24,18.288148880004883,18.510092430263935,17.773239911135676,17.941915790160223,11205300
2021-11-25,19.388992309570312,19.56654786027766,18.22600836299335,18.243762563427907,9500400
2021-11-26,18.48345947265625,18.803058742065403,18.11947216840471,18.51897125516615,8828400
2021-11-29,19.122657775878906,19.264701517578523,18.53672522474929,18.803058510407293,8036000
2021-11-30,18.341415405273438,19.184801598743416,17.666706789156446,18.669892614508733,16042700
2021-12-01,18.430191040039062,19.61093055867539,18.31477945553245,18.794178295861894,11236000
2021-12-02,18.545604705810547,19.211435435142704,18.394683006096788,18.91846998196836,10521000
2021-12-03,18.73203468322754,19.95716225076099,18.669890764385993,18.758666823705465,8098900
2021-12-06,18.891836166381836,19.175923648188412,18.501215032250315,18.9894901799435,6198000
2021-12-07,18.83856773376465,19.38898847753624,18.794179701508263,19.220310907031173,9700600
2021-12-08,19.273574829101562,19.344598382409792,18.554478284802837,18.785299753170452,10369500
2021-12-09,18.97173500061035,19.53990993482332,18.874079298806922,19.140410875895533,11643000
2021-12-10,20.12584114074707,20.37441852582703,19.09602320630781,19.27357702996929,16080900
2021-12-13,20.267885208129883,20.942593812974636,19.9394080043824,20.179107448201247,11928900
2021-12-14,19.380111694335938,20.525341282796298,19.273578039920675,20.525341282796298,13578400
2021-12-15,19.92165184020996,19.93940603580691,18.882956046171472,19.4156208598595,8008900
2021-12-16,19.752981185913086,20.6229997261377,19.673081351270483,20.17023456092807,8070300
2021-12-17,20.116966247558594,20.285643844928117,19.36235772595301,19.7352230134937,8393600
2021-12-20,19.25582504272461,19.77961201523179,19.175925220254353,19.664200407976935,7176400
2021-12-21,19.06684112548828,19.58336454804381,18.86201325243787,19.503214215353808,4451700
2021-12-22,19.396343231201172,19.458681985291406,18.951064475009623,19.022309008056126,5068600
2021-12-23,19.11136817932129,19.592270171590283,19.04012362845967,19.5477429642783,3637300
2021-12-27,19.129179000854492,19.48540174136683,18.9243511373854,19.146990562531112,2918600
2021-12-28,18.45235252380371,19.262759789127955,18.30095766662205,19.236044148721877,5912000
2021-12-29,18.461257934570312,18.692803105550915,18.176279785241498,18.65718168618669,4026400
2021-12-30,18.674989700317383,18.746234230606202,18.416728914996767,18.56812375418595,4143500
2022-01-03,17.918020248413086,19.040121366529075,17.882397127912196,18.523598009493316,8744700
2022-01-04,17.50836181640625,18.122847019740803,17.44602305783389,18.060508261168444,12655000
2022-01-05,16.751384735107422,17.855675741338178,16.69795176506818,17.561791858217116,24686600
2022-01-06,16.5694580078125,16.89258993044756,16.183496970457057,16.78488043091029,13573900
2022-01-07,16.69512176513672,16.955421155137586,16.255304255678126,16.551507954375204,14039400
2022-01-10,16.659217834472656,16.793855571115326,16.192473794912186,16.650241757094918,9375900
2022-01-11,17.45806884765625,17.556802259216685,16.919516274009183,17.05415398941809,10666400
2022-01-12,17.556806564331055,18.07740711371064,17.32343366812478,17.646565633950676,11896100
2022-01-13,17.32343292236328,17.84403344933138,17.22469949084277,17.628612718725112,5544700
2022-01-14,17.6016845703125,18.023549914751207,17.17981751386217,17.17981751386217,8234700
2022-01-17,17.7363224029541,17.98764742288677,17.484997383021433,17.772224998937837,4037000
2022-01-18,17.009275436401367,17.59270668178472,16.72204613970959,17.52987586163733,11916400
2022-01-19,17.897886276245117,17.897886276245117,17.045177892993312,17.134936940495304,8287000
2022-01-20,19.396860122680664,19.45969095335104,17.924815936637046,17.969696324267126,21107700
2022-01-21,19.118606567382812,19.603304474415157,18.86728324848756,19.001920985325977,8249200
2022-01-24,19.396860122680664,19.41481056572096,18.535175512312236,19.118606855409382,13917800
2022-01-25,20.213661193847656,20.518840934103782,19.046796977570864,19.262217668573165,13562200
2022-01-26,20.779144287109375,21.721611917382862,20.581675710410185,20.581675710410185,25216500
2022-01-27,21.64980125427246,21.972931440865647,20.93173055870777,21.01251353335894,19698900
2022-01-28,20.931732177734375,21.577996024930933,20.83299704285454,21.263840178322788,10465300
2022-01-31,21.577993392944336,21.640824212199817,20.958657852261943,21.021488671517428,22915000
2022-02-01,21.76648712158203,22.071666871794,21.46130737137006,21.658775916561297,10163400
2022-02-02,20.994564056396484,22.2691379486487,20.85992631882294,21.766489596101998,10247400
2022-02-03,20.716310501098633,21.497212042751734,20.32137169198606,21.17408013420403,11009300
2022-02-04,20.527822494506836,20.87788099690685,19.953365453015515,20.859928839857638,6640400
2022-02-07,20.339324951171875,20.698359473520345,20.258541969642014,20.572697818701293,3850800
2022-02-08,20.267515182495117,20.348298152608724,19.863600331927092,20.28546733407845,7336200
2022-02-09,21.039447784423828,21.47926537674176,20.429088117692988,20.536797640050203,14431500
2022-02-10,20.931732177734375,21.15612896645282,20.285470042549452,20.96763648569491,12990900
2022-02-11,20.662456512451172,21.506187197069284,20.518842706047597,21.048419259165144,11713400
2022-02-14,20.958663940429688,21.40745759349237,20.779145794399845,20.824026186913265,7724200
2022-02-15,22.305042266845703,22.394801329265928,21.245889096712837,21.31769600424667,11567400
2022-02-16,22.673051834106445,23.139797567511245,21.380525846220714,22.349919909132105,22764200
2022-02-17,22.50251007080078,23.24750735318269,22.493533993662243,22.664076035271112,10128000
2022-02-18,22.56534194946289,23.400098330087044,22.547391506361656,22.98720903455908,6913900
2022-02-21,21.685707092285156,22.744860285516243,21.577997584641313,22.43968049383909,7108100
2022-02-22,22.843595504760742,22.88847418109544,22.215283764004397,22.242211997012273,8523200
2022-02-23,22.628173828125,23.911723873936765,22.448657404718126,22.924379265169396,13235600
2022-02-24,23.38214683532715,23.43600330218707,21.416432019258217,21.55106976238445,17075600
2022-02-25,22.807689666748047,23.30136192141761,22.439679067010015,22.852568340077408,8268500
2022-03-02,22.574316024780273,23.606540884058273,22.00883688497094,23.09491649279945,8276200
2022-03-03,22.143476486206055,22.726907828907947,21.86522493113501,22.349921133129353,12142800
2022-03-04,21.380525588989258,22.475583005111268,21.335646916399046,22.269136659966083,8262100
2022-03-07,20.64450454711914,21.65877727810553,20.5726976432618,21.649802913133538,11010000
2022-03-08,21.416431427001953,21.497214413046052,20.42908515136096,20.824024004019705,13148500
2022-03-09,22.439678192138672,22.8435930844018,21.49721239287348,21.49721239287348,13566800
2022-03-10,21.78443717956543,22.260157199963935,21.389498415149905,22.260157199963935,7168200
2022-03-11,21.407453536987305,22.475582708239696,21.3984774601855,21.97293267940822,7856600
2022-03-14,21.174081802368164,22.25118710771072,21.102274896146106,21.793417438540718,10238100
2022-03-15,21.281789779663086,21.6587764382996,20.617575516734284,21.272815415039073,11101300
2022-03-16,21.954975128173828,22.15244534524228,21.093292511184423,21.272810579062803,10908500
2022-03-17,22.56534194946289,22.717931843899688,21.613899984627885,21.856248942617814,11797100
2022-03-18,23.023113250732422,23.34624521742723,22.331970638418237,22.529440934514785,9480800
2022-03-21,22.412752151489258,23.157749471766703,21.928055945435034,22.86154575917475,9517700
2022-03-22,23.059011459350586,23.247503915350677,22.610217940861148,22.708951350761065,9114000
2022-03-23,23.3731689453125,23.741179519974246,22.583291337249587,22.951301911911333,10993000
2022-03-24,23.83094024658203,24.145096119153326,23.274437123295076,23.400098787518882,10080300
2022-03-25,24.198951721191406,24.638770985404587,23.938652305893882,23.974554906067546,12442100
2022-03-28,24.234851837158203,24.566959819322854,23.848889108051985,24.297682660591953,6909500
2022-03-29,24.36949348449707,25.204249900555844,24.288710495071264,24.701601520137803,11274200
2022-03-30,23.64244270324707,24.207921783552038,23.337262973555053,24.207921783552038,18754900
2022-03-31,23.3731689453125,24.010454965625243,23.148772169932826,23.67834698477825,11932100
2022-04-01,23.902746200561523,24.163047308343497,23.498832990846616,23.525759510953918,9129600
2022-04-04,23.678346633911133,23.929671634936373,23.51678239612152,23.902743405965683,5612800
2022-04-05,22.744857788085938,23.705275733844584,22.55636360238861,23.60654060266924,10814500
2022-04-06,22.538410186767578,22.780757376380077,21.73058051468811,22.47557937049725,12586600
2022-04-07,23.01413345336914,23.202627640816985,22.080643728901382,22.35889525969321,9539700
2022-04-08,22.969255447387695,23.02311019735721,22.61022092757155,22.762810812494866,6495400
2022-04-11,22.664077758789062,22.96925755666043,22.394802272202224,22.96925755666043,7362200
2022-04-12,22.26016616821289,23.337271700744374,22.20631140518993,22.861549776674092,11316900
2022-04-13,22.771785736083984,22.906423460194084,22.287087874873766,22.358894775199925,9530800
2022-04-14,22.529436111450195,22.861542373223667,22.376846238956265,22.51148395891879,8335500
2022-04-18,22.664077758789062,22.90642672392429,22.340945805275425,22.340945805275425,6582000
2022-04-19,23.25648307800293,23.47190379002936,22.385824152894664,22.42172674889325,7638400
2022-04-20,23.561662673950195,23.57063875088643,23.076964791463357,23.39112063618502,8244300
2022-04-22,22.798715591430664,23.732207144345395,22.47558534866247,23.382146955996472,8893300
2022-04-25,22.547391891479492,23.041064181436205,22.269138618510947,22.43070459326384,9302800
2022-04-26,21.407453536987305,22.529437457038927,21.29076625057544,22.34991934502603,10117300
2022-04-27,21.398481369018555,21.95498453629338,21.20101277934231,21.551071278499442,11131600
2022-04-28,21.658775329589844,21.919076402662178,21.09329622658765,21.45233071357408,7725900
2022-04-29,20.725290298461914,22.071671209776397,20.572700393365796,21.98191213995306,10793400
2022-05-02,20.716310501098633,21.066368927350943,20.23161435028863,20.77914132509145,9203200
2022-05-03,20.321369171142578,20.824019124755065,20.052093755430512,20.725284006722017,8359900
2022-05-04,20.662456512451172,20.788118165051397,19.217340659502106,20.025168748525132,24433400
2022-05-05,19.85462760925293,20.438058887844253,19.477640954899663,20.15980565133744,15080200
2022-05-06,19.65715980529785,19.827701856718818,19.190414039309818,19.77384710280074,16646500
2022-05-09,20.366252899169922,20.51884278304779,19.31607586589555,19.72896513285236,25317500
2022-05-10,20.97661590576172,21.631854222363152,20.563724858470636,20.563724858470636,14030700
2022-05-11,20.312395095825195,21.16510351623098,20.070047882625186,20.841971615948957,10536500
2022-05-12,21.236909866333008,21.308716763206036,19.76486762443018,20.07004736414342,14114100
2022-05-13,21.76648712158203,22.233232823319337,21.209982367662697,21.281789267006012,10085600
2022-05-16,22.008834838867188,22.421724059388524,21.577993466494117,21.77546200082892,8059400
2022-05-17,22.28708839416504,22.843593168668026,21.91907780741736,22.358895296164302,12727400
2022-05-18,21.425403594970703,22.287086339523533,21.19203075698479,22.287086339523533,14533600
2022-05-19,22.026790618896484,22.314018247789683,21.335648066864906,21.407454974088203,12496200
2022-05-20,22.143476486206055,22.39480152072903,21.658778572199974,22.349921133129353,12381800
2022-05-23,21.937030792236328,22.47558343364536,21.81136742496684,22.439679125279323,9777000
2022-05-24,21.77546501159668,21.981909650401256,21.218960211328188,21.72161026060672,10316400
2022-05-25,22.152450561523438,22.23323353988972,21.371549007986587,21.524138888010498,6928700
2022-05-26,22.394800186157227,22.68202780163147,21.68570551244501,22.152451243596474,8986700
2022-05-27,22.619197845458984,22.987208455953137,22.376848893569164,22.38582497089972,12984800
2022-05-30,22.34992027282715,23.157748386396964,22.161427788199248,22.83461816817604,5234400
2022-05-31,22.547391891479492,22.655101399973574,22.269138618510947,22.592270568016733,6008800
2022-06-01,22.29606819152832,22.888475659881962,22.23323735579564,22.87949958163274,8514800
2022-06-02,22.735883712768555,22.735883712768555,21.98191032763355,22.619198130026774,5868400
2022-06-03,21.85624885559082,22.57431793713318,21.76648979239509,22.57431793713318,9834200
2022-06-06,21.201007843017578,22.134497527425353,21.03046581636184,21.937028983726584,7332000
2022-06-07,20.895830154418945,21.19203385516405,20.64450512784274,21.1651056234557,5841500
2022-06-08,20.581674575805664,20.931733032660336,20.27649479372303,20.707336234776736,7065200
2022-06-09,20.84197235107422,21.201008569389735,20.38420271353235,20.590649052667242,10211700
2022-06-10,20.13288116455078,20.61757736217538,20.096976854794733,20.509867856930676,9290900
2022-06-13,19.522520065307617,19.91745888162421,18.94806485031009,19.91745888162421,16050900
2022-06-14,19.558429718017578,19.881560008766805,19.29812855756831,19.57638016438383,9191500
2022-06-15,20.15083122253418,20.572696546198127,19.827699316401727,19.9174583694398,12827200
2022-06-17,19.378904342651367,19.971311652460056,19.21733840142874,19.953359500766116,9136600
2022-06-20,19.2083683013916,19.603307201468468,18.804455034687212,19.253248694588944,7652900
2022-06-21,19.414810180664062,19.87257985334144,19.24426984708732,19.45071449005603,15178100
2022-06-22,20.49191665649414,20.707337389028805,19.19041447141727,19.235294860702698,17720200
2022-06-23,20.213661193847656,20.73426162510608,20.070047399846125,20.73426162510608,9845900
2022-06-24,20.096975326538086,20.581673199315983,19.90848285068774,20.429083318479783,5810600
2022-06-27,20.82402229309082,21.003538693541497,19.926435154802622,20.177758457835893,10928600
2022-06-28,20.267515182495117,20.80606774591535,20.07902272690431,20.79709167012368,6645200
2022-06-29,19.98926544189453,20.456011152109415,19.594326632327203,20.348299945132304,6956900
2022-06-30,20.025171279907227,20.132882504331494,19.432763825603335,19.441739903639675,9193000
2022-07-01,20.29444694519043,20.617577169923173,19.47764273798571,19.81872511742908,11090200
2022-07-04,19.95336151123047,20.330348174730617,19.82769986073428,20.222638677737194,2960200
2022-07-05,20.07902717590332,20.096977619452613,19.30710160689497,19.621257481166634,6878000
2022-07-06,20.4111328125,20.59065093809573,19.87258014772453,19.87258014772453,7684700
2022-07-07,20.366252899169922,20.797094319997456,20.321372514493124,20.572697532648327,7406300
2022-07-08,20.177759170532227,20.707335737788306,20.088000111130718,20.563721927550553,4214200
2022-07-11,19.51354217529297,20.114925564614826,19.369928384888773,19.926433106713603,5884000
2022-07-12,19.782819747924805,19.9713122099385,19.244267166153385,19.567397345607066,4496400
2022-07-13,19.926435470581055,20.195710931530137,19.262219471151607,19.5225205671458,9438600
2022-07-14,18.957042694091797,19.61228094877663,18.822403242516444,19.477643209213024,13823900
2022-07-15,19.387882232666016,19.576374707055802,19.082702473358346,19.280171024435013,14042600
2022-07-18,19.378904342651367,19.79179355954349,19.23529055312268,19.56739679940349,5945700
2022-07-19,20.4111328125,20.456013199904795,19.423786545746925,19.567400361418823,10801500
2022-07-20,20.357280731201172,20.518846723038,19.89951099166748,20.47396632974335,9120500
2022-07-21,20.312395095825195,20.411130223580596,20.025167500912953,20.15980522202663,5395900
2022-07-22,20.168781280517578,20.366251535853593,19.854627168867566,20.28546856085459,4626600
2022-07-25,20.29444694519043,20.464987278906264,20.043121915276785,20.17775965158307,3694400
2022-07-26,19.59432601928711,20.14185468960162,19.33402665458794,20.016191333391312,10729800
2022-07-27,19.98029136657715,20.052098274417023,19.43276262429077,19.719990255650274,7492700
2022-07-28,20.4290828704834,20.653479648438605,19.836675513642575,19.93540893177501,5933000
2022-07-29,20.303422927856445,20.57269839921319,20.016193589861103,20.429084586221368,6725200
2022-08-01,19.98029136657715,20.384204581172046,19.755894565576074,20.132881259738348,6754900
2022-08-02,20.168781280517578,20.40215412918009,19.782820270203064,20.02516748318857,15334200
2022-08-03,20.770166397094727,20.815046782436845,19.9982426013384,20.21366331494563,7115800
2022-08-04,22.035762786865234,22.224256969536928,20.89582846237198,20.90480453888126,14328300
2022-08-05,22.402389526367188,22.502400751297216,21.611397016529956,21.902336869993686,8078800
2022-08-08,22.6024169921875,23.302490519644042,22.384212053665355,22.502405745062838,13711400
2022-08-09,22.1296329498291,23.457046410959716,21.83869310816421,23.002452474823766,17542700
2022-08-10,23.702529907226562,23.957103161041243,22.80243403236031,23.19338513373562,21082500
2022-08-11,23.693437576293945,24.075296586027022,23.502508938496607,23.702529663923112,16691900
2022-08-12,23.775266647338867,24.06620653959499,23.593430081748064,24.011655743331605,9315600
2022-08-15,24.02074432373047,24.55716532204046,23.466139151275456,23.638885337376546,10288100
2022-08-16,23.902549743652344,24.13893706192144,23.611608170901487,24.02074340278689,5967500
2022-08-17,23.96619415283203,24.248041922787387,23.638885946343013,23.729805085271998,6124200
2022-08-18,23.829814910888672,24.175307296826627,23.52069260882502,24.002561103857648,6251500
2022-08-19,23.493419647216797,23.848002436267265,23.25703054313695,23.638889598321533,9007400
2022-08-22,23.093374252319336,23.538876152631467,22.88426143395336,23.493417447469625,5820700
2022-08-23,23.52978515625,23.675256834620477,23.066100792847227,23.075191146990512,6741500
2022-08-24,23.73889923095703,24.33896317212567,23.53887676114183,23.53887676114183,7375500
2022-08-25,23.52978515625,23.984379165509484,23.293397797476967,23.73889971845464,7434100
2022-08-26,23.047916412353516,23.738899508410675,22.984273529082472,23.63888827233417,8532300
2022-08-29,23.44795799255371,23.693437420372213,22.66605580297476,22.838801998515354,7195800
2022-08-30,23.429777145385742,23.793452029123674,23.220664304003762,23.575247098880915,7138000
2022-08-31,23.138835906982422,23.929828516831225,23.138835906982422,23.447959973907263,10379100
2022-09-01,23.39340591430664,23.711622048762578,22.67514832398342,23.193385186373,8008900
2022-09-02,23.62979507446289,23.984377826972153,23.311578938912778,23.593428457503737,9779400
2022-09-05,24.048025131225586,24.202587172401604,23.657073983889866,23.802543936274514,7179500
2022-09-06,23.45705223083496,24.18440374959694,23.211572762361268,23.77526841190966,10787700
2022-09-08,23.729806900024414,23.80254186990239,23.20247793487447,23.584336960268462,7509400
2022-09-09,23.911643981933594,24.157125160956078,23.747991596723782,23.96619651114204,4253600
2022-09-12,24.557170867919922,24.62990584678784,23.97529103697659,23.97529103697659,6844100
2022-09-13,23.97528839111328,24.466249010755647,23.87527715590492,24.36623777554729,7105000
2022-09-14,24.038928985595703,24.475338769100603,23.675254166008283,23.738897042668793,11431700
2022-09-15,24.02074432373047,24.2298571239833,23.802539436405127,23.938917274216177,4898000
2022-09-16,23.929826736450195,24.00256170360111,23.157016626635222,24.00256170360111,13136000
2022-09-19,24.184402465820312,24.420791566809353,23.675257643610852,23.675257643610852,8922500
2022-09-20,24.793560028076172,24.920845807792922,24.15712766121505,24.36624050907505,13683000
2022-09-21,23.5116024017334,24.41169832002274,23.16610998816466,24.41169832002274,39457700
2022-09-22,23.484325408935547,23.857092341288613,22.775158161607578,23.73889866713651,19610900
2022-09-23,23.084280014038086,23.38431194891665,22.529676579346365,23.057005487137122,13326500
2022-09-26,21.747779846191406,23.084285755009077,21.68413695541038,22.920631616350033,9441100
2022-09-27,22.202369689941406,22.238736305995467,21.584121609776904,21.756867804914254,16453700
2022-09-28,22.575138092041016,22.77515882882685,22.02962494227961,22.193279060621883,14904200
2022-09-29,22.175094604492188,22.338748720769225,21.811419753953476,22.102359634384445,12208400
2022-09-30,22.556955337524414,22.87517150612074,21.85688184757882,22.06599468569064,9157500
2022-10-03,23.957103729248047,24.148032373533628,23.18429359589067,23.18429359589067,16917100
2022-10-04,24.11166763305664,24.766282408319597,23.99347221479754,24.138942164855976,16640000
2022-10-05,24.229860305786133,24.657179783617092,23.838909181021005,24.411698602838268,10751500
2022-10-06,24.566259384155273,24.929934225602377,24.41169735977295,24.475340240258888,11803600
2022-10-07,23.93891716003418,24.448061894698164,23.775263061786184,24.393511106661595,8012500
2022-10-10,23.847999572753906,24.293501461286507,23.702529639116257,24.293501461286507,5090700
2022-10-11,23.838909149169922,24.32077942181729,23.720715470140917,23.9025537669501,12934600
2022-10-13,24.011655807495117,24.211676550421057,23.138836128394413,23.63888885277854,8057300
2022-10-14,23.866182327270508,24.457154114260977,23.71162031521408,24.13893800306971,10170300
2022-10-17,24.384422302246094,24.529892246018864,23.875277499041395,24.00256326630794,5681900
2022-10-18,24.829925537109375,24.829925537109375,24.320780706934237,24.529893545417416,12560800
2022-10-19,24.91175079345703,25.211782763372295,24.620810911616594,24.848107911071747,10919300
2022-10-20,25.066312789916992,25.429987641745505,24.96630155536222,25.148139848345718,13616700
2022-10-21,25.993684768676758,26.19370550215494,24.966301369023412,25.002669721004064,15147300
2022-10-24,25.457263946533203,26.284624886064453,25.275425653259717,25.902765857500917,16706600
2022-10-25,25.07540512084961,25.602734094643054,24.96630179717509,25.275425857757988,11013700
2022-10-26,23.929826736450195,24.848106780566994,23.81163306513186,24.093480846074353,15463200
2022-10-27,24.81174087524414,25.602733448915398,24.057113184983063,24.193492769671206,11648500
2022-10-28,24.9299373626709,24.993580251165366,24.384424164786157,24.648089541850265,10215400
2022-10-31,26.31190299987793,26.375545886755845,24.20258697349697,24.45715852100864,17966200
2022-11-01,26.38463592529297,26.848322008980244,25.711837019787456,26.411910455184973,18217800
2022-11-03,26.266441345214844,26.911965741224364,25.84821568836409,25.95731727965623,18015700
2022-11-04,26.73921775817871,27.27563879317557,26.648298615373776,26.811952725594974,15931300
2022-11-07,25.85730743408203,26.77558753029428,25.739112021919883,26.666484206309104,8793200
2022-11-08,26.030052185058594,26.475555839796233,25.593642352733564,26.36645251464571,11899500
2022-11-09,25.59364128112793,26.193705208984802,25.3390697566665,26.09369571043429,9186300
2022-11-10,23.757081985473633,25.066313208033268,23.411591304008244,24.993578236454315,28425700
2022-11-11,23.338857650756836,24.26622989137625,23.08428436878133,23.729808795379057,20944800
2022-11-14,23.866182327270508,24.03892851348376,23.37522002986599,23.78435527770309,8519400
2022-11-16,22.347837448120117,23.984374896510158,22.15690883060117,23.984374896510158,13926100
2022-11-17,21.775053024291992,21.95688958155953,20.911323741321166,21.729592584371257,19114900
2022-11-18,22.74788475036621,23.41159159092541,22.466035214672416,22.702424308735665,10676600
2022-11-21,22.975181579589844,23.32067226263501,22.23873803807971,23.057008639757637,7717200
2022-11-22,21.98416519165039,23.302486695649264,21.82051108108014,23.2752121666465,13211300
2022-11-23,22.420576095581055,22.64787309714545,21.78414379754534,21.929615473953977,9945100
2022-11-24,23.520692825317383,23.72071354829101,22.529677829690172,22.529677829690172,6104400
2022-11-25,22.38420867919922,23.37522197528797,22.25692118364613,23.157017069660668,9060400
2022-11-28,22.175094604492188,22.766068187523373,22.084177192461368,22.456944131030852,4393800
2022-11-29,22.702423095703125,23.111558377824533,22.020532114926404,22.356932428463832,8230700
2022-11-30,22.766069412231445,23.211571344874592,22.056902114927222,22.61150737567047,9267400
2022-12-01,22.593324661254883,22.956999554900822,22.411486347362573,22.620599194441652,9011200
2022-12-02,23.26612091064453,23.429775027065048,22.347840828392677,22.820619001576727,13790100
2022-12-05,22.202369689941406,23.28430383022928,22.13872681124301,23.129741810188154,13680800
2022-12-06,22.102359771728516,22.720607888555353,21.956889830609082,22.702423712380803,11962000
2022-12-07,21.738679885864258,22.55694854874537,21.675037018126783,22.084172216636382,9673000
2022-12-08,20.85677146911621,21.70231651618203,20.8022189450783,21.63867190480447,14289100
2022-12-09,20.838586807250977,21.384099895908097,20.838586807250977,21.247722057278395,9087000
2022-12-12,19.802114486694336,21.12043599444299,19.55663332014073,20.720394538731654,23325400
2022-12-13,18.956575393676758,20.25671487099482,18.82928785923162,19.902130273637823,17576700
2022-12-14,19.54754066467285,19.80211391157236,18.22921746107445,18.81109892053927,27100800
2022-12-15,19.856664657592773,19.965766238776727,18.911108371927227,19.102038740206694,13315200
2022-12-16,19.05657958984375,19.583910293018103,18.820192236602225,19.583910293018103,12917600
2022-12-19,20.181827545166016,20.35620490086188,18.924479547524175,18.97036749614849,15461600
2022-12-20,20.81508445739746,21.264792856105128,19.934021783011815,20.016621463438984,16304200
2022-12-21,21.292329788208008,21.44835123516647,20.686599876607563,20.87933132552011,10807500
2022-12-22,21.16383934020996,21.659437470498986,20.943574088030154,21.32903871697297,10985600
2022-12-23,22.48543357849121,22.595567084611446,21.283151701784824,21.29232963983757,14376400
2022-12-26,21.92559242248535,22.73323349589646,21.512595697900068,22.623099985699394,6555600
2022-12-27,21.411638259887695,22.081611949530334,21.044529508748756,22.017368136895097,7778800
2022-12-28,22.47625160217285,22.52214128419166,21.613544835855425,21.613544835855425,6141900
2022-12-29,21.962303161621094,23.02691945879635,21.824637593118076,22.944319767592003,5493300
2023-01-02,20.53975486755371,21.292330047679624,20.264423722748358,21.264796232993998,8056700
2023-01-03,19.557737350463867,20.659065380970613,19.4659597228362,20.64988744315658,10776400
2023-01-04,20.181827545166016,20.493870497247865,19.621985469281572,20.06251782843497,11174400
2023-01-05,21.002037048339844,21.112915276327865,20.188936505043053,20.493849429073055,11518200
2023-01-06,21.122156143188477,21.36239084507296,20.789523207910005,20.900401440452736,5299900
2023-01-09,20.91887664794922,21.242269536822175,20.540045532007873,20.992794871490226,6025000
2023-01-10,22.0461368560791,22.055376856451332,20.29981555742468,20.67864676093678,10150800
2023-01-11,21.639583587646484,21.889058286854272,21.325430654351425,21.824380052767,9443600
2023-01-12,21.020519256591797,21.510228691301194,20.780284539320196,21.048239257090387,27722800
2023-01-13,20.447647094726562,21.159111090217472,20.281332415288578,21.075952869323757,11944600
2023-01-16,19.606828689575195,20.29057276177729,19.495952225082764,20.004139839097274,29056600
2023-01-17,20.577007293701172,20.789521984355115,19.551390311854444,19.791624999600057,14211600
2023-01-18,20.992799758911133,21.482509205350013,20.567770315184834,20.68788679552274,16624400
2023-01-19,20.37373161315918,20.82648277109577,20.17969691320037,20.808002772333115,10802300
2023-01-20,19.763906478881836,20.44765059707247,19.625310007769503,20.364494124284867,17639500
2023-01-23,19.33887481689453,19.957940627397853,19.033961910966003,19.6992259523511,14558600
2023-01-24,19.597591400146484,19.671511403161528,19.0062454748251,19.32963843861643,14975600
2023-01-25,20.10578155517578,20.262858042417385,18.96928790402472,19.311159118265316,12655100
2023-01-26,20.013381958007812,20.22589667275249,19.542152528128426,19.985661957773797,12119700
2023-01-27,19.653026580810547,20.059575923552828,19.48671013952987,19.939459472822026,6927000
2023-01-30,19.495952606201172,19.78238553448055,19.107881448192156,19.680747304750913,13752600
2023-01-31,20.031858444213867,20.225893124765346,19.49595087014613,19.57910909391091,10555500
2023-02-01,19.7916259765625,20.179697143253907,19.08016187723663,19.95794244262306,17729200
2023-02-02,19.024721145629883,20.198174491172445,19.006241149082094,19.44051225620779,13427700
2023-02-03,18.544254302978516,19.163320171774423,18.525774303945873,18.94156547043182,8914200
2023-02-06,18.571975708007812,18.839928664874748,18.156184510033444,18.60893394652229,17340300
2023-02-07,18.627412796020508,18.710571030477276,18.313259857483775,18.498056325687642,11974800
2023-02-08,19.39431381225586,19.6160685014741,18.58121328512231,18.655131514861722,18721200
2023-02-09,19.209518432617188,20.078057160430085,19.181798436574397,19.542149573382947,11745800
2023-02-10,19.255718231201172,19.523671165362913,18.6366523679796,19.0986417655375,14238000
2023-02-13,19.680749893188477,20.272097588431578,19.514435171324685,20.115021104713083,29685800
2023-02-14,19.024721145629883,19.874781600984015,18.85840470139872,19.699225158478956,11938400
2023-02-15,19.763906478881836,20.031861183735465,18.812209418187322,19.117122359574356,14623800
2023-02-16,19.957944869995117,20.041103113139467,19.292678924840335,19.542153654273378,13324700
2023-02-17,19.320396423339844,19.699227587534768,18.978525256797933,19.634549353991687,13806600
2023-02-22,19.04320526123047,19.24647998017614,18.54425582061402,18.941567020582706,7554800
2023-02-23,19.15407943725586,19.412794126736053,18.673610054942486,19.06168120798796,9816900
2023-02-24,18.756771087646484,19.043205817410424,18.627414604753028,19.00624581524092,8436100
2023-02-27,18.396419525146484,18.941567210233888,18.340981285306203,18.80297072945825,12679500
2023-02-28,18.571975708007812,18.71057218654932,18.34098098965535,18.396419228601985,7519700
2023-03-01,17.962148666381836,18.83068748404088,17.574077493386405,18.766009248933262,22893100
2023-03-02,17.906707763671875,18.359458911245536,17.84202953183268,18.054545988039578,12513200
2023-03-03,17.851268768310547,17.97138699003672,17.55559585690699,17.749630544134487,6461200
2023-03-06,18.27629852294922,18.47957319363339,17.694190980434083,17.93442564343325,10051000
2023-03-07,17.93442726135254,18.276300171709906,17.74039257124266,18.045305485950752,3610300
2023-03-08,19.11712074279785,19.126360741737194,17.86050908464094,17.86050908464094,12162700
2023-03-09,19.385074615478516,19.62530931266091,18.93232521929428,18.97852521626187,10205200
2023-03-10,18.55349349975586,18.97852464736865,18.34097880712428,18.97852464736865,10656800
2023-03-13,18.045307159423828,18.38717833913581,17.814312452242852,18.193143631031674,11752400
2023-03-14,18.01758575439453,18.3224986735903,17.878989293369113,17.9898657572496,7722200
2023-03-15,18.09150505065918,18.32249975343182,17.34308270713375,17.740393877878645,15729900
2023-03-16,18.793729782104492,18.895368018648497,17.90670917760631,18.01758741404975,9629100
2023-03-17,18.30402183532715,18.581216567579887,18.137705348445493,18.57197656693647,7387200
2023-03-20,17.906707763671875,18.488815374923927,17.638754837145253,18.45185537824459,10127800
2023-03-21,17.860509872436523,18.32249926568356,17.860509872436523,18.008346337287602,6078000
2023-03-22,17.58331871032715,18.2023846300508,17.527878708668418,17.906709908253806,7262900
2023-03-23,16.899572372436523,17.768111138258746,16.566939454764405,17.58331644360172,17378500
2023-03-24,17.16752815246582,17.352324640214828,16.659340454680926,16.955013425199404,15332500
2023-03-27,17.389280319213867,17.666475010011386,17.065887394458258,17.380040319952318,10100000
2023-03-28,17.749631881713867,17.86975011249193,17.07512778145143,17.389280714079085,12286300
2023-03-29,17.601795196533203,17.915948125264002,17.12132756642993,17.814311657039106,7040100
2023-03-30,18.350215911865234,18.82144521838421,17.915944833633382,18.10074126211707,17139000
2023-03-31,18.156185150146484,18.756771086567124,18.054548668886007,18.470338119169572,16716400
2023-04-03,18.146942138671875,18.220860368392245,17.897469214834135,18.15618213768062,18574000
2023-04-04,18.682851791381836,18.904606504835503,18.128465888922577,18.26706236453739,11524700
2023-04-05,19.006244659423828,19.264959371827555,18.48881699696617,18.7475317093699,14135100
2023-04-06,18.895366668701172,19.181799595720825,18.64589197628906,18.876886670222575,15419200
2023-04-10,19.264963150024414,19.44051965938343,18.79373363270294,18.812213636288128,12977800
2023-04-11,20.881919860839844,21.112914545666943,19.588349978277993,19.588349978277993,41223300
2023-04-12,21.39934730529785,21.935254899693582,20.83571971447922,20.900399706132657,31420700
2023-04-13,21.260751724243164,21.73198110875894,21.01127703320252,21.40858818655992,18602900
2023-04-14,21.20531463623047,21.528705813538114,21.02975816687079,21.15911463779385,14229900
2023-04-17,21.066715240478516,21.436308158172587,20.97431877340464,21.25151169932555,6781300
2023-04-18,21.380868911743164,21.464027144901088,20.90040127414703,21.029757742459484,10459500
2023-04-19,20.724843978881836,21.233031594641858,20.6971239814887,21.112915130637546,14246600
2023-04-20,21.020519256591797,21.112917495903925,20.586249822879576,20.789524539486393,6869100
2023-04-24,20.724843978881836,21.094435132375455,20.641685749052066,20.928118672715918,9891800
2023-04-25,20.974319458007812,21.140634161579097,20.253615359800115,20.540048294247534,7679400
2023-04-26,20.697126388549805,21.011279346142555,20.32753519207299,20.798764628462116,9630600
2023-04-27,21.39011001586914,21.53794649081784,20.62320764119158,20.62320764119158,10394300
2023-04-28,21.639583587646484,21.815140053276004,21.20531418566788,21.528705356104233,10605200
2023-05-02,20.863441467285156,21.639583808969967,20.752563234608875,21.621103809798967,12518800
2023-05-03,20.937360763549805,20.99279900152488,20.613967811053882,20.863442525466436,6299000
2023-05-04,21.436309814453125,21.74122276146514,20.900402157209285,21.038998630878424,10569400
2023-05-05,22.05537223815918,22.26788691517129,21.427066443210773,21.750459339122393,9840000
2023-05-08,22.304845809936523,22.683676945389912,21.953734670619806,22.471162262057437,12894100
2023-05-09,22.637479782104492,23.16414739709996,22.064612171368417,22.110812167109025,9663500
2023-05-10,23.099468231201172,23.28426468199061,22.600518871479437,22.646718865351577,11270900
2023-05-11,23.616897583007812,23.783214048620845,22.905435247946063,23.13642994744201,11226200
2023-05-12,23.552221298217773,23.73701777804747,23.173390100681754,23.238068339917195,6662400
2023-05-15,23.72777557373047,24.04192850284915,23.459820879102903,23.746255572466787,9556900
2023-05-16,23.644617080688477,24.1620447031443,23.552218850376807,23.72777531173401,8959300
2023-05-17,24.115846633911133,24.25444309915063,23.67233724020487,23.931050172025355,7164500
2023-05-18,24.097368240356445,24.374561189299012,23.681577054592807,23.93105176605099,9173800
2023-05-19,24.37455940246582,24.716432325959673,23.829413544488585,24.125086471645613,13236000
2023-05-22,23.94953155517578,24.808832156625282,23.866373318754878,24.430000973974394,9577500
2023-05-23,23.94028663635254,24.337597737095578,23.727771970208398,23.838648421088205,7608800
2023-05-24,23.866371154785156,24.143564076155172,23.635376466193605,23.847891156733926,8977400
2023-05-25,24.827308654785156,25.2153797825671,24.023446403540586,24.023446403540586,19720000
2023-05-26,25.076784133911133,25.973044700168927,24.540876498997584,25.178422366129986,19146300
2023-05-29,25.22462272644043,25.4648574467927,24.891991527941006,25.14146448622811,7793800
2023-05-30,24.596315383911133,25.658890606187597,24.328360697395095,25.206141224951526,14732200
2023-05-31,24.300642013549805,24.66099494807731,24.088127310078278,24.393040247078645,10752000
2023-06-01,25.206140518188477,25.372455210068267,24.28216178344718,24.39303824470037,13597100
2023-06-02,26.056201934814453,26.26871662826441,25.695849017280135,25.85292547816698,18090400
2023-06-05,26.222517013549805,26.333395242636865,25.640411157304314,26.06544055038044,9716600
2023-06-06,26.333396911621094,26.53667162175611,26.046963964987714,26.305676912005048,10967000
2023-06-07,26.989418029785156,27.07257625700435,26.444272196964274,26.601348652561686,17910400
2023-06-09,26.8785457611084,27.38673344018586,26.739949281573622,26.980184001863833,16528800
2023-06-12,27.164974212646484,27.31281066793126,26.832343069430515,26.832343069430515,9394900
2023-06-13,26.564393997192383,27.201939946582982,26.37035926957564,27.201939946582982,11395400
2023-06-14,26.656789779663086,26.915502725922632,26.01924388915963,26.702988016538068,16521200
2023-06-15,26.795385360717773,27.091058296515257,26.53667066072012,26.61058889466949,6500600
2023-06-16,27.41444969177246,27.55304615235248,26.508950936143414,26.6290673986862,10468900
2023-06-19,27.64544105529785,27.784037499209006,27.312808180031556,27.62696105948319,5868900
2023-06-20,28.32918930053711,28.467785765295773,27.89491990766672,28.042756371722582,15928800
2023-06-21,28.671064376831055,28.78194085201914,28.079716713878682,28.338431426567208,13688200
2023-06-22,27.885679244995117,28.59714331280743,27.395969867991262,28.45854508899622,12622400
2023-06-23,28.024276733398438,28.181353198770818,27.57152733611326,27.950358500420236,6838600
2023-06-26,27.80252456665039,28.412350484849416,27.39597336706776,28.12591752626499,6572900
2023-06-27,27.62696647644043,28.209074122293195,27.09105882918298,27.996557653454232,8378300
2023-06-28,27.719364166259766,28.079715336469235,27.229654764876614,27.414451230924897,10744000
2023-06-29,28.59714698791504,28.754223467717782,27.56228986879994,27.719366348602684,8862100
2023-06-30,29.05913543701172,29.61352133521593,28.55094601385814,28.76346072565974,14272000
2023-07-03,29.909189224243164,30.06626743446992,29.179246975177858,29.188486973564697,16465600
2023-07-04,29.853757858276367,29.87223785820682,29.456444909170806,29.70592138353233,3154700
2023-07-05,29.678197860717773,30.361943718785028,29.49340315942501,29.502643158842105,7482500
2023-07-06,28.50474739074707,29.56732269772667,28.486267391097048,29.280889752550376,10216700
2023-07-07,29.7613582611084,30.047792976854698,28.56018644698135,28.65258468553339,11175300
2023-07-10,29.197731018066406,29.881475132297773,29.123812783077874,29.70592042566859,7610400
2023-07-11,29.040653228759766,29.290127921390614,28.273750914722076,29.19772969126626,9762000
2023-07-12,29.197731018066406,29.65048042766489,28.84661808010857,29.133052782745157,6419900
2023-07-13,30.029312133789062,30.038550371270127,29.19773153486178,29.19773153486178,8218400
2023-07-14,29.49340057373047,30.001589923019264,29.308604126289172,29.539598804416023,9038900
2023-07-17,30.417377471923828,30.417377471923828,29.234685849838538,29.3825223025992,7275400
2023-07-18,30.740779876708984,30.91633460710199,30.17715215715782,30.417385131627196,6630700
2023-07-19,30.389659881591797,30.768491020101337,30.09398696981358,30.768491020101337,8351100
2023-07-20,30.786970138549805,30.833168368814867,30.204862568052704,30.66685192010141,7175600
2023-07-21,31.489198684692383,31.858788083873208,30.84241283025176,30.93480929887213,8615200
2023-07-24,31.138086318969727,31.507675724791387,30.814691623588942,31.258204550093986,7437300
2023-07-25,31.008726119995117,31.757146603442646,30.814687916231883,31.415275474896255,9818100
2023-07-26,31.25820541381836,31.37832012356221,30.676097765807718,31.054928943944912,5849000
2023-07-27,30.99948501586914,31.71094904554012,30.879366796652207,31.23972145430301,7235900
2023-07-28,31.26744270324707,31.406040932995,30.768493305793804,31.165804471391844,3876500
2023-07-31,31.424518585205078,31.56311682014843,31.091889165800193,31.184285639296075,6635800
2023-08-01,31.23048210144043,31.36908032850824,30.62989800844502,31.212002102851432,6144300
2023-08-02,30.68533706665039,31.128846496081426,30.167911161330668,30.953291781733608,8727600
2023-08-03,30.851652145385742,31.62779449289794,30.592939204448168,30.97177037854939,9324000
2023-08-04,30.445098876953125,31.1565628990809,30.334222419843307,30.676093552006336,6595500
2023-08-07,30.87672233581543,31.026382169608695,30.409034909189998,30.539990385909512,7606200
2023-08-08,30.86737060546875,31.09186214350418,29.277232618219305,29.94134791730903,9122700
2023-08-09,30.792537689208984,31.166689048457435,30.14713034108581,31.073152992731224,16620400
2023-08-10,30.72706413269043,31.409890951792068,30.493220406967755,30.876723974426056,11736100
2023-08-11,30.193899154663086,30.77383413340659,30.025531395437152,30.727062536154577,8236900
2023-08-14,30.5306339263916,30.539989672881937,29.707504859746532,30.483865898455345,20857500
2023-08-15,29.735567092895508,30.69900203864359,29.613967364309136,30.69900203864359,7434400
2023-08-16,29.0808048248291,30.240671232579885,28.931144988490804,29.903933924689746,10794800
2023-08-17,28.29509162902832,29.295942518551747,28.089309786724563,29.27723459177338,11909800
2023-08-18,28.71600914001465,28.921790968551637,27.892878257694758,28.005124026769643,8702300
2023-08-21,28.482166290283203,28.968559880185943,28.25767474529913,28.482166290283203,7582900
2023-08-22,29.445598602294922,29.492368413264984,28.80954344578898,28.87502118114707,11121400
2023-08-23,30.558696746826172,30.745772443377945,29.426893956537526,29.557847657758195,10987400
2023-08-24,30.50257682800293,30.904788330584914,30.334209056309437,30.549344860546196,12405700
2023-08-25,30.119068145751953,30.64287573050681,29.52978104473118,30.596107705892493,7944100
2023-08-28,30.352916717529297,30.708360184459714,29.91328936548831,30.371624644017437,5801500
2023-08-29,30.998319625854492,31.054443397173753,30.30614428710833,30.652231956481412,5775400
2023-08-30,30.736419677734375,31.297643188508644,30.558696163723944,31.110567495526535,4952600
2023-08-31,30.371623992919922,30.727063884058396,29.969412502477706,30.57740404353376,6583900
2023-09-01,30.212604522705078,30.97961155284882,30.165836497583456,30.390328013607483,9738300
2023-09-04,29.716861724853516,30.493221055310144,29.520432063345268,30.100365300465814,5225800
2023-09-05,29.426891326904297,29.922640629605315,29.09951156332296,29.454953214105227,9013000
2023-09-06,28.95920753479004,29.642032602760757,28.725363797781387,29.436248972378024,5649300
2023-09-08,28.678592681884766,29.071450189201787,28.556994736706468,28.875022327586244,5922100
2023-09-11,28.97791290283203,29.118218775829295,28.454103477735462,28.940498835939547,5891500
2023-09-12,29.6046142578125,29.782335982531286,28.977913023990865,29.034036800693205,5964000
2023-09-13,30.717710494995117,31.01703016425287,29.55784588457835,29.604613913867638,17339400
2023-09-14,31.428598403930664,31.428598403930664,30.418395264806055,31.04509479871733,11796400
2023-09-15,30.6802921295166,31.409886885679942,30.624171926238237,31.381823215869137,6926700
2023-09-18,30.165842056274414,30.670945384275697,29.92264435583892,30.483869681144974,6203100
2023-09-19,29.370769500732422,30.29679037450753,29.239817594568038,30.02553081564026,9798400
2023-09-20,29.052743911743164,29.716861018863074,29.01532984344564,29.716861018863074,8871600
2023-09-21,28.837608337402344,29.005976106267653,28.070601198425752,28.379274846650137,14578100
2023-09-22,29.01532745361328,29.426891091418003,28.81889781295049,28.912435652119157,9928500
2023-09-25,28.90308380126953,29.052743641238244,28.566350053382937,28.96855975824509,7474800
2023-09-26,28.257675170898438,28.968560316492155,28.18284524947205,28.949854174200098,9418200
2023-09-27,27.95835304260254,28.669238126089557,27.294237770974743,28.32315043876084,17859200
2023-09-28,28.73471450805664,29.015328031148115,27.808693628435226,27.920939394489,10471000
2023-09-29,29.062097549438477,29.258527204080725,28.753423907074385,29.05274358644732,6052800
2023-10-02,28.650531768798828,29.108867029664907,28.22961414355312,29.062097215246943,7559900
2023-10-03,28.13607406616211,28.6692374196176,28.005122164355036,28.332503702958576,7265500
2023-10-04,28.837608337402344,29.080806027531562,28.126723193352174,28.13607715652092,5995900
2023-10-05,28.81890106201172,29.090160647774248,28.454105410621093,28.716011033003596,4984900
2023-10-06,28.9311466217041,29.324004160291118,27.733866079323175,28.454105197413718,9595700
2023-10-09,28.706653594970703,28.996619288309756,28.29508817649581,28.865667385011967,8539400
2023-10-10,29.0808048248291,29.31464854211844,28.6598854200739,28.856315070321653,3879000
2023-10-11,29.829105377197266,29.83845934040898,29.136928156304915,29.46430973237069,10218700
2023-10-13,28.95920753479004,30.137781967490106,28.772133615634793,30.072306006581464,11020600
2023-10-16,28.837608337402344,29.267881722734362,28.837608337402344,29.099513953869053,4839000
2023-10-17,28.285737991333008,28.865671239537328,28.061248219666012,28.40733773270645,5848700
2023-10-18,27.471961975097656,28.229615154953656,27.303594205332754,27.977063500306304,12843700
2023-10-19,27.36906623840332,28.098659208048243,27.350358314649036,27.48131021275743,7102600
2023-10-20,27.341005325317383,27.705802715158935,27.004271606191317,27.135223508957797,6980700
2023-10-23,28.39798355102539,28.790841094445803,27.191349030489096,27.191349030489096,13685500
2023-10-24,28.86566925048828,29.221110918447046,28.444749842563176,28.50087183559119,8887100
2023-10-25,28.85631561279297,29.13692736518102,28.388628169422212,28.865669575750704,10728500
2023-10-26,29.10886573791504,29.33335548490121,28.41668678793361,29.099511775446544,8153500
2023-10-27,28.285737991333008,29.52978659104142,28.11737021656123,29.127575081105764,8219800
2023-10-30,27.649677276611328,28.641175802111285,27.43454151099909,28.62246787881828,8838000
2023-10-31,27.687095642089844,27.89287746477702,27.238116146725503,27.66838771709485,12005300
2023-11-01,27.6309757232666,28.061247325902464,27.546791838562008,27.911587482891203,10453900
2023-11-03,29.903934478759766,29.922642404670174,28.182844544894426,28.4166882665165,17882800
2023-11-06,30.1284236907959,30.334207303904762,29.464308389799776,29.960055928829,5799000
2023-11-07,30.642881393432617,30.970264762577703,29.931998010674864,29.931998010674864,9338100
2023-11-08,31.419239044189453,31.625022637874622,30.521280110571357,30.92349155195331,13285300
2023-11-09,30.493221282958984,31.69985579871276,30.35291718439806,31.690503619410908,4110000
2023-11-10,31.80274200439453,31.84015785134911,30.54933967678859,30.586755523743168,8877100
2023-11-13,31.232166290283203,31.75597750121824,31.157338156247885,31.709209471424675,2646200
2023-11-14,31.914989471435547,32.466860785839124,31.278934276252716,31.615669799369737,7909100
2023-11-16,31.83080291748047,32.541689755064894,31.737266865879615,32.05529443676283,10477500
2023-11-17,31.204105377197266,32.04594059617607,31.129273676929714,31.924344435499087,5051100
2023-11-20,31.04509162902832,31.606318709616474,30.792539977989463,31.522134825936856,8669100
2023-11-21,30.539989471435547,30.85801705474486,30.250021991068536,30.689649300747472,7361900
2023-11-22,31.176048278808594,31.522136005476508,30.680297137179203,30.82995698396848,8059100
2023-11-23,31.522130966186523,31.830802789768203,30.904783750851536,31.38182332117654,6522000
2023-11-24,31.241519927978516,31.522131655967318,31.026380582743002,31.522131655967318,2675200
2023-11-27,31.662431716918945,31.812091524061223,30.951548525035943,31.522127654819393,6446000
2023-11-28,31.80274200439453,32.01787777212603,31.419238493538987,31.68114228587793,6410800
2023-11-29,32.45750427246094,32.45750427246094,31.7372652926868,31.896277286160476,9029400
2023-11-30,33.243221282958984,33.29934148738751,32.11141863014227,32.457506307414384,12374200
2023-12-01,32.94390869140625,33.224520478194165,32.3546214414309,33.149688765358746,12790100
2023-12-04,32.719417572021484,33.065505328224056,32.61652574954092,32.80360146603535,5576600
2023-12-05,32.767337799072266,33.03098549399093,32.51310801748007,32.880327615819404,4812000
2023-12-06,32.26829147338867,33.02156279568625,32.05172619272068,32.94623745939699,5587000
2023-12-07,32.04230880737305,32.814412374402686,31.712753720914442,32.409528358535795,7984300
2023-12-08,32.36244583129883,32.59784332065747,31.92931531293029,32.20237726263766,5529600
2023-12-11,32.50368881225586,32.63551084396777,32.04230810938319,32.04230810938319,2798600
2023-12-12,32.35303497314453,32.701422288937756,32.10821954656906,32.654343504405865,3262800
2023-12-13,33.690093994140625,33.89724497393894,32.20238344361826,32.456613211948564,9669500
2023-12-14,34.68818283081055,34.951826935273765,33.74659263843446,33.90666124703525,11432800
2023-12-15,34.35862731933594,35.06481995578924,33.78425673365288,34.74467915025515,9322100
2023-12-18,34.83883285522461,34.99890144424029,34.3209590311583,34.697592906896936,6517200
2023-12-19,34.89533233642578,35.29079847627864,34.537527072834116,34.66934911945174,4546100
2023-12-20,34.49044418334961,34.867078044356695,34.14205328226984,34.744673925266895,5570600
2023-12-21,34.5186882019043,34.801164474899515,33.944317744748304,34.801164474899515,6340600
2023-12-22,34.6505126953125,34.72584162248859,34.06672787722158,34.72584162248859,4830100
2023-12-26,35.11189651489258,35.18722185688175,34.462197031844525,34.650515774639345,3360500
2023-12-27,35.366127014160156,35.67684989313259,34.867081796596345,34.932992819162656,5075700
2023-12-28,35.413204193115234,35.893413563110045,35.243717687968555,35.35670749410595,5348800
2024-01-02,35.055397033691406,35.61093530533289,34.69759180995258,35.413202257430235,5020500
2024-01-03,34.40570068359375,35.32845848532971,34.311539525122164,34.84824555682695,10161200
2024-01-04,33.99750900268555,34.49858710111472,33.53425240621932,34.43240398082082,7690100
2024-01-05,34.72548294067383,35.06583674435466,33.751695696319,33.93132526758941,8636100
2024-01-08,35.84109115600586,35.84109115600586,34.602582086536124,34.602582086536124,7777700
2024-01-09,35.71818542480469,36.067995566073044,35.529103150783435,35.56691744167977,7135300
2024-01-10,35.699275970458984,36.030177158335725,35.29274620186079,35.76545909324485,5303200
2024-01-11,35.44401550292969,35.803274717072455,35.13202325186997,35.61418883217384,6505300
2024-01-12,36.24761962890625,36.39888758891135,34.55530684687175,35.39673509980716,9232800
2024-01-15,36.37053298950195,36.5218009786874,35.935634364894625,36.24762662125336,2266100
2024-01-16,35.77490997314453,36.17198705090127,35.61418572273373,35.926177946553715,6385000
2024-01-17,34.94293212890625,35.95453731398052,34.583672968617655,35.73708984122288,15066500
2024-01-18,34.55531311035156,35.103661818833885,34.12987076868654,35.0280260218653,8906400
2024-01-19,34.81057357788086,35.03747733008968,34.26222855368812,34.82002985441732,9374700
2024-01-22,34.84839630126953,34.980755339023716,34.129870658442144,34.820034680754574,8042700
2024-01-23,35.21710968017578,35.30219814312666,34.725487850516586,34.99020591013574,9165300
2024-01-24,35.34001541137695,35.70873087544257,34.98075261790991,35.500736057143804,7835400
2024-01-25,34.980751037597656,35.55746129390821,34.76330355852386,35.29274325095105,8311200
2024-01-26,35.01856994628906,35.33055856217229,34.82003140831674,35.32110589172678,6624200
2024-01-29,34.659305572509766,35.028021013731234,34.50803760671345,35.028021013731234,3057400
2024-01-30,33.9407844543457,34.74439486577898,33.61933956846982,34.65930640756145,7944200
2024-01-31,34.054237365722656,34.47967969223971,33.71388350450901,34.03532841715377,11215300
2024-02-01,34.678218841552734,34.73494568823943,33.817881502627365,34.12041747192992,7699800
2024-02-02,34.66876220703125,35.05639024563092,34.17714396685935,34.75385067292893,8178700
2024-02-05,34.96184539794922,35.264381363236545,34.03532855344264,35.1698402265267,5046900
2024-02-06,35.500736236572266,35.54800680283008,34.621489999427425,34.942934899098795,9095700
2024-02-07,36.285438537597656,36.37052699289255,35.321103913093104,35.50073349359888,9861200
2024-02-08,35.29273986816406,36.493427223070576,35.20765141872453,36.15307703182493,11774600
2024-02-09,35.51964569091797,35.63309577285722,35.132021271655205,35.28328924974523,8294200
2024-02-14,34.99966049194336,35.34946699756788,34.8294835742854,35.094201621080934,4706500
2024-02-15,34.716033935546875,35.1698378528498,34.3284095307769,35.0563877751523,8124700
2024-02-16,34.432403564453125,34.82003157835817,34.120414947046314,34.725486840876584,4919400
2024-02-19,34.87675476074219,34.94293427362112,34.044779104747505,34.13932384208381,3649700
2024-02-20,35.27383804321289,35.5480087854044,34.583677639120886,34.583677639120886,6251700
2024-02-21,35.95454406738281,35.95454406738281,34.89566812090778,35.273839905048426,14870700
2024-02-22,35.756004333496094,36.03017868769982,35.61418901745601,35.98290811785756,3524700
2024-02-23,34.9334831237793,35.926179466687785,34.5931292675791,35.926179466687785,6276600
2024-02-26,34.9334831237793,35.26438070257775,34.68767040251777,34.886212556309964,3837500
2024-02-27,34.56476974487305,35.18875065024896,34.27168643836567,35.18875065024896,9752700
2024-02-28,34.40403747558594,34.6498501545812,34.073139953683665,34.41349375136172,7537400
2024-02-29,34.40403747558594,34.62148493376636,33.912415724107916,34.22440790748363,7680300
2024-03-01,34.04478073120117,34.41349981465849,33.90296902819125,34.328411350247286,5564400
2024-03-04,34.04478073120117,34.04478073120117,34.04478073120117,34.04478073120117,0
2024-03-05,33.60988235473633,34.29059000149968,33.36407326368999,34.04477730394057,7014200
2024-03-06,33.742244720458984,34.18659599022931,33.46807398577285,33.600433017658524,11834100
2024-03-07,33.6287956237793,33.921878921922016,33.174991669776965,33.56261610589437,5877700
2024-03-08,33.685523986816406,34.12041901149783,32.919727751301664,33.40189695361171,8747500
2024-03-11,33.61934280395508,33.798972407918136,33.47752749110678,33.56261595751312,5799900
2024-03-12,34.432403564453125,34.71603417038491,33.71388159215792,33.85569689512381,5781400
2024-03-13,35.35892105102539,35.59527746552018,34.28113277145851,34.30949799362651,8593700
2024-03-14,35.15092849731445,35.51019128011659,34.79166571451232,35.42510282120327,5457100
2024-03-15,34.29059600830078,35.51964889185542,34.29059600830078,35.0469359669103,13136600
2024-03-18,33.98805618286133,34.649854924277726,33.676063956538584,34.60258075191634,5821100
2024-03-19,34.41349792480469,34.489130107620596,33.82733137704494,33.94078506103821,6104300
2024-03-20,35.264381408691406,35.44401461779012,34.13932601173608,34.22441447748989,7997600
2024-03-21,35.236019134521484,35.4723755787242,34.93348317446306,35.26438075374161,5506300
2024-03-22,34.68766784667969,35.10365746539059,34.68766784667969,34.92402427312439,4778400
2024-03-25,34.905120849609375,35.065845120411446,34.35677572887429,34.60258486440793,4242800
2024-03-26,35.25492858886719,35.54800827571684,34.69712722828193,34.69712722828193,6644800
2024-03-27,35.07529067993164,35.576368734110794,34.640395740201775,35.273832810254135,11061500
2024-03-28,34.441856384277344,35.07528983251326,34.441856384277344,35.037475547829295,6392500
2024-04-01,33.57206726074219,34.640399382866526,33.57206726074219,34.55531091992719,6764500
2024-04-02,33.543704986572266,33.75169980447429,32.87245357345046,33.5720666048269,11868800
2024-04-03,33.53425216674805,33.817879167571164,32.95754188805034,33.590975403004876,9551800
2024-04-04,33.8367805480957,34.78220607708516,33.581515222487084,33.74223583128945,7843100
2024-04-05,33.468074798583984,33.82733400628068,33.184444173068506,33.73279286878433,8090000
2024-04-08,34.33786392211914,34.47967923123309,33.316805958643315,33.46807393865874,7547900
2024-04-09,34.34731674194336,34.6687580114191,34.17713983074282,34.34731674194336,6716600
2024-04-10,33.089900970458984,34.31895371377343,32.919724048375585,34.12986784406821,14223300
2024-04-11,32.8251838684082,33.27898780494908,32.55100952971274,33.18444306409905,7352000
2024-04-12,32.428096771240234,32.948080120517886,32.1539224866441,32.948080120517886,7706100
2024-04-15,31.804122924804688,32.5321012141981,31.577222755378244,32.4753743685849,11013800
2024-04-16,31.48267936706543,31.92703066053507,31.12341654241948,31.63394735536162,13007900
2024-04-17,30.95323944091797,31.841938313092854,30.745244629903745,31.529946096571518,9944800
2024-04-18,30.75469970703125,31.265230497740504,30.537252208732088,30.972147205330415,8175200
2024-04-19,30.839786529541016,31.113960858820125,30.641247990344272,31.00996345071336,5640200
2024-04-22,31.501583099365234,31.501583099365234,30.6885164444846,30.962690754900205,5635300
2024-04-23,30.962692260742188,31.359769331127804,30.726335831270873,31.23686658449201,12989000
2024-04-24,30.962692260742188,30.962692260742188,30.48997940179956,30.83978590759349,5610400
2024-04-25,30.820877075195312,31.085598729617473,30.5467063569377,30.726335945659986,10119600
2024-04-26,32.239013671875,32.36192001791211,30.943781523140263,31.246317446837242,11814300
2024-04-29,32.087745666503906,32.23901362814722,31.908116089087684,32.087745666503906,4991700
2024-04-30,31.577219009399414,32.0310229009311,31.511039500624754,31.860845990792622,6284300
2024-05-02,32.305198669433594,32.48483188413142,31.832485757514366,31.832485757514366,9124700
2024-05-03,33.392433166503906,33.63824585144842,32.77790506065521,32.82517922765325,11860400
2024-05-06,33.231712341308594,33.67605993503626,32.94808176706266,33.39243296730289,7293300
2024-05-07,33.392433166503906,33.94078176637045,33.21280359405414,33.486974287474816,7962200
2024-05-08,32.721187591552734,33.20335316381435,32.49428381215636,33.14662992385017,6858700
2024-05-09,31.3975887298584,32.73063891169075,31.038329536536967,32.48482980012803,15573400
2024-05-10,31.6906681060791,31.964842409149778,31.45431169443458,31.567761762200412,11769600
2024-05-13,32.21065139770508,32.67391155006082,31.879753864959987,32.07829238460704,8390600
2024-05-14,32.79682159423828,33.43971146381893,32.33356494518111,32.33356494518111,15412600
2024-05-15,33.515342712402344,33.70442857892975,32.93863244242456,33.08990041434391,11536200
2024-05-16,33.676063537597656,33.893511023005516,33.25062123722882,33.732790379817814,14692000
2024-05-17,33.13717269897461,33.71388299888031,33.00481366749064,33.458617606798455,16540000
2024-05-20,32.56045913696289,33.137169379090224,32.51318857424206,32.94808352169414,5978900
2024-05-21,32.24847412109375,32.61718960040404,32.15392937863396,32.30519736005647,7454800
2024-05-22,31.30304527282715,32.07829405257987,31.217956816195127,32.00265826601238,8093300
2024-05-23,30.764156341552734,31.482678361378753,30.603432080458486,31.274687138186415,9778000
2024-05-24,30.348167419433594,30.754700811091002,30.24417180531091,30.669612342918214,8860300
2024-05-27,30.471071243286133,30.70742767887462,30.092901306995852,30.679066060688157,5587200
2024-05-28,30.480525970458984,31.03832727434481,30.281983833710406,30.915420924264797,11065500
2024-05-29,30.18744468688965,30.395439507357825,29.979449866421476,30.395439507357825,7146800
2024-05-31,29.865999221801758,30.414344274714278,29.865999221801758,30.263076300823272,9388500
2024-06-03,30.783063888549805,31.07614356450196,29.98890430664172,30.07399276887271,12451500
2024-06-04,30.50889015197754,30.735790318032304,30.26307743115291,30.622340235004923,6850600
2024-06-05,30.71688461303711,30.839787365482888,30.281986021301126,30.348165536160565,6907700
2024-06-06,31.48267936706543,31.511044594348878,30.745248374935667,30.783066273638045,7297200
2024-06-07,30.896514892578125,31.331409887414793,30.688520066128785,31.057235544643053,9200700
2024-06-10,29.875455856323242,31.095054209434128,29.714733397032717,30.92487727568456,10160000
2024-06-11,30.471071243286133,30.565615981429325,29.98890389829484,30.12126472843881,5847700
2024-06-12,29.960542678833008,30.9532408034697,29.865999742688107,30.565616388206468,13676600
2024-06-13,30.140172958374023,30.45216339245757,29.7525485343083,30.055086297493567,11315200
2024-06-14,30.159080505371094,30.244168965554557,29.762001625600412,30.00781253243526,11886600
2024-06-17,29.941631317138672,30.1496243172844,29.658004334825733,29.988901879772037,7878500
2024-06-18,30.196897506713867,30.508887917069355,29.92272318684513,29.988902697639258,11903000
2024-06-19,30.48998260498047,30.48998260498047,29.77145876751106,30.11181263874832,5807400
2024-06-20,30.0929012298584,30.962692982724743,30.007812769004133,30.565615903080154,9764500
2024-06-21,30.707427978515625,30.773607492605137,29.790365648656003,29.86599963665209,17136100
2024-06-24,31.085599899291992,31.340865286457877,30.537251229117928,30.593978072881363,8266000
2024-06-25,30.943784713745117,31.435406542071867,30.839787303030004,31.246320668636493,5896700
2024-06-26,30.66960906982422,30.79251542329339,30.177989065716886,30.60342955792072,10271900
2024-06-27,30.43325424194336,30.811425992598156,30.367074726555735,30.499433757330983,10667900
2024-06-28,29.223108291625977,30.73578797155136,28.353316574040672,30.603428950371995,24176900
2024-07-01,29.497282028198242,29.799817958209484,29.024569186741584,29.289287223873227,34507700
2024-07-02,29.601280212402344,29.743093716573682,29.128567329660182,29.440557760139747,8642800
2024-07-03,30.527799606323242,30.792517673279995,29.85654635813308,29.8754553067033,12432700
2024-07-04,31.003374099731445,31.328919237993595,30.78315292568888,31.21401837565417,13211900
2024-07-05,31.185291290283203,31.367212155318242,30.582076444559316,30.99379352826336,6119800
2024-07-08,31.0129451751709,31.405513962735736,30.6969769571388,30.725700344455486,9729900
2024-07-09,30.620376586914062,31.012945377034132,30.39058035559437,31.012945377034132,15917300
2024-07-10,30.36185646057129,30.95549994654986,30.237384181380243,30.831025841100626,9493100
2024-07-11,30.448030471801758,30.735275318678713,30.208659157318227,30.735275318678713,21254600
2024-07-12,31.137418746948242,31.137418746948242,30.294830758942105,30.438454998124968,5498700
2024-07-15,30.802297592163086,31.357640769689034,30.75442406194925,31.357640769689034,4182400
2024-07-16,30.68739891052246,30.97464373048127,30.59165185470821,30.926770202574144,8137100
2024-07-17,31.099119186401367,31.204443143917178,30.486329236327048,30.486329236327048,5915500
2024-07-18,30.333131790161133,31.108696126321625,30.208657689971275,30.831024538404336,7159700
2024-07-19,30.40015411376953,30.86932345365603,30.275681845361174,30.333130444145183,7248600
2024-07-22,30.783151626586914,31.11826999630989,30.495904961635322,30.495904961635322,5027400
2024-07-23,30.831022262573242,30.955496353574883,30.649097748221006,30.716125068388003,6108600
2024-07-24,30.610801696777344,30.888471459751422,30.48632942225616,30.783151154109497,7943300
2024-07-25,30.696977615356445,30.888471738262023,30.20865810540492,30.457604482950067,8556900
2024-07-26,31.194868087768555,31.357638810830835,30.6682483307647,30.831022706342985,6503500
2024-07-29,30.92677116394043,31.175719360821784,30.850174247411204,31.070395404642454,6230500
2024-07-30,30.68739891052246,31.012944013813392,30.64909862719034,30.783149618852768,4177400
2024-07-31,31.223594665527344,31.348068771045366,30.725701895971625,30.783152326022186,5781500
2024-08-01,31.376789093017578,31.903405199868466,31.30018852710384,31.501263186369393,10023900
2024-08-02,31.348064422607422,32.24809912011987,31.261890615743347,31.367210910785335,12459500
2024-08-05,30.438453674316406,30.668248063995573,29.58629065234257,30.11290857850761,13679800
2024-08-06,30.907621383666992,31.319340315817577,30.63952669390055,30.69697712135745,12296200
2024-08-07,32.123626708984375,32.123626708984375,31.032094200063074,31.118268011426128,9459100
2024-08-08,32.93749237060547,33.01408928736589,31.922556742787584,32.114054513462904,7491700
2024-08-09,33.05238723754883,33.46410613704084,32.86088948039879,33.14813428986589,7221200
2024-08-12,33.569435119628906,33.78965629499169,33.24388997941513,33.41623762144104,9386200
2024-08-13,34.08647155761719,34.23009579819651,33.57900557193162,33.68432952802096,13795400
2024-08-14,33.51198196411133,34.17264543649799,32.966215692897094,34.09604851988843,22404000
2024-08-15,34.651390075683594,34.69926726046347,33.56943436696635,33.56943436696635,10322800
2024-08-16,34.53649139404297,35.38865265052635,34.40244404841856,34.814162982845666,12872500
2024-08-19,34.76628494262695,35.02480635530188,34.201368593266736,34.8237317104331,8093500
2024-08-20,34.900333404541016,35.139704684884215,34.68011226492718,34.823732841623574,7479100
2024-08-21,35.18758010864258,35.27375392031541,34.823734720188845,34.986509098911334,5137900
2024-08-22,34.574790954589844,35.20673103680057,34.48861714099219,35.04395665444227,6235700
2024-08-23,34.804588317871094,35.16843374541679,34.51734346560511,34.804588317871094,4693500
2024-08-26,34.74713897705078,35.024810563192545,34.51734092067093,34.90033646379862,7135500
2024-08-27,34.49818801879883,34.79500972360623,34.488614774618675,34.66096238998866,4342000
2024-08-28,34.81415939331055,34.87160616264579,34.029021890591444,34.421590641951,5749400
2024-08-29,34.04817581176758,34.699266054977485,33.962001995680495,34.56521505577382,7757400
2024-08-30,34.04817581176758,34.239669934168866,33.68433040467587,33.952425098050675,15559500
2024-09-02,33.799224853515625,34.20137051331367,33.4736797584471,34.13434684543332,3523700
2024-09-03,33.89497756958008,34.067325197926664,33.646029371961156,33.7896536130887,6531300
2024-09-04,33.97157669067383,34.670540494315276,33.67475494425771,33.72263212941765,6260900
2024-09-05,34.067325592041016,34.20137293730218,33.579006088571084,33.95242473680326,4105900
2024-09-06,33.502410888671875,34.124774116796694,33.38751002754289,33.75135544941852,3472300
2024-09-09,34.076900482177734,34.13435091257014,33.33963639513232,33.52155727926701,6448000
2024-09-10,33.799224853515625,33.96199922730787,33.50240679647865,33.89497555942752,4800300
2024-09-11,33.13856887817383,33.90455643530459,32.956644322249986,33.713058632892704,6304400
2024-09-12,32.61194610595703,33.04281150913424,32.506622153174675,33.04281150913424,4928600
2024-09-13,33.416236877441406,33.416236877441406,32.50662515422715,32.58322207535745,5984300
2024-09-16,33.78965377807617,33.82795406289935,33.26303764556412,33.44495851969993,6995500
2024-09-17,33.760929107666016,33.80880629331329,33.36836029196699,33.77050600580205,6160000
2024-09-18,33.71305465698242,34.37372181476257,33.36835938379562,33.36835938379562,7930900
2024-09-19,33.23431396484375,33.94285469562351,33.22474071892844,33.89498116101382,6572700
2024-09-20,31.91298484802246,33.2821853828645,31.91298484802246,33.081114358781015,16468100
2024-09-23,31.39594268798828,32.06618310339456,31.012947121322863,31.912985607231672,10884000
2024-09-24,31.309768676757812,31.75021101896969,31.003373686304645,31.568290134799497,8089000
2024-09-25,31.453388214111328,31.520411887732195,31.00337264158783,31.194870417297285,12277000
2024-09-26,31.759780883789062,32.075752738600876,31.290615202573715,31.558709877553913,11265400
2024-09-27,32.65024185180664,33.00451398383926,31.338488231151754,31.338488231151754,23095500
2024-09-30,31.85553741455078,32.90876981810298,31.85553741455078,32.5545012681833,12562100
2024-10-01,31.510839462280273,32.07575590643455,31.16614418753985,32.027882374390906,6750200
2024-10-02,31.070396423339844,32.59279808412802,31.070396423339844,32.04703179559228,13286500
2024-10-03,30.917200088500977,31.041670543159473,30.266109815993378,30.668251874151142,8663800
2024-10-04,31.118268966674805,31.328916879254393,30.6395263671875,30.687399896632996,6065900
2024-10-07,31.003374099731445,31.415093058489944,30.706552350795928,31.29061895054712,3018900
2024-10-08,31.223594665527344,31.348068771045366,30.9363498203073,31.1086974579426,6160600
2024-10-09,31.041667938232422,31.194869074217,30.696976339815468,30.83102368128586,5255200
2024-10-10,30.62995147705078,30.984221806318462,30.515054275199386,30.92677137913467,9591000
2024-10-11,30.783151626586914,30.9842226484207,30.323557327915992,30.69697780972725,3156800
2024-10-14,31.23316764831543,31.367214998123202,30.562929073018402,30.840598844228523,5747200
2024-10-15,31.6927547454834,31.932126015925164,31.33848628793399,31.405509951456423,7046200
2024-10-16,31.807659149169922,31.989580020184324,31.45338699940843,31.49168728357445,8242000
2024-10-17,31.778934478759766,31.951282117838446,31.175721394500794,31.491689631134104,10156300
2024-10-18,31.721485137939453,32.0661803882486,31.194869017752087,32.0661803882486,11641100
2024-10-21,31.357641220092773,31.76936016037468,31.15657019879685,31.76936016037468,6460200
2024-10-22,30.95549964904785,31.338491554609995,30.831025544794898,31.00337318067858,4907500
2024-10-23,30.898048400878906,30.98422221653741,30.467179322586393,30.83102472786854,7670900
2024-10-24,31.223594665527344,31.37679215981246,30.65867822050416,30.783152326022186,4792200
2024-10-25,31.185291290283203,31.281038345035117,31.00337042524816,31.11826762145366,3936300
2024-10-28,31.86510467529297,31.999152012109572,31.309765186693323,31.462962664843154,7939300
2024-10-29,31.5587100982666,32.06617971840594,31.405512618275637,31.941705624502024,6972300
2024-10-30,31.261892318725586,31.63531095130649,31.194868648904194,31.63531095130649,3195000
2024-10-31,31.137418746948242,31.462963856915422,30.907620694758887,31.185292275837156,6802600
2024-11-01,30.342708587646484,31.19487171615091,30.285258156786714,31.19487171615091,7950000
2024-11-04,31.6927547454834,31.74063192158433,30.59164909296071,30.649095860256672,9841300
2024-11-05,31.759780883789062,31.778931025218508,31.14699096811089,31.740634394875627,3804700
2024-11-06,31.86510467529297,32.0183021534428,30.792722328244142,31.003370230393656,8501600
2024-11-07,31.664033889770508,32.30555084507887,31.35763893134491,31.558709937964956,4538100
2024-11-08,31.118268966674805,31.328916879254393,30.658676509468933,30.974644725822145,5564100
2024-11-11,32.171504974365234,32.209805263392276,30.81187758655451,30.974648336144554,10805900
2024-11-12,32.4587516784668,32.832170344353536,31.357642171735186,32.17150317930802,17462200
2024-11-13,32.51620101928711,32.63110188901393,31.960861425674203,32.28640658486683,7915300
2024-11-14,32.698116302490234,32.85131376618865,32.12362307423442,32.12362307423442,6627800
2024-11-18,32.70769500732422,33.02366688350129,32.42045017149177,32.4396003142161,9952300
2024-11-19,32.67897415161133,32.841744898605974,32.41087578521348,32.55450004051649,4604900
2024-11-21,31.778934478759766,32.506625322095616,31.64488712670222,32.41087460454279,14142300
2024-11-22,31.884258270263672,32.12362958408325,31.472539318292696,31.951281945931843,7864800
2024-11-25,31.702333450317383,32.02787854279105,31.47253541047647,31.817230643979876,6335200
2024-11-26,32.38214874267578,32.62152003950367,31.64488471014394,31.922556291068165,5728700
2024-11-27,30.68739891052246,32.49704529403061,30.68739891052246,32.47789515236455,12600100
2024-11-28,29.586292266845703,30.48632886474073,29.212873623852886,30.45760365133433,14859900
2024-11-29,28.992652893066406,29.624592987240028,28.475610001692655,29.519269029458385,25340100
2024-12-02,28.734128952026367,29.174571234940135,28.628805003391356,28.810727689326935,12401700
2024-12-03,28.79157829284668,29.3373445385063,28.724554624258023,28.724554624258023,12176400
2024-12-04,29.413944244384766,29.433094386398835,28.647956826402634,28.82030445201313,11864800
2024-12-05,29.682043075561523,30.179935849324526,29.624594471283704,29.69161814731753,10605100
2024-12-06,29.308622360229492,30.409729967607767,29.117124591008018,30.285255869736385,18551200
2024-12-09,29.078824996948242,29.768213651949893,28.935200762513812,29.33734460116261,7033300
2024-12-10,29.528844833374023,29.672467253566328,29.107550818052857,29.54799497640184,8240800
2024-12-11,30.093761444091797,30.629952668185222,29.04052731278609,29.634168966297434,10262200
2024-12-12,29.442670822143555,29.873539906141595,29.10755062639598,29.7203424154441,12381400
2024-12-13,28.89690399169922,29.490543800462163,28.89690399169922,29.366071526449968,4898200
2024-12-16,27.652172088623047,29.069251588782166,27.63302377236025,29.04052637500081,17574800
2024-12-17,27.97771644592285,28.255388026153653,27.671321478949594,27.747920220692908,11146800
2024-12-18,26.445741653442383,27.977716490764035,26.2829690986947,27.948993103975543,13988000
2024-12-19,27.317052841186523,27.55642413617192,26.417016260689174,26.704261084168433,14659800
2024-12-20,27.804101943969727,28.365409889085083,27.155694331002035,27.358927504617302,12814100
2024-12-23,27.020206451416016,27.71700193990294,26.913750892914617,27.39763711027817,8195800
2024-12-26,26.92342758178711,27.1750486245742,26.691162429801953,27.029883135318393,4578900
2024-12-27,26.691165924072266,27.271829802992364,26.51696657580828,27.194408075528322,5850500
2024-12-30,26.32341194152832,26.952463678310682,26.32341194152832,26.81697427721392,13941600
2025-01-02,26.226634979248047,26.594387715098957,25.858880397517588,26.56535572161677,6061600
2025-01-03,25.85887908935547,26.458898817987063,25.820169151377645,26.129856038718035,6595900
2025-01-06,26.811012268066406,26.811012268066406,26.188179891928378,26.27576592684615,8885500
2025-01-07,27.287870407104492,27.959360866874356,27.034844290132572,27.3462604783482,8694000
2025-01-08,27.17108917236328,27.37545535555559,26.91806304827736,27.093235123120454,8663100
2025-01-09,27.832849502563477,27.891239575414332,27.122431071619392,27.151625179951346,6302600
2025-01-10,26.98618507385254,27.978825592533372,26.830476975571656,27.832849482418414,7471800
2025-01-13,27.56035804748535,27.93989628663922,27.39491796905141,27.51169996519937,7654400
2025-01-14,27.754995346069336,27.910703443860967,27.355993113454907,27.667409309038174,6522400
2025-01-15,29.351003646850586,29.701347787459188,27.97882490438277,28.027482987828673,16103900
2025-01-16,29.321809768676758,29.43859177591508,29.088247610387146,29.351005734533096,12279600
2025-01-17,29.24395179748535,29.61375989069986,28.903341522401966,29.61375989069986,7532300
2025-01-20,29.409393310546875,29.652687436777633,28.825488892542555,28.952001021460323,4292100
2025-01-21,29.58456802368164,29.798668061867737,29.351005864358935,29.351005864358935,5807000
2025-01-22,30.06142234802246,30.28525436010557,29.263417892262552,29.633226012269823,9958100
2025-01-23,30.090620040893555,30.509086268855594,29.98357002271154,30.071156063735547,13909000
2025-01-24,30.15873908996582,30.304715191684444,29.905712980766342,29.944640931190957,5799300
2025-01-27,30.810768127441406,30.820500115274147,30.090617733500544,30.158739792142846,7377900
2025-01-28,30.567472457885742,30.771840479688034,30.509082390022282,30.762108492346325,4713400
2025-01-29,30.392303466796875,30.84969763710596,30.22686337765705,30.84969763710596,3869900
2025-01-30,31.1903076171875,31.316821607877035,30.43123109779812,30.460425206274966,7756800
2025-01-31,31.696361541748047,32.105097643882615,31.112455210939164,31.23896735212401,14859200
2025-02-03,31.14164924621582,31.783945613424066,31.044331221084008,31.647701491951693,7490300
2025-02-04,30.771841049194336,31.238963456934016,30.52854692970926,31.04432927505805,8052500
2025-02-05,30.849699020385742,30.96647917314021,30.080888613972746,30.596672881168317,7522400
2025-02-06,31.238964080810547,31.443333966663477,30.40203355527451,30.81076775841978,8169400
2025-02-07,31.25843048095703,31.62823861811043,31.08326025703843,31.23896650401485,10328400
2025-02-10,30.703720092773438,31.628238578306426,30.586939943641337,31.628238578306426,14660500
2025-02-11,31.45306396484375,31.900724260768968,30.674523512718647,30.703717619556556,11255300
2025-02-12,30.85942840576172,31.336286562555344,30.664794203821256,30.908088348387096,13749500
2025-02-13,30.762109756469727,31.005403881449876,30.411765622518516,30.674523722981924,6320100
2025-02-14,32.15375518798828,32.348391247030996,30.985942546106017,31.131918662294545,11688000
2025-02-17,32.523555755615234,32.8447057717674,32.15375137094581,32.15375137094581,5263900
2025-02-18,32.620880126953125,32.815516189723105,32.26080582387184,32.60141614943871,6240400
2025-02-19,31.998043060302734,32.445703341157454,31.86179894981422,32.270531281279766,7959200
2025-02-20,32.406776428222656,32.55275438691402,31.69635803483035,32.19268012448202,8618600
2025-02-21,32.41651153564453,32.552755655801214,32.02723943887644,32.40677769141971,11963400
2025-02-24,31.764480590820312,32.50409681498394,31.550380571345514,32.50409681498394,8091400
2025-02-25,31.560115814208984,32.105096018676015,31.51145772918266,31.871532013226165,10105900
2025-02-26,31.52118682861328,31.949386872514637,31.336284626621026,31.920189052556218,11152700
2025-02-27,31.18057632446289,31.78394472222563,31.18057632446289,31.560114570029352,11958400
2025-02-28,30.732913970947266,31.365478328315863,30.65505992475093,31.15137830913578,13479100
2025-03-05,31.0832576751709,31.170841851761697,30.217129335057127,30.509083396378244,10101800
2025-03-06,30.606403350830078,31.18057766590467,30.52854930079557,31.083259639314797,10279800
2025-03-07,31.21950340270996,31.77421370184972,30.110080948243606,30.37283718833987,7194400
2025-03-10,31.024866104125977,31.287626061651807,30.723181907877656,30.947012058120382,6403700
2025-03-11,31.07352638244629,31.57957861510425,30.60640210130981,31.10272048990051,7062000
2025-03-12,31.462799072265625,31.58930934855974,31.13191704659052,31.23896520294004,8835100
2025-03-13,32.4846305847168,32.601410717973316,31.24869606126702,31.540648250595062,11654800
2025-03-14,33.02960968017578,33.49673396327026,32.435975122666875,32.60141334876596,10124600
2025-03-17,33.963863372802734,34.13903545030307,32.95175886110613,33.12693093860646,8721200
2025-03-18,34.61589050292969,34.7034765432434,33.81788600779326,33.81788600779326,10512700
2025-03-19,34.85918426513672,35.228992399342026,34.53803792908593,34.61589012386001,11984200
2025-03-20,34.61589050292969,35.13167290012483,34.38233020367582,34.82025669287033,6626800
2025-03-21,34.839717864990234,35.112209808680625,34.35312961628262,34.450449493448374,13364500
2025-03-24,34.2752799987793,35.19006463853619,34.19742409120475,35.16087052938274,6618700
2025-03-25,34.50883865356445,34.73266880862226,34.27527836671015,34.28500849850665,6208300
2025-03-26,34.372596740722656,34.839721056792186,34.08064450722596,34.839721056792186,5115000
2025-03-27,33.98332214355469,34.547766304554436,33.69136993134307,34.46991040136531,10046100
2025-03-28,33.963863372802734,34.51857371409581,33.59405524114937,33.7692273186497,7313800
2025-03-31,32.796051025390625,33.28263930851994,32.65007305550223,33.28263930851994,19678400
2025-04-01,33.214515686035156,33.22424581779624,32.630607546277375,32.990685531792174,12950200
2025-04-02,33.43834686279297,33.65244689182186,32.8836365261035,33.243710810255244,3920300
2025-04-03,33.87627410888672,34.41152042256936,33.19504984039354,33.53566011845333,7359000
2025-04-04,32.13429260253906,33.55512958404954,31.900728579097652,33.55512958404954,7358600
2025-04-07,32.74739074707031,33.52593120547808,31.404406136083328,31.735286294953347,10317700
2025-04-08,32.69873046875,33.47727467564197,32.49436428500911,32.74739226596118,14001200
2025-04-09,33.1171989440918,33.88600935913802,31.676898002699343,32.504100350965565,14262400
2025-04-10,32.67926788330078,32.80577815241609,32.1050936133108,32.80577815241609,8755800
2025-04-11,32.66953659057617,32.932294705398036,32.41651232021471,32.85443879921055,8776800
2025-04-14,33.45780944824219,33.574589589960006,32.7181932218239,32.83497707591549,6055800
2025-04-15,33.37995147705078,33.671903669440724,33.15612133913937,33.44807353152932,4435700
2025-04-16,33.1171989440918,33.45781298598053,32.80578272500014,33.195054855051794,5708900
2025-04-17,33.79841995239258,33.79841995239258,32.922563315489484,33.331295670236166,6110000
2025-04-22,34.01252365112305,34.31420602775523,33.38969120757689,33.38969120757689,5247900
2025-04-23,34.76186752319336,34.98569768401039,34.36286528654146,34.40178952710283,6784300
2025-04-24,35.13166809082031,35.49174604746982,34.62561960758711,35.11220782885816,7774800
2025-04-25,35.618255615234375,35.76423356370909,34.99542329817266,35.13166740348323,8555400
2025-04-28,36.12430953979492,36.30921544507986,35.579333092320034,35.890749265841,7502500
2025-04-29,36.39680480957031,36.45519302721989,35.978338592003205,36.124312848501106,8055700
2025-04-30,37.0877571105957,37.311587260724124,36.18270266612606,36.309216650937344,9105400
2025-05-02,36.7374153137207,37.20453961924473,36.55251310290098,36.64009914221011,8443000
2025-05-05,36.464927673339844,37.05856598165334,36.338413678361384,36.90285416483429,5567500
2025-05-06,36.35787582397461,36.513583920575996,36.182703751251324,36.513583920575996,4624200
2025-05-07,36.78607177734375,36.824999729181,36.406533527865115,36.67902176597823,4657900
2025-05-08,39.0146484375,39.501236717482605,37.19480930982978,37.19480930982978,19387200
2025-05-09,39.71533966064453,39.900241884140705,38.771357140303884,38.82974907463784,14974100
2025-05-12,38.68376922607422,39.94889804319429,38.24583902066272,39.374723709960115,12741200
2025-05-13,39.46230697631836,39.958629078344714,38.459936352925155,38.59618047116806,10157700
2025-05-14,39.31633377075195,39.890508078866304,39.06330579097335,39.39418596365575,8310400
2025-05-15,39.423377990722656,39.74452801447825,38.965987564671245,39.219011818718386,7344300
2025-05-16,38.86866760253906,39.413647772389595,38.489129366118064,39.413647772389595,6980500
2025-05-19,39.41364669799805,39.70559889402702,38.62537242758359,38.68376435173882,6551900
2025-05-20,38.946529388427734,39.67641186486969,38.45020722551762,39.67641186486969,5509300
2025-05-21,38.479400634765625,38.927060944659495,38.12905649228388,38.63510873004931,6493500
2025-05-22,38.557254791259766,39.35525928430503,38.2555724294829,38.53779081431061,6092600
2025-05-23,38.62537384033203,38.63510768423405,37.039098822685254,37.039098822685254,7504500
2025-05-26,38.87840270996094,39.121696839920176,38.54752254472142,38.6351085800017,2309500
2025-05-27,39.94889450073242,40.16299451825366,39.41364816930305,39.8613084674168,9944800
2025-05-28,40.182456970214844,40.19218710138157,39.60828270966481,39.90996503668992,5319300
2025-05-29,39.52070236206055,40.25058481283771,39.07304201655368,39.90024064248481,3989500
2025-05-30,38.489131927490234,39.89050853968641,38.44047384231652,39.89050853968641,12965900
2025-06-02,38.674034118652344,39.4720385181363,38.36261423635203,38.87840028409672,8711000
2025-06-03,39.46230697631836,39.67640699777081,38.29449441479177,38.29449441479177,5752100
2025-06-04,39.3260612487793,39.80291935548934,39.199547267427874,39.51096344277473,8068100
2025-06-05,39.12169647216797,39.66667294223453,38.839474393098484,39.36499059984019,7688900
2025-06-06,38.92706298828125,39.44284538491629,38.66430486762547,39.36499318937422,3675900
2025-06-09,38.732425689697266,38.97571982557775,38.34315729971284,38.664303628640646,7978900
2025-06-10,38.64483642578125,39.5206967267739,38.64483642578125,38.92705849080928,4586000
2025-06-11,39.10223388671875,39.64721408853543,38.44047353893203,38.47940149171335,8325800
2025-06-12,40.1046028137207,40.14353076482599,38.7129601168835,38.92706013558884,6015200
2025-06-13,39.423377990722656,39.939164055023426,39.423377990722656,39.90023610443966,6730800
2025-06-16,40.28950881958008,40.63011911161417,39.588820547539946,39.68613671315718,4994100
2025-06-17,40.591190338134766,40.70797418935819,40.31870211002747,40.591190338134766,4150000
2025-06-18,40.67877960205078,40.98046567311792,40.1532633669173,40.571729586111665,6693300
2025-06-20,40.6982421875,40.6982421875,40.13380173053593,40.21165392250132,6190600
2025-06-23,40.43548583984375,40.72743806908244,39.67640930134836,40.707977804524,8456300
2025-06-24,41.31134796142578,41.56437224734339,40.41602354709404,40.57173165666815,8191600
2025-06-25,41.01939392089844,41.12644022523155,40.59119385407,40.873415950411655,12470200
2025-06-26,41.02912139892578,41.252951550118034,40.65931328669026,41.252951550118034,5527300
2025-06-27,40.57172775268555,41.06804985645204,40.37709541872688,40.68851160790931,4379300
2025-06-30,41.11670684814453,41.42812302905774,40.23111638760252,40.45494653561053,8334500
2025-07-01,41.72007751464844,41.72007751464844,40.912342911378325,41.14590320364061,4238200
2025-07-02,40.425750732421875,41.97310144056797,40.182456619269175,41.97310144056797,10367900
2025-07-03,41.165367126464844,41.54490538517737,40.33816854785415,40.386826632647626,5225300
2025-07-04,41.301612854003906,41.574104821710634,40.69824441189267,40.97073266722534,2710000
2025-07-07,40.863685607910156,41.15563783500763,40.63012159880779,41.15563783500763,4649100
2025-07-08,39.90023422241211,40.5522606582537,39.48176805430912,40.38682244463664,13216400
2025-07-09,40.055946350097656,40.07541032643704,39.55962794675203,39.579088210717515,21627200
2025-07-10,39.70560073852539,39.861308831132405,38.82974410975112,39.481770587426176,14172500
2025-07-11,39.734798431396484,39.948894737814584,39.13142632614197,39.598550602472926,7406300
2025-07-14,39.51096725463867,39.88077539068082,39.3260650428046,39.76399524175267,4004400
2025-07-15,39.1508903503418,40.04621466536875,39.053574184792105,39.80292053912076,7307500
2025-07-16,39.94889450073242,40.07540848493804,39.043840060595564,39.24820994658117,16498800
2025-07-17,40.591190338134766,40.79555650921524,39.30659767366655,39.608283720766536,6837400
2025-07-18,39.24821090698242,40.970730083716724,38.82001086146192,40.24084769235093,13833800
2025-07-21,38.732425689697266,39.510966182040015,38.32369332335754,39.024377910279064,7863800
2025-07-22,38.61564636230469,39.46230893364702,38.27503604980316,38.927062565841496,6280800
2025-07-23,39.306602478027344,39.306602478027344,38.33342587312496,38.63511195709939,6641600
2025-07-24,38.401546478271484,39.073040686040216,38.37235236919423,38.751890636694476,4727100
2025-07-25,38.30422592163086,38.71295825141953,37.9636119344334,38.401542082330955,4980000
2025-07-28,37.45756530761719,38.401543992970446,37.06829322070175,38.30422782742846,9459000
2025-07-29,37.681396484375,37.934420749098585,37.40890453116439,37.75924867645385,8888000
2025-07-30,38.07066345214844,38.44047155978315,37.15587888312966,37.55488109766031,17070700
2025-07-31,38.08039855957031,38.44047283527147,37.194808068062805,38.26530076333602,5961700
2025-08-01,38.022003173828125,39.00491345612371,37.8662950920868,38.87839947959216,4618300
2025-08-04,38.11932373046875,38.5961818740251,37.8760295926566,38.50859583591777,3932900
2025-08-05,38.15825271606445,38.71296306829691,37.83710637589652,37.97335050277831,4681300
2025-08-06,38.751888275146484,39.267670636740675,38.17771398658221,38.53778825529662,13498200
2025-08-07,39.209285736083984,39.70560416396995,38.71296359582394,39.219015868547835,5940600
2025-08-08,39.66667556762695,40.23111976312442,39.19955125706389,39.51096746410593,11263900
2025-08-11,39.53234100341797,40.25344521396095,39.394047561425296,39.72002442209178,5105400
2025-08-12,44.71836471557617,44.93568512038715,41.50796745787749,41.764797580479474,40024200
2025-08-13,43.76018524169922,44.58994964154937,43.523111852149796,44.451656202943276,15450400
2025-08-14,43.96762466430664,44.75787933149162,43.28603397048379,43.453964406135334,7705600
2025-08-15,43.90835952758789,44.4417803135774,43.47371869387187,44.4417803135774,7071800
2025-08-18,44.52080154418945,45.08385553720805,43.681160682519895,43.681160682519895,8717900
2025-08-19,42.969932556152344,44.15531075961992,42.614318718290725,44.10592078618657,7315500
2025-08-20,42.495784759521484,42.910665084881224,42.209317619698616,42.78225189934436,5873700
2025-08-21,42.09077835083008,42.525415393923154,41.99199463543612,42.525415393923154,7563000
2025-08-22,42.772369384765625,42.960056561463766,42.001875239370875,42.229072134340775,19733400
2025-08-25,42.72298049926758,43.19713104453047,42.466150366996935,42.950177400026035,4902900
2025-08-26,42.52541732788086,42.72298099944007,42.150046728739724,42.72298099944007,4472800
2025-08-27,43.49347686767578,43.49347686767578,42.298222072093864,42.476029006601856,5632600
2025-08-28,43.95774841308594,44.86653600973757,43.56262107736829,43.760184745227114,8611700
2025-08-29,44.31336212158203,44.77763617435137,43.82933132526787,44.14543168555786,10425500
2025-09-01,43.87872314453125,44.89617475468495,43.602136259704146,44.41214393802383,2485800
2025-09-02,43.95774841308594,43.98738164439002,43.11810753495286,43.34530443411577,7235200
2025-09-03,43.76018524169922,43.98738214343974,43.355181413689834,43.7799419855306,7430000
2025-09-04,44.84678268432617,45.162883043147794,43.68116119809138,43.91823458310084,6909800
2025-09-05,45.706180572509766,46.24947783196795,45.10361308233825,45.43947018662007,6882000
2025-09-08,44.91592788696289,45.92349915979414,44.77763445567077,45.92349915979414,8082400
2025-09-09,45.00483322143555,45.07397993996401,44.481288936302626,44.79738929763661,5057000
2025-09-10,45.05422592163086,46.012407319503886,44.906052219699276,44.93568922101385,15471400
2025-09-11,45.80495834350586,46.51618600538322,45.291294339729255,45.350564567623486,7180900
2025-09-12,44.99495315551758,45.73581408706248,44.99495315551758,45.26166354305937,6734700
2025-09-15,45.31105422973633,46.02228194101666,45.172760789923736,45.241907509830035,6509400
2025-09-16,45.47898483276367,45.65679176122143,45.24190767208212,45.65679176122143,6169000
2025-09-17,46.130943298339844,46.723630560365244,45.39008233670124,45.39008233670124,8736400
2025-09-18,46.18033218383789,46.40752908785082,45.91362179176699,46.17045569593021,5922200
2025-09-19,46.91131591796875,47.31631974379488,46.24947819193274,46.41740862948744,9928000
2025-09-22,46.57545852661133,47.079242299771416,46.22972116585788,46.98046234996389,4744300
2025-09-23,47.2274169921875,47.316320456181195,46.496432536215615,46.57545951230495,4461500
2025-09-24,47.247169494628906,47.36570617990774,46.81252870158436,47.19777575490055,7463600
2025-09-25,46.77301788330078,47.4348555976122,46.73350816476451,47.31631890557638,5263200
2025-09-26,47.454612731933594,47.553392681408305,46.871801986320335,47.059485397607695,3814800
2025-09-29,48.25474166870117,48.501695318527105,47.14839037258083,47.56327446375949,6690500
2025-09-30,47.671932220458984,48.8968240154251,47.592909009804195,48.60048038109558,7678700
2025-10-01,47.2372932434082,48.51157496486178,46.96070636490861,48.29425454991861,6326700
2025-10-02,46.664363861083984,47.444734539587586,46.24947976517575,47.217537631343376,4768900
2025-10-03,47.217533111572266,47.34595005375313,46.48655247992531,46.56557568173507,4618000
2025-10-06,47.04960632324219,47.39533989560939,46.30874543827249,47.32619318113595,4015200
2025-10-07,45.47898483276367,46.96070672443589,45.113490719704046,46.743386307828935,16249000
2025-10-08,46.86192321777344,47.05948689120677,45.57776499277726,45.57776499277726,9710500
2025-10-09,46.8322868347168,47.68180793557405,46.74338337606398,47.26692387245645,6340900
2025-10-10,46.565574645996094,47.43485245584847,46.1013006279704,47.07923863508099,8014700
2025-10-13,46.7335090637207,47.1582696339176,46.654482088701016,47.1582696339176,3143100
2025-10-14,45.834598541259766,46.68411592443485,45.43947119747454,46.654482692525725,10120900
2025-10-15,46.85204315185547,47.770710960183095,45.281417908735335,45.4691013116467,24915000
2025-10-16,45.21227264404297,46.88167788578716,45.083855696766186,46.43716058230099,13862700
2025-10-17,45.814842224121094,45.874108688491546,44.570193717350364,44.98507780901183,7795300
2025-10-20,46.111183166503906,46.41740703137618,45.656789381116745,46.111183166503906,5951900
2025-10-21,46.308746337890625,46.723626632790946,45.5777619258395,45.83459581448452,5120200
2025-10-22,46.723628997802734,47.04960961876464,46.4174088888897,46.77301897328417,6351400
2025-10-23,46.70387268066406,47.11875676856845,46.387772312838635,46.82241314475882,6050900
2025-10-24,47.069366455078125,47.54351700341591,46.85204604067655,47.069366455078125,4187800
2025-10-27,47.17802429199219,47.82010529817851,47.09900108236783,47.810228810055605,5240600
2025-10-28,47.36570739746094,47.52375757129989,46.950823336000326,47.178020225380486,4268400
2025-10-29,48.95608901977539,48.97584576238199,47.563270695823974,47.563270695823974,11214000
2025-10-30,48.521453857421875,49.489511748360634,48.234990476870394,48.4819441358307,12866200
2025-10-31,48.22510528564453,49.11413987421608,48.175715312549094,48.896819470740056,7662800
2025-11-03,47.90900421142578,48.79803878655201,47.67192706865434,48.79803878655201,5588700
2025-11-04,48.44242477416992,48.501691233479704,47.583023432044804,47.800343831416214,6048900
2025-11-05,49.77597427368164,49.934024450007186,48.373279429819085,48.44242614644818,9600800
2025-11-06,49.60804748535156,50.34890839155711,49.42036031078956,49.63768071577149,5821100
2025-11-07,49.973541259765625,49.973541259765625,49.29195053557071,49.39073048926376,6100800
2025-11-10,50.58598327636719,51.42562792264246,50.1711029652911,50.30939640231646,10668100
2025-11-11,51.7614860534668,53.0258875235757,50.783547950782584,51.978802701008256,18905300
2025-11-12,53.0160026550293,53.14441959573159,51.49477118173317,51.81087152175938,14058900
2025-11-13,53.34198760986328,54.03345857326349,52.75917685376771,52.89747029280503,17188900
2025-11-14,52.739418029785156,53.48027893959082,52.35417095960036,53.262958533552855,10473800
2025-11-17,52.334415435791016,52.98637290088098,51.998558331459,52.95673966962666,14274000
2025-11-18,51.75160598754883,52.275146516649755,51.57379905913462,51.68245926741149,6671900
2025-11-19,51.484893798828125,51.62318723427831,50.96135328799141,51.42562733690004,7483600
2025-11-21,50.58598327636719,51.247820998405984,49.98341578514506,50.97123035614171,7939700
2025-11-24,50.566226959228516,51.04037750512018,50.23036985152855,50.67488716586873,9202500
2025-11-25,51.13916015625,51.316967078273656,49.94390544459038,50.674886107831185,5878200
2025-11-26,52.02819061279297,52.2356345324264,51.020623086406424,51.41574664603301,7409000
2025-11-27,52.01831817626953,52.43320227963243,51.80099775221212,51.919538220723666,2457800
2025-11-28,53.34198760986328,53.61857448793792,52.364049512335136,52.364049512335136,6504800
2025-12-01,53.0160026550293,53.5988133634926,52.76904902887049,53.3913732218904,3445200
2025-12-02,54.507606506347656,54.507606506347656,53.22344836063627,53.34198505009227,5700500
2025-12-03,55.396644592285156,55.45591105664504,54.39894973580559,54.71505010643718,8799600
2025-12-04,56.226402282714844,56.61165312186637,55.52505485776537,55.969572158160624,10489900
2025-12-05,51.7812385559082,56.28567440431567,51.56392191035328,56.17701419743142,15402400
2025-12-08,52.29490280151367,52.59125019174419,51.030501337860905,52.53197996005537,10922400
2025-12-09,51.56392288208008,52.047949925959635,50.59586502610732,51.889899740662315,15113500
2025-12-10,52.778934478759766,52.92710817632401,51.573799458663956,51.64294617933697,10755900
2025-12-11,54.11248016357422,54.55699746734892,52.551735124803976,52.77893202046361,9599300
2025-12-12,54.616268157958984,55.31761559415651,54.02357715852205,54.10260413239905,7252300
2025-12-15,55.77200698852539,56.30542773459273,55.01138935466195,55.12004955495864,6660700
2025-12-16,52.85795593261719,54.92248853269013,52.85795593261719,54.92248853269013,10155500
2025-12-17,51.11940383911133,52.54185545894712,50.36866642625137,52.36404853544096,14692300
2025-12-18,52.117095947265625,52.39368659398519,50.813180994003815,51.11940487250227,9506600
2025-12-19,52.11213302612305,53.06941967736263,51.72323710713692,52.092192961886134,7955000
2025-12-22,51.41411590576172,52.22182163213309,51.0351900244581,51.872813454553345,4724200
2025-12-23,52.7104377746582,53.049475925990514,51.563690079412595,51.563690079412595,3988600
2025-12-26,52.301597595214844,52.70046354421234,51.88278397427801,52.301597595214844,2571800
2025-12-29,52.291622161865234,52.48108700046245,51.623519720653775,52.25173823091656,4830000
2025-12-30,52.58000183105469,53.16999816894531,52.529998779296875,52.54999923706055,4172300
2026-01-02,52.189998626708984,53.41999816894531,52.119998931884766,53.16999816894531,3901500
2026-01-05,53.599998474121094,54.2599983215332,52.0,52.22999954223633,5441900
2026-01-06,54.310001373291016,54.970001220703125,53.97999954223633,53.97999954223633,4560900
2026-01-07,53.25,54.25,52.529998779296875,53.90999984741211,4471400
2026-01-08,54.400001525878906,54.4900016784668,53.0,53.06999969482422,6647300
2026-01-09,54.720001220703125,55.689998626708984,54.290000915527344,54.400001525878906,5274500
2026-01-12,54.06999969482422,54.560001373291016,53.7599983215332,54.400001525878906,4598600
2026-01-13,53.38999938964844,54.310001373291016,52.77000045776367,53.689998626708984,7179100
2026-01-14,54.5,54.68000030517578,53.25,53.7400016784668,7456700
2026-01-15,55.08000183105469,55.220001220703125,54.2599983215332,54.849998474121094,7038100
2026-01-16,54.400001525878906,55.27000045776367,54.0,55.08000183105469,5636300
2026-01-19,54.81999969482422,54.91999816894531,54.25,54.25,2129900
2026-01-20,55.099998474121094,55.36000061035156,54.08000183105469,54.970001220703125,5683800
2026-01-21,57.72999954223633,57.9900016784668,55.470001220703125,55.849998474121094,11414100
2026-01-22,58.310001373291016,60.13999938964844,57.63999938964844,57.9900016784668,16209600
2026-01-23,59.09000015258789,60.2599983215332,58.31999969482422,58.34000015258789,11815900
2026-01-26,60.22999954223633,60.630001068115234,58.88999938964844,59.47999954223633,11168400
2026-01-27,61.70000076293945,62.13999938964844,60.68000030517578,61.08000183105469,11595100
2026-01-28,62.220001220703125,62.790000915527344,61.06999969482422,62.09000015258789,7986400
2026-01-29,60.970001220703125,62.75,59.869998931884766,62.75,20184000
2026-01-30,59.95000076293945,61.130001068115234,59.36000061035156,61.0,7466500
2026-02-02,61.119998931884766,61.4900016784668,60.220001220703125,60.83000183105469,11794800
2026-02-03,61.220001220703125,62.9900016784668,60.959999084472656,62.13999938964844,11319800
2026-02-04,58.20000076293945,60.93000030517578,57.61000061035156,60.75,14129300
2026-02-05,58.97999954223633,59.470001220703125,58.08000183105469,58.599998474121094,15395500
2026-02-06,60.27000045776367,60.7400016784668,59.02000045776367,59.04999923706055,8950000
2026-02-09,60.20000076293945,60.27000045776367,58.540000915527344,59.86000061035156,19528000
2026-02-10,58.939998626708984,61.119998931884766,58.130001068115234,60.18000030517578,11375400
2026-02-11,59.209999084472656,60.08000183105469,58.70000076293945,59.189998626708984,15363700
2026-02-12,58.5,59.459999084472656,58.2599983215332,58.88999938964844,10400400
2026-02-13,59.59000015258789,59.59000015258789,57.36000061035156,58.130001068115234,13019500
2026-02-18,60.31999969482422,61.150001525878906,59.599998474121094,60.20000076293945,7790400
2026-02-19,61.849998474121094,61.849998474121094,60.38999938964844,60.38999938964844,7157700
2026-02-20,62.18000030517578,62.41999816894531,60.869998931884766,60.9900016784668,5465400
2026-02-23,60.61000061035156,62.34000015258789,60.369998931884766,62.189998626708984,6658000
2026-02-24,61.150001525878906,61.2599983215332,60.029998779296875,60.9900016784668,8188300
2026-02-25,61.79999923706055,61.84000015258789,60.5,61.5,8997900
2026-02-26,62.040000915527344,62.63999938964844,61.25,61.95000076293945,11718500
2026-02-27,61.2599983215332,62.25,60.79999923706055,61.88999938964844,10421600
2026-03-02,61.09000015258789,61.689998626708984,59.27000045776367,60.56999969482422,7548900
2026-03-03,57.5099983215332,59.0,55.90999984741211,58.470001220703125,21363700
2026-03-04,59.88999938964844,60.68000030517578,58.56999969482422,58.56999969482422,12691800
2026-03-05,57.150001525878906,59.959999084472656,57.0,59.5,12883000
2026-03-06,56.0,57.369998931884766,55.529998779296875,57.09000015258789,9962200
2026-03-09,56.70000076293945,57.11000061035156,54.90999984741211,55.20000076293945,12474600
2026-03-10,57.91999816894531,59.91999816894531,56.75,57.29999923706055,10675500
2026-03-11,58.220001220703125,59.04999923706055,57.33000183105469,57.72999954223633,4985700
2026-03-12,56.099998474121094,57.5,55.63999938964844,57.0,11722700
2026-03-13,55.11000061035156,56.849998474121094,54.7400016784668,56.5,7846700
2026-03-16,55.900001525878906,56.72999954223633,55.41999816894531,56.2400016784668,4283300
2026-03-17,56.099998474121094,57.29999923706055,55.54999923706055,55.72999954223633,7097900
2026-03-18,55.41999816894531,56.779998779296875,55.400001525878906,55.65999984741211,10772900
2026-03-19,55.11000061035156,55.599998474121094,53.5,54.060001373291016,11706900
2026-03-20,52.7400016784668,54.58000183105469,51.81999969482422,54.41999816894531,18114700
2026-03-23,55.22999954223633,56.45000076293945,54.20000076293945,54.20000076293945,12812700
2026-03-24,55.630001068115234,55.7400016784668,53.91999816894531,54.849998474121094,6165400
2026-03-25,56.68000030517578,57.88999938964844,56.290000915527344,56.77000045776367,10106000
2026-03-26,55.20000076293945,56.5,54.79999923706055,55.540000915527344,5861800
2026-03-27,53.529998779296875,54.779998779296875,53.130001068115234,54.77000045776367,14128200
2026-03-30,53.400001525878906,54.599998474121094,52.86000061035156,54.439998626708984,10362400
2026-03-31,56.290000915527344,56.599998474121094,54.43000030517578,54.540000915527344,12745600
2026-04-01,57.599998474121094,58.7599983215332,56.630001068115234,56.65999984741211,9892000
2026-04-02,57.27000045776367,57.7599983215332,55.349998474121094,55.529998779296875,6127500
2026-04-06,57.709999084472656,58.209999084472656,57.099998474121094,57.5,4491900
2026-04-07,58.209999084472656,58.38999938964844,56.58000183105469,57.59000015258789,4506400
2026-04-08,62.119998931884766,62.619998931884766,61.08000183105469,61.54999923706055,18658200
2026-04-09,63.04999923706055,63.599998474121094,61.880001068115234,62.040000915527344,11089100
2026-04-10,62.779998779296875,63.68000030517578,62.25,63.029998779296875,7803800
2026-04-13,63.79999923706055,63.86000061035156,62.27000045776367,62.630001068115234,10530300
2026-04-14,63.25,64.30000305175781,62.810001373291016,63.91999816894531,8523900
2026-04-15,64.33000183105469,64.33000183105469,62.720001220703125,63.29999923706055,7588000
2026-04-16,64.33999633789062,64.5999984741211,63.38999938964844,64.33000183105469,5036900
2026-04-17,63.599998474121094,65.5,63.599998474121094,65.0,8357200
2026-04-20,64.12999725341797,64.4000015258789,63.2400016784668,63.4900016784668,4243100
2026-04-22,62.029998779296875,63.779998779296875,61.61000061035156,63.70000076293945,6396500
2026-04-23,60.959999084472656,62.189998626708984,60.5,62.189998626708984,5330800
2026-04-24,60.880001068115234,61.2400016784668,60.150001525878906,61.2400016784668,4296900
2026-04-27,60.5099983215332,61.38999938964844,60.400001525878906,60.880001068115234,2601900
2026-04-28,60.18000030517578,60.279998779296875,58.9900016784668,59.959999084472656,7849400
2026-04-29,58.56999969482422,59.90999984741211,58.11000061035156,59.900001525878906,6087700
2026-04-30,59.34000015258789,59.689998626708984,58.849998474121094,59.2599983215332,9514200
2026-05-04,58.11000061035156,59.7400016784668,57.779998779296875,59.65999984741211,6426000
2026-05-05,57.939998626708984,58.66999816894531,57.83000183105469,58.18000030517578,6316300
2026-05-06,59.02000045776367,59.56999969482422,58.18000030517578,59.029998779296875,7356200
2026-05-07,57.20000076293945,58.599998474121094,57.0,58.099998474121094,7742800
2026-05-08,58.650001525878906,59.18000030517578,58.060001373291016,58.27000045776367,9091400
2026-05-11,56.959999084472656,60.77000045776367,56.560001373291016,59.560001373291016,12253600
2026-05-12,57.0,57.369998931884766,56.43000030517578,56.61000061035156,17384700
2026-05-13,54.93000030517578,57.099998474121094,54.52000045776367,56.7599983215332,18127600
2026-05-14,55.38999938964844,56.15999984741211,55.20000076293945,55.40999984741211,13168800
2026-05-15,54.5,54.84000015258789,53.95000076293945,54.59000015258789,8815400
2026-05-18,54.18000030517578,55.02000045776367,53.36000061035156,55.02000045776367,8557600
2026-05-19,53.06999969482422,53.65999984741211,52.560001373291016,53.189998626708984,10589600
2026-05-20,54.20000076293945,55.099998474121094,52.95000076293945,53.52000045776367,16101300
2026-05-21,54.369998931884766,54.630001068115234,53.20000076293945,53.709999084472656,12222800
2026-05-22,53.93000030517578,54.470001220703125,53.27000045776367,54.470001220703125,8871900
2026-05-25,55.900001525878906,55.900001525878906,54.470001220703125,54.79999923706055,5612600
2026-05-26,55.5,55.68000030517578,54.400001525878906,55.59000015258789,9069500
2026-05-27,54.9900016784668,56.47999954223633,54.709999084472656,56.36000061035156,7089600
2026-05-28,54.29999923706055,55.5,54.29999923706055,54.9900016784668,11597400
2026-05-29,53.75,54.4900016784668,53.209999084472656,54.4900016784668,14559100
2026-06-01,52.75,53.84000015258789,52.41999816894531,53.70000076293945,12828100
2026-06-02,53.25,53.810001373291016,52.84000015258789,53.099998474121094,8932700
2026-06-03,50.709999084472656,52.84000015258789,50.70000076293945,52.650001525878906,14867300
2026-06-05,50.650001525878906,51.0099983215332,50.290000915527344,50.97999954223633,9846200
2026-06-08,50.5,50.900001525878906,50.31999969482422,50.900001525878906,5479800
2026-06-09,50.849998474121094,51.59000015258789,50.310001373291016,51.209999084472656,16494900
2026-06-10,49.20000076293945,50.56999969482422,48.72999954223633,50.56999969482422,14645300
2026-06-11,50.47999954223633,50.88999938964844,48.869998931884766,49.380001068115234,11346000
2026-06-12,50.38999938964844,51.439998626708984,49.900001525878906,50.31999969482422,7441800
2026-06-15,50.880001068115234,52.08000183105469,50.790000915527344,51.63999938964844,10725400
2026-06-16,50.70000076293945,51.04999923706055,50.25,50.599998474121094,38493700
2026-06-17,50.38999938964844,51.869998931884766,50.279998779296875,50.95000076293945,12655300
2026-06-18,50.849998474121094,51.560001373291016,50.20000076293945,50.790000915527344,10210500
2026-06-19,50.63999938964844,51.119998931884766,50.63999938964844,50.93000030517578,6356200
2026-06-22,52.209999084472656,52.599998474121094,51.34000015258789,51.70000076293945,9634100
2026-06-23,52.79999923706055,53.02000045776367,51.599998474121094,52.0,11615900
2026-06-24,53.65999984741211,53.86000061035156,52.13999938964844,52.279998779296875,15130900
2026-06-25,54.29999923706055,54.9900016784668,53.779998779296875,53.779998779296875,8896800
2026-06-26,54.65999984741211,55.099998474121094,53.81999969482422,54.34000015258789,8257900
