Date,Close,High,Low,Open,Volume
2016-01-04,2.5641186237335205,2.6653943044988266,2.5641186237335205,2.6653943044988266,732000
2016-01-05,2.4950673580169678,2.600946607436818,2.4950673580169678,2.5779292934070956,836200
2016-01-06,2.421412229537964,2.5364983571127486,2.3615673905168277,2.499670611900948,1299900
2016-01-07,2.3477566242218018,2.4076014547189595,2.2925153435364267,2.3937910247929475,1263700
2016-01-08,2.3477566242218018,2.3937910247929475,2.2925153435364267,2.379980814376272,1369100
2016-01-11,2.3523595333099365,2.3799801661294575,2.329342229539031,2.3523595333099365,694300
2016-01-12,2.3661701679229736,2.4168081136720443,2.347756409379551,2.3707737173134875,1560000
2016-01-13,2.26489520072937,2.402998432780316,2.26489520072937,2.3707744550564547,1165800
2016-01-14,2.320136308670044,2.356963834282367,2.218860613236155,2.2925156644608014,904300
2016-01-15,2.191239833831787,2.3109292846872376,2.1313949986493848,2.287911972844974,1433500
2016-01-18,2.1866366863250732,2.2004471198754705,2.1636193702442093,2.1866366863250732,450100
2016-01-19,2.168222188949585,2.2326703448955607,2.168222188949585,2.2142565860538532,701800
2016-01-20,2.0209121704101562,2.145205169057037,1.9702744365420806,2.145205169057037,1433500
2016-01-21,1.947257161140442,2.034722638769605,1.947257161140442,2.011705326942695,754700
2016-01-22,1.947257161140442,2.0163088771118187,1.9288433994826553,1.9656709227982285,1033800
2016-01-26,1.9058253765106201,1.9840839441092648,1.8966184991172075,1.9840839441092648,1086300
2016-01-27,1.915032982826233,1.9426536255197626,1.8874123401327032,1.8920158903363027,1360600
2016-01-28,1.9012229442596436,1.956464234674073,1.8920160625239053,1.9150331571085633,671000
2016-01-29,2.048532485961914,2.048532485961914,1.9104292980877968,1.9242395071205511,1881400
2016-02-01,2.1406006813049316,2.149807556986511,2.0209110779351667,2.0715490039384696,736400
2016-02-02,2.0439295768737793,2.1313950569539126,2.0255158146999994,2.1037744136932433,546900
2016-02-03,2.0209121704101562,2.1221880771650072,1.9978950785181262,2.117584527080991,1154400
2016-02-04,2.200446367263794,2.209653246645261,2.039325648824143,2.04853252820561,1079100
2016-02-05,2.1590161323547363,2.2925160445901347,2.126791932346073,2.2142574299329554,1284300
2016-02-10,2.071549892425537,2.1544118090992015,1.9932913058124138,2.1544118090992015,729400
2016-02-11,2.0071020126342773,2.0669466287549456,2.0024984624276496,2.062343298057674,981600
2016-02-12,2.062342882156372,2.062342882156372,2.0024980585949232,2.0439291240619744,715800
2016-02-15,2.071549892425537,2.117584290577573,2.0439292535343156,2.103774080886625,379000
2016-02-16,2.26489520072937,2.301722729276289,2.0853608893084474,2.094567771445177,1265500
2016-02-17,2.2464799880981445,2.3707729265641477,2.1636178827813133,2.2879108212473165,1696000
2016-02-18,2.2787041664123535,2.283307714714611,2.2004458208573623,2.241876658031354,1030900
2016-02-19,2.4029972553253174,2.4029972553253174,2.2326699095005558,2.269497420002204,972100
2016-02-22,2.5134806632995605,2.5687219434907007,2.416808313210398,2.416808313210398,1296600
2016-02-23,2.4306185245513916,2.554911503564801,2.4029976674290205,2.52729064644243,1463700
2016-02-24,2.5318942070007324,2.5318942070007324,2.3201357648544714,2.4029976780602325,1358900
2016-02-25,2.5687220096588135,2.5779288899278314,2.476653206968632,2.508877178155525,899300
2016-02-26,2.4904630184173584,2.6055491130874295,2.462842382037658,2.5687215979144957,846100
2016-02-29,2.5779290199279785,2.5779290199279785,2.490463543206915,2.5411014969947625,1142900
2016-03-01,2.720634937286377,2.720634937286377,2.582531769117361,2.6101524027511642,1438800
2016-03-02,2.863342761993408,2.863342761993408,2.656187819835759,2.720635989916681,1628400
2016-03-03,3.0336689949035645,3.0336689949035645,3.0336689949035645,3.0336689949035645,2089300
2016-03-04,3.1487560272216797,3.3006696566912637,2.960014658311873,3.033669917682985,2059400
2016-03-07,3.010653018951416,3.1901873128771343,2.9600150623792625,3.153359787918973,1782000
2016-03-08,3.001446485519409,3.0935153085837452,2.863343031413516,3.0060500364273204,3069500
2016-03-09,3.1487560272216797,3.2546352567776524,3.0152561577175403,3.033669917682985,2862500
2016-03-10,3.3743250370025635,3.4111525606491324,3.1993940801720036,3.213204511294145,3627900
2016-03-11,3.3820369243621826,3.4198250111898414,3.3300784175915332,3.400930967776012,2195200
2016-03-14,3.35369610786438,3.4623369781652653,3.3111846196490986,3.433995910943484,1480800
2016-03-15,3.0986273288726807,3.268674015128122,3.032498149586898,3.268674015128122,2262400
2016-03-16,3.3017385005950928,3.334803202939949,3.023051131703635,3.0466685831772256,2099200
2016-03-17,3.63710618019104,3.6607238434686002,3.415101091367838,3.6607238434686002,2175500
2016-03-18,3.4954023361206055,3.6890664450373802,3.4765082877011557,3.6276606750567555,2106400
2016-03-21,3.726853370666504,3.7504710363860845,3.542636343851934,3.542636343851934,1041500
2016-03-22,3.63710618019104,3.811876167693851,3.63710618019104,3.7315766080665513,919500
2016-03-23,3.632382392883301,3.6654470728767494,3.5568062388807964,3.6087647321401657,971100
2016-03-24,3.5520834922790527,3.613489245160861,3.4623366746598174,3.608765621753909,1256000
2016-03-28,3.7551958560943604,3.811878004999332,3.585149409379446,3.585149409379446,972200
2016-03-29,3.821323871612549,3.8496647105699235,3.7268534324040203,3.764641517993529,1181100
2016-03-30,3.896899938583374,3.991370150030889,3.840217811714865,3.840217811714865,1220400
2016-03-31,3.788259506225586,3.788259506225586,3.788259506225586,3.788259506225586,2900
2016-04-01,4.0480546951293945,4.0480546951293945,4.0480546951293945,4.0480546951293945,14600
2016-04-04,3.8354928493499756,3.8354928493499756,3.8354928493499756,3.8354928493499756,4700
2016-04-05,3.8260481357574463,3.8260481357574463,3.8260481357574463,3.8260481357574463,16200
2016-04-06,3.8354928493499756,3.8354928493499756,3.8354928493499756,3.8354928493499756,7100
2016-04-07,3.741023063659668,3.741023063659668,3.741023063659668,3.741023063659668,3700
2016-04-08,3.9535820484161377,3.9677524674548303,3.7788120453739333,3.8307705488288053,1188500
2016-04-11,4.1094584465026855,4.1094584465026855,4.1094584465026855,4.1094584465026855,12100
2016-04-12,4.251163482666016,4.251163482666016,4.251163482666016,4.251163482666016,13500
2016-04-13,4.24171781539917,4.24171781539917,4.24171781539917,4.24171781539917,34700
2016-04-14,4.251163482666016,4.340910069093499,4.128351985054097,4.317292854565393,1304100
2016-04-15,4.336188793182373,4.340911967872285,4.270059392357022,4.288953442525738,1717900
2016-04-18,4.1566948890686035,4.458999677057084,4.114183165640307,4.440105627807804,833100
2016-04-19,4.1755876541137695,4.1755876541137695,4.1755876541137695,4.1755876541137695,2500
2016-04-20,4.227546215057373,4.232269838594811,4.029158531180308,4.057499821935404,633400
2016-04-22,4.1992058753967285,4.232270343161638,4.118906067565156,4.161417783531235,484500
2016-04-25,4.071671009063721,4.203929339738912,4.062224210678874,4.203929339738912,942300
2016-04-26,4.137799263000488,4.185034142888743,4.090563932642738,4.090563932642738,679600
2016-04-27,4.18031120300293,4.251163752015378,4.137799493407653,4.15669353650894,889000
2016-04-28,4.12362813949585,4.189757507827626,4.1141813442881485,4.137799008011602,840800
2016-04-29,4.019711017608643,4.161416545170076,4.019711017608643,4.137798882164929,984200
2016-05-02,3.963028907775879,4.090563567609695,3.892175918562021,4.057499109591568,713200
2016-05-03,3.882730007171631,3.958306185822344,3.835494670280156,3.9157944727139284,454300
2016-05-04,4.085841655731201,4.1000125297892955,3.878007124711904,3.887453923614323,968200
2016-05-05,3.963028907775879,4.175586974478542,3.9252408270496035,4.109457607972833,631700
2016-05-06,3.873281955718994,4.005540240907984,3.840217497039113,3.9346877007455343,560900
2016-05-09,3.9157943725585938,3.944135664062497,3.6512775288119377,3.901623952041415,976500
2016-05-10,4.142523765563965,4.142523765563965,3.9724769005516953,3.9724769005516953,554300
2016-05-11,4.203929901123047,4.284229725230605,4.151971376893907,4.170865426656292,2105600
2016-05-12,4.251163482666016,4.364527734091098,4.1708636919558755,4.251163482666016,1293500
2016-05-13,4.274781703948975,4.274781703948975,4.1661406110101495,4.227546367806955,757000
2016-05-16,4.288952350616455,4.32201681737652,4.232270214540812,4.274781929214938,893700
2016-05-17,4.085841655731201,4.317294310180656,4.0669476074567195,4.303123436122561,978100
2016-05-18,4.222822189331055,4.270057519267595,4.038605393611431,4.1094579380467495,1185000
2016-05-19,4.18031120300293,4.222822462128686,4.114181826913663,4.203928419027399,1373700
2016-05-20,4.081116676330566,4.23699261826446,4.052775391220111,4.175586875916343,956700
2016-05-23,4.000817775726318,4.038605863887998,3.9441356434837993,4.029158616612806,1160600
2016-05-24,4.043328762054443,4.0858400157566255,3.9771993944019433,4.010263852993462,710200
2016-05-25,4.0622239112854,4.100012002978974,4.024435819591827,4.057500287206307,1259700
2016-05-27,4.128353595733643,4.170865319221395,4.071671447906529,4.104735921521595,1573200
2016-05-30,4.081116676330566,4.142522418678682,4.062222636413411,4.109457510971577,212800
2016-05-31,3.9441351890563965,4.062223063573421,3.8732821940644873,4.062223063573421,2429300
2016-06-01,4.014988899230957,4.142524056961359,3.9157950378194073,3.9205186622841532,2558200
2016-06-02,3.896899938583374,4.052775900089149,3.8827295194836218,4.019711438699894,2070800
2016-06-03,3.8496642112731934,3.9583052811045523,3.8260469986950087,3.887452291961634,1466900
2016-06-06,3.769364595413208,3.882729060998537,3.7410235353255565,3.8780054383665665,1383700
2016-06-07,3.6560006141662598,3.7929825353543136,3.6560006141662598,3.778812116050586,1143200
2016-06-08,3.7788121700286865,3.830770675197556,3.6937889772875536,3.6937889772875536,1067100
2016-06-09,3.7740895748138428,3.807154496628172,3.731578079479979,3.778813199425838,627700
2016-06-10,3.6654486656188965,3.778812945882671,3.63710737031815,3.778812945882671,691400
2016-06-13,3.6418304443359375,3.7268536416868403,3.5851483127686685,3.6843421556287734,651900
2016-06-14,3.5730059146881104,3.7037256320128296,3.539115532100463,3.6553109646442934,818200
2016-06-15,3.6359450817108154,3.6359450817108154,3.514908298391963,3.602054699272173,914600
2016-06-16,3.669834852218628,3.684359366286792,3.485858905271583,3.597212743596445,881400
2016-06-17,3.558480739593506,3.7134078773212105,3.5487978079142306,3.69404201396266,698600
2016-06-20,3.631103038787842,3.7424568745450415,3.5875297284474073,3.6214201065854468,1373100
2016-06-21,3.6746766567230225,3.6940425227488634,3.563322811644769,3.6456278576842607,426700
2016-06-22,3.66499400138855,3.7424574713609378,3.635945200148904,3.698884154071794,527500
2016-06-23,3.834444522857666,3.834444522857666,3.679517389812151,3.679517389812151,518100
2016-06-24,3.708566904067993,3.7472986371351253,3.6068959893371018,3.6553108865303563,627700
2016-06-27,3.582688570022583,3.73277414264294,3.582688570022583,3.73277414264294,922700
2016-06-28,3.936115026473999,3.974846748169409,3.635943952475302,3.635943952475302,1698700
2016-06-29,4.115250587463379,4.115250587463379,3.9457989079980025,3.9457989079980025,1177400
2016-06-30,4.134617328643799,4.139458911759716,3.9893730671977288,4.0910440040381,1177500
2016-07-01,4.187872409820557,4.21207985820191,4.08136037569248,4.144299556796529,805400
2016-07-04,4.163664817810059,4.2604941355389565,4.129774210315989,4.183030681355838,651200
2016-07-05,4.236286640167236,4.245969802683976,4.105566716502861,4.163664768166096,773100
2016-07-06,4.153982162475586,4.221762924022723,4.1249335944687155,4.221762924022723,652900
2016-07-07,4.275018215179443,4.289542496720834,4.153981458324491,4.15882303941115,892300
2016-07-08,4.362165927886963,4.381531795398568,4.212080108383,4.270177710917814,788800
2016-07-11,4.425104141235352,4.434786842006048,4.352481807721423,4.352481807721423,378200
2016-07-12,4.3476409912109375,4.473519355401743,4.284702270834216,4.405739052928757,789200
2016-07-13,4.57034969329834,4.57034969329834,4.299227500376263,4.352483529984832,1914700
2016-07-14,4.754323959350586,4.8172631322642605,4.570348021999525,4.570348021999525,974200
2016-07-15,4.696226596832275,4.778531637600686,4.609080436156445,4.754324191189041,835100
2016-07-18,4.812422752380371,4.812422752380371,4.676861671646499,4.749484025471549,698800
2016-07-19,5.0980682373046875,5.0980682373046875,4.773689681315675,4.817262989093095,1179900
2016-07-20,5.059337139129639,5.180373915002208,4.991556840140942,5.083544586647884,2795300
2016-07-21,5.078703880310059,5.214265425094005,4.889886772898916,5.015764690600099,940300
2016-07-22,5.107753753662109,5.2191074033264835,5.006082809233466,5.127119625852384,1282700
2016-07-25,5.228789329528809,5.27236264704701,5.093228256364506,5.102910959302605,809100
2016-07-26,5.161007881164551,5.33045954655218,5.146483597814327,5.228788639663331,1456100
2016-07-27,5.073861122131348,5.228788500031507,5.030288273244266,5.228788500031507,1688800
2016-07-28,5.0448126792907715,5.07870282760268,4.914092744284309,5.059336962607498,662800
2016-07-29,5.219107151031494,5.277204764793842,5.0157652720038834,5.059338597755342,627000
2016-08-01,5.29656982421875,5.306252989221021,5.2045820652907775,5.219106351075464,794600
2016-08-02,5.233628749847412,5.291726328632028,5.1367989901545394,5.291726328632028,293700
2016-08-03,5.204582214355469,5.267521403516713,5.146484607834028,5.228789665835753,540200
2016-08-04,5.257837295532227,5.398239934881875,5.209422862970866,5.209422862970866,563700
2016-08-05,5.2917280197143555,5.359508319097762,5.18521552704501,5.257837408303992,385000
2016-08-08,5.257837295532227,5.282044742672231,5.1803738340591305,5.233630310110872,247300
2016-08-09,5.190056800842285,5.30141040705867,5.141641908397732,5.2772029608363935,429300
2016-08-10,5.277202129364014,5.3643487373459955,5.165848540692425,5.243311987023715,831500
2016-08-11,5.320774555206299,5.364347852005887,5.282042838432996,5.282042838432996,492100
2016-08-12,5.456338882446289,5.5095949054636035,5.282045603991942,5.344984792131709,742300
2016-08-15,5.553167343139648,5.59189907404075,5.461179135960542,5.499910866861644,3059900
2016-08-16,5.785557270050049,5.843654861797559,5.519276294918328,5.519276294918328,1031900
2016-08-17,5.640312194824219,5.82428810466945,5.6209463338783285,5.712934519660217,1309300
2016-08-18,5.59674072265625,5.688728469215007,5.5434842457423805,5.649996737851461,769300
2016-08-19,5.659679889678955,5.683887339134906,5.5289604013667315,5.596741167499656,374600
2016-08-22,5.44181489944458,5.635474073638028,5.412766323432777,5.620949323913336,474500
2016-08-23,5.277202129364014,5.495068649318967,5.277202129364014,5.432129483745154,1276200
2016-08-24,5.286886692047119,5.398240310227574,5.209423225187901,5.252996540725882,677100
2016-08-25,5.151322841644287,5.3256155479024585,5.088383693399227,5.3256155479024585,645300
2016-08-26,5.035129070281982,5.233629746061902,4.967348779657299,5.131958848406275,842500
2016-08-29,5.204582214355469,5.219106500556145,4.986716074470381,5.069021132472106,1694600
2016-08-30,5.223947525024414,5.2820451253382075,5.073861711258102,5.190057373604373,1047000
2016-08-31,5.228789329528809,5.32561866750331,5.127118409225906,5.2529967794521095,589300
2016-09-01,5.383716583251953,5.383716583251953,5.112594421162591,5.257838205708241,1260900
2016-09-02,5.591899394989014,5.591899394989014,5.296569352769265,5.374033280736181,868100
2016-09-05,5.5192766189575195,5.56769151244888,5.441813158746257,5.56769151244888,406200
2016-09-06,5.688729763031006,5.688729763031006,5.499912183401009,5.499912183401009,484100
2016-09-08,5.718686580657959,5.728529640085375,5.620258333098328,5.699000931146033,1033400
2016-09-09,5.4480085372924805,5.654708091438153,5.443087476931225,5.654708091438153,786900
2016-09-12,5.551359176635742,5.590730481698601,5.290524163258564,5.413559608915739,451000
2016-09-13,5.482459545135498,5.551359093289577,5.260995370803185,5.551359093289577,748000
2016-09-14,5.403715133666992,5.536593605483159,5.305286896771419,5.4775366633458145,930200
2016-09-15,5.536594390869141,5.5710441613337025,5.418480489839567,5.418480489839567,459900
2016-09-16,5.536594390869141,5.556280041040736,5.423402019718196,5.49230156064732,513600
2016-09-19,5.52675199508667,5.630101788239549,5.487380690013476,5.541516586496352,791500
2016-09-20,5.664551258087158,5.689158437730915,5.448008640433603,5.531672769616624,665000
2016-09-21,5.708844184875488,5.758058075658859,5.561201573839534,5.659629824749196,427700
2016-09-22,5.718686580657959,5.782665058907446,5.659629632122181,5.743293759883594,909000
2016-09-23,5.571043491363525,5.708843495335874,5.492300900146677,5.684236318244893,971500
2016-09-26,5.379108905792236,5.521829979344663,5.344658667801722,5.521829979344663,503800
2016-09-27,5.398792266845703,5.462770716749859,5.300364062894193,5.413556380102755,515300
2016-09-28,5.4480085372924805,5.516908545122006,5.379108998805859,5.41355876804917,607800
2016-09-29,5.379108905792236,5.5710438675065586,5.374187376173178,5.511986920106544,792300
2016-09-30,5.147801876068115,5.467693773153277,5.128116228083534,5.364344003898508,1486500
2016-10-03,5.3397369384765625,5.369265173805344,5.152723060470539,5.19209435380414,1190700
2016-10-04,5.438166618347168,5.462773800561817,5.2856024640907115,5.339738358831533,666600
2016-10-05,5.511988639831543,5.551359950381958,5.295446431804262,5.4086388323009436,1279800
2016-10-06,5.561201572418213,5.644865703005774,5.448008731893839,5.511987212304499,943400
2016-10-07,5.6547088623046875,5.69408016661937,5.575966253675323,5.575966253675323,744200
2016-10-10,5.659631252288818,5.767902590270395,5.635024066018954,5.635024066018954,358100
2016-10-11,5.590728759765625,5.7088431079182005,5.561200524734606,5.7088431079182005,314000
2016-10-13,5.733450889587402,5.753136539748706,5.5858087480490894,5.5858087480490894,799600
2016-10-14,5.984442234039307,6.053342232219734,5.743292944422071,5.743292944422071,1260400
2016-10-17,6.141929626464844,6.151772688050369,5.949994618977198,6.00905158046132,819400
2016-10-18,6.324021816253662,6.373235710745292,6.102557648340976,6.141928951671463,1059900
2016-10-19,6.324021816253662,6.338785937666855,6.235436149088588,6.324021816253662,768200
2016-10-20,6.250200271606445,6.378157242124622,6.191143316600277,6.274807453528088,680900
2016-10-21,6.299414157867432,6.427371118684709,6.240357207338593,6.269885447931552,442200
2016-10-24,6.34862756729126,6.397841923672045,6.260042382885886,6.387998864658734,324600
2016-10-25,6.279728412628174,6.392920782092536,6.225592523455727,6.29941406250645,316100
2016-10-26,6.3584723472595215,6.45690061731835,6.2551225463619975,6.274808200373763,572500
2016-10-27,6.496270656585693,6.550406546552282,6.387999345995437,6.387999345995437,672800
2016-10-28,6.609464645385742,6.668521606147495,6.456900478077296,6.511035908106485,956000
2016-10-31,6.69312858581543,6.865377932101356,6.584857259724598,6.584857259724598,1640700
2016-11-01,6.3584723472595215,6.811242858873148,6.225593830672842,6.693128934802553,1507200
2016-11-03,6.200987339019775,6.427372602999051,6.200987339019775,6.32402279837062,926600
2016-11-04,6.205907344818115,6.397842797712967,6.200986283982055,6.205907344818115,421900
2016-11-07,6.447056770324707,6.545485021228451,6.34862805007804,6.392920880320456,411800
2016-11-08,6.397841453552246,6.555326631449973,6.3584701590778145,6.476584042501109,836400
2016-11-09,5.964757442474365,6.196064176566442,5.915543553297968,6.004128741552646,2206100
2016-11-10,5.659631252288818,6.1222443829214885,5.659631252288818,6.058266355700098,2803100
2016-11-11,5.556280136108398,5.812194062060738,5.4972231845831505,5.659629918613316,1917300
2016-11-14,5.625181198120117,5.7285309999266785,5.438167248691909,5.467695495297773,663800
2016-11-16,5.851564407348633,6.013971114853106,5.620257699646591,5.664550523391966,1258400
2016-11-17,5.644866466522217,6.053344114950203,5.644866466522217,5.866330178302947,930300
2016-11-18,5.472616672515869,5.78758758846277,5.472616672515869,5.644866487509625,1266300
2016-11-21,5.679315090179443,5.713764858328256,5.536594018693504,5.5513581379940105,676000
2016-11-22,5.782665252685547,6.004128934451728,5.6694728815346025,5.733450892585097,1191000
2016-11-23,5.910622596740723,6.00412932378342,5.743294324760466,5.797429748906981,912300
2016-11-24,5.787586688995361,5.989364717327771,5.782665159196299,5.979521657729646,257200
2016-11-25,5.684237957000732,5.831880592768869,5.635023588630354,5.767902101624576,399800
2016-11-28,5.758059501647949,5.767902563848021,5.6596312263624275,5.6842384125195675,664300
2016-11-29,5.546435832977295,5.83187791188611,5.546435832977295,5.71868510440556,258100
2016-11-30,5.541516304016113,5.758058470880388,5.443088046350534,5.664551743433827,677300
2016-12-01,5.26591682434082,5.26591682434082,5.26591682434082,5.26591682434082,759700
2016-12-02,5.497222423553467,5.507065012773612,5.187173118961615,5.221622885246422,925100
2016-12-05,5.433243274688721,5.6104140826860425,5.384028926684729,5.511985856020864,683400
2016-12-06,5.521829605102539,5.620257844098253,5.300365950026465,5.418479836821322,624700
2016-12-07,5.536594390869141,5.664551351655973,5.497223090525949,5.551358511162107,346000
2016-12-08,5.556280136108398,5.669472978538988,5.51198730512873,5.605494497050904,322700
2016-12-09,5.6547088623046875,5.6793160448371065,5.4923021146708795,5.53659494936064,266500
2016-12-12,5.260993480682373,5.659628381919726,5.260993480682373,5.659628381919726,452100
2016-12-13,5.344658374786377,5.482458380507899,5.290522959973339,5.305287078678192,473300
2016-12-14,5.251150131225586,5.388949627385054,5.241307075399971,5.2954429437553845,430600
2016-12-15,5.2766289710998535,5.301331912604332,5.222281368961824,5.261806640783078,675300
2016-12-16,5.24698543548584,5.3952054588748455,5.167934881992628,5.286510712232446,942500
2016-12-19,5.1876983642578125,5.311214991978237,5.177816807874478,5.26180815241865,557700
2016-12-20,5.22228479385376,5.2766324316341935,5.1679376272520425,5.22228479385376,375300
2016-12-21,5.123469352722168,5.276630169189384,5.098765934430228,5.192638829703897,336600
2016-12-22,4.8517327308654785,5.172876228752598,4.841851646180461,5.172876228752598,1088500
2016-12-23,5.108648300170898,5.123470165024595,4.871496106618814,4.930784037212188,911000
2016-12-26,5.088883876800537,5.162993646327685,5.00489255337461,5.138290232759161,105100
2016-12-27,5.054297924041748,5.212399457352726,5.029594986467271,5.088882884767013,190300
2016-12-28,5.138291358947754,5.202520059831917,5.049359710259205,5.064181573177542,410100
2016-12-29,5.098764896392822,5.162993582404396,5.0345362103812485,5.138290169141726,491600
2017-01-02,5.2716875076293945,5.296390917094375,5.044416988672593,5.093823807602554,281400
2017-01-03,5.5582475662231445,5.5582475662231445,5.27662984031162,5.27662984031162,622700
2017-01-04,5.7212910652160645,5.731172623165756,5.489079636363092,5.543427262729163,499100
2017-01-05,5.8052825927734375,5.854689441608919,5.587893494490306,5.731172790698846,362000
2017-01-06,5.9040937423706055,5.928797158098375,5.7608144965637,5.805280550637993,546800
2017-01-09,5.844806671142578,5.923857235941155,5.7410526870498115,5.904094594741511,763500
2017-01-10,5.8052825927734375,5.899155040146495,5.6965878080425565,5.84480788337037,749600
2017-01-11,6.022671222686768,6.027612001421809,5.805282141309504,5.805282141309504,537300
2017-01-12,6.319109916687012,6.457448391633466,6.081958245350231,6.081958245350231,1203100
2017-01-13,6.314168453216553,6.3635752816343,6.200533407505543,6.294405816085141,1022200
2017-01-16,6.333934307098389,6.442629102112086,6.264765277599498,6.36851929302651,247500
2017-01-17,6.585904598236084,6.625429869684679,6.269701955468916,6.269701955468916,672500
2017-01-18,6.472270488739014,6.650134235763341,6.437685517878209,6.585905542654383,1546900
2017-01-19,6.324050426483154,6.576024419991471,6.2548809563499495,6.5661428651816705,2222700
2017-01-20,6.249940395355225,6.3685167012863175,6.175830616429464,6.348754062160883,1017600
2017-01-23,6.353693008422852,6.482150370828544,6.225236117195542,6.225236117195542,706300
2017-01-24,6.43274450302124,6.541438767529172,6.304287130953592,6.3536934863176295,967000
2017-01-26,7.346767425537109,7.406055337916303,6.793413105486192,6.793413105486192,4759600
2017-01-27,7.830954551696777,8.152097602095797,7.55921787072454,7.55921787072454,2518400
2017-01-30,7.66296911239624,8.008814987956997,7.5147491148856425,7.914943061046419,1176800
2017-01-31,7.781545162200928,7.811189351089712,7.593799889047688,7.593799889047688,1092600
2017-02-01,7.781545162200928,7.979171517531497,7.7024946200687,7.776604385523064,1279800
2017-02-02,7.574038982391357,7.826012996338105,7.267717826117834,7.781546938444149,1175600
2017-02-03,7.860599040985107,7.865539819760223,7.455464604997556,7.623447313922716,1174400
2017-02-06,7.791428089141846,7.929766091083062,7.653089144843667,7.929766091083062,599200
2017-02-07,7.845774173736572,7.850714950621152,7.707435719217244,7.806248901016764,538900
2017-02-08,7.732141971588135,7.8754212643331485,7.662972950304858,7.8754212643331485,1132900
2017-02-09,8.211386680603027,8.211386680603027,7.658031716153486,7.77660757803042,4167100
2017-02-10,8.626399993896484,8.744976774321536,8.107630584554101,8.157037419338375,2909500
2017-02-13,8.443597793579102,8.621462061110503,8.28055586246105,8.39913172669625,2515400
2017-02-14,8.320076942443848,8.493000343710285,8.152094317482934,8.39912747861878,2476200
2017-02-15,8.196564674377441,8.399131897698052,8.122454875516256,8.39419111879301,1551200
2017-02-16,8.152099609375,8.24103175589081,8.077989801397603,8.20150646214571,811500
2017-02-17,8.325020790100098,8.374427629026282,8.063165203441272,8.102690486110806,808900
2017-02-20,8.517704963684082,8.522645740964572,8.265730976520562,8.379366026901097,351600
2017-02-21,9.397144317626953,9.629355215128532,8.695569905070686,8.695569905070686,2895900
2017-02-22,8.794381141662598,9.535480707837204,8.700509208444066,9.426786444046721,2698800
2017-02-23,8.537467956542969,8.942602264456923,8.31019691651996,8.942602264456923,1341000
2017-02-24,8.211386680603027,8.586876438701394,8.201505123190653,8.547351151409083,1145700
2017-03-01,8.349721908569336,8.493001615820264,7.826011792378184,8.201502366629702,1124600
2017-03-02,8.265729904174805,8.576992235966003,8.053281220460098,8.488060141168518,843100
2017-03-03,8.364542007446289,8.389244943724757,8.191618626427168,8.26078760189217,1588500
2017-03-06,8.488062858581543,8.547350312522605,8.231148045218037,8.433715240504663,639600
2017-03-07,8.493000984191895,8.646161291786495,8.364543617631108,8.547347642937645,1084400
2017-03-08,8.270672798156738,8.581935209633004,8.097749340931816,8.572053653824259,959000
2017-03-09,8.04834270477295,8.275612813284045,7.924826095619457,8.275612813284045,663200
2017-03-10,8.077984809875488,8.196560617840811,7.860595357427351,8.028577987634081,1095000
2017-03-13,8.077984809875488,8.147153795599404,7.979171165392675,8.147153795599404,862900
2017-03-14,7.777010440826416,8.152106925864405,7.777010440826417,8.137103657893846,1615100
2017-03-15,7.576962471008301,7.982067615263882,7.471935246716907,7.767011756724192,1556200
2017-03-16,7.6669840812683105,7.802019255561305,7.50194140843949,7.6119700159789,1391800
2017-03-17,7.661982536315918,8.01707491937514,7.436924393455784,7.877038338828789,2153200
2017-03-20,7.511944770812988,7.74200386614391,7.476935384034289,7.571960249198527,523800
2017-03-21,7.396914482116699,7.596966069593311,7.251876961956003,7.5019416847820715,751400
2017-03-22,7.306888580322266,7.431920899829932,7.21686563460985,7.396912002995129,814500
2017-03-23,7.241872787475586,7.3819093494366514,7.216866701445877,7.301888729436339,1139600
2017-03-24,7.266880512237549,7.431923186614049,7.246875354039203,7.2568781716186725,476100
2017-03-27,7.231870174407959,7.271880482891946,7.046822378429392,7.231870174407959,608400
2017-03-28,7.481934070587158,7.516942967666071,7.191859125463575,7.2018614630745,831200
2017-03-29,7.606966018676758,7.626971169879994,7.391910285521658,7.486935111457346,1162200
2017-03-30,7.501938819885254,7.676984249800079,7.421918215453479,7.676984249800079,4429800
2017-03-31,7.561958312988281,7.6019686365786425,7.3018912096509405,7.521947989397922,4083800
2017-04-03,8.002066612243652,8.032074094941777,7.551950556089082,7.5569514852318775,2958800
2017-04-04,7.952058792114258,8.15211039964191,7.767010935911018,7.967063020399324,997000
2017-04-05,7.6419758796691895,8.062085061942257,7.556953857072097,7.997067716115729,837700
2017-04-06,7.326892375946045,7.641973820009958,7.251873188913838,7.641973820009958,1026900
2017-04-07,7.576962471008301,7.6919925152134985,7.266882208091018,7.326897696691715,610300
2017-04-10,7.351903438568115,7.646979915224441,7.306891707964858,7.511945200375322,456900
2017-04-11,7.401915073394775,7.516944604246994,7.27688272579338,7.376908508482385,625800
2017-04-12,7.1168413162231445,7.416919154730392,7.1168413162231445,7.401915405893202,652900
2017-04-13,7.151849269866943,7.346899396643368,7.086832401954642,7.126842708829831,365900
2017-04-17,7.391911029815674,7.511942426081515,7.1168398153538535,7.151849191204942,368900
2017-04-18,7.27688455581665,7.451929600303378,7.126845605570401,7.396915525229379,376100
2017-04-19,7.291886329650879,7.4969392993455015,7.1118399243737676,7.3769083624940945,614500
2017-04-20,7.156853675842285,7.401917027362638,7.156853675842286,7.2918883988789505,771800
2017-04-24,7.151849269866943,7.431921417993265,7.076829586755605,7.191859576742133,675300
2017-04-25,7.236872673034668,7.261879238846567,7.101837503826756,7.161852975598971,213400
2017-04-26,7.136845588684082,7.3018882252795345,7.126842773394425,7.3018882252795345,295200
2017-04-27,7.0918354988098145,7.211866448026421,6.966803140802366,7.211866448026421,491600
2017-04-28,7.106837272644043,7.196860698011841,6.97680354199288,7.1018358652435065,778900
2017-05-02,7.4269232749938965,7.456930777933137,7.101838813414385,7.106840222891145,1234000
2017-05-03,7.6269707679748535,7.701989961793724,7.3819075594087815,7.451925346450286,1203100
2017-05-04,7.476934909820557,7.631975243537126,7.351902551873856,7.631975243537126,914900
2017-05-05,7.597683906555176,7.677923876328072,7.447235099110594,7.447235099110594,801400
2017-05-08,7.572608470916748,7.617742820509548,7.482338815201081,7.59266834126856,336500
2017-05-09,7.8233561515808105,7.843416019527838,7.527472740663404,7.567592476557461,738800
2017-05-10,7.9537458419799805,7.99888066889797,7.773207012573048,7.8283715353255765,951100
2017-05-11,8.204495429992676,8.224554822875513,7.8735068386549205,7.9437166268050605,1222400
2017-05-12,8.214523315429688,8.309808046621782,8.109209367688388,8.24962892120674,579600
2017-05-15,7.8233561515808105,8.214523337415379,7.677921989398608,8.214523337415379,1434100
2017-05-16,7.965507507324219,8.001067652973493,7.853746426678521,7.965507507324218,839800
2017-05-17,7.965507507324219,7.965507507324218,7.823265955785822,7.965507507324218,2309800
2017-05-18,6.360213279724121,6.852977040790509,6.278932194849612,6.807256581945658,4043400
2017-05-19,6.553254127502441,6.731055795124137,6.451653382206002,6.593894425621017,1527900
2017-05-22,6.197649955749512,6.451652007087364,6.101129389408132,6.451652007087364,1431500
2017-05-23,6.375452518463135,6.375452518463135,6.136690419613182,6.157010567315059,2129600
2017-05-24,6.593894004821777,6.675175080342424,6.477053276304881,6.492293266009142,1215400
2017-05-25,6.7310566902160645,6.7310566902160645,6.502454861782098,6.588815627885918,1252700
2017-05-26,7.051097869873047,7.127298300851443,6.741215503564906,6.746295177018414,1997200
2017-05-29,7.051097869873047,7.051097869873047,7.051097869873047,7.051097869873047,0
2017-05-30,7.137457847595215,7.25429856043453,7.081577085393391,7.188257967949949,1288500
2017-05-31,7.035859107971191,7.157780012593833,6.944418187268904,7.11205955224269,1363300
2017-06-01,6.705655574798584,7.035858606890039,6.649775285277218,7.000297982221374,2001000
2017-06-02,6.705655574798584,6.837736787635166,6.598974669733741,6.720895565673397,750100
2017-06-05,6.553254127502441,6.6751755063287375,6.5176939877663305,6.629455049827698,878200
2017-06-06,6.649776458740234,6.792017529103957,6.426254292269441,6.527855541285616,1824900
2017-06-07,6.629454612731934,6.817416100255239,6.512613399991722,6.680254739795496,1906500
2017-06-08,6.456732749938965,6.624374080267464,6.451652592178584,6.538013336223024,1089500
2017-06-09,6.278931140899658,6.538013374551838,6.1722502496587905,6.461812945581437,1938500
2017-06-12,6.273853302001953,6.3551339125282835,6.182412372924505,6.329733600621141,539000
2017-06-13,6.314493179321289,6.350053322898924,6.177331795000774,6.2687727178811175,683100
2017-06-14,6.350053310394287,6.416093922958861,6.233212562028929,6.400853930665689,1118700
2017-06-15,6.350053310394287,6.350053310394286,6.350053310394286,6.350053310394286,0
2017-06-16,6.273853302001953,6.365293746608748,6.172252054373386,6.350053753252724,678000
2017-06-19,6.13161039352417,6.32973220123401,6.096050255398255,6.24845160867732,1498900
2017-06-20,5.994450569152832,6.151931623815397,5.933490114012101,6.131611472101819,1565400
2017-06-21,6.004610061645508,6.090970822639615,5.892849475805397,6.090970822639615,918200
2017-06-22,6.05033016204834,6.05033016204834,5.913169275040866,6.009689863344601,615400
2017-06-23,5.9436492919921875,6.090970496782341,5.928409301005779,6.055410356323862,705400
2017-06-26,6.233211994171143,6.243371826617471,5.943649260156873,5.989369717341788,2030600
2017-06-27,6.370371341705322,6.400851800619138,6.157009582719987,6.2382901605295515,1873300
2017-06-28,6.411013126373291,6.4618137415918655,6.3094123804067115,6.385612818764002,699600
2017-06-29,6.5024542808532715,6.5024542808532715,6.3652929053645,6.395773372518868,837600
2017-06-30,6.675174236297607,6.680253909243035,6.466892142479837,6.477052457311645,1297100
2017-07-03,6.751375198364258,6.934256519695092,6.680254442278121,6.705654746913921,4459000
2017-07-04,6.8885393142700195,7.0002999243185595,6.715817754868644,6.756458064790061,974900
2017-07-05,6.883456707000732,6.985057445680154,6.74629534643061,6.888536865052338,1174200
2017-07-06,6.8021769523620605,6.919017695090939,6.7208958669547485,6.919017695090939,2178500
2017-07-07,6.863136291503906,6.934256563569521,6.746295083228155,6.802175850674587,437100
2017-07-10,6.9545769691467285,7.005377580628981,6.863136546737425,6.863136546737425,502000
2017-07-11,7.137457847595215,7.16793782291396,6.873295477656891,6.95965621517746,1183800
2017-07-12,7.360982894897461,7.401623204027565,7.04602025690381,7.112060880357903,1190800
2017-07-13,7.427021026611328,7.513381775656735,7.366060583368193,7.366060583368193,1212400
2017-07-14,7.300020217895508,7.477821879784718,7.239059772683065,7.447341414943219,1201900
2017-07-17,7.411778450012207,7.462578559415641,7.315257418546058,7.320337574827512,385900
2017-07-18,7.467663764953613,7.467663764953612,7.376223312411876,7.467663764953612,413100
2017-07-19,7.360982894897461,7.503224461323524,7.360982894897462,7.493064141805648,810600
2017-07-20,7.482903480529785,7.482903480529785,7.3609825587078275,7.3609825587078275,336200
2017-07-21,7.3457417488098145,7.645464345022505,7.300021287086437,7.442262346748679,652600
2017-07-24,7.3457417488098145,7.447342505711415,7.269541302251269,7.325421597429494,405200
2017-07-25,7.477822303771973,7.538782752440831,7.35082124792754,7.376221555990543,708000
2017-07-26,7.401621341705322,7.569262695804426,7.340660893348427,7.569262695804426,362100
2017-07-27,7.289859771728516,7.487981080858797,7.25937930945512,7.487981080858797,312200
2017-07-28,7.198418617248535,7.310179662375785,7.147618010062377,7.264459212802342,360300
2017-07-31,7.432102203369141,7.462582186933269,7.213660221786938,7.213660221786938,808100
2017-08-01,7.538782119750977,7.660703006856521,7.437181380496355,7.437181380496355,2941500
2017-08-02,7.843586444854736,7.843586444854736,7.5743442923749456,7.5743442923749456,1127200
2017-08-03,7.792784690856934,7.924865902271254,7.762304224964947,7.8232646722783485,491900
2017-08-04,7.808023929595947,7.8791446868473995,7.731823498910515,7.823263918838928,676900
2017-08-07,7.7572245597839355,7.879145454548139,7.752144401384451,7.802944531967585,340600
2017-08-08,7.813104152679443,7.858824605260324,7.7115034160944465,7.762303542151681,434600
2017-08-09,7.696263313293457,7.823264361265101,7.64038302659533,7.726743777973693,655500
2017-08-10,7.731823444366455,7.7978640432475235,7.503221669452305,7.696262823756328,392000
2017-08-11,7.868985652923584,7.868985652923583,7.564183396057984,7.736904432713189,472300
2017-08-14,8.051868438720703,8.158548877820404,7.767385814376189,7.904547209454077,1034500
2017-08-15,8.007118225097656,8.228394288808223,8.007118225097656,8.125475132343164,384900
2017-08-16,7.955655574798584,8.094596263970717,7.863028121512445,8.074012439991249,300500
2017-08-17,7.893906593322754,7.981387995524419,7.698359958445928,7.924782093654383,665100
2017-08-18,8.053433418273926,8.053433418273926,7.775551383471536,7.893908809997807,1302000
2017-08-21,7.8270087242126465,8.187225989191226,7.7498194855590965,8.187225989191226,948500
2017-08-22,8.480545043945312,8.501129362837997,7.981387088969877,7.981387088969877,1804200
2017-08-23,8.295291900634766,8.475399801159497,8.290145820403424,8.475399801159497,514700
2017-08-24,8.3776273727417,8.413648953497773,8.300437149390728,8.336459711661263,976400
2017-08-25,8.465109825134277,8.490839248432785,8.212957256296185,8.387919592209585,529400
2017-08-28,8.552587509155273,8.593755157390683,8.40850024957426,8.470251231170298,1405000
2017-08-29,8.604048728942871,8.64521638864061,8.439378090151916,8.542297730153477,424800
2017-08-30,8.490837097167969,8.670945959168339,8.351895890923599,8.619486144094756,930700
2017-08-31,8.706966400146484,8.706966400146484,8.248976166879467,8.552587956566247,989400
2017-09-01,8.94882583618164,8.94882583618164,8.593755235011939,8.701819944538153,931400
2017-09-04,9.026021003723145,9.077479856667573,8.7635767313448,8.820181665886613,579500
2017-09-05,8.917953491210938,9.247294796255074,8.840764245530531,9.015727059213857,616900
2017-09-06,8.902517318725586,9.05175074570735,8.856203564249503,8.928247727609376,579300
2017-09-07,8.902517318725586,8.902517318725586,8.902517318725586,8.902517318725586,0
2017-09-08,8.969413757324219,9.005435341648482,8.809889177524807,8.907661768829366,488900
2017-09-11,9.056893348693848,9.200979657039968,9.010579612007064,9.041455109293466,503800
2017-09-12,8.902517318725586,9.118647845775726,8.820181973326935,9.031166418600318,773500
2017-09-13,8.84591007232666,8.912807154926567,8.809888490810211,8.85105615275965,893500
2017-09-14,8.912806510925293,8.912806510925293,8.701822135989937,8.717260376173407,548300
2017-09-15,8.953972816467285,8.953972816467285,8.840762016777395,8.902513005148512,533300
2017-09-18,8.928243637084961,9.067184836856526,8.902513239989695,8.979703449761201,411500
2017-09-19,8.835618019104004,9.000288668907922,8.748136613706361,8.91280726351028,531000
2017-09-20,8.686385154724121,8.948829386792667,8.511423314859645,8.799596969448526,900100
2017-09-21,8.619486808776855,8.742989785568646,8.521713250748785,8.634925048943733,557700
2017-09-22,8.71726131439209,8.71726131439209,8.439378850268264,8.619487745735798,476800
2017-09-25,8.583466529846191,8.722407767847157,8.562882206506243,8.68638520200225,396500
2017-09-26,8.619486808776855,8.660654467707452,8.521713250748785,8.634925048943733,366800
2017-09-27,8.490837097167969,8.696675375947962,8.38277236887635,8.696675375947962,767400
2017-09-28,8.655508041381836,8.681238440630601,8.480545252547714,8.54229722923038,1234200
2017-09-29,9.077476501464844,9.082622581160143,8.655507781593844,8.655507781593844,1461200
2017-10-02,8.902517318725586,9.190692009135597,8.815035891550178,9.108356663736949,919400
2017-10-03,8.94882583618164,9.041453290926489,8.861344460201968,8.989993484788888,1013700
2017-10-04,7.976240158081055,8.382771579200408,7.7961313130473435,7.924780347855102,9979100
2017-10-05,7.8733229637146,8.19751867001101,7.852739132715967,8.182080428694103,2601400
2017-10-06,7.749820232391357,7.924782556250598,7.616025081124946,7.924782556250598,1335700
2017-10-09,7.693212032318115,7.796131159992372,7.518249269893322,7.796131159992372,1525100
2017-10-10,7.976240158081055,7.976240158081054,7.662336689822686,7.662336689822686,3461700
2017-10-11,7.708653926849365,8.037995803384788,7.708653926849364,7.976244293551404,2536700
2017-10-12,7.708653926849365,7.708653926849364,7.708653926849364,7.708653926849364,0
2017-10-13,7.7446722984313965,7.837299273424208,7.688066406803252,7.790986031306373,1564800
2017-10-16,7.693212032318115,7.832153222746196,7.564563000036015,7.832153222746196,1109600
2017-10-17,7.492522239685059,7.718944392601505,7.446208494808287,7.631462983558107,1178800
2017-10-18,7.538834095001221,7.6263154878127635,7.482228689964353,7.54398017475653,1093900
2017-10-19,7.507956504821777,7.538831993231422,7.379307491348496,7.538831993231422,635400
2017-10-20,7.801277160644531,7.811569318687053,7.4976653689896375,7.590292828343905,1892600
2017-10-23,7.909343242645264,7.96594864587958,7.672628979767962,7.801278025010905,2150500
2017-10-24,8.053433418273926,8.120331008787494,7.873324973744199,7.976244155012239,1458500
2017-10-25,8.130620002746582,8.156349910722685,8.00197095362324,8.058576358564927,1360000
2017-10-26,8.079160690307617,8.21810190758343,8.053430780727963,8.140912178844465,2197200
2017-10-27,8.007118225097656,8.13062121285573,7.888760827094901,8.13062121285573,962600
2017-10-30,7.816715240478516,7.986532420126214,7.785839746547754,7.976240261644542,381300
2017-10-31,7.842448711395264,7.888762464104493,7.693215780864052,7.888762464104493,1078100
2017-11-01,7.770402908325195,8.017408851686959,7.724089171255568,7.857884302621782,820700
2017-11-02,7.770402908325195,7.770402908325194,7.770402908325194,7.770402908325194,0
2017-11-03,7.770402908325195,7.811570565552156,7.631461697116314,7.775548497410676,787600
2017-11-06,7.971095561981201,7.9710955619812,7.739527354393887,7.739527354393887,574600
2017-11-07,7.657191753387451,7.9762413484339465,7.51825053949644,7.9762413484339465,928400
2017-11-08,7.718941688537598,7.770401496097353,7.52339510687046,7.610876485267787,1840400
2017-11-09,7.626315593719482,7.718943067572654,7.492520953523683,7.718943067572654,651500
2017-11-10,7.394747257232666,7.6674831029483865,7.394747257232666,7.6674831029483865,724200
2017-11-13,7.430769920349121,7.50281357479732,7.250661520364493,7.3947483385036445,1237100
2017-11-14,7.329052448272705,7.5359415215058085,7.189401953893517,7.5359415215058085,950700
2017-11-15,7.329052448272705,7.329052448272705,7.329052448272705,7.329052448272705,0
2017-11-16,7.39111852645874,7.458357592718432,7.30836290437371,7.448012893326595,618100
2017-11-17,7.541114330291748,7.551459031213783,7.329052894014938,7.339397101674484,494900
2017-11-20,7.541114330291748,7.541114330291749,7.541114330291749,7.541114330291749,0
2017-11-21,7.499736785888672,7.639387293840189,7.43249770723748,7.6083536832079055,813300
2017-11-22,7.499736785888672,7.623870241892794,7.4066364472543285,7.561803513890733,1144000
2017-11-23,7.479048728942871,7.541115464018686,7.422154345105682,7.510082343112061,297000
2017-11-24,7.701452732086182,7.701452732086182,7.479046624044756,7.556629897738897,759600
2017-11-27,7.644559860229492,7.7066265939879965,7.48422092133566,7.701454736121702,924900
2017-11-28,7.344569206237793,7.665247525147139,7.3135360910356635,7.660075668121766,1756200
2017-11-29,7.060097694396973,7.396293128054607,6.946308926016757,7.365259513692915,1222800
2017-11-30,6.723902702331543,7.189403461341779,6.698041439439295,7.111820165927594,2171500
2017-12-01,6.853209972381592,6.935965636522286,6.635976107380936,6.72390412384609,559400
2017-12-04,7.38077449798584,7.696280438094907,6.982512440537373,6.982512440537373,2115400
2017-12-05,7.370431423187256,7.48939253570777,7.20492013854566,7.391120333767456,1034900
2017-12-06,7.370431423187256,7.46870362512757,7.241125608745374,7.298019989525289,712300
2017-12-07,7.473876476287842,7.499737739559526,7.256642654025801,7.2928486199111875,1328200
2017-12-08,7.525600433349609,7.69628411281987,7.473877896974461,7.473877896974461,865500
2017-12-11,7.5514607429504395,7.634216396035496,7.499738213140978,7.499738213140978,505300
2017-12-12,7.654902935028076,7.654902935028076,7.448013373222619,7.551458400756571,1102800
2017-12-13,7.758347988128662,7.918687396918814,7.5618031132379055,7.618697487576356,1675400
2017-12-14,7.5514607429504395,7.753177524029615,7.349743468608663,7.753177524029615,1227800
2017-12-15,7.654902935028076,7.696280748736679,7.458358073280993,7.551458400756571,1134900
2017-12-18,7.525600433349609,7.654906281024817,7.504911517452083,7.654906281024817,577100
2017-12-19,7.577319145202637,7.61869695880653,7.422152590819265,7.499735868010951,909100
2017-12-20,7.654902935028076,7.654902935028076,7.494563536960408,7.51008058704797,605800
2017-12-21,7.525600433349609,7.6807675492123915,7.442844769759502,7.670422844632296,1431100
2017-12-22,7.577319145202637,7.5824914952187354,7.448013354374862,7.453185704390961,309500
2017-12-25,7.577319145202637,7.577319145202638,7.577319145202638,7.577319145202638,0
2017-12-26,7.520424842834473,7.691108448809959,7.489391235719634,7.5824915638017,860800
2017-12-27,7.504908561706543,7.6290420082027826,7.4583583959548365,7.520425119202956,630200
2017-12-28,7.706625938415527,7.727314847908437,7.396292296021871,7.479047933993512,944700
2017-12-29,7.706625938415527,7.7066259384155265,7.7066259384155265,7.7066259384155265,0
2018-01-02,7.6962809562683105,7.872136915903082,7.6962809562683105,7.711797513511831,521300
2018-01-03,7.732485294342041,7.846274515161784,7.680763279978441,7.701452184376359,649400
2018-01-04,7.779033660888672,7.980750802255742,7.748000064808247,7.748000064808247,1045400
2018-01-05,7.881175518035889,7.912847742578068,7.728091756959534,7.865338902343866,530000
2018-01-08,8.013144493103027,8.108161672500204,7.828387999494669,7.870617968875846,1084800
2018-01-09,7.97619104385376,8.108159793441537,7.881173886476724,8.102881426057856,642600
2018-01-10,8.013144493103027,8.044816718428438,7.870617968875846,7.997307877019378,1360900
2018-01-11,8.1187162399292,8.1187162399292,7.981468641431049,8.028977464251236,303100
2018-01-12,7.8917317390441895,8.087045443228968,7.796714574269971,8.034258241336818,764900
2018-01-15,7.870617389678955,7.960356193865335,7.812551311908141,7.8970112444551095,482000
2018-01-16,7.786157131195068,7.9128470247121445,7.754484406105355,7.8706170602064525,525200
2018-01-17,7.659468650817871,7.812552426249542,7.654189778425508,7.812552426249542,5405400
2018-01-18,7.643630504608154,7.891731919788209,7.643630504608154,7.701697082466545,1511700
2018-01-19,7.765042781829834,7.844223845876415,7.654188990112063,7.654188990112063,1748300
2018-01-22,8.050094604492188,8.129275661528675,7.775599333713381,7.775599333713381,2170600
2018-01-23,7.933959484100342,8.102879791830203,7.865335687744575,8.050092101273234,524200
2018-01-24,8.335147857666016,8.335147857666016,7.949799274051818,7.949799274051818,1145600
2018-01-25,8.335147857666016,8.335147857666016,8.335147857666016,8.335147857666016,0
2018-01-26,8.657151222229004,8.704660060588775,8.382656438869425,8.382656438869425,1259200
2018-01-29,8.572689056396484,8.657148967742929,8.298194344520544,8.65187009742858,754700
2018-01-30,8.604362487792969,8.604362487792969,8.430164273581061,8.456558125463175,452700
2018-01-31,8.815512657165527,8.89997257426542,8.614919598922059,8.614919598922059,1684500
2018-02-01,8.620199203491211,8.847185627587656,8.588526983592692,8.810234536565764,688800
2018-02-02,8.625479698181152,8.709939638369503,8.456559817804449,8.577970855969966,588700
2018-02-05,8.46711540222168,8.60436201488705,8.382654980156788,8.60436201488705,277200
2018-02-06,8.551576614379883,8.551576614379883,8.187342530857153,8.393213487836965,387300
2018-02-07,8.551576614379883,8.72577534878783,8.472394547687522,8.525182256535162,569000
2018-02-08,8.440722465515137,8.662430040889571,8.324590309592079,8.577970108065198,440000
2018-02-09,8.393214225769043,8.461838555356971,8.118719424522055,8.440723067224718,760600
2018-02-14,8.641317367553711,8.641317367553711,8.24541046868936,8.446003102791172,457400
2018-02-15,8.704656600952148,8.752165420429698,8.562130142519502,8.646590042292605,510300
2018-02-16,8.921087265014648,8.963317224581848,8.59908420088037,8.715216337979754,547000
2018-02-19,9.475357055664062,9.675949121183653,9.079450788828655,9.142795227690968,4000300
2018-02-20,9.40145206451416,9.60204509839837,9.280041074281959,9.470076368100367,812100
2018-02-21,9.316995620727539,9.47535876005243,9.316995620727539,9.401455558964061,465500
2018-02-22,9.343387603759766,9.517586307911955,9.195582246026358,9.258927687009711,2837000
2018-02-23,9.3856201171875,9.554539996672762,9.290602433266564,9.316995786870423,635200
2018-02-26,9.501751899719238,9.591490707934705,9.39089861083994,9.39089861083994,1713600
2018-02-27,9.617423057556152,9.852385368927843,9.526642233971609,9.526642233971609,1131800
2018-02-28,9.692184448242188,9.745585118350721,9.612083952345918,9.745585118350721,1396800
2018-03-01,9.852386474609375,10.001907128917043,9.71354513951435,9.71354513951435,2108900
2018-03-02,9.879085540771484,10.065987362817003,9.63878305263682,9.841705380068978,2057600
2018-03-05,9.953845024108887,10.103366672862869,9.83636438343048,9.879084708998347,1443400
2018-03-06,9.879085540771484,10.09268718659508,9.809665387828687,9.97520653602535,1150100
2018-03-07,10.082006454467773,10.156767791475218,9.809665003301273,9.879085153522883,1460700
2018-03-08,10.044629096984863,10.407752491203686,9.895108418329983,10.09802977587585,1965200
2018-03-09,10.162109375,10.268909699332884,10.001907360701038,10.092688196577189,2548000
2018-03-12,10.359691619873047,10.530572971523481,10.194150437778337,10.194150437778337,1796700
2018-03-13,10.599991798400879,10.626691621704804,10.274248657721536,10.477170981550067,3019300
2018-03-14,10.57329273223877,10.829615764254916,10.498532399606178,10.503872568870385,2325300
2018-03-15,10.653395652770996,10.712135485330741,10.514554289254121,10.674755314101828,2028000
2018-03-16,10.776211738586426,10.94175286015851,10.578629611394328,10.578629611394328,3088400
2018-03-19,10.733494758605957,10.973796264386802,10.728154589339741,10.786895432734969,1570100
2018-03-20,10.840296745300293,10.9043777677567,10.754856061047283,10.786897081542135,461800
2018-03-21,11.214099884033203,11.294200393783935,10.856316656515578,10.856316656515578,1310100
2018-03-22,11.0859375,11.30487934168152,10.861655489188061,11.283518665159852,1089300
2018-03-23,11.427701950073242,11.539843482154179,11.027198369917404,11.053899219714424,2659700
2018-03-26,11.320898056030273,11.630620686807726,11.176716567944316,11.614600181953856,730900
2018-03-27,11.13399887084961,11.401001236968145,11.10195887210468,11.304880222200161,532100
2018-03-28,11.027198791503906,11.20342033276836,10.87233793089372,11.20342033276836,2349400
2018-03-29,10.824273109436035,11.053895242403515,10.642711470277233,11.053895242403515,1755600
2018-04-02,10.60533332824707,10.824275166751823,10.47717232657598,10.824275166751823,562400
2018-04-03,10.760194778442383,11.166038483119626,10.67475410572435,10.696114783170438,1258800
2018-04-04,10.557270050048828,10.754851160402477,10.51454972738862,10.754851160402477,2526900
2018-04-05,10.680093765258789,10.957776447603464,10.583972758406162,10.861655440750837,2015300
2018-04-06,10.519890785217285,10.749511902363123,10.31162830340964,10.749511902363123,1177600
2018-04-09,10.226188659667969,10.626692139956791,10.060647506337835,10.599992315350743,1586400
2018-04-10,10.01258659362793,10.263568397569664,9.932486104585502,10.039286417131079,29456800
2018-04-11,10.354348182678223,10.402408674979563,10.146086728394334,10.199487388566142,2633000
2018-04-12,10.626693725585938,10.712134399313676,10.40775187184196,10.45581237813046,2222200
2018-04-13,10.386391639709473,10.749513973754068,10.284930463304967,10.680093812129796,3255800
2018-04-16,10.1407470703125,10.514550691773882,10.049966249016618,10.354348703204893,1109900
2018-04-17,10.183469772338867,10.252890955805512,10.076669440246347,10.146089605179826,1468800
2018-04-18,10.626693725585938,10.680094401299067,10.183469848673353,10.183469848673353,3507400
2018-04-19,10.674752235412598,10.722812732712509,10.471830927894178,10.685432572264352,708100
2018-04-20,10.957776069641113,10.957776069641113,10.605333069026903,10.760193893644383,1399600
2018-04-23,10.904376983642578,11.13399918801081,10.781556136177365,10.840295965794123,1334200
2018-04-24,10.744175910949707,11.107298281758576,10.744175910949707,11.016517434423054,903400
2018-04-25,10.893693923950195,10.947094589066872,10.74951243369506,10.74951243369506,787200
2018-04-26,10.899032592773438,11.053894398451865,10.78689212813692,10.947093082912755,597600
2018-04-27,10.893693923950195,11.032535245840366,10.626691616899784,10.947094589066872,1132700
2018-04-30,10.728150367736816,10.904371810044978,10.525228089604544,10.893691475715334,801500
2018-05-02,10.295613288879395,10.765537081987292,10.263572266358379,10.680096392331311,1022600
2018-05-03,10.098028182983398,10.35435017898727,9.798985854312216,10.35435017898727,1135400
2018-05-04,9.91565990447998,10.097696934566528,9.744331175269059,10.097696934566528,1741000
2018-05-07,9.969200134277344,10.199422470053241,9.915659652459793,9.915659652459793,737200
2018-05-08,9.958492279052734,10.06021909693569,9.674728427568615,10.06021909693569,1009000
2018-05-09,10.172651290893555,10.27973223927754,9.856763616480364,9.894241642054878,703500
2018-05-10,10.327919960021973,10.397521871040377,10.108403884041437,10.17265266599667,761600
2018-05-11,10.012031555175781,10.322565100695902,9.947782777633833,10.258316323153954,1351200
2018-05-14,9.530167579650879,9.829993824653535,9.214279907337096,9.776453350817375,3731800
2018-05-15,9.430395126342773,9.544210779975868,9.078110449957803,9.544210779975868,1770900
2018-05-16,9.587565422058105,9.723059559036786,9.359935230584394,9.484589588507605,785500
2018-05-17,9.051012992858887,9.620088220580863,8.915518792569015,9.587569901958132,1450800
2018-05-18,8.834219932556152,9.045591551753578,8.574071360646974,8.99681356530329,2176400
2018-05-21,8.780021667480469,9.023910526514813,8.709564127906855,8.958873910934335,1562900
2018-05-22,9.01849365234375,9.045593112680548,8.763764927610127,8.81254292247765,1271100
2018-05-23,8.882997512817383,9.126887433916572,8.704145248590809,8.861318983018837,1143600
2018-05-24,9.213604927062988,9.278642593157844,8.49819576871275,8.736665832742373,1696600
2018-05-25,9.175665855407715,9.338258454729953,8.964295269541097,9.213604059667002,810100
2018-05-28,8.579490661621094,9.175665206541098,8.536132569285373,9.175665206541098,827100
2018-05-29,8.937196731567383,8.975134939722453,8.628270140889088,8.628270140889088,1091600
2018-05-30,8.893837928771973,9.078110097022561,8.709565760521386,8.877578254959783,1073400
2018-06-01,9.159405708312988,9.311159551240912,8.807121072173736,8.85047916533336,909300
2018-06-04,9.403298377990723,9.419557021593134,9.202766492404454,9.202766492404454,1075500
2018-06-05,8.834219932556152,9.39787620543124,8.752923633051852,9.327418654452586,1455500
2018-06-06,8.313921928405762,8.823380270979268,8.248884792158568,8.714984527031397,1398000
2018-06-07,7.961637496948242,8.265144676422969,7.4413398441838945,8.265144676422969,2517800
2018-06-08,7.842403411865234,8.037514848195267,7.490118227960512,7.961637920076722,1358700
2018-06-11,7.544315338134766,8.17842808761927,7.5443153381347665,7.847821985914988,1448400
2018-06-12,7.967055797576904,7.9995746205134175,7.587672286619748,7.598512066554971,814300
2018-06-13,7.88576078414917,8.05919315606016,7.766525770025743,7.98873612575401,723400
2018-06-14,7.717750072479248,7.923701333568225,7.712330180034156,7.885763120191363,516000
2018-06-15,7.262485980987549,7.761104477017408,7.208288632991609,7.761104477017408,2359100
2018-06-18,7.316686153411865,7.354624360661007,7.1269940834275385,7.219130172634862,497000
2018-06-19,7.641870498657227,7.668968915984258,7.246227299878589,7.316684322041064,749000
2018-06-20,7.631030559539795,7.858660775063584,7.560573538842511,7.728586513869753,758500
2018-06-21,7.435922145843506,7.668971827935132,7.35462531238602,7.609354563561809,644700
2018-06-22,7.71232795715332,7.847822128011551,7.311265335461572,7.576833786295088,602900
2018-06-25,7.869505405426025,7.961641009571791,7.316688679334509,7.723171383741981,1487500
2018-06-26,7.66896915435791,7.945377361386295,7.511795951377511,7.858661182758377,1089200
2018-06-27,7.7773661613464355,7.799045209534657,7.5334762231423404,7.663551029140951,639100
2018-06-28,7.799046993255615,7.885763205841378,7.701490995661934,7.701490995661934,585900
2018-06-29,7.994156837463379,8.129651021149199,7.755687301598824,7.847822870985433,1395900
2018-07-02,7.874920845031738,8.015834902826832,7.66896964907027,8.015834902826832,982100
2018-07-03,8.021255493164062,8.118810950487703,7.885761314282472,7.999576445217779,477800
2018-07-04,8.102553367614746,8.124232419772047,7.945380110256966,8.124232419772047,656900
2018-07-05,8.037517547607422,8.24888872893958,7.950801324559191,8.118813877497773,421000
2018-07-06,8.129651069641113,8.243466205290861,7.950798787458553,8.124231178212723,371300
2018-07-10,7.956219673156738,8.319344174329053,7.956219673156737,8.210948399692441,677200
2018-07-11,8.129651069641113,8.183848950186439,7.92369984718589,7.9670579448744325,606500
2018-07-12,8.129651069641113,8.200108107602318,8.0646139231083,8.091712863380963,726200
2018-07-13,8.319343566894531,8.443997975007926,8.162170325390635,8.194688641911815,742100
2018-07-16,8.357280731201172,8.416897981955975,8.200107509330094,8.32476190187266,382000
2018-07-17,8.584911346435547,8.709565744213254,8.335602034010853,8.335602034010853,640800
2018-07-18,8.454838752746582,8.671629277947517,8.346442973276732,8.666209385600148,547900
2018-07-19,8.243462562561035,8.400635726445577,8.17842544476768,8.400635726445577,977600
2018-07-20,8.682469367980957,8.736667259621873,8.509036424851663,8.514456317389635,1444200
2018-07-23,8.774604797363281,8.98055552923895,8.725826802019807,8.888419430672243,1288200
2018-07-24,8.937196731567383,8.991394614819757,8.725826123995631,8.91551819850962,2017800
2018-07-25,9.03475284576416,9.067271162691954,8.812542451570032,8.93177696946438,684200
2018-07-26,9.061847686767578,9.143144997540293,8.855897049364376,8.953452995301037,516300
2018-07-27,8.828801155090332,9.023912068919302,8.769183385836138,9.018492177738144,747000
2018-07-30,8.812541961669922,8.828801636099252,8.63368967790169,8.752924189167645,697800
2018-07-31,8.525294303894043,8.801702579342273,8.492775987293854,8.801702579342273,957000
2018-08-01,8.509031295776367,8.682464134363785,8.427735024188173,8.525290446720188,539600
2018-08-02,8.758343696594238,8.790862010288384,8.433157975306399,8.530713433258112,671800
2018-08-03,9.067269325256348,9.072689215935776,8.725824482359917,8.807120775074454,966700
2018-08-06,9.01307201385498,9.186505425188955,8.931775716074421,9.051011250975185,451100
2018-08-07,8.88841724395752,9.132307160673475,8.736664436879561,9.051010866347646,673500
2018-08-08,8.850480079650879,8.985974263989526,8.731245569578762,8.904677960134055,572900
2018-08-09,8.671628952026367,8.910099037653936,8.552393909212583,8.888419469079281,607900
2018-08-10,8.395217895507812,8.671626101543106,8.265143628033274,8.671626101543106,724600
2018-08-13,8.780021667480469,8.780021667480469,8.373538685149011,8.395217729298897,1011000
2018-08-14,8.823383331298828,8.99681575477832,8.563234179210198,8.796283869043418,1067500
2018-08-15,8.709562301635742,8.817958016525326,8.633685921455925,8.817958016525326,591000
2018-08-16,8.81169319152832,8.888602892162382,8.685340717202584,8.833666942645445,431600
2018-08-17,8.663371086120605,8.811697914981131,8.526031662616411,8.78972310426847,586300
2018-08-20,8.569975852966309,8.78422490875023,8.471091350968772,8.663366655095524,741900
2018-08-21,8.509546279907227,8.668859910186352,8.421649176843992,8.509546279907227,582100
2018-08-22,8.295297622680664,8.569976344969321,8.212893691649217,8.55349524441818,1491900
2018-08-23,8.179931640625,8.355725835945941,8.086540843383743,8.322764162369252,813600
2018-08-24,8.185426712036133,8.256843251402286,8.009632476001384,8.240362672751067,892400
2018-08-27,8.355730056762695,8.416159210952468,8.207403236603762,8.207403236603762,1161800
2018-08-28,8.020620346069336,8.36671513749581,8.015126644895409,8.355728259056137,1280300
2018-08-29,8.185426712036133,8.278817530906629,7.866799397269077,8.048087334156948,1106700
2018-08-30,7.971177101135254,8.251349539585306,7.883279988815578,8.185426181437434,1070000
2018-08-31,8.048087120056152,8.168945916068948,7.97117740579103,7.987657984003823,622500
2018-09-03,8.10302448272705,8.10302448272705,7.894268534879333,7.949204503647552,575400
2018-09-04,7.691007614135742,8.103025879178729,7.691007614135742,8.031609317035612,1163200
2018-09-05,7.773409843444824,7.86130749967483,7.658044726295442,7.723968099445004,610900
2018-09-06,7.674525737762451,7.877787984749957,7.652551454950511,7.8063714346340936,1519400
2018-09-10,7.8887715339660645,7.993149726190821,7.718471045042738,7.718471045042738,1095600
2018-09-11,7.8832783699035645,7.8832783699035645,7.7129773568261655,7.773406478159174,555600
2018-09-12,8.009632110595703,8.009632110595703,7.861305861685182,7.877786439584544,622500
2018-09-13,7.800875186920166,8.075553894374455,7.696497508607083,8.02061846722843,788900
2018-09-14,7.691007614135742,7.9217378844724795,7.658045922412644,7.850321322329363,485200
2018-09-17,7.899760723114014,7.960189858055555,7.71297909377527,7.7239664949872555,557700
2018-09-18,7.9656829833984375,8.04808639090484,7.833837321824956,7.872292175473532,491400
2018-09-19,7.910745620727539,8.207398568407122,7.850316500908585,7.850316500908585,919000
2018-09-20,7.855814456939697,8.02611503412232,7.784397899960177,8.02062185582257,570600
2018-09-21,8.152464866638184,8.152464866638184,7.855811856413984,7.949202667401982,885300
2018-09-24,8.009632110595703,8.185426338610581,7.949202975692621,8.17993316191621,282400
2018-09-25,7.987656116485596,7.987656116485596,7.734951706036615,7.9656818427034235,586800
2018-09-26,8.048087120056152,8.18542649428174,7.9656837050840545,7.982164283296847,1034800
2018-09-27,8.201906204223633,8.39967468093263,8.037098878345445,8.04259257811993,1412200
2018-09-28,8.229374885559082,8.256842864629876,8.086542337425579,8.190920029204845,1733000
2018-10-01,8.196413040161133,8.256842169905923,7.965682873632913,8.23486789327981,978200
2018-10-02,8.630404472351074,8.701820994715982,8.28430925961714,8.28430925961714,1195900
2018-10-03,9.32809066772461,9.32809066772461,8.899592462180046,8.899592462180046,1634600
2018-10-04,9.383027076721191,9.405001882058619,8.99298371232938,9.251181388145802,1297400
2018-10-05,9.394013404846191,9.487404221214872,9.31160998988942,9.355558547720783,1333100
2018-10-08,10.492727279663086,10.68500259260511,9.88843388805222,9.88843388805222,3093500
2018-10-09,10.36638069152832,10.437796734461603,10.130156703045095,10.355393285594984,2346300
2018-10-10,9.95435905456543,10.256505281489632,9.811525968876209,10.256505281489632,1039800
2018-10-11,9.943370819091797,10.080710192151583,9.696159528457676,9.976331975237592,1055000
2018-10-15,10.086202621459961,10.21255457727257,9.937875865775872,10.124657473418917,626100
2018-10-16,10.218049049377441,10.218049049377441,10.047748528769077,10.163113093363586,879600
2018-10-17,10.371866226196289,10.38285362458657,10.069720105175467,10.080707503565748,750200
2018-10-18,10.218049049377441,10.3828558696028,10.179594194512605,10.371868468836787,731900
2018-10-19,10.053242683410645,10.382857420925957,10.042256328819349,10.229037978484145,890400
2018-10-22,10.311440467834473,10.338907923551753,10.009293215863025,10.10817773295127,1945900
2018-10-23,10.108176231384277,10.316932635963479,10.075215079856656,10.316932635963479,1239300
2018-10-24,9.970840454101562,10.300455231058741,9.888437021816392,10.190583289467519,1219500
2018-10-25,10.300451278686523,10.327918729636586,9.965342928452108,9.965342928452108,1413800
2018-10-26,10.575133323669434,10.575133323669434,10.185089948189871,10.344403100149442,1851400
2018-10-29,10.426806449890137,10.459768658589923,10.261999597656859,10.294960758540233,2972100
2018-10-30,10.6436128616333,10.809918883048738,10.41632747226985,10.532741475791077,1714900
2018-10-31,11.009488105773926,11.009488105773926,10.42741485526272,10.665787619604146,1907600
2018-11-01,11.003941535949707,11.319923560978285,10.821004518441175,10.965136874258159,2392100
2018-11-05,10.965136528015137,11.17024717829309,10.721220159923263,10.976222818614273,2315500
2018-11-06,10.998398780822754,11.087095459914242,10.74339503542386,10.981767756987669,1631100
2018-11-07,10.821004867553711,11.131443228449337,10.787742821589786,11.087094891178532,2276500
2018-11-08,10.699045181274414,11.14807324512499,10.593718550606157,10.89306953582554,1966800
2018-11-09,10.97622299194336,11.026115001144278,10.554914336787597,10.699045632981681,1520100
2018-11-12,11.087096214294434,11.087096214294434,10.893071819074704,11.003943204156803,982700
2018-11-13,11.25340461730957,11.41971173014576,11.142534266100224,11.29221035044836,2018700
2018-11-14,10.809918403625488,11.253401812629958,10.643612389585776,11.247859195196773,3267300
2018-11-16,11.314380645751953,11.314380645751953,10.821005244269717,10.865353583084437,2534900
2018-11-19,11.148075103759766,11.253401751988342,10.959594391611574,11.253401751988342,1733200
2018-11-21,11.17025089263916,11.286665970096019,10.96514017415753,11.098185221716761,2697600
2018-11-22,11.586015701293945,11.608190401955426,11.236772624659041,11.308838287113,1787100
2018-11-23,11.52503776550293,11.696887471849184,11.39753534723188,11.641451775733243,2696200
2018-11-26,11.52503776550293,11.525037765502931,11.525037765502931,11.525037765502931,0
2018-11-27,11.491775512695312,11.51395021369354,10.915247032264569,11.136988755507161,2123200
2018-11-28,12.023958206176758,12.134828552958503,11.530581620881952,11.530581620881952,3814200
2018-11-29,12.112649917602539,12.190259234118967,11.874277237047641,12.035039543738476,1224800
2018-11-30,12.101567268371582,12.184720290827753,11.90754284440848,12.084936240941127,1929300
2018-12-03,12.084936141967773,12.334396264641306,11.9629784471874,12.179176515272436,1905500
2018-12-04,11.974061965942383,12.096019621685361,11.724601923118453,12.090475947695085,1454100
2018-12-05,11.974061965942383,12.046127613120575,11.857646926841984,11.974061965942385,868000
2018-12-06,12.084936141967773,12.11265452079152,11.60819165702774,11.890912776941732,1030900
2018-12-07,11.80311107635498,12.125721997434118,11.736364574568409,12.125721997434118,1027100
2018-12-10,11.758610725402832,11.947727544527067,11.647366224157953,11.825358274882808,1549600
2018-12-11,11.808670043945312,11.90322844487259,11.569492849781241,11.825357195020553,715800
2018-12-12,12.23696517944336,12.281463192204683,11.82535829617204,11.830920680381743,1990900
2018-12-13,12.264777183532715,12.32039996990148,12.08678511588579,12.309275200444446,1762400
2018-12-14,12.476141929626465,12.726442844211164,12.147968699932427,12.264775581222032,2438100
2018-12-17,12.097909927368164,12.59851288459322,12.008913893235551,12.476143602889978,1052200
2018-12-18,12.109029769897461,12.19246338533446,11.936599095622885,12.10902976989746,1490000
2018-12-19,11.925479888916016,12.23696599910949,11.864294719427226,12.120159105630579,1166700
2018-12-20,11.936599731445312,12.064532413573632,11.708547342009142,11.95328687978797,1321000
2018-12-21,11.892104148864746,12.00891208918901,11.680738864781377,11.819795279838297,1447100
2018-12-26,11.652926445007324,11.875416467108414,11.402624507071028,11.73636007068072,897800
2018-12-27,12.07229232788086,12.077884068758767,11.569047380539978,11.714429443818991,1394700
2018-12-28,12.402198791503906,12.441339914975938,12.021968906605963,12.128209860684064,1742900
2019-01-02,12.79920482635498,12.899854054672266,12.206494007561385,12.418974882274481,848800
2019-01-03,12.687368392944336,12.827158698082282,12.323913812888753,12.827158698082282,1434700
2019-01-04,12.581130981445312,12.73210480918642,12.363058385718613,12.687371941690797,1754400
2019-01-07,12.4692964553833,12.525212798202054,12.150574687786591,12.29595675250914,1740900
2019-01-08,12.748878479003906,12.748878479003906,12.335099203908962,12.469297801249297,883200
2019-01-09,13.00609302520752,13.006093025207518,12.704145386689223,12.75446999310894,1058700
2019-01-10,13.011680603027344,13.162654373976283,12.860706832078408,12.966947752358989,831700
2019-01-11,13.045234680175781,13.224166147394724,12.860711471291786,13.02286878003125,1277800
2019-01-14,13.280081748962402,13.419872083162007,13.006092821913052,13.22416540197944,1080800
2019-01-15,13.252124786376953,13.324815294610913,13.16265905323562,13.23534956146958,1063100
2019-01-16,13.140294075012207,13.190618690833519,12.972546066618381,13.168251720905902,1150500
2019-01-17,12.972540855407715,13.151472276886652,12.871891664196964,13.112331161752559,1053900
2019-01-18,12.9166259765625,13.106740899957689,12.748876950117351,13.106740899957689,1080700
2019-01-21,12.63704776763916,12.911036723799956,12.631456025695178,12.911036723799956,730100
2019-01-22,12.385422706604004,12.737694926405375,12.26240760330899,12.63704572074784,1382300
2019-01-23,12.855119705200195,12.855119705200197,12.189717379542897,12.396607554693974,1668600
2019-01-24,12.9166259765625,12.978132993061752,12.754468690983742,12.860709634414116,1519700
2019-01-28,12.860711097717285,13.073191942238775,12.715329018195995,12.855119356214662,1568500
2019-01-29,13.140294075012207,13.140294075012207,12.804796991708729,12.911037965833259,912500
2019-01-30,13.291266441345215,13.291266441345213,12.855120175001682,13.151476094422817,1321700
2019-01-31,13.140294075012207,13.324817310851746,13.011687197475885,13.296859664958049,1570200
2019-02-01,12.860711097717285,13.173841156254717,12.665004411188024,13.173841156254717,2308200
2019-02-04,13.291266441345215,13.352773468760386,12.782429663868948,12.782429663868948,1376900
2019-02-05,13.716227531433105,13.755368653098975,13.212981491398844,13.291264801246161,1702600
2019-02-06,13.112336158752441,13.727412887857952,13.11233615875244,13.716230469640543,1227300
2019-02-07,13.134698867797852,13.330405536976777,12.860709957553578,13.140290608804742,861200
2019-02-08,13.341588020324707,13.341588020324709,12.625861222750855,13.028456946471199,923700
2019-02-11,13.196206092834473,13.363954046052834,12.983724214474707,13.363954046052834,1016000
2019-02-12,13.86720085144043,14.21947309405891,13.252124228610532,13.308039509583708,3339900
2019-02-13,13.531702995300293,14.152371272187562,13.531702995300293,13.923115239609436,1371400
2019-02-14,14.208292007446289,14.20829200744629,13.598805956713116,13.609989441400062,2311800
2019-02-15,14.258615493774414,14.292164878664776,14.08527576090587,14.20829088318101,782600
2019-02-18,14.258615493774414,14.280982461378466,13.951077154828702,14.258615493774412,507700
2019-02-19,14.258615493774414,14.471096353434332,14.118825145796233,14.275390719477452,1196600
2019-02-20,13.923117637634277,14.392813264914864,13.923117637634277,14.387221523338232,1399700
2019-02-21,13.973441123962402,14.068498590105639,13.632352380769218,13.979032865090307,1341500
2019-02-22,14.146782875061035,14.286573223891741,13.850428018110005,13.97903488307048,596900
2019-02-25,14.253021240234375,14.42636094255734,14.07408979699576,14.146780295868124,949000
2019-02-26,14.359262466430664,14.376036622991307,13.939891488165824,14.314529604743038,816100
2019-02-27,14.090866088867188,14.499053608040366,14.034949741983667,14.398404396953147,1268500
2019-02-28,13.979032516479492,14.174739185013314,13.878383311718354,14.118822841644286,1189700
2019-03-01,14.046134948730469,14.079684334372295,13.766554246511847,13.979035110931074,761400
2019-03-06,13.749774932861328,13.979030955205463,13.570843507277164,13.979030955205463,1048100
2019-03-07,13.41987419128418,13.833653517533548,13.36395783551734,13.833653517533548,1591700
2019-03-08,13.942323684692383,14.010306777283247,13.30214325945973,13.443775963024434,1112900
2019-03-11,14.503183364868164,14.616488834874994,13.863003191072742,13.863003191072742,790500
2019-03-12,14.690142631530762,15.188689219851023,14.610828671713634,14.656151088833658,1620800
2019-03-13,14.911087036132812,14.996066420373893,14.469193805850587,14.831773088250667,1189800
2019-03-14,14.724130630493164,15.013061375309194,14.707134322949376,15.013061375309194,734300
2019-03-15,15.013067245483398,15.013067245483398,14.707140073504734,14.820446673623904,1094300
2019-03-18,15.00739574432373,15.098040555569177,14.87142852745556,14.984735081798062,959400
2019-03-19,14.81478214263916,15.069721468230785,14.814782142639158,15.069721468230785,630900
2019-03-20,14.559844017028809,14.928088872125326,14.559844017028809,14.894097321958297,840900
2019-03-21,14.33322811126709,14.75246183379812,14.049962725031996,14.639155247075406,1413900
2019-03-22,13.664724349975586,14.27657761456722,13.664724349975586,14.163271014224692,1325700
2019-03-25,13.795022964477539,13.925324768061248,13.54008371349066,13.642059413885411,971600
2019-03-26,13.8460111618042,14.004639072553775,13.653390629689772,13.823349414227632,737900
2019-03-27,13.064197540283203,13.710043268169917,13.01887512785006,13.664720855736775,1108800
2019-03-28,13.545748710632324,13.73836923166636,13.02454043264109,13.03020586920933,762900
2019-03-29,13.70438003540039,13.902666026896881,13.438109874035607,13.823350981955253,1064500
2019-04-01,13.698712348937988,13.908328100523352,13.528752492455528,13.772360863680309,697700
2019-04-02,13.619400978088379,13.78369434852177,13.45510652708324,13.721375614613374,450200
2019-04-03,13.61373233795166,13.880001362845405,13.506091208496107,13.6590547481585,886900
2019-04-04,13.863006591796875,13.947987065862684,13.585406663410982,13.761031967946813,562800
2019-04-05,14.032965660095215,14.11794504874932,13.846010572827558,13.885667548828037,1006300
2019-04-08,13.664724349975586,14.10095227597912,13.64772803575266,14.10095227597912,3198800
2019-04-09,13.443770408630371,13.653387198752974,13.36445647318625,13.653387198752974,1432900
2019-04-10,13.71570873260498,13.727039606771813,13.42111356826878,13.460770547281058,782900
2019-04-11,13.506093978881836,13.981979923953677,13.398452827346803,13.755367826436542,790500
2019-04-12,13.285148620605469,13.630731697966302,13.064200858376676,13.392788702115787,978100
2019-04-15,13.143510818481445,13.375788286275547,13.092522976226993,13.296473264673399,983000
2019-04-16,13.200166702270508,13.432444234929692,13.086861194952593,13.160509720680652,762600
2019-04-17,13.030205726623535,13.364458916491339,12.97921787863885,13.183169270577585,746900
2019-04-18,12.99055004119873,13.273815411201069,12.882908898037783,13.04153789424488,1006400
2019-04-22,13.132182121276855,13.217161512248726,12.877242867789661,13.01887554626664,519600
2019-04-23,13.194499969482422,13.347462430846535,13.126515812876084,13.200164325342397,623700
2019-04-24,13.00754165649414,13.29647238325921,12.894236188328504,13.29647238325921,660000
2019-04-25,13.279481887817383,13.40411827136944,12.8942407815652,13.001881933152537,1412500
2019-04-26,13.245485305786133,13.596734762604836,13.245485305786131,13.279477920704048,1311700
2019-04-29,13.381454467773438,13.443772104667968,13.211494623931127,13.262482469026674,1228400
2019-04-30,13.83468246459961,13.83468246459961,13.290812323483548,13.47776852868889,1064400
2019-05-02,13.814128875732422,13.831147643569363,13.536144486358168,13.672300039394447,422500
2019-05-03,13.995676040649414,14.007022612463738,13.763076728799001,13.882212486643466,683900
2019-05-06,13.927595138549805,13.927595138549805,13.64393738760526,13.77442077541177,693300
2019-05-07,13.785764694213867,13.882208361842157,13.490761489175858,13.791437978435335,744400
2019-05-08,14.069424629211426,14.182888167377847,13.79144015097904,13.79144015097904,390200
2019-05-09,14.148846626281738,14.177211963950224,13.904900826886976,13.92192067872903,606100
2019-05-10,14.120482444763184,14.148848868996264,13.791439498138546,14.097790387445162,894800
2019-05-13,13.785764694213867,14.012691734799246,13.58153187258268,13.899228214506557,969500
2019-05-14,13.558837890625,14.126153292593145,13.519125985618151,14.041056198711575,1623700
2019-05-15,13.161717414855957,13.67230104688308,13.087965808567418,13.553164252904756,1528300
2019-05-16,12.724885940551758,13.201431013503028,12.65113432479567,13.184411160158923,972000
2019-05-17,12.262213706970215,12.750633868828743,12.015130501795616,12.750633868828743,2313400
2019-05-20,12.750633239746094,12.750633239746096,12.204751715898066,12.382881026381039,1468600
2019-05-21,13.198824882507324,13.233302359322817,12.825327651547905,12.911519151617865,1184500
2019-05-22,13.250544548034668,13.451658847856885,13.158606770284754,13.175845514607149,655800
2019-05-23,13.31949520111084,13.411432956577919,13.101142209888156,13.216064952214253,732500
2019-05-24,13.0954008102417,13.445913192367513,13.0954008102417,13.388451804745062,537300
2019-05-27,13.348225593566895,13.411433212651563,13.101142460037208,13.101142460037208,594600
2019-05-28,13.796426773071289,13.79642677307129,13.308006618625674,13.371214255078877,1143900
2019-05-29,13.555089950561523,13.871125943900761,13.555089950561522,13.76195051113838,955100
2019-05-30,13.560832023620605,13.670008518752216,13.463148021868005,13.589562161083638,1734000
2019-05-31,13.647026062011719,13.71597993908462,13.445911774532501,13.612549671467614,585400
2019-06-03,13.81940746307373,13.951568953707552,13.635531940781798,13.647024434921184,967200
2019-06-04,13.647026062011719,13.997539503161647,13.647026062011717,13.882616740035038,899700
2019-06-05,13.445910453796387,13.784931366136096,13.359718937910014,13.710232344630462,735300
2019-06-06,13.779316902160645,13.894625435098025,13.519874352547046,13.60058966580501,452000
2019-06-07,13.773552894592285,14.027231035417914,13.7216641589765,13.779318431845569,332300
2019-06-10,13.802376747131348,13.963807346729471,13.548698676766955,13.785080140175769,525000
2019-06-11,13.894625663757324,13.969575441635477,13.75625608175357,13.802379275754822,941000
2019-06-12,13.560234069824219,13.773553458612165,13.266198255848764,13.762023483297236,5416800
2019-06-13,13.087468147277832,13.675538547725596,13.024048348345156,13.554465585759868,1794300
2019-06-14,12.71272087097168,13.162422973084427,12.580116785617005,13.162422973084427,2147200
2019-06-17,12.799199104309082,12.89144549319684,12.574347569189433,12.706952715421322,1379400
2019-06-18,13.168185234069824,13.358443556905161,12.949099226160195,12.954864763175053,1015100
2019-06-19,13.260428428649902,13.369971406183653,13.03557803762163,13.214305243319398,825400
2019-06-21,13.542937278747559,13.542937278747559,13.208543806420353,13.260432543476629,1142000
2019-06-24,13.923456192016602,14.182899919061382,13.444927506317116,13.54870499713503,1070100
2019-06-25,13.548705101013184,13.917690760382337,13.439162071013964,13.894629706503768,1342600
2019-06-26,13.444926261901855,13.756258705539752,13.358445394112627,13.715901040549038,1407600
2019-06-27,13.542937278747559,13.652480290273452,13.329617892772935,13.479517466864595,797600
2019-06-28,13.692837715148926,13.825441774365792,13.52564043205164,13.548702581305253,1466400
2019-07-01,13.606355667114258,13.92345249402631,13.450689472231451,13.802379520004376,1423600
2019-07-02,13.519876480102539,13.687072669542534,13.404567929019631,13.635183931521608,1320700
2019-07-03,13.664012908935547,13.802382523498101,13.387272580146494,13.571766499227177,847600
2019-07-04,13.99263858795166,14.113711568479216,13.733194915872946,13.756257064352727,1046900
2019-07-05,14.465401649475098,14.465401649475098,13.923453255964944,14.096416070743299,1121300
2019-07-08,14.396214485168457,14.471165358670763,14.30396810213764,14.471165358670763,785400
2019-07-10,14.678719520568848,14.840151244552793,14.396214828344682,14.419276974483955,1344600
2019-07-11,14.528822898864746,14.845919774572591,14.419279881942598,14.70178463113014,1058100
2019-07-12,14.257845878601074,14.713313387943536,14.113710757871997,14.511523998990087,1449400
2019-07-15,14.12524127960205,14.401980436670893,13.986871701067628,14.246314248445797,1576300
2019-07-16,13.929221153259277,14.223256998506557,13.89462902430782,14.154071640939687,1269900
2019-07-17,14.079121589660645,14.321268687258305,13.969578567025913,13.975344105023943,929800
2019-07-18,14.234789848327637,14.234789848327637,13.981111638526773,14.0560614438708,969000
2019-07-19,14.298205375671387,14.373156263903294,14.056058297712031,14.24631663756125,1030800
2019-07-22,14.246317863464355,14.523058190420015,14.188664682526534,14.286676629650344,834200
2019-07-23,14.390448570251465,14.413510715234368,14.119474964683954,14.298202189647053,1248600
2019-07-24,14.528822898864746,14.788265497262836,14.390452193455783,14.390452193455783,1100100
2019-07-25,14.327033042907715,14.609537783513758,14.084885965293417,14.528822457530271,1251600
2019-07-26,14.2866792678833,14.494233176847823,14.004174450396587,14.42504890708103,872600
2019-07-29,14.4884614944458,14.488461494445799,14.159833603236008,14.292438746780181,714700
2019-07-30,13.911921501159668,14.494227526399953,13.813909574145686,14.494227526399953,1473100
2019-07-31,13.554472923278809,13.998409556799052,13.491053090014718,13.92345864482073,1847500
2019-08-01,13.652481079101562,13.86580047740159,13.46798826987001,13.687073205916509,1245000
2019-08-02,13.462225914001465,13.606361092738817,13.277733061163918,13.583298936302052,1127000
2019-08-05,13.237369537353516,13.439158935109315,13.145123144036077,13.433393398069008,1073100
2019-08-06,13.767790794372559,13.767790794372559,13.25466994703474,13.32962085037464,717800
2019-08-07,13.99263858795166,13.99263858795166,13.479516780914176,13.762022601472673,827800
2019-08-08,13.940749168395996,14.079118753483,13.790848509635817,14.009933411107642,1300700
2019-08-09,13.750497817993164,14.096422505801748,13.750497817993162,14.033002668131966,929200
2019-08-12,13.594823837280273,13.744724487014693,13.387268922315132,13.508342989266012,1871200
2019-08-13,13.287896156311035,13.836210632267415,13.27622960680131,13.830377357512551,1754100
2019-08-14,12.926239013671875,13.317059464257994,12.768743956140924,13.305392916459427,2673600
2019-08-15,12.739578247070312,13.04873507726023,12.48291976752742,13.04873507726023,1203000
2019-08-16,12.832908630371094,12.961237316144848,12.634581771622338,12.856241725557167,849600
2019-08-19,12.850409507751465,13.054568544490428,12.710414262880475,12.937906396722921,970100
2019-08-20,12.71041488647461,12.867908849316825,12.482921628887658,12.867908849316825,817500
2019-08-21,12.90873908996582,13.01956906800993,12.692913520314013,12.926238911525383,1829300
2019-08-22,12.803747177124023,12.978740992665875,12.716249156769551,12.92040934995741,672100
2019-08-23,12.389586448669434,12.78624005775059,12.366254472443847,12.727908448312258,755800
2019-08-26,12.226263046264648,12.541253195446096,12.115434167923047,12.430423204521139,1498300
2019-08-27,12.307928085327148,12.541253509498821,12.144599732115285,12.249596451138384,1527900
2019-08-28,12.372089385986328,12.447920828910474,12.12126530096112,12.331257584065554,963200
2019-08-29,12.698745727539062,12.722077708408822,12.372089094697365,12.500418883522007,901300
2019-08-30,13.200396537780762,13.20039653778076,12.64624885464793,12.792077367985504,1692100
2019-09-02,12.856243133544922,13.287895428511947,12.77457840403314,13.241230345612358,1158100
2019-09-03,13.048737525939941,13.095402611651727,12.716247538587144,12.850410633519004,1106000
2019-09-04,13.007904052734375,13.165399127574887,12.955405694454203,13.083735509176112,1011000
2019-09-05,13.007904052734375,13.29956110425383,12.967072243534988,13.042903699976726,1023900
2019-09-06,13.363726615905762,13.451223512801427,12.943740843256524,13.054569726785443,1568200
2019-09-09,13.8012113571167,13.947039880427386,13.474555776424097,13.474555776424097,1868300
2019-09-10,13.416220664978027,13.702044363026289,13.241226927424577,13.702044363026289,1574500
2019-09-11,13.626219749450684,13.707883379514685,13.439559387828101,13.44539155061823,1112900
2019-09-12,13.212064743041992,13.783712320006414,13.142067670906929,13.737047234388571,2260800
2019-09-13,12.891240119934082,13.311225815609586,12.856241590106926,13.252894190842186,1410800
2019-09-16,12.337093353271484,12.95540600583019,12.296261543090727,12.943740569052391,2611000
2019-09-17,12.821245193481445,12.821245193481445,12.272930674574702,12.366260852796424,4051300
2019-09-18,13.766209602355957,13.766209602355957,12.873738847963583,13.066232409195303,3894500
2019-09-19,14.145367622375488,14.209532532565532,13.462890047225583,13.538720394427392,3788500
2019-09-20,13.947039604187012,14.151199755294966,13.766212550386625,14.127866657987399,2203600
2019-09-23,13.766209602355957,14.04036676150929,13.69621143800666,13.999534962548484,721700
2019-09-24,13.322891235351562,13.818708335030756,13.287892708486886,13.713711641853621,1376300
2019-09-25,13.06623363494873,13.346224093445883,12.879573329283964,13.3287253851543,1104700
2019-09-26,13.124563217163086,13.25289187920102,13.013733260694911,13.118729944445498,955400
2019-09-27,13.206230163574219,13.328726696583795,13.007903291145988,13.124566549956699,805000
2019-09-30,13.153729438781738,13.282059222872135,13.072065839875552,13.200394511382859,787000
2019-10-01,13.048737525939941,13.124567873002816,12.902908994017688,13.124567873002816,1376300
2019-10-02,12.82707405090332,12.972902543222707,12.727910631622812,12.949570562994818,774500
2019-10-03,12.704583168029785,13.054570783954714,12.576253337112714,12.838745161639908,1393100
2019-10-04,12.523752212524414,12.774577431227693,12.459588423788245,12.774577431227693,1567100
2019-10-07,12.132929801940918,12.605414905887704,12.121264368420425,12.570415267577005,1992600
2019-10-08,11.998767852783203,12.30209137580772,11.957936054026648,12.208761232197572,1681700
2019-10-09,12.430421829223633,12.430421829223633,12.092099731932818,12.162097905978573,1242500
2019-10-10,12.412924766540527,12.669582176055899,12.366259681848334,12.42459020327604,828700
2019-10-11,12.71041488647461,12.751246695825678,12.465422917784835,12.541253261924911,1220600
2019-10-14,12.757076263427734,12.850406404134059,12.599581233767173,12.710411193074572,950800
2019-10-15,12.68708324432373,12.827078512130388,12.6112528914806,12.757081434518804,643800
2019-10-16,12.838741302490234,12.96123670872682,12.465420697674169,12.745411151286218,874000
2019-10-17,12.867905616760254,13.007900833331338,12.68707860109549,12.844573636956614,863100
2019-10-18,12.873738288879395,12.96123515607887,12.687078008831707,12.867905016055024,1302400
2019-10-21,12.92040729522705,12.949573668234732,12.722080409108289,12.949573668234732,476800
2019-10-22,13.06623363494873,13.171230335030959,12.873740055659042,12.879573329283964,989900
2019-10-23,13.153729438781738,13.223727603974963,12.862072456878968,13.101231093032592,1307200
2019-10-24,13.311230659484863,13.392894296326196,13.124570282371183,13.130403558228936,1347600
2019-10-25,13.270394325256348,13.39288973883415,13.17123089458627,13.311226129782282,636300
2019-10-28,13.445389747619629,13.532887753907492,13.182899066506142,13.276229234802052,769000
2019-10-29,13.416220664978027,13.53288389840236,13.153728946064803,13.509550806684274,902200
2019-10-30,13.468722343444824,13.497887602730328,13.223730382663273,13.410390712290488,834500
2019-10-31,13.042902946472168,13.433723417433393,13.019569849658582,13.433723417433393,1356800
2019-11-01,13.019569396972656,13.381224596925565,12.891240706709754,13.17123118323786,1203600
2019-11-04,13.06623363494873,13.28789358236303,13.054567087698889,13.09540000307334,964400
2019-11-05,12.949573516845703,13.229564018945965,12.87374206049562,13.037070409679115,908900
2019-11-06,13.042902946472168,13.182898189603806,12.891241154933738,12.9787380428181,720300
2019-11-07,12.838741302490234,13.153730284658002,12.838741302490236,13.095399774592863,1029500
2019-11-08,12.815408706665039,12.89124015283113,12.751244920582044,12.89124015283113,741800
2019-11-11,12.587915420532227,12.949570571251463,12.552916893876528,12.949570571251463,1291800
2019-11-12,12.505833625793457,12.694778993409832,12.316888258177084,12.694778993409832,1335800
2019-11-13,12.186986923217773,12.452692038312476,12.051182587148558,12.446787355065574,1374400
2019-11-14,12.216512680053711,12.263749028875917,12.13384822496231,12.24013029136312,839900
2019-11-18,12.092514991760254,12.45859749229312,12.092514991760254,12.340506072455874,1265400
2019-11-19,12.104323387145996,12.222414797501852,11.956709687302752,12.210605431225636,640300
2019-11-21,12.299174308776855,12.299174308776855,12.027565622145598,12.163369965461227,612200
2019-11-22,12.263748168945312,12.393647837547,12.228320065160325,12.393647837547,564200
2019-11-25,12.246033668518066,12.340506356077832,12.145656297210408,12.328696988582044,641200
2019-11-26,11.809096336364746,12.210605791993657,11.809096336364746,12.210605791993657,2095500
2019-11-27,11.921284675598145,12.009852684831928,11.626057227349971,11.879953013035935,1868700
2019-11-28,11.897666931152344,11.956712650965699,11.755957879322347,11.86814463434738,601800
2019-11-29,11.88585376739502,11.938994785641448,11.809095144485218,11.938994785641448,1009400
2019-12-02,11.809096336364746,12.080705011523605,11.809096336364746,11.956710040569305,907000
2019-12-03,11.761862754821777,11.856335457575089,11.720531088142636,11.838621403482549,1501400
2019-12-04,11.927189826965332,12.033470766487515,11.809098392558395,11.856334741080493,1958000
2019-12-05,12.062994956970215,12.062994956970215,11.844526127255294,11.97442693862223,1199800
2019-12-06,12.015754699707031,12.116132054861263,11.86223632557685,12.05708635308764,3303800
2019-12-09,12.157469749450684,12.163374435182472,11.897669208270246,11.968524310848055,1069400
2019-12-10,12.104323387145996,12.163369092323924,12.009850709342572,12.104323387145996,1099600
2019-12-11,12.08660888671875,12.175178004282253,11.933090509465949,12.104322935472073,1601600
2019-12-12,12.293270111083984,12.322793530060698,12.00394736233186,12.086610683060101,1590300
2019-12-13,12.163372039794922,12.328698702911874,12.08070758203302,12.328698702911874,1354600
2019-12-16,12.234222412109375,12.328695085082954,12.198795441295058,12.263745826290554,812400
2019-12-17,12.340505599975586,12.364124333520044,12.086609845388674,12.222415310862901,1099800
2019-12-18,12.511739730834961,12.511739730834961,12.293270920830059,12.340507268100936,1731000
2019-12-19,12.375934600830078,12.52354833104725,12.328698252208717,12.51174008854445,1424500
2019-12-20,12.393646240234375,12.405455606640695,12.163369226326976,12.399550923437534,1129600
2019-12-23,12.694779396057129,12.694779396057129,12.346410941138835,12.458597679045555,1083700
2019-12-26,12.812870979309082,12.877820248429613,12.56487989176751,12.694779556211847,996500
2019-12-27,12.812870979309082,12.93096127620304,12.700684239987037,12.90143898353037,1284200
2019-12-30,12.783348083496094,12.930961805305989,12.700684759667618,12.877820775358161,1311100
2020-01-02,13.131714820861816,13.149428870570146,12.806965126297968,12.883723755961054,844800
2020-01-03,13.0431489944458,13.155335742187741,12.89553526759712,12.936866930922212,1149600
2020-01-06,13.019532203674316,13.037246258977188,12.71840114695023,13.019532203674318,1147800
2020-01-07,13.078577041625977,13.119908708326456,12.877822266620685,13.025436005524373,882500
2020-01-08,12.795156478881836,13.07857453292348,12.795156478881836,13.07857453292348,1508500
2020-01-09,12.629829406738281,12.86010757364012,12.41136173382,12.85420288974999,2227900
2020-01-10,12.352317810058594,12.730208624128874,12.31689082779037,12.682972272370089,2031900
2020-01-13,12.488121032714844,12.56488080114448,12.346411990464008,12.476311664309769,1483300
2020-01-14,12.452695846557617,12.541263869940394,12.310986783904472,12.541263869940394,1114600
2020-01-15,12.263748168945312,12.488120528567011,12.175180161889468,12.488120528567011,1553800
2020-01-16,12.275559425354004,12.346413391417578,12.192894963341853,12.287367668895609,1302300
2020-01-17,12.434981346130371,12.446790715812812,12.251940620866447,12.293272288551513,1214400
2020-01-20,12.464503288269043,12.47040797240818,12.281461458565873,12.452693919990773,952200
2020-01-21,12.216512680053711,12.464503792921134,12.181084573784515,12.446789739786537,1843600
2020-01-22,12.216512680053711,12.328698304629329,11.998043862873896,12.24013029136312,2257900
2020-01-23,12.629829406738281,12.629829406738281,12.03937453216496,12.222416354149065,1912800
2020-01-24,12.594403266906738,12.747921679646467,12.52945286600056,12.635734930682169,1248600
2020-01-27,12.228320121765137,12.505834638348928,12.228320121765137,12.340506865196954,910600
2020-01-28,12.305079460144043,12.423170883466504,12.133847008946804,12.316888827716944,1541500
2020-01-29,12.163372039794922,12.494026492232251,12.139753301519113,12.358222125756633,1369800
2020-01-30,12.104323387145996,12.104323387145996,11.826810036873832,12.062991731382391,1513700
2020-01-31,11.862237930297852,12.186987644680212,11.856333246701396,12.01575632519597,2026700
2020-02-03,11.90356731414795,12.051180997236296,11.773667678463296,11.90356731414795,1487300
2020-02-04,11.921284675598145,12.157466408956015,11.921284675598145,12.021662053050656,931600
2020-02-05,12.299174308776855,12.470406753464308,12.033469179504335,12.033469179504335,1447800
2020-02-06,11.938994407653809,12.488117494679669,11.89766275614916,12.399549509140702,2566400
2020-02-07,11.519773483276367,11.92718761769122,11.519773483276367,11.92718761769122,2910800
2020-02-10,11.454825401306152,11.744148181471433,11.454825401306152,11.578821522064645,1712200
2020-02-11,11.720524787902832,11.980325143923325,11.555197083852908,11.602433409838193,3914100
2020-02-12,11.744149208068848,11.96852273145334,11.738244523116256,11.815004301296451,2032600
2020-02-13,11.513870239257812,11.732339041891137,11.507965555272769,11.661483960273937,1420100
2020-02-14,11.259973526000977,11.584724361052036,11.254068842505152,11.578819677556211,1623700
2020-02-17,11.478445053100586,11.478445053100586,11.271785586182045,11.319021939231698,966300
2020-02-18,11.425302505493164,11.496156462603803,11.30130639124453,11.425302505493164,971800
2020-02-19,11.649673461914062,11.64967346191406,11.372160098764583,11.460728097539675,1395800
2020-02-20,11.389875411987305,11.714625152240828,11.37216135978675,11.661484121842493,1818400
2020-02-21,11.43710708618164,11.47253404990726,11.277684060112046,11.36625203252753,1266500
2020-02-26,10.634092330932617,11.088742850569377,10.510096222757461,11.0710287990577,2878900
2020-02-27,10.427433967590332,10.793516519505202,10.397911671589002,10.563238331121894,2612200
2020-02-28,10.716757774353027,10.716757774353027,10.161729771984742,10.332962258561446,3880900
2020-03-02,11.10645580291748,11.189120250636602,10.740374413744554,10.746279097596155,2187000
2020-03-03,10.657710075378418,11.277688371718279,10.60456904637205,11.277688371718279,2952300
2020-03-04,10.539620399475098,10.882084203225617,10.439243019434254,10.86437015044075,2537300
2020-03-05,9.890117645263672,10.563235739541392,9.836976624536154,10.510094718813875,2570600
2020-03-06,9.754315376281738,9.949165451389636,9.606701648890803,9.707079028564774,2688500
2020-03-09,8.419886589050293,9.211096205670673,8.366745560605395,9.211096205670673,3639400
2020-03-10,9.683460235595703,9.760220004068897,8.986723829249545,9.033960176693295,4358800
2020-03-11,9.591666221618652,9.609651007413845,8.632499370773644,9.531718079050393,4217200
2020-03-12,8.356739044189453,8.70443747486153,8.003046828262859,8.512603759368684,3058300
2020-03-13,9.11208438873291,9.831459366739306,8.356740404557614,9.172032541778426,3868800
2020-03-16,8.16490650177002,8.716427402480585,7.793229472457753,8.326766157540861,2819600
2020-03-17,8.86629581451416,8.86629581451416,8.248832505187078,8.27880657435414,2386000
2020-03-18,7.595401763916016,8.554568744697612,7.493490250768923,8.398704010271715,2608500
2020-03-19,7.631368160247803,7.775243569162073,6.9779364650080575,7.451524899593584,3028900
2020-03-20,7.163774013519287,8.122940652627262,7.031888472007702,8.009039321232978,3256600
2020-03-23,6.486365795135498,7.181761686524989,6.4503973575577005,7.16377746773609,3183500
2020-03-24,6.965947151184082,7.313644987330213,6.840056515909944,7.193749280332897,2364800
2020-03-25,7.229719638824463,7.739276632381959,6.947964245577228,7.01390675390831,2763700
2020-03-26,7.463514804840088,7.763254359827302,7.157780321543249,7.229718317843071,2355600
2020-03-27,7.307652473449707,7.517470458798249,7.061866049972169,7.1997465873547,1933900
2020-03-30,7.391576766967773,7.66733715754444,7.313644420532217,7.433540118237771,1160900
2020-03-31,7.151783466339111,7.505476109128483,7.055866933726597,7.4095590048083375,2449800
2020-04-01,6.7081708908081055,7.037884510806306,6.600265041354525,7.037884510806306,3555900
2020-04-02,6.744137763977051,6.88801256573206,6.534319915970263,6.88801256573206,4323100
2020-04-03,6.666207790374756,6.8340617850190695,6.372463156820245,6.8340617850190695,1560200
2020-04-06,7.145791530609131,7.325635390375348,6.953958385102696,6.953958385102696,2650300
2020-04-07,7.205740928649902,7.7872353951069515,7.205740928649903,7.493490696994673,2570400
2020-04-08,7.505480766296387,7.691319020619286,7.133803114234616,7.223725348136523,1483900
2020-04-09,7.883147716522217,7.973069899225961,7.583408250925058,7.583408250925058,2720100
2020-04-13,7.943098545074463,7.961082759060583,7.679327977015898,7.889145331408247,1759700
2020-04-14,8.15291690826416,8.314775986232448,8.06299469009699,8.06299469009699,1728900
2020-04-15,7.811212062835693,8.170899730793431,7.79922277881459,8.062993316064553,1673300
2020-04-16,7.6853227615356445,8.015036418737221,7.6793284043452745,7.973073059865199,1105100
2020-04-17,7.787235260009766,8.02103237151483,7.685323742562017,7.913125924403576,1211200
2020-04-20,7.637362957000732,7.859170136814789,7.499483049970821,7.673331951539015,1745600
2020-04-22,7.781239032745361,7.823202961684024,7.589405889167005,7.661343318008888,1504400
2020-04-23,7.601395130157471,8.033019668211745,7.529457707148425,7.9071290350189605,1402400
2020-04-24,7.115816593170166,7.553436617761999,6.864035334464247,7.505478337218757,4174400
2020-04-27,7.29565954208374,7.4095603015681615,7.145789790720817,7.337622889518886,1698800
2020-04-28,7.553439140319824,7.781240763123294,7.493490983766496,7.493490983766496,1700800
2020-04-29,7.8951416015625,7.8951416015625,7.63736534655786,7.793230085477314,1865700
2020-04-30,7.517470359802246,7.79323085922786,7.481501350438901,7.649355965190498,2967600
2020-05-04,7.241708755493164,7.421552631454694,7.223724539409387,7.415557702190794,1380000
2020-05-05,7.313644886016846,7.49348872987542,7.253697319202534,7.343618955277911,1325100
2020-05-06,7.37959098815918,7.427549290020311,7.241710441527388,7.33762704524965,2034400
2020-05-07,7.0798468589782715,7.493487095075027,7.055867723142339,7.48749216818912,2459000
2020-05-08,7.4095611572265625,7.517467573615407,7.145790615918915,7.229717892188883,2271400
2020-05-11,7.169768810272217,7.667336330885536,7.0858415450731105,7.283669567885262,2578900
2020-05-12,6.720160961151123,7.385582578841556,6.720160961151123,7.28966601107081,3872700
2020-05-13,6.642228603363037,6.882020022661838,6.450395467923996,6.834061738802078,3433000
2020-05-14,6.678198337554932,6.744140842197125,6.318510597287924,6.528328541061662,3902200
2020-05-15,6.738144397735596,6.888014160523529,6.58227970722628,6.642227841024563,3192800
2020-05-18,6.977936267852783,7.0019154067096885,6.762123446432864,6.9179881348566346,1903200
2020-05-19,6.726157188415527,7.067860170010183,6.696183112272078,6.9359745780037745,1961400
2020-05-20,6.92997932434082,6.935973681428292,6.774114605909024,6.804088678177889,1276400
2020-05-21,7.091838836669922,7.283671996273694,6.870031602951082,6.959953253588372,2725400
2020-05-22,7.001917839050293,7.1517876518949794,6.9359747555055336,7.025896986237124,2171800
2020-05-25,7.487493991851807,7.547442131896523,7.22372343341229,7.22372343341229,2196200
2020-05-26,7.421550750732422,7.787232767542644,7.40356653920609,7.733279561255872,3166900
2020-05-27,7.631368160247803,7.643358015868901,7.487493323041314,7.553436385541792,1636200
2020-05-28,7.643360614776611,7.685323980303342,7.493490798800599,7.631370755078701,1508800
2020-05-29,7.517470359802246,7.631371174654822,7.457522201432674,7.613386955827154,1766200
2020-06-01,7.865167140960693,7.88315135712386,7.565427536937613,7.607390898554309,2072400
2020-06-02,8.074986457824707,8.074986457824707,7.949095779980384,8.003049009300526,2723600
2020-06-03,8.584541320800781,8.716426895042702,8.344749887368083,8.344749887368083,4562500
2020-06-04,8.794358253479004,9.016165447100697,8.596530200472957,8.860300747245082,11325000
2020-06-05,9.11208438873291,9.351876429207014,8.908261354427708,9.178027471424569,4993500
2020-06-08,9.208000183105469,9.351875623680359,8.998182808934764,9.285932546668727,4596300
2020-06-09,9.11208438873291,9.321902352684257,8.91425628407385,9.040146948103066,3144400
2020-06-10,8.632909774780273,9.379113825779338,8.632909774780273,9.24564632635672,3468400
2020-06-12,8.469108581542969,8.60257607039283,8.183973675816311,8.347774763754588,2750100
2020-06-15,8.475173950195312,8.517640634429815,8.135438740623744,8.311372890607634,1899700
2020-06-16,8.499444961547852,8.936246848502366,8.493378124032116,8.766379448020054,1624300
2020-06-17,9.03331470489502,9.057581476907837,8.456977857101004,8.499445142047547,3583800
2020-06-18,9.045443534851074,9.257778123728366,8.893776136671638,9.039376700068246,3743300
2020-06-19,8.911977767944336,9.294179753926512,8.863444237524249,9.251713059450266,3601400
2020-06-22,8.911977767944336,9.06971203109228,8.839177472314205,9.021178500672193,2359400
2020-06-23,8.905912399291992,9.142513239059122,8.808845328765438,9.039379331983314,2037200
2020-06-24,8.463041305541992,8.936243459570886,8.378107926793236,8.905910440626473,4858000
2020-06-25,8.535844802856445,8.608645117121531,8.36597740290458,8.505511772503429,3111200
2020-06-26,8.29317569732666,8.57224381114075,8.29317569732666,8.511576603481672,2544000
2020-06-29,8.450911521911621,8.578312218472893,8.353844434734551,8.372044368938882,2132500
2020-06-30,8.22037410736084,8.46304174284684,8.19610734381224,8.46304174284684,2719200
2020-07-01,8.384175300598145,8.49337603475736,8.238574707429413,8.281041402462295,1873200
2020-07-02,8.560110092163086,8.85131187736962,8.535843324942988,8.541910161389355,2763600
2020-07-03,8.651111602783203,8.669311535028774,8.408443332392132,8.554044526052941,1193800
2020-07-06,8.905912399291992,8.972645865637654,8.754244956952906,8.802778492216184,2011600
2020-07-07,8.566176414489746,8.881644947982775,8.566176414489746,8.839177673972355,3412100
2020-07-08,8.802778244018555,8.820978174587784,8.60864352987377,8.638977133199395,2342600
2020-07-09,8.66324520111084,8.863446203132748,8.614711659927677,8.820979499238842,1819700
2020-07-10,8.717843055725098,8.717843055725098,8.57224247432769,8.663242693059749,1804900
2020-07-13,8.857378959655762,9.015112661681666,8.74211137823698,8.766378146130611,4469500
2020-07-14,8.772444725036621,8.92411216455761,8.687510750621335,8.863444957323068,1518800
2020-07-15,9.354849815368652,9.391249685025995,8.839180173843822,8.905914232491446,4727200
2020-07-16,8.996912956237793,9.28204792006927,8.990846119470755,9.25171431479947,2483000
2020-07-17,8.978713989257812,9.14858138702925,8.96658031441998,9.100047844808838,2385700
2020-07-20,9.03331470489502,9.100048183288898,8.930180779199173,8.978714323224809,1293000
2020-07-21,9.130379676818848,9.251713508761668,9.039378868937721,9.21531306989615,3406000
2020-07-22,8.996912956237793,9.197113941026911,8.869512276956955,9.191047104259871,1753900
2020-07-23,8.754241943359375,9.051509889155643,8.723908349620634,9.009043205060513,1711600
2020-07-24,8.65717601776123,8.784576086403794,8.541908462467598,8.675375944915132,1604800
2020-07-27,8.778511047363281,8.851311344641992,8.645043546402976,8.717843843681688,1619800
2020-07-28,8.736044883728027,8.996913082724257,8.736044883728027,8.778512163128948,1721600
2020-07-29,8.796711921691895,8.88164590025384,8.736044711495447,8.778511990059119,2155600
2020-07-30,9.057579040527344,9.10004573548537,8.632909776685764,8.736043674639825,2872300
2020-07-31,8.651111602783203,9.039379909704255,8.645044765846208,9.009046882150109,2205000
2020-08-03,8.61470890045166,8.766376312708081,8.572242210160747,8.742109549889664,1825400
2020-08-04,8.438776016235352,8.681444260105138,8.353842622661475,8.608643381948458,2583600
2020-08-05,8.335641860961914,8.572243261379995,8.238574797784857,8.511576057611666,2222300
2020-08-06,8.541910171508789,8.632910404050618,8.299242499020332,8.37204280076687,1744100
2020-08-07,8.572244644165039,8.669311722999947,8.396310419135414,8.481243823833244,1845800
2020-08-10,8.608643531799316,8.669310738464137,8.535843230940749,8.608643531799316,1550600
2020-08-11,8.736044883728027,8.796712095120538,8.638977808352335,8.638977808352335,1766900
2020-08-12,8.669309616088867,8.73604307192821,8.511575362033744,8.73604307192821,4431900
2020-08-13,8.372042655944824,8.736044158380903,8.372042655944824,8.663243857893688,3409700
2020-08-14,8.268909454345703,8.444843673435381,8.268909454345703,8.390243298792825,1593300
2020-08-17,8.044441223144531,8.317442501694654,7.98377401521545,8.268908966777538,1944200
2020-08-18,8.250709533691406,8.262842628870137,8.10510834158878,8.165775553178658,1050200
2020-08-19,8.111175537109375,8.353843815633443,8.09904244139416,8.287109764220743,1352600
2020-08-20,8.111175537109375,8.111175537109375,7.886707770006279,8.008041619985596,1179300
2020-08-21,8.208239555358887,8.208239555358887,8.032305393872258,8.129372437648989,975600
2020-08-24,8.30531120300293,8.48124546201486,8.226444620140288,8.238577718055488,1715600
2020-08-25,8.268909454345703,8.408443230818541,8.220375916566853,8.35384343474139,1364800
2020-08-26,8.105109214782715,8.323510737183168,7.989842194622286,8.250710422571508,1506600
2020-08-27,8.092974662780762,8.256775196556214,8.020174361262185,8.105107757084507,2591800
2020-08-28,8.177908897399902,8.250709784950931,8.099042329922902,8.099042329922902,1977600
2020-08-31,7.959506988525391,8.238575094492585,7.892773524829128,8.17790788853936,3023900
2020-09-01,8.050508499145508,8.062641594254472,7.965574519121135,8.056574757417287,2228500
2020-09-02,8.105109214782715,8.14150966137128,8.001975291108161,8.123309727359732,1465800
2020-09-03,8.20217514038086,8.42057603790806,8.074774472181987,8.12330800496581,2191500
2020-09-04,8.29924201965332,8.390242246938945,8.129374080157662,8.250708487958942,3612100
2020-09-08,8.20217514038086,8.3174421361011,8.135441098879092,8.25070867316468,2466300
2020-09-09,8.21430778503418,8.384175140487109,8.21430778503418,8.220374620941685,1799900
2020-09-10,8.008038520812988,8.353840582632774,8.008038520812988,8.208239440440922,1280700
2020-09-11,7.844239234924316,8.099040549647981,7.777505199099124,8.099040549647981,3193800
2020-09-14,7.759307861328125,7.941308943838816,7.741107926646703,7.892775398978031,4111000
2020-09-15,7.728971481323242,7.929172426769498,7.674371118280575,7.84423904298338,3335900
2020-09-16,7.625839710235596,7.789640844888272,7.613706614279163,7.74717414119259,3056200
2020-09-17,7.637972354888916,7.674372216415671,7.546971543941295,7.601571914796795,1770900
2020-09-18,7.546972751617432,7.650106673389136,7.437772570997448,7.63797357712712,2800800
2020-09-21,7.407435894012451,7.474169342223294,7.267901584124952,7.401369059111859,2178800
2020-09-22,7.45596981048584,7.559103694990493,7.346769090759677,7.4256362129435445,1660600
2020-09-23,7.2497029304504395,7.468104396683614,7.237569837084886,7.468104396683614,2635600
2020-09-24,7.437772750854492,7.522706162438807,7.219371227202315,7.273971608115359,2707000
2020-09-25,7.431703567504883,7.437770403150353,7.334636511438531,7.419569896213943,1379500
2020-09-28,7.340705871582031,7.722907391642596,7.316439099220003,7.492373343486077,3344500
2020-09-29,7.128368377685547,7.4074364394439325,7.128368377685547,7.340702986319307,2857800
2020-09-30,7.237568378448486,7.286101899260052,7.152634427745643,7.1829680228941735,1842000
2020-10-01,7.219367980957031,7.310368767748048,7.134434607563673,7.267901502486155,2475000
2020-10-02,7.419571399688721,7.443838747188046,7.1465701045408005,7.195103642408634,3383000
2020-10-05,7.298237323760986,7.4863052109636214,7.225437019266047,7.468105279481234,2887400
2020-10-06,7.2497029304504395,7.4135040301253206,7.207236235823021,7.364970499532464,3358800
2020-10-07,7.164770603179932,7.298237542810505,7.1465700925858835,7.2679039370525,2916500
2020-10-08,7.516637325286865,7.534837253160267,7.158702131906737,7.17083522430058,5353300
2020-10-09,7.583371162414551,7.722904914091632,7.44990366795777,7.480237268320489,3459400
2020-10-13,7.389237403869629,7.644038733559294,7.3831705677900334,7.644038733559294,2877200
2020-10-14,7.425637722015381,7.480238092974597,7.377104187510603,7.407437791217431,1843500
2020-10-15,7.401371002197266,7.419570933111856,7.286104001651032,7.371037398296034,1642000
2020-10-16,7.267902851104736,7.4559707158515245,7.249702921795474,7.4256371146258715,2867300
2020-10-19,7.340705871582031,7.419572447834503,7.280038651394216,7.304305423756244,2436100
2020-10-20,7.6319050788879395,7.656171844696592,7.377103748614419,7.401370514423072,4025600
2020-10-21,7.801772117614746,7.904906012687118,7.637971599806769,7.6501046929277665,2815700
2020-10-22,7.983773708343506,7.983773708343506,7.807839506389991,7.826039436643017,1965300
2020-10-23,8.014106750488281,8.111173809800897,7.917039691175664,7.995906821508493,2111700
2020-10-26,7.947373390197754,8.0565735439931,7.7957059635036385,7.977706412684323,1323300
2020-10-27,7.759307861328125,8.038376033560388,7.692574381785917,7.983775650950631,2162100
2020-10-28,7.352837562561035,7.5712384720593455,7.340704467982707,7.5712384720593455,2172400
2020-10-29,7.443837642669678,7.443837642669678,7.07376874813159,7.3528368387461525,2266000
2020-10-30,7.280033588409424,7.413501032861821,7.170832899442454,7.340700766405537,3015000
2020-11-03,7.35890531539917,7.474172331789526,7.2800381658413675,7.40743885688621,2539700
2020-11-04,7.340705871582031,7.45597289566029,7.310372261488124,7.431706123298262,2199800
2020-11-05,7.407435894012451,7.534836534098767,7.371035463174123,7.413502728913042,2582600
2020-11-06,7.462037086486816,7.462037086486816,7.29216974020732,7.371036288484551,1842300
2020-11-09,7.844239234924316,7.935239456511926,7.6258377774095765,7.644038284579337,2448900
2020-11-10,8.099040031433105,8.12330679420812,7.8260382270076265,7.868505495787846,2560500
2020-11-11,7.577306747436523,7.892775366290629,7.553039975106629,7.892775366290629,5204200
2020-11-12,7.340705871582031,7.607640367564336,7.316439099220003,7.577306757470429,2575200
2020-11-13,7.546972751617432,7.559106426444907,7.334638649225744,7.340705486639482,2230800
2020-11-16,7.637972354888916,7.710772656507793,7.546971543941295,7.613705587682624,2618800
2020-11-17,7.771439552307129,7.838173014808244,7.5287713114056,7.613705282505936,2397500
2020-11-18,7.735040187835693,7.880640805456899,7.71077341823216,7.753240120396988,1315300
2020-11-19,7.753240585327148,7.856374506968045,7.698640205803678,7.741107489080521,1112000
2020-11-23,7.819972991943359,7.868506523834454,7.710772255905727,7.735039021851275,1316400
2020-11-24,8.1354398727417,8.22644066692014,7.856371812011946,7.868505482661843,2733200
2020-11-25,8.183974266052246,8.220374703296635,8.032306838237051,8.129373899468323,2201100
2020-11-26,8.165773391723633,8.2082400814565,8.04443957922597,8.153639721191238,951700
2020-11-27,8.159708023071289,8.34777590016965,8.147574928923365,8.202175299002418,1610900
2020-11-30,8.008038520812988,8.244639870630188,7.995905429793373,8.165772754024454,2909800
2020-12-01,8.196109771728516,8.323510462739623,8.12937571827742,8.159709326340149,2263800
2020-12-02,8.117240905761719,8.268908335439107,8.0808404680704,8.232507897747789,1805500
2020-12-03,8.238574028015137,8.481241663284175,8.135440138384476,8.147573809430568,3188000
2020-12-04,8.359910011291504,8.402377292388731,8.238576162225348,8.268909769133245,2077600
2020-12-07,8.341708183288574,8.59044266200164,8.287107818972965,8.329574511856084,2872000
2020-12-08,8.372042655944824,8.596510393755079,8.335642216418538,8.402376259122503,2628200
2020-12-09,8.287110328674316,8.481244501864136,8.287110328674316,8.432710958566682,2045300
2020-12-10,8.60257625579834,8.60257625579834,8.299241415507176,8.347774943668538,2060100
2020-12-11,8.567557334899902,8.689776291882835,8.500336471469822,8.549224054262995,1804200
2020-12-14,8.549227714538574,8.702001621872514,8.50034011081461,8.634781312448615,1606100
2020-12-15,8.506449699401855,8.59200328214947,8.451451009263112,8.54922619938261,1697700
2020-12-16,8.5247802734375,8.628666532698306,8.35978482700243,8.530891366990714,1651200
2020-12-17,8.488116264343262,8.64089013141562,8.45756137437158,8.585891446023803,1708000
2020-12-18,8.500337600708008,8.592002267711983,8.4514500114203,8.500337600708008,1581900
2020-12-21,8.274231910705566,8.42700576473099,8.170345643345398,8.341452196673792,2024500
2020-12-22,8.286453247070312,8.457559782812112,8.225343478626698,8.329229735309276,1341200
2020-12-23,8.488116264343262,8.494226776108755,8.237566632804308,8.298676412747673,2393000
2020-12-28,8.616446495056152,8.689777882670265,8.537004012777683,8.537004012777683,2222400
2020-12-29,8.94643783569336,9.007547032646663,8.659222803376075,8.659222803376075,3079300
2020-12-30,8.933500289916992,9.135837590936147,8.933500289916992,8.99481487163033,3057200
2021-01-04,8.938584327697754,9.098862532599892,8.883103365393442,9.037216888284783,2519400
2021-01-05,8.796798706054688,8.950912203319307,8.667343344836555,8.938582841347896,3253900
2021-01-06,8.963242530822754,9.105027278585153,8.802964324794456,8.864609969542705,3215200
2021-01-07,9.000228881835938,9.098861430475832,8.932418563723736,8.975570744675963,2296700
2021-01-08,8.75981330871582,9.172837627463512,8.75981330871582,9.031052870272754,3161900
2021-01-11,8.778305053710938,8.852279465142077,8.642685593368697,8.704330642279798,2034800
2021-01-12,8.981734275817871,9.086531499161904,8.839950142997312,8.839950142997312,3066200
2021-01-13,8.907761573791504,9.074204461979727,8.821458376564816,8.981735994798568,2281800
2021-01-14,9.080368041992188,9.179001185646568,8.91392575112471,8.932419208355228,2623700
2021-01-15,8.858441352844238,9.0310482584177,8.784466964741327,9.0310482584177,1676200
2021-01-18,8.741316795349121,8.920088409075476,8.698164621072916,8.889265595419978,1281000
2021-01-19,8.574873924255371,8.839949297707633,8.50706420476826,8.796797711479133,1821900
2021-01-20,8.513228416442871,8.611860944048043,8.433089340789609,8.587202812146751,1636300
2021-01-21,8.47007942199707,8.5440538454503,8.340624033979802,8.513231609933799,2841500
2021-01-22,8.334460258483887,8.433092826861794,8.260485244303975,8.340624353085145,1589100
2021-01-26,8.21733283996582,8.550218019674169,8.131029057116832,8.309800716813974,2182300
2021-01-27,8.118700981140137,8.291307973822242,8.087878156901358,8.186510724148274,2025100
2021-01-28,8.34062385559082,8.396104818968233,8.12486527210765,8.180346235485063,2066300
2021-01-29,8.303637504577637,8.4392569933035,8.149523968201123,8.29747282202742,2163000
2021-02-01,8.322131156921387,8.41459904572858,8.205005125239175,8.4084349509322,2488300
2021-02-02,8.334460258483887,8.507067253145225,8.278979291797194,8.365282495179622,1917600
2021-02-03,8.38377571105957,8.482408269653801,8.346788207638523,8.352952889524767,1311200
2021-02-04,8.41459846496582,8.457750652941177,8.340624041446368,8.383776229421725,1094000
2021-02-05,8.322131156921387,8.457751236682236,8.27897955386423,8.420763728421461,1661200
2021-02-08,8.266651153564453,8.35295495765076,8.211170178644439,8.23582832439816,1441500
2021-02-09,8.420762062072754,8.420762062072754,8.192674138640058,8.23582573315813,1284500
2021-02-10,8.272811889648438,8.439254147094866,8.211166260729739,8.426925374048897,1700900
2021-02-11,8.260482788085938,8.611861943321795,8.241989333988148,8.389938142563084,1873500
2021-02-12,8.155688285827637,8.309801826417546,8.13719482556787,8.260485540460495,1929900
2021-02-17,8.149521827697754,8.20500278028445,8.087876194180017,8.155685920732463,1202100
2021-02-18,8.12486457824707,8.20500367540432,8.087877076522032,8.13719335355782,1264800
2021-02-19,8.137195587158203,8.168018415740308,8.044727689308445,8.124866808463295,1124200
2021-02-22,7.699510097503662,7.847458912154236,7.650193825953471,7.835130138214853,3294000
2021-02-23,8.063217163085938,8.143356242602549,7.798141791446091,7.798141791446091,2037800
2021-02-24,8.12486457824707,8.21733245071507,8.013902660968354,8.069383619607711,1520300
2021-02-25,7.909107208251953,8.149524553921252,7.872120286085308,8.124866409844646,2235000
2021-02-26,7.791977882385254,8.013901085415641,7.718003481375124,7.9214332311270494,2502400
2021-03-01,7.385119915008545,7.964587104444823,7.385119915008545,7.952257740122309,3327500
2021-03-02,7.459094524383545,7.551562400248429,7.144702805808675,7.335803239368478,3456400
2021-03-03,7.508410453796387,7.613207688444175,7.280322527767785,7.459094177244061,2428700
2021-03-04,7.810473442077637,7.921435367466397,7.5330692165021755,7.5330692165021755,2991500
2021-03-05,8.07554817199707,8.07554817199707,7.81047274624881,7.878282479113916,3140300
2021-03-08,7.559566974639893,8.12418168714929,7.559566974639892,7.986164531405036,3545700
2021-03-09,7.471734523773193,7.647392265023518,7.45291420106819,7.6411192229800315,2460300
2021-03-10,7.722677230834961,7.797959144102254,7.490557250401478,7.528198506178857,3969200
2021-03-11,7.6850361824035645,7.8544209405406535,7.64112188138468,7.779138426954739,2750200
2021-03-12,7.597207069396973,7.71013024278625,7.597207069396973,7.685036270731687,3437400
2021-03-15,7.553291320800781,7.685034798419467,7.484283060443326,7.559564962184379,2176300
2021-03-16,7.509377479553223,7.622300039816022,7.434095573282221,7.5909330275853275,2866200
2021-03-17,7.641122341156006,7.691310287708138,7.440369956659963,7.496831546102991,2974300
2021-03-18,7.6536688804626465,7.760318414392895,7.572113319322604,7.666216166001502,4159900
2021-03-19,7.672487258911133,7.866965947283292,7.515649819293613,7.634846608443846,10184900
2021-03-22,7.5219244956970215,7.685035598936913,7.496830525836073,7.653667987038866,3550600
2021-03-23,7.528195858001709,7.622298066911829,7.4466403310788865,7.50310189573986,2500600
2021-03-24,7.383906364440918,7.565837756176908,7.352538759323545,7.559564115495973,4421900
2021-03-25,7.703855037689209,7.791684221210231,7.3399922175536965,7.409001075422843,7091900
2021-03-26,7.6850361824035645,7.760318097701999,7.553292681059433,7.722677439196522,2462500
2021-03-29,7.603480339050293,7.703856222345354,7.553292397402763,7.678762251521588,1413300
2021-03-30,7.678761959075928,7.703855928943989,7.56583939381337,7.590933363681431,1730600
2021-03-31,7.553291320800781,7.691308439803065,7.540744636320959,7.672487515652272,2467600
2021-04-01,7.534472465515137,7.622301068878392,7.496831208154106,7.609754381949708,1832800
2021-04-05,7.559566974639893,7.62230161031453,7.503105383731446,7.584660948567254,1879800
2021-04-06,7.584660530090332,7.584660530090332,7.515651656881943,7.553292914839927,1556700
2021-04-07,7.509377479553223,7.672487977330023,7.471736227274017,7.5909330275853275,2740900
2021-04-08,7.547018527984619,7.547018527984619,7.421548677642022,7.5281982000050895,2922100
2021-04-09,7.572113513946533,7.597207487381722,7.503105236571644,7.521925567076155,1620100
2021-04-12,7.584660530090332,7.628574832468399,7.528198942297104,7.6034808599255745,1449600
2021-04-13,7.503106117248535,7.565841357343813,7.490558829914443,7.559567713676767,1782000
2021-04-14,7.465463638305664,7.547019197838876,7.4591905939473335,7.521925225543079,2750400
2021-04-15,7.452916622161865,7.521924893355854,7.396455037417937,7.490557279799508,3480400
2021-04-16,7.459190845489502,7.540746407772968,7.446643559774732,7.465463890059374,3544400
2021-04-19,7.785412311553955,7.8356002566468295,7.509378613543148,7.528198943381101,4797400
2021-04-20,8.017528533935547,8.042622496550084,7.791682870404708,7.791682870404708,3296500
2021-04-22,7.986160755157471,8.073989921517073,7.942246471121293,8.048895959455365,1884100
2021-04-23,7.910882472991943,8.080267242791791,7.910882472991944,8.01125896525529,1296100
2021-04-26,7.860692024230957,8.036350381070493,7.860692024230958,7.973615168158183,1785700
2021-04-27,7.710127830505371,7.892059220551641,7.65366626147596,7.873238896970937,2930100
2021-04-28,7.747771263122559,7.804232249803407,7.678762393366851,7.766591592016175,3663100
2021-04-29,7.6850361824035645,7.835600013000435,7.6599422106374195,7.772865382728812,2381000
2021-04-30,7.6850361824035645,7.710130154169709,7.609754267105129,7.6850361824035645,2299200
2021-05-03,7.688786506652832,7.764413843973433,7.65727496584442,7.764413843973433,1809200
2021-05-04,7.6824846267700195,7.726601027464516,7.61315971286823,7.701391913224529,1485300
2021-05-05,7.777019023895264,7.783321452525383,7.625764342968454,7.69508925480174,1135600
2021-05-06,7.802227020263672,7.808529447991413,7.701390580750182,7.777017910385299,892700
2021-05-07,7.783321857452393,7.858949201850307,7.72660119889578,7.814832800176994,954900
2021-05-10,7.821135520935059,7.87155375241473,7.720299057975714,7.814833091741917,1601200
2021-05-11,7.827437877655029,7.871553679533098,7.764414788372597,7.777019646642172,1011100
2021-05-12,7.7266011238098145,7.833740010923877,7.695089580358731,7.8211351531303634,1100200
2021-05-13,7.87155294418335,8.00390093848651,7.669880038971931,7.77071649157764,3540600
2021-05-14,7.9723920822143555,8.003903634526177,7.846346473999942,7.940881130935405,1835900
2021-05-17,7.991296291351318,8.066923627104572,7.947179894720777,7.966087179433568,1848500
2021-05-18,8.161458015441895,8.22448109860128,7.9912966525638165,8.003900908576096,2488900
2021-05-19,8.268594741821289,8.31901295479933,8.085828569517764,8.098433423278529,2603200
2021-05-20,8.30640983581543,8.350525627934466,8.205573396096153,8.281200725885611,935500
2021-05-21,8.281201362609863,8.331619586346052,8.255992250741768,8.281201362609863,1063800
2021-05-24,8.300107955932617,8.350526179120166,8.268596416182241,8.293805527776016,1001300
2021-05-25,8.419851303100586,8.476571955908963,8.29380574187789,8.29380574187789,1647300
2021-05-26,8.476572036743164,8.539595118471835,8.445060495878828,8.470269608363767,1091400
2021-05-27,8.281201362609863,8.432456033818434,8.218178282423306,8.407246921950339,2654200
2021-05-28,8.445059776306152,8.445059776306152,8.255991749295235,8.287502686441988,1519500
2021-05-31,8.590012550354004,8.590012550354004,8.501780364286581,8.520687647679127,1072900
2021-06-01,8.760176658630371,8.77278151820387,8.596317691404403,8.659340186173534,1692200
2021-06-02,9.201335906982422,9.295869937116285,8.78538461170839,8.829501013332537,4101300
2021-06-04,9.119475364685059,9.305326122939693,9.029754983375108,9.222013903741695,1985100
2021-06-07,9.151516914367676,9.21560341293745,9.048979005595355,9.11947366508279,1168400
2021-06-08,9.093840599060059,9.157927107574693,9.01052899363497,9.157927107574693,1261700
2021-06-09,9.016935348510742,9.189968520119047,8.978483940047196,9.087430615984104,1807300
2021-06-10,9.087430000305176,9.202784829054568,9.029752280343441,9.061795526008192,1096800
2021-06-11,8.933624267578125,9.093839915650127,8.888764081693708,9.081022981614948,995700
2021-06-14,9.016935348510742,9.068204300578213,8.946440692211498,8.997709644278968,1512700
2021-06-15,9.119475364685059,9.119475364685059,8.965668472861491,9.010529274690727,1257000
2021-06-16,9.132291793823242,9.25405541549091,9.055388357321423,9.164335045159213,2125600
2021-06-17,9.081024169921875,9.407864281439569,9.068206623035248,9.164336391162127,2897900
2021-06-18,9.18355941772461,9.18355941772461,8.972074845265842,9.093838449249276,1771000
2021-06-21,9.081024169921875,9.151518844275499,9.01052949556825,9.106658652520855,1096600
2021-06-22,8.978487968444824,9.04257388169567,8.709325543737851,9.04257388169567,2407300
2021-06-23,8.901583671569824,9.036164871310165,8.850314701304391,8.972078352891208,1716400
2021-06-24,8.869537353515625,8.946440782392022,8.734956200188398,8.895171829807758,2641200
2021-06-25,8.690096855163574,8.86953820646468,8.613192807717489,8.85031250019025,1494600
2021-06-28,8.574743270874023,8.677281208333165,8.472205333414882,8.677281208333165,1605100
2021-06-29,8.49783706665039,8.561922951227734,8.408116094833169,8.549106018781913,1030000
2021-06-30,8.49783706665039,8.510653999096212,8.414524866643138,8.491428294840421,1361800
2021-07-01,8.337624549865723,8.529883497692841,8.286355578601738,8.504249012060848,1692600
2021-07-02,8.388891220092773,8.420934471137025,8.299170239403706,8.36325674149221,968000
2021-07-05,8.337624549865723,8.414528006761701,8.324807001462553,8.414528006761701,635900
2021-07-06,8.203042030334473,8.33121443791368,8.170998775646108,8.33121443791368,1131900
2021-07-07,8.21585750579834,8.286352775822733,8.106910825918948,8.286352775822733,1545700
2021-07-08,8.087686538696289,8.145364274763356,8.030008802629222,8.119729793308466,1699400
2021-07-12,8.318394660949707,8.318394660949707,8.106910092361094,8.14536210991088,1238600
2021-07-13,8.273536682128906,8.305579936741434,8.164589983150856,8.26712790897155,850900
2021-07-14,8.23508358001709,8.4081161416305,8.23508358001709,8.331212713005193,1057500
2021-07-15,8.177408218383789,8.344032667467072,8.119730477456939,8.196633928301306,2383800
2021-07-16,8.074868202209473,8.228675064246533,8.062050658119313,8.215857520156373,813400
2021-07-19,8.004375457763672,8.062053202020747,7.908246291451434,8.062053202020747,1863900
2021-07-20,8.017190933227539,8.08127682380957,7.927469953003684,8.068459890162835,1851800
2021-07-21,8.055644989013672,8.145365998681836,7.972332753859172,8.017193564280442,1856200
2021-07-22,7.927474021911621,8.106915463286459,7.927474021911621,8.04923831551113,2057000
2021-07-23,7.831341743469238,8.004374340923107,7.799298488778004,7.946696604713734,2018300
2021-07-26,7.87620210647583,7.933879843953138,7.812115595684539,7.812115595684539,1539800
2021-07-27,7.901836395263672,7.940288423032689,7.818524177742674,7.837749886040059,1296400
2021-07-28,7.972332000732422,8.042827291374453,7.914654869081196,7.940289353539847,1523500
2021-07-29,7.959512710571289,8.036416141207951,7.895426212787001,7.97873841543692,1446700
2021-07-30,7.9082465171813965,7.959515488834571,7.735213279471173,7.895428968680927,3116600
2021-08-02,8.004375457763672,8.1325478832381,7.908246291451434,7.927472002479014,1617900
2021-08-03,7.889019966125488,8.049235638286513,7.824933452791365,8.036418091149972,1586800
2021-08-04,7.7800703048706055,7.908242671677771,7.76084399146899,7.882608198316338,1064500
2021-08-05,7.69035005569458,7.8633832253112805,7.69035005569458,7.856974453583082,1586100
2021-08-06,7.7992963790893555,7.824930853673437,7.677532166434405,7.71598418389757,1137800
2021-08-09,7.927474021911621,7.933882797611488,7.81211850401198,7.837752995636957,1512200
2021-08-10,7.812115669250488,7.991557656686183,7.812115669250488,7.9338799186657285,1413000
2021-08-11,7.901836395263672,7.9723310664702485,7.7608464416762715,7.844158659197269,1196400
2021-08-12,7.792891502380371,7.927472714001306,7.76084824034217,7.901838226605623,1108000
2021-08-13,7.792891502380371,7.844160477171738,7.690353552797639,7.824934764418573,2231100
2021-08-16,7.76725435256958,7.889018584342218,7.677533371851539,7.7480286464064925,1978600
2021-08-17,7.709578990936279,7.8121169368666195,7.530137585558183,7.722396539764755,3167000
2021-08-18,7.677532196044922,7.882608604682591,7.651897721361974,7.735209916875076,2478900
2021-08-19,7.76725435256958,7.780071897461091,7.5685872961445915,7.639081959525365,1343000
2021-08-20,7.7544403076171875,7.754440307617188,7.664719293475341,7.7159882697922795,1423100
2021-08-23,7.658308506011963,7.76725520484749,7.626265251441353,7.760846431698518,1898100
2021-08-24,7.895429611206055,7.959516136575018,7.7223969705888935,7.7544402332733755,2283500
2021-08-25,7.8697919845581055,7.8954264622469275,7.780071618234309,7.8697919845581055,840600
2021-08-26,7.7992963790893555,7.9531032265938455,7.7992963790893555,7.844156556817977,1236600
2021-08-27,7.921061038970947,7.927469811266819,7.78007171550675,7.831340671525397,1351600
2021-08-30,7.844158172607422,7.901835905095951,7.805706758397875,7.889018970750839,944100
2021-08-31,7.997964859008789,8.074868907922585,7.831341049493419,7.8633843013451346,2051100
2021-09-01,8.023602485656738,8.13895737314224,8.017193711025769,8.017193711025769,1323700
2021-09-02,7.8697919845581055,8.074868417242836,7.863383823516518,8.042825167338268,2034900
2021-09-03,7.72880220413208,7.953103717802848,7.728802204132079,7.914652309138886,2208500
2021-09-06,7.818523406982422,7.916746440990661,7.779234692965407,7.8054273771377005,1388900
2021-09-08,7.543498992919922,7.831618459900477,7.536950667095137,7.811974106908846,2186700
2021-09-09,7.569692611694336,7.622077975832058,7.412535894798372,7.595885293763197,3038400
2021-09-10,7.681008338928223,7.811972327664838,7.667912314744108,7.733394309112416,2216800
2021-09-13,7.929841995239258,7.995324013984101,7.772685899631009,7.798878582232383,1804300
2021-09-14,7.831617832183838,8.047707571219998,7.831617832183838,7.936388539051955,1207400
2021-09-15,7.805426597595215,7.936390005377123,7.766137263019248,7.870908613727563,1383300
2021-09-16,7.916745662689209,7.923293989209223,7.772685601662825,7.792329956740081,1462800
2021-09-17,7.818523406982422,7.870909399809859,7.700656640448526,7.8578127454822875,1976500
2021-09-20,7.478018760681152,7.700656895768785,7.464922105919353,7.700656895768785,2381600
2021-09-21,7.595884799957275,7.641721834477231,7.523854460588477,7.569692119591192,1347800
2021-09-22,7.884006023406982,7.903650381894926,7.681012237421903,7.694108892735798,2954600
2021-09-23,7.864360809326172,8.014968582153395,7.857812482381642,7.9167461759167574,1438600
2021-09-24,7.766138553619385,7.864361594140906,7.7530425229062505,7.857813266542893,1430900
2021-09-27,7.995322227478027,8.028063229534672,7.779232488179919,7.8054251649287,1363300
2021-09-28,7.77268648147583,8.01496896979594,7.753042124174971,7.942939243370889,1772900
2021-09-29,7.779233455657959,7.8774558495608185,7.713751443400885,7.82507048954826,1597100
2021-09-30,7.63517427444458,7.857812392139106,7.63517427444458,7.8447157384004536,1802500
2021-10-01,7.929841995239258,7.956034677840632,7.622078130793807,7.681011198284791,1757000
2021-10-04,7.779233455657959,7.949486187940149,7.667914409510584,7.949486187940149,1789200
2021-10-05,7.910195350646973,7.962580700692373,7.753039300510773,7.825069000702539,1423000
2021-10-06,7.792330265045166,7.825071274457855,7.628625842464529,7.792330265045165,2546500
2021-10-07,7.739943504333496,7.9232928741951385,7.720299152020714,7.818521538067328,1914500
2021-10-08,7.956033229827881,8.067352266744155,7.798877162822326,7.818521515077346,1643900
2021-10-11,7.825068950653076,8.041158674328889,7.7726836009427345,7.995321649452998,1641400
2021-10-13,7.818523406982422,7.897102083982153,7.753042008793113,7.8316200613099936,2077300
2021-10-14,7.785780906677246,7.936388643664718,7.7202989017801915,7.903647641216191,1951800
2021-10-15,7.884006023406982,7.9494880510106585,7.753042592682527,7.772686951170471,1957200
2021-10-18,8.13938045501709,8.13938045501709,7.825067779321756,7.825067779321756,1646000
2021-10-19,7.844715595245361,8.165576736676051,7.753041518679002,8.165576736676051,2506100
2021-10-20,7.897099494934082,7.949484846104238,7.805424818144987,7.890551169917151,1417000
2021-10-21,7.720300197601318,7.884004612838397,7.569692435334942,7.759589532030643,1968600
2021-10-22,7.464919567108154,7.635172274211564,7.202992805781877,7.628623949057743,4217100
2021-10-25,7.510757923126221,7.56969160607261,7.425631561590628,7.517305624411485,2193700
2021-10-26,7.425632476806641,7.504210522259069,7.3928914684140965,7.48456616701666,1425900
2021-10-27,7.451825141906738,7.622077885579786,7.4321807867083995,7.458373468467115,1298500
2021-10-28,7.255378246307373,7.4649196579174255,7.20299289340486,7.4190826302483925,2589700
2021-10-29,7.1309638023376465,7.294668200352427,7.078578444931534,7.288119874555983,2851600
2021-11-01,7.44527530670166,7.497660659604187,7.2029928934068055,7.242282220325034,2973200
2021-11-03,7.517305374145508,7.635172736114248,7.347053281225069,7.386341985559518,2919000
2021-11-04,7.327409744262695,7.56314451451728,7.2684766761818675,7.517306851143989,1773900
2021-11-05,7.366698741912842,7.497662150205846,7.294669023472388,7.399439750106791,1162300
2021-11-08,7.275021553039551,7.438725913477293,7.268473853228799,7.32085919861027,1699100
2021-11-09,7.333956718444824,7.445275756204158,7.301215714783367,7.301215714783367,1961300
2021-11-10,7.615530967712402,7.713753386355711,7.314314759527905,7.333959118359985,2147900
2021-11-11,7.150608539581299,7.674462766281709,7.150608539581299,7.661366113984891,7247200
2021-11-12,7.013096809387207,7.2029938962172615,7.013096809387207,7.176801216119418,3793900
2021-11-16,6.797008991241455,7.072032523362659,6.797008991241455,7.0589358673173965,5677500
2021-11-17,6.659495830535889,6.8886822674678525,6.607110466291348,6.8362962787405115,3791000
2021-11-18,6.607110500335693,6.718429556049633,6.535080155766201,6.659495864850159,2969000
2021-11-19,6.613658428192139,6.7053324983227585,6.541628087966346,6.5678207686440615,2265400
2021-11-22,6.521982192993164,6.679138239936947,6.489241193759222,6.63984954044231,2905000
2021-11-23,6.55472469329834,6.626754408522155,6.476146651831606,6.567820721301414,2553100
2021-11-24,6.711880683898926,6.738073364027515,6.535079624668891,6.554724603127397,2001100
2021-11-25,6.7511701583862305,6.875585235494184,6.7511701583862305,6.7511701583862305,1444600
2021-11-26,6.607110500335693,6.6660441915351685,6.515435800193977,6.6660441915351685,2607600
2021-11-29,6.777363300323486,6.836296367501669,6.666044243737793,6.666044243737793,2048800
2021-11-30,6.613658428192139,6.803555519226265,6.548176414256467,6.751170157870835,4124300
2021-12-01,6.476146221160889,6.803555017740622,6.476146221160889,6.777362338993552,4188500
2021-12-02,6.607110500335693,6.679140220422383,6.508887473508968,6.5285324535639955,3902800
2021-12-03,6.541628360748291,6.738073786264193,6.521984005541538,6.600562050851341,4541500
2021-12-06,6.652947425842285,6.797007488066276,6.587466033546139,6.594013735637798,3182700
2021-12-07,6.535079002380371,6.783909752148975,6.535079002380371,6.770813725573097,3113200
2021-12-08,6.652947425842285,6.652947425842285,6.4826946818032765,6.574369380397234,3907600
2021-12-09,6.521982192993164,6.61365686595168,6.489241193759222,6.574367541974425,3545800
2021-12-10,6.5023393630981445,6.580917404936812,6.456501703663514,6.574369078662899,3692400
2021-12-13,6.541628360748291,6.823200158137177,6.54162836074829,6.548176687311472,4116100
2021-12-14,6.541628360748291,6.633303059184456,6.515435678978356,6.58746602220777,4180200
2021-12-15,6.613658428192139,6.646398810677208,6.495791052901036,6.587465747514423,3683400
2021-12-16,6.467857360839844,6.7209764677039985,6.4478744573425555,6.674349481128645,5371700
2021-12-17,6.381264686584473,6.447875219778599,6.288010067161721,6.447875219778599,3839800
2021-12-20,6.234720706939697,6.367941747948261,6.234720706939697,6.327975308596692,3053100
2021-12-21,6.181434154510498,6.281349961288727,6.181434154510498,6.281349961288727,2243300
2021-12-22,6.134805679321289,6.228060282770364,6.101500418429119,6.194755021878193,2592200
2021-12-23,6.154789924621582,6.234722187055546,6.1281458371435935,6.18143401209957,1503800
2021-12-27,6.314652442932129,6.347957700507753,6.1614491474271915,6.168110325991307,1633800
2021-12-28,6.394586086273193,6.461195974211335,6.327975563090024,6.334636742457347,1707100
2021-12-29,6.3879241943359375,6.474517610716592,6.327974857207411,6.401245916339523,1847400
2021-12-30,6.427891731262207,6.474519358977622,6.347959471922376,6.394587099637791,3249000
2022-01-03,6.327975749969482,6.60773893920879,6.32131457040544,6.461196165025094,2351400
2022-01-04,6.3879241943359375,6.421229452212336,6.254703798075299,6.334636035831682,2551500
2022-01-05,6.274688243865967,6.4678580248238315,6.274688243865967,6.367942861835152,2239300
2022-01-06,6.314652442932129,6.3879241366474915,6.254703741589948,6.28800836392062,2203500
2022-01-07,6.281348705291748,6.334636870820083,6.194755277496942,6.288009249549009,3022500
2022-01-10,6.314652442932129,6.394585315211607,6.228059662578439,6.281347820601457,2358100
2022-01-11,6.341297626495361,6.374602251290842,6.288008829283594,6.314652910266979,1122900
2022-01-12,6.3879241943359375,6.434551174215922,6.341297214455953,6.341297214455953,1415800
2022-01-13,6.461195468902588,6.514483629183621,6.361280327186895,6.381263228481038,2441100
2022-01-14,6.62772274017334,6.647705646326479,6.461197039991874,6.461197039991874,1774000
2022-01-17,6.681009769439697,6.727637389473271,6.5211452770975065,6.62106042600012,1747500
2022-01-18,6.807570934295654,6.807570934295654,6.627722869668073,6.661028137404123,2880200
2022-01-19,6.894164085388184,6.940791077103978,6.774265380696003,6.774265380696003,3062700
2022-01-20,6.96077299118042,6.980755894034003,6.8475354829350765,6.947451267693042,1857200
2022-01-21,6.9208083152771,7.04736756767029,6.8741806873468665,6.960774127508578,2090300
2022-01-24,6.907485485076904,7.007401279357607,6.82089205079833,6.907485485076903,2328000
2022-01-25,7.153942108154297,7.173925644470937,6.867518408643818,6.867518408643818,2146000
2022-01-26,7.080671310424805,7.267179876260319,7.0473660505715,7.200569991798704,2143500
2022-01-27,7.173926830291748,7.293824891785388,7.127299206423872,7.140621566170429,1552100
2022-01-28,7.1805877685546875,7.267181205919076,7.120638416898949,7.160604863084479,1652700
2022-01-31,7.293824672698975,7.313807576473504,7.153943075787157,7.193909518581272,1152500
2022-02-01,7.160604476928711,7.347113066831255,7.127299212777701,7.293824898287672,2176500
2022-02-02,7.067350387573242,7.167266187423354,7.060689842446001,7.147282646306257,1516100
2022-02-03,6.874179840087891,7.1406213081871055,6.8741798400878915,7.0606890583308575,2456400
2022-02-04,6.827552795410156,6.887502141106624,6.754281725806167,6.887502141106624,1194700
2022-02-07,6.740957736968994,6.84753404344362,6.740957736968994,6.814228788859076,1585400
2022-02-08,6.687671661376953,6.780926276135918,6.674349936551439,6.740959831169192,1874900
2022-02-09,6.661027908325195,6.754282527729993,6.634383822101699,6.687671994548691,2257700
2022-02-10,6.787586212158203,6.874179639115437,6.674349337939551,6.681009882132388,2658000
2022-02-11,6.90082311630249,7.074009955025531,6.807569153332376,6.827552054648118,2269200
2022-02-14,6.927469253540039,7.060690329190753,6.8675205317914205,6.9074863462905,1196000
2022-02-15,7.167264461517334,7.220552621174008,6.987416446242331,6.994077625010657,1898700
2022-02-16,7.107316493988037,7.2405369188259625,7.047367143999698,7.173927024029547,2588700
2022-02-17,7.060689926147461,7.1606050919369,7.05402874569613,7.093994557913853,1384500
2022-02-18,7.19390869140625,7.227213950697642,7.0673488331479595,7.0806711909625095,1561300
2022-02-21,6.947451114654541,7.220553110202704,6.947451114654541,7.207230751763762,1021100
2022-02-22,7.060689926147461,7.207232084605954,7.014062298233275,7.034045839587269,1096300
2022-02-23,6.994078636169434,7.200570761126073,6.994078636169434,7.093993791159543,1116300
2022-02-24,6.714315414428711,6.847535832325102,6.627721983984792,6.787586485460461,3479300
2022-02-25,6.661027908325195,6.734298986628528,6.541129202696903,6.734298986628528,3875900
2022-03-02,6.621060371398926,6.674349170318562,6.5544504844281635,6.661026811777399,2164600
2022-03-03,6.787586212158203,6.860857915484728,6.62772171711948,6.62772171711948,2360800
2022-03-04,6.827552795410156,6.827552795410155,6.6210606752606616,6.760942270137403,2274800
2022-03-07,6.494501113891602,6.84753535554736,6.494501113891602,6.800908371341416,2828800
2022-03-08,6.7542805671691895,6.794246367281024,6.554449660875202,6.5677713824975,3607400
2022-03-09,7.047365665435791,7.1073150028465335,6.787585415070894,6.807568951037782,3251100
2022-03-10,6.974095344543457,7.060688770502348,6.86751901574637,6.974095344543457,3159400
2022-03-11,6.967435836791992,7.0473681025669555,6.907486478649475,7.0473681025669555,3687100
2022-03-14,6.980756759643555,7.280503515840838,6.960773854312105,7.087333736983204,4768900
2022-03-15,6.907485485076904,7.047367088873817,6.840875590801524,6.9674348345963075,2654800
2022-03-16,7.100654125213623,7.100654125213623,6.927467284295001,6.947450821109064,2931800
2022-03-17,7.0895795822143555,7.206477958515613,6.965803982172817,7.15146672644951,2825900
2022-03-18,7.082703113555908,7.1927255792305775,7.05519749713724,7.08957968160698,2308000
2022-03-21,7.213353157043457,7.316499689424646,7.096454147149403,7.103330713798581,2672800
2022-03-22,7.357759475708008,7.405894797575007,7.227107958150477,7.240860438837019,2556400
2022-03-23,7.440276622772217,7.474658809532972,7.3371307182756205,7.357759768017806,2258000
2022-03-24,7.5365471839904785,7.550299666262488,7.433401271700398,7.440277184943545,1494700
2022-03-25,7.660322666168213,7.715333905842415,7.536547049008406,7.536547049008406,1845200
2022-03-28,7.598432540893555,7.715331553506187,7.55029722901538,7.6671962416280115,1570900
2022-03-29,7.7359619140625,7.735961914062499,7.577804785263207,7.667197545845474,2143700
2022-03-30,7.605308532714844,7.749713145860868,7.57780292334348,7.742836579571663,1170300
2022-03-31,7.481536388397217,7.6465701201932585,7.45403076643121,7.619064498227252,2485300
2022-04-01,7.577804088592529,7.653444362048722,7.5227922056050955,7.529668772951719,1819900
2022-04-04,7.564053535461426,7.584682588756302,7.426525420519283,7.564053535461426,1690900
2022-04-05,7.4471540451049805,7.577806238618116,7.433401562295343,7.557176530725046,1988100
2022-04-06,7.440276622772217,7.474658809532972,7.288996050281964,7.440276622772217,2227500
2022-04-07,7.460906505584717,7.460906505584716,7.330254323946449,7.426524318006979,1455600
2022-04-08,7.529669284820557,7.598433651390301,7.412770255123352,7.433399958565636,1426900
2022-04-11,7.460906505584717,7.577805549877615,7.440276799566663,7.50904117472214,1537300
2022-04-12,7.426522731781006,7.557174229727825,7.392140551546936,7.529668616697677,2483800
2022-04-13,7.49528694152832,7.536545691746507,7.399017617328531,7.460905414763017,1319700
2022-04-14,7.474658489227295,7.529669723372883,7.412770686867099,7.460906008583718,1682800
2022-04-18,7.625941753387451,7.625941753387451,7.4471548666390674,7.474660491078372,1652100
2022-04-19,7.474658489227295,7.667197808736851,7.45402944036911,7.605310662162295,1375200
2022-04-20,7.4677815437316895,7.488411247333278,7.399017832416548,7.4746581115988855,1406900
2022-04-22,7.412771224975586,7.509041219611623,7.357759986836618,7.378389037192309,1970800
2022-04-25,7.488411903381348,7.529670002627869,7.2133550666666615,7.364636294070455,2163400
2022-04-26,7.295872688293457,7.515918311965779,7.24086144632181,7.426524879815418,2405800
2022-04-27,7.4471540451049805,7.502165287915013,7.344008128782603,7.405895940890327,1779400
2022-04-28,7.502163887023926,7.564051687575241,7.3715123736932995,7.495287319010309,1868100
2022-04-29,7.247735023498535,7.605308604486143,7.247735023498535,7.591555471777944,2912500
2022-05-02,7.123960018157959,7.288994344838519,7.013937570894595,7.288994344838519,3195100
2022-05-03,7.225128650665283,7.245830840223485,7.142319234321732,7.142319234321732,1656900
2022-05-04,7.542566299438477,7.542566299438477,7.121617542090696,7.225129822897411,2913400
2022-05-05,7.328640937805176,7.4942597858874755,7.287236554840002,7.480458544269352,1876700
2022-05-06,7.307938575744629,7.432153037962407,7.238930394932354,7.301037626041244,1571500
2022-05-09,7.328640937805176,7.404549411981863,7.20442647268805,7.245831513764026,1596700
2022-05-10,7.232029438018799,7.390747990484476,7.197526005757847,7.342442658830515,1579000
2022-05-11,7.273432731628418,7.280333679667902,7.156119247399682,7.197524277525965,1050500
2022-05-12,7.418351173400879,7.418351173400879,7.211327288102417,7.245831378670626,1584800
2022-05-13,6.831784725189209,7.252733514354372,6.831784725189208,7.232030661761697,6991700
2022-05-16,6.914595127105713,7.038808957636016,6.797281589635869,6.866289127016942,2890100
2022-05-17,7.059512138366699,7.135421295625062,6.990504591353935,6.990504591353935,2684000
2022-05-18,7.011205196380615,7.176824061308299,6.9628998586377575,7.038808340535229,1714000
2022-05-19,6.935296535491943,7.059510351926471,6.928395585103677,6.96980062932242,1453100
2022-05-20,6.859387397766113,6.976700921928757,6.82488396204486,6.976700921928757,2926500
2022-05-23,7.163022041320801,7.232029565166727,6.89389092142254,6.89389092142254,3359200
2022-05-24,7.232029438018799,7.232029438018799,7.03880745329217,7.114716583732149,2580500
2022-05-25,7.080211639404297,7.225128274998327,7.025005364712352,7.204425428405818,2570400
2022-05-26,7.073310852050781,7.149219316957808,7.0388067650527795,7.080211801072526,1473100
2022-05-27,7.025007247924805,7.087114488130172,7.004304395782427,7.07331258670192,1303100
2022-05-30,7.018105506896973,7.135419023382827,6.99050236525976,7.066410840234392,1313100
2022-05-31,7.11471700668335,7.14922044099544,6.997403487311935,7.052609771944269,2066800
2022-06-01,6.914595127105713,7.107817153128016,6.914595127105713,7.107817153128016,3164000
2022-06-02,6.873188495635986,6.962898865875394,6.866287546053545,6.962898865875394,3898800
2022-06-03,6.845585823059082,6.949097441423779,6.845585823059082,6.873188965163722,1938200
2022-06-06,6.824882507324219,6.935295057563886,6.817981558406562,6.886989073250999,2084100
2022-06-07,6.7972798347473145,6.817982024805754,6.748973847129949,6.817982024805754,1954400
2022-06-08,6.89389181137085,7.031907534990264,6.866288666646967,6.880090568064349,3639300
2022-06-09,6.914595127105713,6.983602664486787,6.859388175845557,6.900793224762943,3182200
2022-06-10,6.8662872314453125,6.942196357152512,6.845585041757324,6.914593218198279,3428600
2022-06-13,6.749001502990723,6.8350673288280825,6.720312894378269,6.8278956896677565,2996800
2022-06-14,6.698796272277832,6.82789534654137,6.698796272277832,6.82789534654137,2135900
2022-06-15,6.749001502990723,6.792034757904593,6.6916242857658155,6.777690111603175,2111200
2022-06-17,6.713140964508057,6.749001898372085,6.605558846906395,6.705969324927589,2713800
2022-06-20,6.713140964508057,6.820723766100141,6.655763743921781,6.713140964508057,1716400
2022-06-21,6.555352687835693,6.777689203805042,6.555352687835693,6.777689203805042,2087600
2022-06-22,6.541009902954102,6.6916252918111905,6.5051489657994646,6.541009902954102,2058300
2022-06-23,6.469288349151611,6.598386758068099,6.4549437014995314,6.562525822928345,2072400
2022-06-24,6.505148410797119,6.662936110421196,6.46211583707537,6.5553539921263955,1831000
2022-06-27,6.56969690322876,6.584041548165657,6.512319691461809,6.5194920139302575,2047400
2022-06-28,6.598384857177734,6.713139269373656,6.526663691550408,6.605557178937542,2939800
2022-06-29,6.4908037185668945,6.619902109223444,6.483631395755323,6.598385824779078,1795100
2022-06-30,6.426255226135254,6.526665709852689,6.3975666142146235,6.469288486011429,2391400
2022-07-01,6.505148410797119,6.512320734414219,6.383221645268117,6.433427226597394,2760100
2022-07-04,6.454944133758545,6.548182297769472,6.447771809452206,6.5051490359219315,1161000
2022-07-05,6.533836364746094,6.533836364746094,6.426254257261293,6.433426580157709,1865500
2022-07-06,6.576869964599609,6.627074859538563,6.490804137279803,6.519492746386406,1687600
2022-07-07,6.61273193359375,6.7274863880090905,6.576870995591332,6.648592871596169,2320000
2022-07-08,6.705968379974365,6.777689553605605,6.6270741997925775,6.6270741997925775,1705000
2022-07-11,6.713140964508057,6.763346545513865,6.655763743921781,6.684452354214919,1388600
2022-07-12,6.756174564361572,6.799207139987058,6.655764081251342,6.6844526929984855,1625300
2022-07-13,6.677281856536865,6.770519342941574,6.6701095317394135,6.720314437340494,1571300
2022-07-14,6.705968379974365,6.705968379974365,6.576869309851677,6.6270741997925775,1471300
2022-07-15,6.727485656738281,6.7920352013280665,6.648592148901003,6.691624722633909,1432400
2022-07-18,6.691624164581299,6.770517665839199,6.648591594437125,6.770517665839199,1350600
2022-07-19,6.81355094909668,6.835067234260733,6.670107908019034,6.74182908656267,1222200
2022-07-20,6.8350677490234375,6.899617293367328,6.756174241486698,6.799206815055674,1761000
2022-07-21,6.870927810668945,6.885272456031046,6.756173383733484,6.8063782745201635,1476500
2022-07-22,7.000028610229492,7.021544899591469,6.842240892263811,6.8709295060766165,1881400
2022-07-25,7.007200241088867,7.07174910278558,6.964166982633954,7.028716528321105,1082300
2022-07-26,7.014371395111084,7.150642800789813,6.956994177138058,7.000027432613023,1636900
2022-07-27,7.064577102661133,7.100437351555434,6.992855236891723,7.064577102661133,1332700
2022-07-28,7.136297225952148,7.157813508895417,7.050231410188771,7.086092337754421,2076700
2022-07-29,7.179332256317139,7.251053445245127,7.093266419209269,7.143471319857908,1694100
2022-08-01,7.208019733428955,7.2869132340212195,7.172158802617793,7.186503448538403,2897700
2022-08-02,7.150643348693848,7.243881506041802,7.107610089921543,7.20802057106329,1675100
2022-08-03,7.208019733428955,7.243880664240117,7.11478158691608,7.186503448538403,1795400
2022-08-04,7.344291687011719,7.3944972722015985,7.22236491210705,7.236709560444296,2046800
2022-08-05,7.5737996101379395,7.5737996101379395,7.322773791256413,7.351462397643703,2537100
2022-08-08,7.62400484085083,7.65269344851952,7.552282979683924,7.59531623318214,1390300
2022-08-09,7.724415302276611,7.745931587009899,7.5809715800804005,7.6526934411785055,1774500
2022-08-10,7.774621486663818,7.796137774972755,7.695727289546928,7.745932874255078,2233600
2022-08-11,7.695727825164795,7.767449703173679,7.62400663114643,7.695727825164794,2412900
2022-08-12,7.78896427154541,7.788964271545411,7.667037516271583,7.731587055415418,1593700
2022-08-15,7.831998825073242,7.875031402315242,7.688555760949105,7.76744927521976,3055400
2022-08-16,7.9969587326049805,7.9969587326049805,7.774622138785653,7.831999368415837,1801300
2022-08-17,8.02564811706543,8.097370002976426,7.953926915145031,7.961099240534249,2151900
2022-08-18,8.018474578857422,8.104540411196965,7.946752709912586,8.025646218559558,1682100
2022-08-19,7.961097240447998,8.018474461165534,7.87503072538127,7.989785850806767,1848800
2022-08-22,7.903720855712891,7.932409469106074,7.788965718149658,7.918064820414234,1706900
2022-08-23,7.939579486846924,7.961096455487254,7.853513664256673,7.93240784795717,1482000
2022-08-24,8.047162055969238,8.054333694661048,7.925235306334073,7.961096235754475,1758300
2022-08-25,8.13322925567627,8.169090191179112,8.047163420863718,8.047163420863718,1634100
2022-08-26,8.083023071289062,8.212121460987985,8.083023071289062,8.133227962616958,1957500
2022-08-29,8.147571563720703,8.226465742592048,8.025644818183457,8.075850391280762,1527800
2022-08-30,8.118884086608887,8.233638525657852,8.090195476846645,8.15474501980929,2120500
2022-08-31,8.032817840576172,8.16908924286981,8.018473878434428,8.047162486708292,2093900
2022-09-01,8.204951286315918,8.204951286315918,7.889376526222835,8.047164248264638,2248500
2022-09-02,8.362736701965332,8.499008096506499,8.212121346098446,8.219293668756473,2676500
2022-09-05,8.31970500946045,8.412942477864611,8.183433600579768,8.412942477864611,1447400
2022-09-06,8.176261901855469,8.255156097442669,8.111713038180206,8.226467485590176,1396500
2022-09-08,8.154744148254395,8.219293684318178,8.075850650837737,8.133227864229912,2937700
2022-09-09,8.398598670959473,8.441631928244549,8.204950039162265,8.204950039162265,1824400
2022-09-12,8.51335334777832,8.585075217245238,8.398598903823602,8.398598903823602,2022100
2022-09-13,8.368576049804688,8.484403977349848,8.332379649849598,8.354097213667089,1449000
2022-09-14,8.325140953063965,8.404772487553245,8.296183968668867,8.354097937459064,2143500
2022-09-15,8.354097366333008,8.433728895378296,8.252747582684435,8.296183401502086,1775700
2022-09-16,8.259987831115723,8.339620058553946,8.173116875137742,8.274466668973213,3603900
2022-09-19,8.469924926757812,8.520600161567428,8.194833260608794,8.194833260608794,1750900
2022-09-20,8.477165222167969,8.592993158770499,8.419251253866703,8.43372940074754,1929900
2022-09-21,8.469924926757812,8.564035288102653,8.4337285277192,8.484403762528814,1437800
2022-09-22,8.527840614318848,8.564037020680303,8.433730233934677,8.491644207957393,1555900
2022-09-23,8.477165222167969,8.5061222063186,8.339619720049704,8.448208238017337,1213900
2022-09-26,8.216551780700684,8.469925201409257,8.216551780700684,8.433728801196915,1302600
2022-09-27,8.281705856323242,8.32514168191309,8.245510140452232,8.288945275653054,1661200
2022-09-28,8.267227172851562,8.317901724101644,8.194834365018032,8.274466591712711,2327800
2022-09-29,8.23827075958252,8.267227746647928,8.129681540295467,8.180356785451703,1398200
2022-09-30,8.506121635437012,8.52783919949519,8.209312395215905,8.209312395215905,2222100
2022-10-03,8.817411422729492,8.860846559273227,8.542319693192667,8.542319693192667,2329400
2022-10-04,9.012870788574219,9.020110208023935,8.831889444665544,8.90428225838463,2875500
2022-10-05,8.846367835998535,9.012870332583876,8.773975025942036,9.012870332583876,2830300
2022-10-06,9.208329200744629,9.208329200744629,8.860844728254257,8.860844728254257,2676900
2022-10-07,9.172131538391113,9.201088516247259,9.03458537578282,9.157652704268637,1940100
2022-10-10,9.005631446838379,9.164895224161306,8.969435730055523,9.150417075525972,1005300
2022-10-11,8.252748489379883,8.998392076679393,8.216552775175572,8.976673819690012,4828700
2022-10-13,8.310663223266602,8.48440584318152,8.07176789757128,8.180357121316735,4439400
2022-10-14,8.303422927856445,8.484404242907612,8.245508962271186,8.354097475146315,2733800
2022-10-17,8.339620590209961,8.397534564554,8.288945344867154,8.37581630638321,1405100
2022-10-18,8.578514099121094,8.578514099121094,8.375814541245285,8.440967921249017,1831700
2022-10-19,8.571274757385254,8.621949302109845,8.498881958873927,8.585752902854184,1325900
2022-10-20,8.687103271484375,8.745017238063156,8.59299290319662,8.62194988648601,1466900
2022-10-21,8.708821296691895,8.795692251151959,8.578515210196286,8.636429179836329,1819500
2022-10-24,8.462684631347656,8.687101729805374,8.462684631347656,8.6074702124888,1709000
2022-10-25,8.455445289611816,8.535076801136553,8.2889421595653,8.412009480350926,2282200
2022-10-26,8.129680633544922,8.397533597011037,8.042809682037918,8.390294178454882,2562300
2022-10-27,8.339620590209961,8.42649155172602,8.079007015272754,8.12968157022653,2072600
2022-10-28,8.274465560913086,8.38305406874688,8.216551598016544,8.281704288483482,1554900
2022-10-31,8.448209762573242,8.46268791206679,8.071768210293774,8.079007630235091,2940100
2022-11-01,8.839126586914062,8.940476361932495,8.448207012398479,8.448207012398479,3428400
2022-11-03,8.853605270385742,8.925998069859148,8.607471271031748,8.708820361827833,2299700
2022-11-04,8.904281616210938,9.04182712389062,8.860845793034256,8.897042197283326,1519400
2022-11-07,8.38305377960205,8.85360488450363,8.38305377960205,8.824647904054132,2016500
2022-11-08,8.354097366333008,8.419250749365025,8.267226419086626,8.346857948131913,2778600
2022-11-09,8.339620590209961,8.629190461930156,8.28170592547689,8.31066291264891,2639300
2022-11-10,7.9342217445373535,8.28894499502024,7.861828934468232,8.25274858998568,2877500
2022-11-11,8.06452751159668,8.245508823604235,7.876306781415482,7.9414601642004286,3177500
2022-11-14,8.173115730285645,8.238269110739994,8.06452722312099,8.129679913186449,1696900
2022-11-16,7.528822898864746,8.0210923273867,7.4781483484188875,7.890785551509954,3903500
2022-11-17,7.4129958152771,7.499866779082411,7.181339911796268,7.499866779082411,4280400
2022-11-18,7.420234203338623,7.709804042435281,7.369559654093947,7.48538758973261,1856100
2022-11-21,7.492626190185547,7.637411093924776,7.384036994589466,7.45642979165352,1585800
2022-11-22,7.521584987640381,7.615695370398813,7.441952753558376,7.536063136316807,1568900
2022-11-23,7.260972023010254,7.48538921482323,7.188579892714113,7.48538921482323,1955900
2022-11-24,7.4129958152771,7.492628049890422,7.297167863536684,7.3044072831177225,830300
2022-11-25,7.260972023010254,7.463671644773298,7.239254452960322,7.434714654577021,1038000
2022-11-28,7.232013702392578,7.275449524890971,7.159621585413893,7.260970687261848,1357200
2022-11-29,7.289928436279297,7.340603682904154,7.2175363117122915,7.253732719190319,1064200
2022-11-30,7.217535972595215,7.318885080304928,7.072751039874897,7.282689364916611,2710800
2022-12-01,7.166861057281494,7.289928428339316,7.116186501100879,7.203057464720097,1285300
2022-12-02,7.260972023010254,7.333364843695499,7.087230081832591,7.188579892714113,2083000
2022-12-05,7.03655481338501,7.297167698921849,7.029315393967283,7.268210711639978,1227100
2022-12-06,7.145143508911133,7.174100496865005,7.029315557095646,7.065511964635248,1191100
2022-12-07,7.137903690338135,7.260971054860259,7.137903690338135,7.145143109519204,1037500
2022-12-08,7.0293145179748535,7.159621289698975,6.964161132112793,7.137903034152322,2887100
2022-12-09,6.993117809295654,7.09446759290462,6.978639663288042,7.043792355905678,726300
2022-12-12,6.891768455505371,7.036553362051935,6.804896821188541,6.97863939943331,1688300
2022-12-13,6.689070701599121,6.971401863369068,6.681831281720362,6.935205454364345,1295600
2022-12-14,6.703548431396484,6.746983562698987,6.573241656711048,6.652873191024946,1584500
2022-12-15,6.64870548248291,6.880974452003879,6.612413282941226,6.728548459917842,1406100
2022-12-16,6.692257404327393,6.764841123601839,6.619672992836698,6.670481665550435,1671200
2022-12-19,6.764840602874756,6.786616339975516,6.626931062317591,6.6487061072021545,1224700
2022-12-20,6.917267799377441,7.08421166808493,6.728549576434351,6.743066043330168,1906000
2022-12-21,7.01162576675415,7.0334008085780795,6.895491287405061,6.931783485255677,982600
2022-12-22,6.997108459472656,7.076950731346492,6.939041226797864,7.03339996073239,1135800
2022-12-23,7.15679407119751,7.24389493320738,7.026143124290763,7.026143124290763,2716100
2022-12-26,7.084212303161621,7.171313188993571,7.026145045940322,7.127762399969442,1099800
2022-12-27,6.960817337036133,7.120502597570093,6.895491517171507,7.120502597570093,851200
2022-12-28,7.091468811035156,7.229378333580497,6.91000851219249,6.9753336383143205,1609500
2022-12-29,7.040660381317139,7.207604238129858,6.9680766675771615,7.113244787273311,1505300
2023-01-02,6.859200954437256,7.040661300809757,6.851942374450447,7.040661300809757,799000
2023-01-03,6.750323295593262,6.902749975217552,6.74306471746446,6.873716354918455,1555300
2023-01-04,6.78661584854126,6.8664581354805625,6.7575822267255,6.76484011301733,1189100
2023-01-05,6.946300506591797,6.953559085187729,6.808390974349853,6.830166017921496,1064900
2023-01-06,6.953558921813965,7.069693407755688,6.902750257268496,6.960817500239357,1235900
2023-01-09,6.9825921058654785,7.011625725532059,6.815648965836665,6.917266288561649,1478800
2023-01-10,7.0334014892578125,7.105985891983628,6.924525577385255,6.960817778748163,1943800
2023-01-11,7.040660381317139,7.062435426217512,6.910009419698702,7.033401802278282,2452600
2023-01-12,6.931784152984619,7.047918643520778,6.888233372925477,7.011626442174187,2156800
2023-01-13,6.866458415985107,6.953559284990581,6.837424792983284,6.931784240793256,1820000
2023-01-16,6.8229079246521,6.880975173117685,6.793874300419307,6.86645870710939,1044300
2023-01-17,6.844682693481445,6.910008511815821,6.808390495271668,6.851940579350516,1669700
2023-01-18,7.01162576675415,7.091468740468723,6.866457667567789,6.895491287405061,1908600
2023-01-19,7.149537563323975,7.1930876566154875,6.982593693129836,6.997110852371176,1193100
2023-01-20,7.004368305206299,7.1422785405777,6.968076793787075,7.1422785405777,1385700
2023-01-23,6.8229079246521,7.06243549762669,6.808391458643805,7.011626828273354,2296400
2023-01-24,6.910008430480957,6.953558514047194,6.844682612915505,6.844682612915505,1024800
2023-01-25,6.953558921813965,6.989851121724788,6.866458057357673,6.902750257268496,1153000
2023-01-26,7.10598611831665,7.135019741888494,6.939042955832595,6.968076579404439,1171800
2023-01-27,7.0696940422058105,7.1785706517091095,7.0696940422058105,7.11324482445037,1151600
2023-01-30,7.098727226257324,7.185828093130991,7.069693603966102,7.084210761219792,1086000
2023-01-31,7.2729315757751465,7.301965205745221,7.113246264831569,7.113246264831569,3330900
2023-02-01,7.164053916931152,7.447132287709431,7.142278870630128,7.316480625470804,2721400
2023-02-02,7.026143550872803,7.36728844140288,7.011626393548377,7.156794505711831,1625100
2023-02-03,6.9825921058654785,7.12776020419838,6.960817064169567,7.026142881473397,2067400
2023-02-06,7.040660381317139,7.055177539394852,6.910009419698702,7.0043681783390515,1417200
2023-02-07,6.968076705932617,7.12776129236926,6.931784502754762,7.062435465092361,1556600
2023-02-08,7.076951503753662,7.127760164835565,6.953558447798105,7.004367108880008,1963000
2023-02-09,6.968076705932617,7.185828540567349,6.931784502754762,7.084211202328794,1647600
2023-02-10,6.960817337036133,6.982592379585634,6.895491517171507,6.931783716231425,1521400
2023-02-13,7.047919273376465,7.0987279444726425,6.953559818329115,6.960818397690349,1136800
2023-02-14,6.989850997924805,7.105985481809624,6.924525177685562,7.055176818164047,1474300
2023-02-15,7.135018825531006,7.149535981560569,6.953558528458058,6.989850726315868,997100
2023-02-16,7.410839080810547,7.439872702693387,7.229378770988757,7.229378770988757,2053300
2023-02-17,7.367288112640381,7.41083889045406,7.294704405905755,7.396321733777457,743500
2023-02-22,7.127760410308838,7.352771488393458,7.120502524344391,7.352771488393458,1017700
2023-02-23,7.15679407119751,7.2148613125374235,7.076951787409158,7.1277604505275525,960400
2023-02-24,7.098727226257324,7.207603829011525,7.05517713892857,7.098727226257324,1035100
2023-02-27,7.018884181976318,7.135018658631863,7.004367026286334,7.098726461622985,1078700
2023-02-28,7.25115442276001,7.4906819964452085,7.018885428208595,7.018885428208595,3104400
2023-03-01,7.1785688400268555,7.37454558012749,7.1277594915284475,7.294703307081457,2175800
2023-03-02,7.055178165435791,7.265672130727431,7.055178165435791,7.1422790449823745,1634700
2023-03-03,7.10598611831665,7.171311944407347,7.026143826548127,7.062435336850791,1134500
2023-03-06,7.20760440826416,7.251154499092899,7.098727796759886,7.113244955180273,1696800
2023-03-07,7.294704914093018,7.316479958408755,7.15679468492226,7.200345465769915,1358600
2023-03-08,7.389065265655518,7.403581732901777,7.287447226066653,7.294705805797913,1314000
2023-03-09,7.367288112640381,7.461647554389911,7.280187249229152,7.389063847655286,1190400
2023-03-10,7.243894100189209,7.3672871469008605,7.185826865526789,7.33825352956965,1337200
2023-03-13,7.439873695373535,7.51971599315043,7.309222033360218,7.3309977718399315,2393000
2023-03-14,7.323737144470215,7.439871615023328,7.258411331730077,7.439871615023328,2666200
2023-03-15,7.338252544403076,7.352769697227761,7.12050078976038,7.301961046773258,3308800
2023-03-16,7.381014347076416,7.396077267866714,7.268039208916879,7.335824148157832,1974000
2023-03-17,7.245443820953369,7.403608425619945,7.2379120020945376,7.403608425619945,2037000
2023-03-20,7.177657604217529,7.343353998112065,7.1475310524434,7.260506160301623,1215500
2023-03-21,7.1098737716674805,7.230380715487066,7.1098737716674805,7.192722340435556,1655500
2023-03-22,7.230382442474365,7.3358250558752,7.102344367681407,7.124939110799596,1596700
2023-03-23,7.117405891418457,7.335823614028377,7.042089856403122,7.230381021352149,1827500
2023-03-24,7.185189723968506,7.230379912667413,7.057151693974231,7.117404800056986,2091500
2023-03-27,7.275568962097168,7.320759148181177,7.192721125595729,7.207784042107972,961700
2023-03-28,7.290633201599121,7.350886309193022,7.252974829784507,7.275569565563796,1489400
2023-03-29,7.275568962097168,7.298163696002352,7.147530939511719,7.298163696002352,1453000
2023-03-30,7.501519203186035,7.516582121198676,7.283101504949918,7.305696241105734,1845000
2023-03-31,7.531644821166992,7.591897922274438,7.486454636199596,7.501518270613269,2176000
2023-04-03,7.396076202392578,7.546709698238458,7.396076202392578,7.531646061344373,1029800
2023-04-04,7.52411413192749,7.5768361420054715,7.426202648381218,7.493987576857386,951700
2023-04-05,7.493987560272217,7.5617724885983675,7.418671531900505,7.524114115275648,2201100
2023-04-06,7.44126558303833,7.524113422096756,7.388544296207847,7.493986869868813,995000
2023-04-10,7.365950107574463,7.4713934176066825,7.350887188012024,7.418672121727465,1315500
2023-04-11,7.561773777008057,7.584368517541993,7.381014416188864,7.396077337120205,1736400
2023-04-12,7.712405204772949,7.832911423867258,7.599430803940467,7.606962622202292,2235600
2023-04-13,7.704873085021973,7.780189828145657,7.65215179579961,7.735000356890402,1802200
2023-04-14,7.832912445068359,7.8705708230134,7.6220265341594695,7.689811470805781,1295800
2023-04-17,7.878101825714111,7.930823118408466,7.802785077630397,7.832911633209134,1287200
2023-04-18,7.840444564819336,7.968482623775608,7.8103180049633805,7.915761323596147,654100
2023-04-19,7.765127182006836,7.847975027720858,7.757595363776366,7.8103166548422225,1565500
2023-04-20,7.780190467834473,7.780190467834473,7.652152424961113,7.750063911762727,750400
2023-04-24,7.787721157073975,7.900695546391452,7.772657522085698,7.787721157073975,844000
2023-04-25,7.757596015930176,7.817849130291772,7.704874002158443,7.795254391974618,721900
2023-04-26,7.750064373016357,7.832912227576003,7.719937815151596,7.757596192050997,836700
2023-04-27,7.832912445068359,7.840444264312131,7.719938029507051,7.719938029507051,755900
2023-04-28,8.013670921325684,8.05132857350537,7.802784334096345,7.832910886804297,1796100
2023-05-02,7.930821895599365,8.013670449372244,7.87810061103381,7.983543898438551,1692400
2023-05-03,7.953418254852295,8.04379791796413,7.802784764725524,7.915759882320603,1593400
2023-05-04,8.162203788757324,8.177318605902553,7.935475765590742,8.011052013562441,1510200
2023-05-05,8.381373405456543,8.426718574191616,8.139530583540255,8.147087631163792,1740600
2023-05-08,8.381373405456543,8.532525169154223,8.381373405456543,8.388931173828542,2081200
2023-05-09,8.43427848815918,8.532527339743305,8.313357046439837,8.358702947458914,1519000
2023-05-10,8.524967193603516,8.532524961791841,8.328470265946144,8.434276137588935,1461100
2023-05-11,8.63833236694336,8.661004952893103,8.404046576300962,8.524967995697613,1404500
2023-05-12,8.056396484375,8.630773900860072,7.859898833354036,8.630773900860072,4889700
2023-05-15,8.184877395629883,8.19999293540877,8.033725601584042,8.124416678011546,1707000
2023-05-16,8.298240661621094,8.366259145855459,8.162204413900936,8.184877001729534,1488900
2023-05-17,8.43427848815918,8.464508848589015,8.298241505850598,8.313357046439837,1165900
2023-05-18,8.744138717651367,8.759254256261132,8.42671961433183,8.42671961433183,2603700
2023-05-19,8.721467018127441,8.789485507296975,8.64589075888382,8.759255147749252,2142100
2023-05-22,8.615657806396484,8.766810279393384,8.562754873296615,8.630773341995537,1382300
2023-05-23,8.75925350189209,8.774368318451577,8.5098529022984,8.577871378687313,1528900
2023-05-24,8.82727336883545,8.880176316250154,8.72146675325744,8.781927470516703,1297500
2023-05-25,9.06911563873291,9.106903764710674,8.865060190902113,8.91040608622514,3136200
2023-05-26,9.137134552001953,9.174922679760778,9.0086553500711,9.122019012598987,2645700
2023-05-29,9.371419906616211,9.401650265511801,9.07667408757136,9.07667408757136,2168800
2023-05-30,9.303400993347168,9.44699500022118,9.280727686407703,9.363861703688702,2814000
2023-05-31,9.401651382446289,9.477227649038177,9.212711436715267,9.295845474116081,2462500
2023-06-01,9.5603609085083,9.575476450035747,9.37897873467108,9.37897873467108,2833900
2023-06-02,9.57547378540039,9.70395296963611,9.530127894185465,9.560358248079252,1827900
2023-06-05,9.651052474975586,9.651052474975586,9.424324402971124,9.552803619748696,1169200
2023-06-06,9.817319869995117,9.862665776237606,9.598149551445337,9.651053228853028,1274400
2023-06-07,9.900452613830566,9.953355563556437,9.81731858340576,9.81731858340576,1164400
2023-06-09,10.021370887756348,10.066716052982384,9.915564300981586,9.953352419168889,1452500
2023-06-12,10.520174980163574,10.542847569135223,10.089392185959229,10.127179593995772,2521900
2023-06-13,10.512618064880371,10.610866919409466,10.240544812856573,10.497503244586715,3124600
2023-06-14,10.935842514038086,10.973630641298474,10.512616786069184,10.573077501386374,4927600
2023-06-15,10.906898498535156,11.100420471218241,10.767562441970457,10.93786198463534,2947100
2023-06-16,10.999786376953125,11.108158922000015,10.798523395392143,10.852710037029372,5202600
2023-06-19,11.185569763183594,11.317164762369215,10.945602932829392,10.992047792408004,2058600
2023-06-20,11.317160606384277,11.371346502069958,11.115897653512517,11.131379759838405,2001300
2023-06-21,11.533907890319824,11.533907890319824,11.255236548912656,11.255236548912656,2936100
2023-06-22,11.410053253173828,11.45649884297504,11.23201342509566,11.44875778830357,1405600
2023-06-23,11.650020599365234,11.650020599365234,11.324903690491594,11.371348541343488,2111100
2023-06-26,11.56486988067627,11.634537891596873,11.410052488756902,11.603574413213,1791300
2023-06-27,11.456498146057129,11.626797647331829,11.262976220408284,11.588093114556548,1157100
2023-06-28,11.448759078979492,11.471981507384275,11.340386516044353,11.448759078979492,1018100
2023-06-29,11.54164981842041,11.588095414614996,11.379091339080924,11.456500419995997,1136100
2023-06-30,11.61131763458252,11.696467031474155,11.410054618408443,11.603576578984818,2216600
2023-07-03,11.441017150878906,11.611316668723928,11.355867761070213,11.564871077228874,2158300
2023-07-04,11.340386390686035,11.379090929751287,11.232014567176542,11.379090929751287,838700
2023-07-05,11.5106840133667,11.526166121719902,11.286198609838191,11.301680718191394,1522800
2023-07-06,11.533907890319824,11.549390000622937,11.417795015957083,11.417795015957083,1241800
2023-07-07,11.680986404418945,11.766135806747965,11.456500945344496,11.533909291581493,1632500
2023-07-10,11.750653266906738,11.758393584003034,11.619058279310016,11.696466617866655,862600
2023-07-11,11.642281532287598,11.657763644032936,11.417796079574229,11.650022588160267,1150600
2023-07-12,11.379090309143066,11.650021329595756,11.379090309143066,11.634539219522967,1179200
2023-07-13,11.502944946289062,11.502944946289062,11.355868582664446,11.402313439292142,1289900
2023-07-14,11.363609313964844,11.533908101044538,11.293941292783304,11.433277335146384,1114200
2023-07-17,11.47972297668457,11.557132058460773,11.139124640970254,11.270719637053169,979000
2023-07-18,11.526165962219238,11.588092918319973,11.402311311790221,11.479720376029913,733400
2023-07-19,11.448759078979492,11.541649530826316,11.363609682676826,11.45650013452365,682200
2023-07-20,11.518426895141602,11.557131433938192,11.417795389561535,11.518426895141602,628500
2023-07-21,11.54939079284668,11.665503675174115,11.495204879524236,11.518427308344183,821200
2023-07-24,11.456498146057129,11.642279017505405,11.441016037655992,11.510684049005986,767000
2023-07-25,11.502944946289062,11.727430388596751,11.456500089661366,11.456500089661366,1466700
2023-07-26,11.379090309143066,11.526167401924003,11.340385772188734,11.495203920006064,1162900
2023-07-27,11.092677116394043,11.44101644739148,11.053972582232642,11.417794022185673,2027600
2023-07-28,11.332646369934082,11.355868798689695,11.077197438939239,11.084937756372643,898800
2023-07-31,11.293940544128418,11.417794467695476,11.224272527565043,11.317162970240336,1148200
2023-08-01,11.216530799865723,11.25523533321531,10.945600542873756,11.25523533321531,1665900
2023-08-02,11.201050758361816,11.332645744426378,11.170087275654135,11.239755296303333,829000
2023-08-03,11.092677116394043,11.34812600834067,11.069454691188238,11.34812600834067,971500
2023-08-04,10.992045402526855,11.232012918935258,10.992045402526855,11.030749935912414,797000
2023-08-07,10.914639472961426,10.992047818518902,10.844971445200285,10.914639472961426,1089700
2023-08-08,10.67466926574707,10.961081623806043,10.589519885208745,10.844968765051275,2405000
2023-08-09,10.721116065979004,10.752079547700983,10.574038974128877,10.574038974128877,1225400
2023-08-10,10.690152168273926,10.868191996690378,10.666929004215392,10.752079129308136,875000
2023-08-11,10.759819030761719,10.775301139536932,10.643706167857937,10.643706167857937,1027100
2023-08-14,10.682412147521973,10.875934104041473,10.65144866400796,10.829488509656613,1494400
2023-08-15,9.838655471801758,10.682411249404975,9.714801548158647,10.682411249404975,6076000
2023-08-16,10.14055061340332,10.295368027866372,9.854137473862096,9.877360639702301,2452500
2023-08-17,10.032177925109863,10.179254282400834,10.024436869929378,10.163772910267515,1579200
2023-08-18,9.954768180847168,10.086363157162262,9.792209724118383,10.032177250995202,1884300
2023-08-21,10.032177925109863,10.101845945278932,9.799951437288852,9.954768849760308,1587300
2023-08-22,10.109586715698242,10.20247716056463,10.008955215869413,10.08636355081092,1581900
2023-08-23,10.233440399169922,10.310848732273186,10.070881939957163,10.09410436606538,1491500
2023-08-24,10.148290634155273,10.318590154206213,10.148290634155273,10.21795865318646,1070700
2023-08-25,9.885098457336426,10.171510764841953,9.784466986338145,10.163769712097295,1325100
2023-08-28,9.869619369506836,9.939287389055073,9.76124681262873,9.931546333943569,1865700
2023-08-29,9.92380428314209,9.962508816588599,9.83865490014183,9.869618379253522,1612700
2023-08-30,9.645133018493652,9.993472344767403,9.513538047065946,9.985731290394579,3127500
2023-08-31,9.474833488464355,9.707059951444158,9.44387000928222,9.691578580966878,1824500
2023-09-01,9.722541809082031,9.722541809082031,9.467092189641468,9.490315352099055,2318200
2023-09-04,9.513537406921387,9.8076908092476,9.498056037445021,9.722541431558772,926400
2023-09-05,9.598688125610352,9.70706067999538,9.474834199586109,9.513538736025593,1422400
2023-09-06,9.583206176757812,9.900582027635737,9.583206176757812,9.598687547464557,1759500
2023-09-08,9.482575416564941,9.691579473973192,9.482575416564941,9.559984490766732,1171900
2023-09-11,9.614169120788574,9.761245456333091,9.567723534800676,9.606428066752667,1384400
2023-09-12,9.80769157409668,9.923804438020781,9.637392067210756,9.637392067210756,1574100
2023-09-13,9.9934720993042,10.117326013316937,9.80769122828509,9.80769122828509,2099300
2023-09-14,9.79861831665039,10.120270205224966,9.696631004731218,10.120270205224966,2548600
2023-09-15,9.751547813415527,9.908451084118656,9.688786505134276,9.767237766398935,1515000
2023-09-18,9.610336303710938,9.751549647997457,9.563264939557447,9.751549647997457,3082100
2023-09-19,9.720169067382812,9.782930387984361,9.571110369823666,9.610336382243123,1828200
2023-09-20,9.869224548339844,10.010437858460925,9.704475935923172,9.704475935923172,1790800
2023-09-21,9.782929420471191,9.892761346574753,9.712322754733824,9.735858060588319,1671700
2023-09-22,9.673095703125,9.994747591756312,9.673095703125,9.806463668875613,1485200
2023-09-25,9.68094253540039,9.822155873262128,9.64171652508614,9.649561876783773,2158400
2023-09-26,9.492656707763672,9.728011226790628,9.492656707763672,9.665249921960271,1721700
2023-09-27,9.50050163269043,9.626024994791866,9.414205022658624,9.50050163269043,1473000
2023-09-28,9.610336303710938,9.649562315809854,9.50050361946876,9.516194323577908,1219400
2023-09-29,9.657407760620117,9.87707238304031,9.626027100274374,9.696633024921825,1125700
2023-10-02,9.406360626220703,9.65740662771041,9.343599312891744,9.65740662771041,1698100
2023-10-03,9.31221866607666,9.43774129286734,9.225922047201534,9.31221866607666,1667100
2023-10-04,9.359289169311523,9.437740429794466,9.265147207827711,9.406359775966529,979400
2023-10-05,9.202386856079102,9.492658892956822,9.186696900346597,9.312219538902399,1314900
2023-10-06,9.33575439453125,9.469122378582316,9.108244436121884,9.178851103934084,1660400
2023-10-09,9.09255313873291,9.29652776048155,8.998411178273644,9.29652776048155,2417600
2023-10-10,9.045483589172363,9.249458251618055,9.045483589172363,9.123935612628074,1903200
2023-10-11,9.06901741027832,9.233766020397935,9.045481360137119,9.178849318242223,1199400
2023-10-13,8.998412132263184,9.123934759516473,8.974876078522787,9.061173445889828,1644600
2023-10-16,8.974875450134277,9.06117281145909,8.927804842296947,9.06117281145909,2006400
2023-10-17,8.880733489990234,9.116088773796532,8.833662882133268,8.927804846021024,2514100
2023-10-18,8.739520072937012,8.880732631023296,8.700294071401029,8.810125977893279,2349900
2023-10-19,8.794437408447266,8.935650736902481,8.739521446569734,8.739521446569734,1475700
2023-10-20,8.629688262939453,8.833662892352468,8.629688262939453,8.739520928355805,2242900
2023-10-23,8.629688262939453,8.708140273690251,8.559081602898502,8.598307608273899,2083800
2023-10-24,8.512011528015137,8.700295467798933,8.512011528015137,8.692450116597808,3347800
2023-10-25,8.33941650390625,8.574771773412841,8.331571153682148,8.519855070017911,3318300
2023-10-26,8.574772834777832,8.715985415421722,8.339417536139521,8.339417536139521,3984400
2023-10-27,8.55908203125,8.661069351060608,8.464940062541867,8.621843343722087,2375700
2023-10-30,8.574772834777832,8.629688796796351,8.449250208350431,8.629688796796351,1665500
2023-10-31,8.551236152648926,8.692449471087052,8.480630241603677,8.566926853885969,1467500
2023-11-01,8.551236152648926,8.645378863723554,8.496320194666904,8.57477220450449,2534400
2023-11-03,8.857197761535645,8.974875023711604,8.629687839334682,8.653223142135117,2093900
2023-11-06,8.723831176757812,8.935651179942926,8.582617841301069,8.8415092056964,1935300
2023-11-07,8.731675148010254,8.794436454253239,8.637533188645778,8.637533188645778,2184500
2023-11-08,8.857197761535645,8.935649768435475,8.715984448385466,8.715984448385466,2071100
2023-11-09,8.90427017211914,9.092554113216785,8.802282850314448,8.865044164013662,2669200
2023-11-10,9.178851127624512,9.202386434231354,8.912115158833938,8.912115158833938,1746400
2023-11-13,8.974875450134277,9.225921435237392,8.943494795518117,9.178850079226239,1726300
2023-11-14,8.951340675354004,9.218076629445784,8.55123674421633,8.559082095377587,2956900
2023-11-16,9.171004295349121,9.186694996002984,8.95133972341154,8.95133972341154,2695100
2023-11-17,9.06901741027832,9.27299127428575,9.029791408216743,9.171003968195157,1674800
2023-11-20,9.131779670715332,9.2023855840125,9.01410165220571,9.155314975147721,2005400
2023-11-21,8.951340675354004,9.163160667664725,8.888579362411686,9.131780011193566,1877500
2023-11-22,9.006258010864258,9.139626008252838,8.935652084164992,8.990568054322415,1989900
2023-11-23,9.061173439025879,9.202386020491922,8.959186117416369,9.021947430995471,711600
2023-11-24,8.94349479675293,9.100398818029223,8.872888884987184,9.076862765933486,1592400
2023-11-27,9.006258010864258,9.076864685737505,8.896426070549413,8.943496688348924,1437400
2023-11-28,9.31221866607666,9.3592900252101,9.00625670214397,9.00625670214397,2020100
2023-11-29,9.469121932983398,9.555419299881278,9.280837993127086,9.390670665463537,1986900
2023-11-30,9.484810829162598,9.531881431075904,9.374978177742001,9.492656178872725,1491200
2023-12-01,9.516193389892578,9.657406720323891,9.414206067711504,9.484812732927162,2581800
2023-12-04,9.516193389892578,9.571109352538588,9.390670762030911,9.516193389892578,1095300
2023-12-05,9.735858917236328,9.78293028126096,9.46127832964348,9.51619429752726,1494200
2023-12-06,9.641714096069336,9.806462699345285,9.641714096069336,9.798617349624115,1063900
2023-12-07,9.586799621582031,9.68878693915112,9.524038310489338,9.673096237291025,1162900
2023-12-08,9.586799621582031,9.61033492619833,9.445586297536549,9.586799621582031,1377200
2023-12-11,9.4534330368042,9.586801029506148,9.225923063637453,9.586801029506148,1812200
2023-12-12,9.492656707763672,9.547572662446793,9.382824050223663,9.500501309737139,1329100
2023-12-13,9.69663143157959,9.728012086768889,9.476966845254493,9.531882804792307,1881400
2023-12-14,9.892760276794434,9.892760276794434,9.688786401156277,9.704476353971302,1786200
2023-12-15,10.002592086791992,10.033972737921644,9.775082179058574,9.92414008488099,1522100
2023-12-18,9.947678565979004,10.057510497693347,9.822155930777514,10.002594531836175,1583000
2023-12-19,10.081045150756836,10.41838699889666,9.97121248614514,10.198722417847083,2767600
2023-12-20,10.088890075683594,10.15949673746391,9.971212804832296,10.120270731122195,1423800
2023-12-21,10.143805503845215,10.183030757063486,10.073198850974332,10.167340805410927,989300
2023-12-22,10.214412689208984,10.214412689208984,10.057508675461268,10.135960682335126,844100
2023-12-26,10.245794296264648,10.316400211216385,10.183032236017791,10.22225824310688,719000
2023-12-27,10.347780227661133,10.347780227661133,10.18303160660908,10.245793662976642,724600
2023-12-28,10.473304748535156,10.473304748535156,10.27717545173243,10.355626721549186,1127500
2024-01-02,10.06535530090332,10.465459239933967,10.026129292497082,10.434078582843753,1826800
2024-01-03,10.143805503845215,10.222256758455504,9.931985545232568,10.018282897929756,951900
2024-01-04,10.05750846862793,10.175186476518661,9.924140508589364,10.151650426036253,1221500
2024-01-05,10.387007713317871,10.426233723575312,9.971213800206403,10.081046479292452,1448600
2024-01-08,10.543910026550293,10.567446079422398,10.245794171908772,10.387006748272164,1104600
2024-01-09,10.543910026550293,10.55175537750766,10.410542801144269,10.512529370894667,825000
2024-01-10,10.583137512207031,10.645898832289475,10.410544256067285,10.543911500112015,1393200
2024-01-11,10.708660125732422,10.779266797693014,10.504686210058871,10.638054201945778,1068700
2024-01-12,10.76357364654541,10.81848959813521,10.630205694249847,10.708656946781884,1136100
2024-01-15,10.747883796691895,10.802800500796264,10.653741837307845,10.747883796691895,739900
2024-01-16,10.543910026550293,10.724349357700527,10.48899406619641,10.669433397346642,921400
2024-01-17,10.692968368530273,10.740038976458653,10.379161073587847,10.512529043007959,1475700
2024-01-18,10.896944046020508,10.896944046020508,10.559601414670269,10.700814748384117,1376600
2024-01-19,10.951858520507812,10.951858520507812,10.81064520599875,10.896942564053752,1580000
2024-01-22,10.61451530456543,10.9283225683715,10.54390865150472,10.9283225683715,1220400
2024-01-23,10.912633895874023,10.983240562052181,10.551755961765354,10.638053330727052,1166800
2024-01-24,11.093071937561035,11.20290385148444,10.967548574518313,10.97539392499107,1482100
2024-01-25,11.187214851379395,11.297046774655728,11.061692225821377,11.069536828788355,978400
2024-01-26,11.297046661376953,11.297046661376953,11.132298029940571,11.187214739201936,923600
2024-01-29,11.336273193359375,11.359808499461677,11.132298545342382,11.297047184406278,1337500
2024-01-30,11.242130279541016,11.359807548374013,11.171523618971687,11.3205822908789,885000
2024-01-31,11.57162857055664,11.595163876804676,11.234285938914597,11.28920265105854,2174500
2024-02-01,11.587320327758789,11.712842970067316,11.430416276699168,11.610855636148147,4036100
2024-02-02,11.642236709594727,11.752068651422682,11.45395273945481,11.618701400370734,2267400
2024-02-05,11.516712188720703,11.68930542584254,11.461795478569329,11.571628150698208,1227800
2024-02-06,11.414724349975586,11.610853631768382,11.344117688822365,11.485331011128807,1037200
2024-02-07,11.453950881958008,11.453950881958008,11.249976239964841,11.367653515174968,936200
2024-02-08,10.912633895874023,11.493176431735048,10.881253238480829,11.453951171123972,1126000
2024-02-09,11.791291236877441,11.979575900441462,10.944012869447551,10.983238872197296,3701500
2024-02-14,11.548089981079102,11.728528524636834,11.453948034678499,11.728528524636834,1017000
2024-02-15,11.704996109008789,11.838364086312854,11.501021467464469,11.540247475172817,1205700
2024-02-16,11.704996109008789,11.783448124425487,11.48533151328545,11.681460803653327,589900
2024-02-19,11.814827919006348,11.846208573248877,11.540246633253856,11.563781936892301,573900
2024-02-20,12.12078857421875,12.144323876815244,11.783446743089735,11.799136695429471,1279500
2024-02-21,12.058029174804688,12.144325796750595,12.003113210673101,12.120790490433329,797700
2024-02-22,12.058029174804688,12.120790490433329,11.893280534236029,12.120790490433329,667300
2024-02-23,11.861898422241211,12.042337743683461,11.7834471614099,12.026647042612915,878900
2024-02-26,11.932506561279297,11.932506561279297,11.791293226818059,11.838364587696438,553100
2024-02-27,12.089409828186035,12.105100531174392,11.932506539171966,11.96388719697478,764300
2024-02-28,12.24631118774414,12.340453146320135,12.073717971108374,12.105098623967038,1334600
2024-02-29,12.105100631713867,12.316919886598663,11.963887296341403,12.1757072994001,1434900
2024-03-01,11.697151184082031,11.885435130134619,11.45395127414091,11.854054472459188,3777900
2024-03-04,11.634389877319336,11.901125841844348,11.60300921962074,11.712841895652772,1819900
2024-03-05,11.650079727172852,11.712841037974316,11.469640397488261,11.642234376279209,1586500
2024-03-06,11.71284294128418,11.846210935452742,11.610855607615635,11.71284294128418,952600
2024-03-07,11.71284294128418,11.775604262284213,11.673616928615667,11.759913557947224,735500
2024-03-08,11.791291236877441,11.806981937246848,11.548091366541813,11.689303928997614,645200
2024-03-11,11.775602340698242,11.877589657724123,11.650079719181416,11.752066288033458,575900
2024-03-12,11.799137115478516,11.83051776944892,11.689304452495204,11.799137115478516,635400
2024-03-13,11.830517768859863,11.916814380230724,11.689304451913179,11.712840503520164,862200
2024-03-14,11.7677583694458,11.956042323795192,11.689306347713257,11.830519687562264,535900
2024-03-15,11.720685005187988,11.799137013523,11.650079095495038,11.697149701957006,998200
2024-03-18,11.936038970947266,11.936038970947266,11.651282094123502,11.651282094123502,1167800
2024-03-19,11.643370628356934,11.849027412964885,11.469352652753258,11.785748286262947,1580800
2024-03-20,11.469354629516602,11.714561853508524,11.14504886068783,11.667102123128956,2440900
2024-03-21,11.073860168457031,11.453535012146208,10.978941457534736,11.398165952694917,2376000
2024-03-22,10.81283187866211,11.09758796807703,10.646723971250053,11.026398757136615,1899400
2024-03-25,10.670454978942871,10.93939170115025,10.622996001110305,10.812833421134272,1083400
2024-03-26,10.528076171875,10.717913571717649,10.50434593113459,10.6704538445836,1334800
2024-03-27,10.710002899169922,10.75746262367928,10.48061586512594,10.535984915097915,1511100
2024-03-28,10.55971622467041,10.741643552641941,10.520166575962353,10.71791406515583,1107100
2024-04-01,10.417338371276855,10.662544849099874,10.306599499595812,10.575536220573456,1729600
2024-04-02,10.409427642822266,10.480616859164911,10.322419019707255,10.354058587598786,1245400
2024-04-03,10.456888198852539,10.535986747663753,10.267050022142532,10.456888198852539,1575900
2024-04-04,10.615086555480957,10.646726127379013,10.480618186327494,10.49643834944997,1172000
2024-04-05,10.57553482055664,10.702093083239808,10.535985174881462,10.559715414894619,762800
2024-04-08,10.654634475708008,10.749553175961369,10.559715775454645,10.57553518165682,779700
2024-04-09,10.630905151367188,10.686274963715121,10.54389652388735,10.654635394236376,557000
2024-04-10,10.551806449890137,10.662544564266133,10.504346719195548,10.662544564266133,1673200
2024-04-11,10.543895721435547,10.654634583356701,10.377787805727205,10.55180580178994,1020200
2024-04-12,10.369878768920898,10.630905412109405,10.322419790712182,10.543896782495521,1082200
2024-04-15,10.0772123336792,10.369878540680913,10.069302252702894,10.36196921405145,2507200
2024-04-16,9.974382400512695,10.077211178375311,9.863644296927381,10.05348169251371,2323000
2024-04-17,9.824094772338867,10.164220676061246,9.752905559527507,10.045571736593393,2289500
2024-04-18,9.760817527770996,9.998114698261338,9.752907446073705,9.824096672655498,930200
2024-04-19,9.808273315429688,9.86364311493395,9.713354629010947,9.76081434939365,1247500
2024-04-22,9.942745208740234,9.990204946142772,9.784547341309999,9.784547341309999,776700
2024-04-23,9.926924705505371,9.99811392659268,9.87155489224477,9.942744113332077,613800
2024-04-24,9.966473579406738,10.100941930008732,9.847824635397853,9.926923931403776,1150100
2024-04-25,9.760817527770996,9.990204616564046,9.752907446073705,9.990204616564046,1083400
2024-04-26,9.760817527770996,9.760817527770996,9.760817527770996,9.760817527770996,0
2024-04-29,10.021842956542969,10.021842956542969,9.86364511378652,9.911104089440046,1158600
2024-04-30,9.966473579406738,10.274959174266895,9.847824635397853,10.021842634002809,2465100
2024-05-02,10.121500015258789,10.18571248560432,9.904783119210881,9.936889354383647,880600
2024-05-03,10.089394569396973,10.354271221662305,10.017155343238594,10.169660546344746,1588500
2024-05-06,9.752278327941895,9.97702274884025,9.391082976068686,9.631880132475178,7740800
2024-05-07,9.029889106750488,9.752279929101253,8.997782864989858,9.744253942765983,6069400
2024-05-08,9.102128028869629,9.310818975869115,8.7890916083704,9.029888796025718,6126000
2024-05-09,8.98172664642334,9.078046108063468,8.869355216964777,9.078046108063468,2548600
2024-05-10,8.941596984863281,9.094101439326689,8.893437240285106,8.973703226091008,1820600
2024-05-13,8.700799942016602,8.941597138087463,8.612507203022481,8.901464144496789,3533400
2024-05-14,8.668693542480469,8.813171245115143,8.596454308426546,8.68474628034069,2273200
2024-05-15,9.078047752380371,9.134233477286633,8.572373931804723,8.588426668003759,4406600
2024-05-16,9.383056640625,9.591747569773325,9.078047763221253,9.078047763221253,4024500
2024-05-17,9.286738395690918,9.615827542244029,9.27871240991321,9.399110616783279,1988000
2024-05-20,9.254631042480469,9.463321957050145,9.182391820862271,9.302790778716947,1273400
2024-05-21,9.391082763671875,9.44726925036223,9.198445349092758,9.254631070310074,1702300
2024-05-22,9.222526550292969,9.399111262578588,9.214499798490627,9.399111262578588,1181700
2024-05-23,9.070022583007812,9.310819791763869,8.989756591598052,9.310819791763869,1357300
2024-05-24,8.957649230957031,9.126207179516895,8.91751624025742,9.053967949352222,1038200
2024-05-27,9.061993598937988,9.094099834499959,8.957648141993323,8.957648141993323,771200
2024-05-28,8.989755630493164,9.214499310750378,8.917516399042203,9.070021613321599,941100
2024-05-29,8.917515754699707,8.941596007092183,8.837250543144044,8.941596007092183,853000
2024-05-31,8.740933418273926,8.957650370873392,8.740933418273926,8.917517375066609,3229300
2024-06-03,9.182392120361328,9.206472372001505,8.748957541987986,8.748957541987986,6990300
2024-06-04,9.078047752380371,9.254631677935226,9.045941514509208,9.182392451356835,1511100
2024-06-05,8.933568954467773,9.118179623734372,8.877383231729777,9.118179623734372,1814600
2024-06-06,8.909490585327148,9.037915547956134,8.885410330729345,8.97370306664164,1097500
2024-06-07,8.813169479370117,8.94962116847276,8.79711674472611,8.893435449009207,1313200
2024-06-10,8.75698471069336,8.845277439977316,8.70079898512946,8.837250689047302,1013200
2024-06-11,8.909490585327148,8.97370306664164,8.700799638318468,8.789091608757607,1714400
2024-06-12,8.805145263671875,9.021862200477388,8.748958767447862,8.973703221397573,1254500
2024-06-13,8.773038864135742,8.893437075135651,8.724879120451885,8.765012112609574,1494900
2024-06-14,8.829222679138184,8.877382412377964,8.724877228346156,8.789089695683867,958800
2024-06-17,8.782355308532715,8.887873536570762,8.717421133444136,8.80670620474825,909600
2024-06-18,8.847288131713867,8.871639024208472,8.709302837216336,8.766120812294107,1261300
2024-06-19,8.952808380126953,8.952808380126953,8.717421784336448,8.782355964273382,1172400
2024-06-20,9.033975601196289,9.171960913473903,8.928457375685383,9.00962547964036,1511100
2024-06-21,8.920340538024902,9.033975730371436,8.814822311005212,9.009625608467328,2022300
2024-06-24,9.09079360961914,9.155727788867553,8.90410803779907,8.928458161498106,1525300
2024-06-25,9.09079360961914,9.180078686643066,9.009626272596861,9.042093362221069,1395200
2024-06-26,9.06644344329834,9.11514369046747,8.960925208996594,9.090793566882905,920500
2024-06-27,9.245012283325195,9.301829493068151,9.066442914606212,9.123260124349168,3003900
2024-06-28,9.212545394897461,9.35053071360731,9.171961341028133,9.253128674690345,1212600
2024-07-01,9.212545394897461,9.28559576297052,9.131377287158806,9.204428429308306,2084800
2024-07-02,9.220660209655762,9.285594376520663,9.147609852489992,9.147609852489992,1122000
2024-07-03,9.261245727539062,9.374880924628565,9.220661673287351,9.220661673287351,782700
2024-07-04,9.496630668640137,9.56968179882662,9.277478052157004,9.28559424234059,976100
2024-07-05,9.358646392822266,9.496631703978718,9.30182918496128,9.496631703978718,768800
2024-07-08,9.72390079498291,9.805068893983568,9.488514236772637,9.594032455842948,2525800
2024-07-09,9.61026668548584,9.740135028682722,9.342413034123176,9.740135028682722,3098000
2024-07-10,9.496630668640137,9.634615964753202,9.431696502713557,9.626499000493299,4233600
2024-07-11,9.683319091796875,9.748253271909935,9.488515777381211,9.488515777381211,1527300
2024-07-12,9.577800750732422,9.707669109536688,9.496632639441517,9.683318985780009,751300
2024-07-15,9.61026668548584,9.64273377128506,9.504748463119277,9.57779959968662,788200
2024-07-16,9.667082786560059,9.788834924940499,9.594031658347053,9.658965822519436,1295600
2024-07-17,9.71578598022461,9.780720158990109,9.618384712076361,9.675201924977054,771900
2024-07-18,9.569682121276855,9.715784386572734,9.529098072686184,9.715784386572734,1240000
2024-07-19,9.496630668640137,9.699550130679782,9.439813466973458,9.53721471586333,710800
2024-07-22,9.496630668640137,9.610265846049813,9.488513704380235,9.488513704380235,460800
2024-07-23,9.464163780212402,9.537214911900449,9.447930625435244,9.496630863843054,565500
2024-07-24,9.407346725463867,9.561565181618008,9.374879641322135,9.48039785830185,993400
2024-07-25,9.123259544372559,9.456047364413742,9.115142579474877,9.374880037666056,1238600
2024-07-26,9.301828384399414,9.334295468108042,9.163843085118668,9.204427133273535,1151400
2024-07-29,9.220660209655762,9.318061459953116,9.196310090600505,9.301828305275054,749400
2024-07-30,9.261245727539062,9.269362693204695,9.123260407529115,9.236895604618617,806400
2024-07-31,9.285594940185547,9.456047332071996,9.228777734248856,9.253127854782242,1606500
2024-08-01,9.123259544372559,9.447931173592439,9.123259544372559,9.29371193684199,1972100
2024-08-02,9.09079360961914,9.24501286589148,9.08267664369397,9.131377665168518,1023200
2024-08-05,9.09079360961914,9.131377665168518,8.936575127423277,8.944692093348447,967500
2024-08-06,9.074560165405273,9.196311554133827,9.009625988206517,9.147611308272987,980800
2024-08-07,9.236895561218262,9.261245684024297,9.11514339903519,9.139494295917673,753700
2024-08-08,9.334296226501465,9.456047606781794,9.236894967461922,9.261245088702708,1006000
2024-08-09,9.3667631149292,9.472281336844881,9.261244893013519,9.334296029268712,846900
2024-08-12,9.545332908630371,9.553449873934946,9.374880507616385,9.415464560062842,1082300
2024-08-13,9.634617805480957,9.691435018002766,9.569683627148471,9.569683627148471,1136300
2024-08-14,10.03233814239502,10.178440405940162,9.658966293172359,9.667083257608496,2374400
2024-08-15,10.081039428710938,10.24337485146064,9.991755139717691,10.113506513260878,1398900
2024-08-16,9.878120422363281,10.145974076044752,9.861886492284942,10.145974076044752,893500
2024-08-19,10.210907936096191,10.275842106271973,9.870003155635157,9.918704170305176,1454300
2024-08-20,10.07292366027832,10.267726190712006,9.983639360681993,10.219025945141809,1454000
2024-08-21,10.04045581817627,10.145974041092801,10.032338853165061,10.07292290414471,634100
2024-08-22,10.04045581817627,10.097273025101945,9.943054560270944,10.089156834167126,664200
2024-08-23,10.219024658203125,10.332659066273939,9.98363810338685,9.98363810338685,896300
2024-08-26,10.259610176086426,10.275843333530938,10.137858011908522,10.227143087120943,996800
2024-08-27,10.202792167663574,10.37324457788099,10.137857989873744,10.267726345453404,1847100
2024-08-28,10.210907936096191,10.210907936096191,10.007988460777783,10.202790971305127,926200
2024-08-29,10.186558723449707,10.27584302187779,10.064806562964389,10.251492899411302,1326100
2024-08-30,10.194673538208008,10.348891980062437,10.121622412143598,10.186556574406124,1815400
2024-09-02,10.551813125610352,10.608630333197652,10.251492383385994,10.27584250462678,1458800
2024-09-03,10.340776443481445,10.835900466664933,10.308309357869115,10.576163007689923,3066800
2024-09-04,10.430061340332031,10.576162836180044,10.357010205369841,10.357010205369841,947300
2024-09-05,10.430061340332031,10.519345630798949,10.267725140826556,10.470644616132033,693800
2024-09-06,10.28395938873291,10.511228991368467,10.243375337600321,10.430061663179679,638300
2024-09-09,10.194673538208008,10.324541862733058,10.137855565671092,10.316424898931174,1191200
2024-09-10,10.275843620300293,10.332660834056378,10.14597526081411,10.25961046240276,1048300
2024-09-11,10.29207706451416,10.373244398308117,10.24337604497663,10.275843133309502,695200
2024-09-12,10.137857437133789,10.324543768658312,10.105390350009056,10.324543768658312,783700
2024-09-13,10.106918334960938,10.270858460813178,10.000357057724935,10.074130309790489,1635700
2024-09-16,10.090526580810547,10.188890674527276,10.057738549571637,10.147905440046555,708600
2024-09-17,9.934782981872559,10.065935108620183,9.721660385043501,9.959373810205653,2606700
2024-09-18,9.918388366699219,10.00855524940439,9.877403135750228,9.885600338285679,1535100
2024-09-19,9.787237167358398,10.05773942580608,9.738055507079473,10.05773942580608,1377600
2024-09-20,9.61509895324707,9.795433515887597,9.565917297263134,9.795433515887597,1590300
2024-09-23,9.434765815734863,9.639691220342163,9.418371408136657,9.639691220342163,1005400
2024-09-24,9.483945846557617,9.639689565083865,9.434764195664878,9.549521902233433,1031200
2024-09-25,9.426567077636719,9.5495219876972,9.401976251970273,9.48394593143451,664600
2024-09-26,9.442961692810059,9.524931374099316,9.410172882220431,9.426567287515244,997700
2024-09-27,9.426567077636719,9.5577191901621,9.393779049505373,9.451157903303164,1094800
2024-09-30,9.483945846557617,9.54132548157014,9.377384560652354,9.483945846557617,962800
2024-10-01,9.36918830871582,9.533128450857706,9.352793903637503,9.48394601735101,1685000
2024-10-02,9.401975631713867,9.500339709618741,9.35279320189733,9.38558122786562,1421800
2024-10-03,9.328203201293945,9.426567287881841,9.270824346216408,9.377384853723758,1052100
2024-10-04,9.270824432373047,9.352794114427262,9.254430026925238,9.328203287983825,1240800
2024-10-07,9.221641540527344,9.36099085301135,9.18065631066824,9.29541479792808,1209600
2024-10-08,9.156065940856934,9.303612462997213,9.156065940856934,9.238036404652261,1130400
2024-10-09,9.098689079284668,9.188855983837675,9.098689079284668,9.147870742957782,1124200
2024-10-10,9.164264678955078,9.197052713620833,9.1068850319937,9.115082236092242,1429900
2024-10-11,9.131476402282715,9.188855265995002,9.082293960723336,9.156067232198211,901000
2024-10-14,9.246232986450195,9.262627392185687,9.090490040604484,9.139671694354375,1057000
2024-10-15,9.295415878295898,9.385582769083058,9.213445409050603,9.23803701886119,1054100
2024-10-16,9.262627601623535,9.385582520506695,9.246233195517348,9.295415632107598,1020900
2024-10-17,9.254429817199707,9.287217845624,9.18885376035112,9.262627019737845,708800
2024-10-18,9.082292556762695,9.320005960475267,9.04950452803435,9.221641874290231,1332300
2024-10-21,9.106882095336914,9.221640570525592,9.098685675609847,9.098685675609847,748300
2024-10-22,9.09048843383789,9.131473659204087,9.033109587362109,9.131473659204087,926400
2024-10-23,9.123278617858887,9.123278617858887,9.033111726087409,9.090490586148501,804400
2024-10-24,9.098689079284668,9.15606794747945,9.049506633883105,9.131477115642893,1134100
2024-10-25,9.09048843383789,9.156064481732543,9.07409403100015,9.156064481732543,530500
2024-10-28,9.197052001953125,9.254430862746117,9.123278734231649,9.123278734231649,491900
2024-10-29,9.18885326385498,9.254429317160334,9.172458859664532,9.205246886317209,709100
2024-10-30,9.213444709777832,9.352794027881641,9.156065854698006,9.180656680913893,654100
2024-10-31,9.221641540527344,9.328202825469715,9.156065485444076,9.156065485444076,738500
2024-11-01,9.180657386779785,9.262627856106166,9.106884120731708,9.262627856106166,805300
2024-11-04,9.254429817199707,9.320005874048293,9.172459355274844,9.197050962889259,994700
2024-11-05,9.28721809387207,9.29541529662932,9.18885400596991,9.2462328618141,534000
2024-11-06,9.229839324951172,9.311809008110792,9.123278033288205,9.262627354560678,929100
2024-11-07,9.156065940856934,9.270824433824737,9.074095477061606,9.213444796476697,1079200
2024-11-08,9.17245864868164,9.17245864868164,8.992124897104027,9.139670622783147,1866000
2024-11-11,9.082292556762695,9.205247469061925,9.041307325420195,9.17245944033358,832700
2024-11-12,9.164264678955078,9.164264678955078,9.033112540292061,9.082294201426487,1218300
2024-11-13,8.869172096252441,9.033113060755456,8.803596023142617,8.95114257850395,2382900
2024-11-14,8.688835144042969,8.934744938415669,8.639652716131526,8.934744938415669,2482700
2024-11-18,9.033110618591309,9.08229226926285,8.705229559958655,8.705229559958655,1805800
2024-11-19,8.934746742248535,9.03311161793027,8.860974258079727,9.03311161793027,857400
2024-11-21,8.869172096252441,9.016718651613772,8.860975673410055,8.926551746519879,980600
2024-11-22,8.934746742248535,8.951141148771601,8.803594616977326,8.910155914192266,1039100
2024-11-25,8.99212646484375,9.016717293122879,8.901958791606386,8.934746823221335,673900
2024-11-26,8.910155296325684,9.115080673283666,8.910155296325684,8.992125759800187,945700
2024-11-27,8.94294261932373,9.2380356391517,8.94294261932373,9.098686331283652,4020600
2024-11-28,8.852775573730469,8.992124878949783,8.787199522065874,8.983927677059658,1577400
2024-11-29,8.918353080749512,8.918353080749512,8.738018518379619,8.910155877521715,1480700
2024-12-02,8.695728302001953,8.922136271918962,8.687342643923463,8.922136271918962,1793100
2024-12-03,8.779584884643555,8.78796974455094,8.687344228357668,8.72088606708876,1072200
2024-12-04,8.787969589233398,8.99760627752275,8.72927157241654,8.796355248693093,1792700
2024-12-05,8.829895973205566,8.98083462564169,8.813125456101774,8.813125456101774,1035600
2024-12-06,8.553177833557129,8.880211397671301,8.452552306068293,8.838283894625802,2620600
2024-12-09,8.553177833557129,8.662189021595186,8.536407312159293,8.628647179098907,953900
2024-12-10,8.628645896911621,8.746042728054132,8.519634725072251,8.611875378005827,1556600
2024-12-11,8.729270935058594,8.86343827781562,8.528019920923054,8.687343440521913,1227200
2024-12-12,8.645419120788574,8.729273333198247,8.536407924925403,8.72088767204708,1178300
2024-12-13,8.528020858764648,8.678959535815519,8.494479019386736,8.595104537520474,1671300
2024-12-16,8.528020858764648,8.628646376898386,8.469322839778435,8.628646376898386,1416700
2024-12-17,8.477707862854004,8.628646542807072,8.38546800271632,8.536406682669389,2398500
2024-12-18,8.293227195739746,8.511248731146406,8.251299700572922,8.486092553926493,2135900
2024-12-19,8.362129211425781,8.422041848626872,8.259420667297535,8.387805939333612,1759600
2024-12-20,8.387807846069336,8.41348457981406,8.327894379000115,8.41348457981406,1329300
2024-12-23,8.310776710510254,8.387807726898648,8.276540793920816,8.336453443890173,1297800
2024-12-26,8.593221664428711,8.601780846082411,8.31077519984453,8.37924702057715,1069300
2024-12-27,8.550427436828613,8.67881272586797,8.550427436828613,8.67881272586797,643800
2024-12-30,8.730165481567383,8.77296057444854,8.558985926291259,8.618898566575774,1033600
2025-01-02,8.653135299682617,8.858551601777108,8.584663471067314,8.738725493576037,1512300
2025-01-03,8.190949440002441,8.653134656950105,8.190949440002441,8.653134656950105,6471800
2025-01-06,8.302215576171875,8.38780575565498,8.173831123195662,8.250862121480768,1524900
2025-01-07,8.33645248413086,8.456278586522867,8.302216571482933,8.302216571482933,1296000
2025-01-08,8.302215576171875,8.413482483000534,8.233743759084769,8.353569847111428,1663000
2025-01-09,8.250864028930664,8.336453411952036,8.23374566257721,8.336453411952036,1182800
2025-01-10,8.259422302246094,8.319335767555488,8.233745569255566,8.259422302246094,1025200
2025-01-13,8.208067893981934,8.396365818876056,8.208067893981934,8.276539718261882,3193400
2025-01-14,8.387807846069336,8.422043763145185,8.22518662777257,8.259422544848418,2055500
2025-01-15,8.516190528869629,8.55042643870057,8.43060116241651,8.43060116241651,1866200
2025-01-16,8.22518539428711,8.51619105391564,8.216627028488086,8.51619105391564,2092300
2025-01-17,8.345011711120605,8.370688441682153,8.182391329232745,8.250863154895901,1396500
2025-01-20,8.362129211425781,8.439159395149272,8.276539030068397,8.345010848654919,1055300
2025-01-21,8.55898666381836,8.601781760387167,8.387807093791707,8.387807093791707,1908000
2025-01-22,8.610339164733887,8.678810978603673,8.52474898927245,8.533308170068276,1524700
2025-01-23,8.481955528259277,8.687371009264382,8.430602066132282,8.58466326876183,2165300
2025-01-24,8.490513801574707,8.550426439723907,8.430601163425505,8.481954620053827,900400
2025-01-27,8.78151798248291,8.824313066719826,8.396363856847346,8.43059976098721,1782100
2025-01-28,8.78151798248291,8.84998979076264,8.764399622288808,8.824313066719826,950900
2025-01-29,8.747283935546875,8.832873305944512,8.747283935546875,8.781519846955632,876300
2025-01-30,8.944141387939453,9.004054852900786,8.721607526651345,8.721607526651345,1759400
2025-01-31,8.867108345031738,9.0297295204115,8.867108345031738,8.995493612370778,1387600
2025-02-03,8.849990844726562,8.93558020714507,8.730164757842527,8.772959847175999,1329400
2025-02-04,8.867108345031738,8.92702179628933,8.75584143983728,8.849990799135593,1069300
2025-02-05,8.892786026000977,8.978375389304379,8.815755027654003,8.901344390957405,1463000
2025-02-06,8.909904479980469,8.986935486176028,8.849991837938823,8.858551020015781,982200
2025-02-07,8.918462753295898,8.96125784307148,8.824314208788376,8.875667663520316,868000
2025-02-10,9.089642524719238,9.098201706139275,8.867108705289102,8.909903796140815,928700
2025-02-11,9.098200798034668,9.18379015494683,9.038288166571316,9.098200798034668,849200
2025-02-12,8.695929527282715,9.123878821469845,8.695929527282715,9.07252536326655,2057800
2025-02-13,8.61889934539795,8.83287401289044,8.558986699699599,8.627458527997309,1640700
2025-02-14,8.815755844116211,8.841432573860411,8.627457921412194,8.653134651156394,2531500
2025-02-17,8.875667572021484,8.909903480239324,8.704488030932286,8.704488030932286,1299400
2025-02-18,9.046847343444824,9.106760796537777,8.815755161152872,8.875667797997366,1141300
2025-02-19,9.029730796813965,9.123879353172265,8.961258971053645,9.038289979096142,2771700
2025-02-20,9.029730796813965,9.106761804856461,8.969817337087274,9.029730796813965,2472300
2025-02-21,9.132438659667969,9.218028851156784,8.978376641487525,9.029730919630527,2312000
2025-02-24,9.183792114257812,9.260823123286766,9.12387947001243,9.1666745657228,1900700
2025-02-25,9.243703842163086,9.295057294391276,9.149554485997395,9.218027116048992,986500
2025-02-26,9.320734977722168,9.346411704224602,9.218027255464014,9.243703981966448,1746300
2025-02-27,9.466238975524902,9.517592434970263,9.286500234969097,9.312176964691776,1540000
2025-02-28,9.243703842163086,9.50047355204925,9.158113666784896,9.466237645147656,1751700
2025-03-05,9.372090339660645,9.389208704981263,9.166674853304736,9.235146682090038,1362100
2025-03-06,9.337851524353027,9.414882511868045,9.277938896840606,9.346410704354327,1792900
2025-03-07,9.50047492980957,9.577505119322783,9.312177006419601,9.346412918286093,2121100
2025-03-10,9.243703842163086,9.466237645147656,9.166672847572396,9.466237645147656,1840800
2025-03-11,9.218027114868164,9.337852380884193,9.11531857792813,9.24370384097897,2169600
2025-03-12,9.50047492980957,9.603182665409046,9.252264364715371,9.286500276581863,8198500
2025-03-13,9.483356475830078,9.577505028508076,9.34641282966262,9.560387480861403,2027100
2025-03-14,9.560386657714844,9.611740112481863,9.414883842127542,9.509032386699376,1529300
2025-03-17,9.639019966125488,9.717599066736591,9.551709669301442,9.551709669301442,1231600
2025-03-18,9.508056640625,9.700137987395177,9.508056640625,9.63902127093674,1444000
2025-03-19,9.717599868774414,9.778716582003868,9.50805613828534,9.542980093366854,1420300
2025-03-20,9.700136184692383,9.778715281337174,9.647750675364295,9.743791330900896,1025700
2025-03-21,9.665212631225586,9.752522927228618,9.656482267747437,9.691406219618111,2089600
2025-03-24,9.57790470123291,9.74379329101308,9.516787151185204,9.70013813602267,932900
2025-03-25,9.691407203674316,9.813640631306797,9.57790414040646,9.612828095823279,966800
2025-03-26,9.822372436523438,9.866027591660774,9.682676606206224,9.682676606206224,798100
2025-03-27,9.639019966125488,9.857294875532906,9.595364817713465,9.857294875532906,618300
2025-03-28,9.551711082458496,9.682676547070653,9.525518322597195,9.630290194695226,741300
2025-03-31,9.377090454101562,9.49932471023936,9.324704939080185,9.490593513518213,890400
2025-04-01,9.394553184509277,9.438208337028088,9.289781318055796,9.359629229024783,1141700
2025-04-02,9.490593910217285,9.577904215772746,9.368359648970197,9.429477195920132,1265700
2025-04-03,9.621560096740723,9.726331971745076,9.455670670160865,9.473133065654679,951200
2025-04-04,9.394553184509277,9.53424900644725,9.368359593406323,9.508056247997075,1004700
2025-04-07,9.176278114318848,9.438208192775628,9.115160568665514,9.298511540319984,1475100
2025-04-08,9.010388374328613,9.289780836370534,9.010388374328613,9.211201732441642,1244500
2025-04-09,9.237394332885742,9.263587089533617,8.888154802071671,8.984195464882362,1627100
2025-04-10,8.984195709228516,9.246125780789228,8.94927175519727,9.246125780789228,1217600
2025-04-11,9.150083541870117,9.193738689037787,8.940539834648513,8.992926177780252,823000
2025-04-14,9.176278114318848,9.263587585369264,9.123891765566386,9.176278114318848,717200
2025-04-15,9.211201667785645,9.307242331550857,9.123891367888012,9.123891367888012,718900
2025-04-16,9.088967323303223,9.254856724914418,9.019119417146735,9.193739182537952,979700
2025-04-17,9.307242393493652,9.307242393493652,9.036581960784568,9.097698671528025,2484300
2025-04-22,9.525517463684082,9.577903811335847,9.26358739073075,9.298511344947677,1280000
2025-04-23,9.621560096740723,9.69140801341029,9.48186343074874,9.516787389083525,996300
2025-04-24,9.639019966125488,9.673943918324568,9.446937812704205,9.6215584063523,808600
2025-04-25,9.822372436523438,9.848565196544708,9.551711140794215,9.604097493489583,1455600
2025-04-28,9.909682273864746,9.918412638353301,9.76998561756164,9.831103164898245,841500
2025-04-29,9.909682273864746,10.02318450609104,9.874758317952168,9.900951076723405,850400
2025-04-30,10.040645599365234,10.040645599365234,9.857294646418545,9.900949793815887,1144300
2025-05-02,10.267654418945312,10.267654418945312,10.014455496167969,10.040648258482065,1759900
2025-05-05,10.267654418945312,10.29384718125941,10.162882537036023,10.223999259986549,989800
2025-05-06,10.177096366882324,10.291445867942622,10.071543174871788,10.238669691368456,812000
2025-05-07,10.203484535217285,10.291445102586833,10.150707523705846,10.159503832101441,690400
2025-05-08,10.344223022460938,10.502552393174438,10.247465299337017,10.28264969714693,1182200
2025-05-09,10.616900444030762,10.616900444030762,10.326628992074777,10.370609693038856,1110800
2025-05-12,10.775232315063477,10.775232315063477,10.52014521626136,10.625698411745454,1381000
2025-05-13,10.775232315063477,11.039115723204823,10.722455297890315,10.766436005724245,3763200
2025-05-14,10.643290519714355,10.82800881266352,10.57292172610155,10.766435489105673,1265800
2025-05-15,11.43493938446045,11.470123779781225,10.660881848541205,10.828008355461511,3749000
2025-05-16,11.065502166748047,11.40855063020138,10.959948986961352,11.338181843676917,1848200
2025-05-19,10.696065902709961,11.083095077756328,10.608105336644606,11.06550246122598,1788500
2025-05-20,11.047910690307617,11.135871256426713,10.66088151502479,10.696065909244854,1782400
2025-05-21,10.828009605407715,11.039116001701734,10.757639967780792,11.039116001701734,1121600
2025-05-22,10.757638931274414,11.021522320647705,10.696066448003442,10.784027857415262,1566900
2025-05-23,10.7488431930542,10.801619366293881,10.564124908991015,10.7488431930542,1510500
2025-05-26,10.819211959838867,10.84560004640153,10.669678071213529,10.669678071213529,698700
2025-05-27,10.740047454833984,10.915969439744256,10.713659366812992,10.819212557759155,775500
2025-05-28,10.775232315063477,10.880785510547568,10.669679119579383,10.740047916568779,848000
2025-05-29,10.68726921081543,10.801618697571625,10.669677433778682,10.775230612585455,652100
2025-05-30,10.56412410736084,10.669677284692733,10.56412410736084,10.66088097686622,809400
2025-06-02,10.801619529724121,10.801619529724121,10.484959968908473,10.564125068827925,1223900
2025-06-03,10.775232315063477,10.863193730731334,10.660882810240151,10.810416713558174,999200
2025-06-04,10.660881996154785,10.810415888054113,10.599309513206414,10.740047096438213,793500
2025-06-05,10.370609283447266,10.652084416321037,10.326628584220222,10.652084416321037,644900
2025-06-06,10.344223022460938,10.405795508912732,10.229873519863167,10.37940742027085,889100
2025-06-09,10.194687843322754,10.335425416909542,10.071542047003259,10.335425416909542,765200
2025-06-10,10.396997451782227,10.4761625432607,10.18589110041434,10.291444276098282,4182700
2025-06-11,10.502552032470703,10.502552032470703,10.300241961727473,10.361814446064598,2729900
2025-06-12,10.484959602355957,10.528940305091668,10.414590813523674,10.493755910675526,657500
2025-06-13,10.2520170211792,10.431248778269474,10.2251325994718,10.359556417289506,698700
2025-06-16,10.637362480163574,10.69113217001852,10.29682339012286,10.29682339012286,968900
2025-06-17,10.637362480163574,10.664246897770933,10.50293953748655,10.574631887532995,848500
2025-06-18,10.395401954650879,10.592555507828381,10.395401954650879,10.52982490951193,429800
2025-06-20,10.422286033630371,10.485016629893991,10.260977809363606,10.395401614466001,1129600
2025-06-23,10.422286033630371,10.422286033630371,10.243055148134118,10.341631921496989,869700
2025-06-24,10.30578327178955,10.520860282782847,10.30578327178955,10.467091457354558,1406000
2025-06-25,10.359553337097168,10.458130090474837,10.269937485197394,10.35059158097917,1094000
2025-06-26,10.287860870361328,10.413322900965795,10.243053795882743,10.404361144214013,677500
2025-06-27,10.216169357299805,10.431247263650716,10.189284939496028,10.26993904754759,1316900
2025-06-30,10.368515014648438,10.485015288982037,10.198245908862512,10.2161685677999,1324300
2025-07-01,10.467092514038086,10.520861344894495,10.350592240995658,10.368514899734409,1131000
2025-07-02,10.386439323425293,10.520862266987875,10.296823457956751,10.395401080900193,762200
2025-07-03,10.476053237915039,10.476053237915039,10.341630308420068,10.368514723391035,741800
2025-07-04,10.458131790161133,10.502939723393336,10.377477681271214,10.485016208244359,389500
2025-07-07,10.377477645874023,10.511900590471882,10.323708809890976,10.467093512032754,734400
2025-07-08,10.269939422607422,10.359555291413107,10.180323553801736,10.29682384139302,1046300
2025-07-09,10.081747055053711,10.296824120447855,10.081747055053711,10.28786236239636,846600
2025-07-10,9.929399490356445,10.072784184786977,9.884591559686857,10.063822427725022,1067400
2025-07-11,10.019015312194824,10.07278414507419,9.893553277742656,9.947322965262211,761500
2025-07-14,9.893552780151367,10.090707151620366,9.830822193400381,10.036937466805131,1412700
2025-07-15,9.902514457702637,10.036937386707773,9.857706529820877,9.947322385584396,1402900
2025-07-16,9.67847728729248,9.965246706144313,9.62470759393762,9.911477867429737,2275800
2025-07-17,9.750167846679688,9.812898431842696,9.642629334411618,9.651591090760654,2159600
2025-07-18,9.508207321166992,9.750169659743634,9.508207321166992,9.750169659743634,1795300
2025-07-21,9.43651294708252,9.59782113828328,9.409628533429093,9.553013212434168,1589300
2025-07-22,9.445476531982422,9.633669173273848,9.445476531982422,9.48132270867411,1377700
2025-07-23,9.750167846679688,9.794975773784747,9.43651321158439,9.48132113868945,1368200
2025-07-24,9.642630577087402,9.705361170334697,9.553014711328206,9.687438509967,700900
2025-07-25,9.83082389831543,9.83082389831543,9.588861556644664,9.642631250784932,1068800
2025-07-28,9.750167846679688,9.884590773354743,9.67847550516764,9.830821944540771,1127800
2025-07-29,9.67847728729248,9.803938480720015,9.660553771294099,9.786015819361918,1094900
2025-07-30,9.803937911987305,9.839784087264324,9.606784375283812,9.615745278122892,1208100
2025-07-31,9.83082389831543,9.83082389831543,9.660553912404826,9.786015962305255,1017000
2025-08-01,9.660553932189941,9.9294006941613,9.624707754236447,9.848746580105862,993900
2025-08-04,9.660553932189941,9.78601598234732,9.624707754236447,9.705361868291885,868600
2025-08-05,9.642630577087402,9.794977036093893,9.60678440171177,9.6605532374551,711400
2025-08-06,9.732244491577148,9.77705241940779,9.65159124705016,9.65159124705016,736300
2025-08-07,9.705361366271973,9.794977233840385,9.67847694785755,9.741207542371287,863900
2025-08-08,9.714322090148926,9.794976191449155,9.624706232117525,9.768090921255638,1039600
2025-08-11,9.67847728729248,9.696399948650578,9.606784932579522,9.696399948650578,652300
2025-08-12,9.794977188110352,9.857707782331216,9.651592484382519,9.687438660314477,977000
2025-08-13,9.875631332397461,9.902515750781049,9.759131046548243,9.794977222606445,992100
2025-08-14,9.812899589538574,9.947323386712663,9.68743840441103,9.9025154543213,644400
2025-08-15,10.592554092407227,10.73593878633677,10.234092357583366,10.395400565574198,2923200
2025-08-18,10.700093269348145,10.771786475351773,10.49397797283847,10.538785906100648,1095800
2025-08-19,10.15343952178955,10.69113304582541,10.15343952178955,10.583594511946297,1157100
2025-08-20,10.036937713623047,10.21616857634771,9.992129784281838,10.162399744850395,1554200
2025-08-21,10.090707778930664,10.198246300606348,9.974207500121956,10.063822507531594,978100
2025-08-22,10.198246002197266,10.252014834141688,10.027976040212856,10.108630142769663,1573900
2025-08-25,10.126553535461426,10.296822640770316,10.099669119810583,10.198245880290449,773300
2025-08-26,10.063822746276855,10.198246542540561,10.063822746276855,10.126554193056005,1368000
2025-08-27,10.23409366607666,10.23409366607666,10.072785437461556,10.09967071199094,884900
2025-08-28,10.207207679748535,10.323707954243032,10.207207679748535,10.234092095511828,1154700
2025-08-29,10.296823501586914,10.395401124948053,10.180323217840261,10.180323217840261,6373600
2025-09-01,10.296823501586914,10.368515852409432,10.243054665790142,10.31474701661266,860400
2025-09-02,10.135516166687012,10.323708801759935,10.108630894076425,10.314747044223072,1588700
2025-09-03,10.162399291992188,10.21616812109345,10.117591364647717,10.171361048389109,1124000
2025-09-04,10.30578327178955,10.323706783359029,10.135514185079877,10.16239859779402,1023000
2025-09-05,10.404361724853516,10.529823762459682,10.305784959003093,10.305784959003093,1017800
2025-09-08,10.30578327178955,10.449167945785081,10.234090934791785,10.431245288855676,744200
2025-09-09,10.440208435058594,10.440208435058594,10.260977554022444,10.260977554022444,891800
2025-09-10,10.628400802612305,10.744901085973243,10.529824034217771,10.64632431757871,6457300
2025-09-11,10.682169914245605,10.82555460764914,10.637361983896954,10.66424640025007,1227200
2025-09-12,10.583593368530273,10.771785996147093,10.583593368530273,10.709054550514683,1191000
2025-09-15,10.637666702270508,10.683518012764216,10.4909395351945,10.573473293375477,984100
2025-09-16,10.756880760192871,10.775221983356472,10.62849569627829,10.683517616653779,693300
2025-09-17,10.903608322143555,11.02282365341086,10.793563602794737,10.80273334015554,1215600
2025-09-18,10.802733421325684,10.976971550855442,10.775222459921189,10.94028997746355,622800
2025-09-19,10.876096725463867,10.876096725463867,10.71103008009103,10.821074801858824,1889900
2025-09-22,10.7293701171875,10.912777981457143,10.683517932480669,10.876096408603216,1492000
2025-09-23,10.766051292419434,10.876096006916944,10.692688149421093,10.766051292419434,893200
2025-09-24,10.738539695739746,10.85775501468311,10.683516904474502,10.821073445358815,1050200
2025-09-25,10.646836280822754,10.79356344571013,10.646836280822754,10.77522222214008,1109600
2025-09-26,10.756880760192871,10.821074166707819,10.63766630786009,10.646836044884234,761500
2025-09-29,10.866927146911621,10.921949071321771,10.747711811279336,10.821074960198017,970000
2025-09-30,10.958629608154297,10.976970830926174,10.866926117967827,10.958629608154297,1134200
2025-10-01,10.986141204833984,11.022823652504929,10.88526709741195,10.986141204833984,870600
2025-10-02,11.077844619750977,11.077844619750977,10.940288951075898,11.00448147984992,1033500
2025-10-03,11.18789005279541,11.18789005279541,10.967800618865507,11.077845335830458,878000
2025-10-06,10.995311737060547,11.197060825000081,10.931119203217019,11.197060825000081,549200
2025-10-07,10.830245971679688,10.986142012960274,10.692689406468224,10.931120086521892,907900
2025-10-08,10.876096725463867,10.967801097549215,10.839415151541269,10.89443794970402,705800
2025-10-09,10.894437789916992,10.995311898085204,10.802733419176658,10.876096565945847,837400
2025-10-10,10.7293701171875,10.921948593310047,10.701859156186474,10.876096408603216,953700
2025-10-13,10.848586082458496,10.921949232459545,10.729370745067358,10.747711969846486,715700
2025-10-14,10.784393310546875,10.940290219551544,10.77522269835655,10.848585846763722,675700
2025-10-15,11.02282428741455,11.031994025302772,10.72937081104802,10.821075186392136,895200
2025-10-16,11.050334930419922,11.114527466568557,10.903608633761493,11.022823968435896,975200
2025-10-17,10.986141204833984,11.096186798731445,10.94028989436068,11.013653040587194,661300
2025-10-20,11.481344223022461,11.481344223022461,11.004482878499763,11.031993840819851,1465900
2025-10-21,11.334616661071777,11.499684178443529,11.279594738319657,11.463002605089551,804100
2025-10-22,11.52719497680664,11.554706812351334,11.26125335511171,11.270423966959942,849000
2025-10-23,11.646410942077637,11.646410942077637,11.499684642737718,11.5638771800595,625800
2025-10-24,11.683091163635254,11.71977273422133,11.600557411177178,11.61889863374903,660100
2025-10-27,11.866499900817871,11.930693310045204,11.664751684839663,11.728944219509303,864200
2025-10-28,11.894011497497559,11.912351846509559,11.783966779752532,11.82981808956137,889200
2025-10-29,12.269997596740723,12.27916820834741,11.875670043229706,11.884840654836395,1189200
2025-10-30,12.581790924072266,12.581790924072266,12.12327085558844,12.196633996581243,1443200
2025-10-31,12.600132942199707,12.655155742516438,12.435066290364993,12.51759917900348,1717800
2025-11-03,12.811052322387695,12.811052322387695,12.563451039255101,12.58179226373502,1203800
2025-11-04,12.65515422821045,12.78353928932413,12.508427944333306,12.756028329736575,1093900
2025-11-05,12.930268287658691,12.930268287658691,12.600133227401242,12.655156028963404,1345300
2025-11-06,12.856903076171875,12.902754383146265,12.75602810188993,12.82022063130017,1137900
2025-11-07,12.774369239807129,12.829391157635404,12.581790778292936,12.737687669735742,855900
2025-11-10,12.746858596801758,12.81105200634011,12.609302914826728,12.75602920881548,836900
2025-11-11,12.99445915222168,13.086163518150999,12.737688152000292,12.746857888947105,1069000
2025-11-12,12.957777976989746,13.031141122153471,12.728517929713687,12.985288937786724,1176200
2025-11-13,13.040310859680176,13.2053774879532,12.911924926972164,12.939435885924732,1455500
2025-11-14,12.966948509216309,13.159526982728945,12.636813483447407,13.049481391100864,1415300
2025-11-17,12.847733497619629,13.021970751976836,12.719347553922214,12.939436993496905,1474200
2025-11-18,13.168697357177734,13.168697357177734,12.70100750563481,12.765200041726294,1811500
2025-11-19,12.829392433166504,13.15952747118949,12.829392433166504,13.15952747118949,1089700
2025-11-21,13.086164474487305,13.086164474487305,12.74685882048697,12.884415379433577,1126800
2025-11-24,13.021970748901367,13.104504507361806,12.939436990440928,13.06782293410802,666200
2025-11-25,13.021970748901367,13.141186080615592,12.92109664109288,13.049481710202283,647000
2025-11-26,13.251230239868164,13.324593383272575,13.012799586525004,13.021970198089969,951700
2025-11-27,13.205379486083984,13.251231674314656,13.06782379594972,13.205379486083984,607700
2025-11-28,13.416297912597656,13.49883166856848,13.122845335419319,13.205378216832477,867100
2025-12-01,13.388786315917969,13.416297275081755,13.205377589339063,13.416297275081755,1078900
2025-12-02,13.63638687133789,13.63638687133789,13.315423344848552,13.397956223392004,1337300
2025-12-03,13.645557403564453,13.700579322274349,13.517171468978649,13.645557403564453,1298700
2025-12-04,13.70975112915039,13.819795850724365,13.654729205642257,13.654729205642257,2035100
2025-12-05,13.067822456359863,13.737261362406763,12.89358520841377,13.654728481521344,1721000
2025-12-08,13.159526824951172,13.297082501000528,13.049481234642496,13.076993069498496,1035500
2025-12-09,13.232889175415039,13.242058911926279,12.838561645030662,13.141184813841777,1129000
2025-12-10,13.581366539001465,13.7097516147732,13.315424900471495,13.44380997624323,6762700
2025-12-11,13.700579643249512,13.801454620843652,13.526342397176,13.618046763251101,2107500
2025-12-12,13.737261772155762,13.84730736573403,13.663898626142041,13.764773607829172,1478600
2025-12-15,13.903437614440918,13.997443636670173,13.734227133031407,13.781230144146035,1638700
2025-12-16,13.959839820861816,13.978640485266677,13.74362635290542,13.894035254175382,1172100
2025-12-17,13.837632179260254,13.959839634033505,13.621418714197501,13.959839634033505,1088900
2025-12-18,13.903437614440918,13.931639062506546,13.67782423690015,13.67782423690015,892700
2025-12-19,14.035045623779297,14.129050747876573,13.809431353628558,13.91283815559577,1143300
2025-12-22,14.100849151611328,14.260658847050218,13.997443247242337,14.100849151611328,1088200
2025-12-23,14.307662010192871,14.317061895048722,14.091448521366917,14.110250084094329,4231500
2025-12-26,14.345263481140137,14.354664262007107,14.194854573299832,14.307661254180061,2275800
2025-12-29,14.509866714477539,14.509866714477539,14.267874270581137,14.480827879685787,1668000
2025-12-30,14.751859664916992,14.87769585083938,14.500187293072218,14.500187293072218,891600
2026-01-02,14.81961727142334,14.993851198611102,14.780898518367405,14.848656105433319,1631700
2026-01-05,15.410079002380371,15.526236188566083,14.858336522073882,14.887375357056351,1932500
2026-01-06,15.671431541442871,15.768228890462366,15.352000658929711,15.419759172494532,1679900
2026-01-07,15.700469017028809,15.748868613320157,15.322961397235384,15.700469017028809,1853500
2026-01-08,15.797266960144043,16.000541579735366,15.661751777920419,15.739189288656188,1834500
2026-01-09,16.165096282958984,16.232853873073733,15.661751547455335,15.961821666358876,1653900
2026-01-12,16.09733772277832,16.174775236589564,15.64239255991925,16.174775236589564,1732000
2026-01-13,15.526235580444336,16.097336030866742,15.44879715164428,16.097336030866742,1622000
2026-01-14,15.729508399963379,15.758548157046159,15.458477129085972,15.613351217888031,1429900
2026-01-15,15.787586212158203,15.894063476179069,15.671430875277071,15.719828624601577,1052100
2026-01-16,15.80694580078125,15.894063225194316,15.52623553587141,15.681110546771134,1383400
2026-01-19,15.797266960144043,16.010221499359325,15.76822904752806,15.942462061991623,821100
2026-01-20,15.981180191040039,15.981180191040039,15.63271050338684,15.797265428527995,881700
2026-01-21,16.571643829345703,16.678119252155096,15.894064229167231,15.981181659083203,1687400
2026-01-22,16.987869262695312,17.268581391083167,16.49420628907508,16.60068171169127,2059700
2026-01-23,17.239540100097656,17.33633744080893,16.929790086826152,16.98786775275063,1203400
2026-01-26,17.239540100097656,17.38473518803671,16.99754767144733,17.239540100097656,1418900
2026-01-27,17.53961181640625,17.917119409466515,17.278259553708057,17.375056893180243,2111500
2026-01-28,18.09135627746582,18.09135627746582,17.529933861155637,17.549291854213585,3296100
2026-01-29,18.188154220581055,18.439824754840068,17.86872240025917,18.091356867112843,2215700
2026-01-30,17.433135986328125,18.20751107302412,17.268581049623247,18.00423830511236,2192500
2026-02-02,18.00423812866211,18.00423812866211,17.297620638195227,17.452495654016577,2412400
2026-02-03,18.033275604248047,18.42046498069659,17.81064300516918,18.1107131102866,2266900
2026-02-04,17.89776039123535,18.21719033373014,17.62672819756326,18.013917573167898,1805100
2026-02-05,17.9461612701416,18.062316614127866,17.762246488198127,17.849363919315778,1226400
2026-02-06,17.33633804321289,17.984877848381487,17.33633804321289,17.849362674430242,1408700
2026-02-09,17.713844299316406,17.733204135901712,17.239539380510188,17.38473446238872,1174600
2026-02-10,17.549291610717773,17.781605986748744,17.38473667134509,17.713846550090455,875500
2026-02-11,17.713844299316406,17.94615864582882,17.481531799059624,17.578329135730524,1844300
2026-02-12,17.83000373840332,18.1978314489894,17.558971530533245,17.70416847711899,3356300
2026-02-13,17.85904312133789,17.85904312133789,17.404096144615856,17.704168104742763,1521900
2026-02-18,17.888080596923828,18.042955609743064,17.675127915861324,17.859042685930085,1307300
2026-02-19,18.294628143310547,18.294628143310547,17.665448166891597,17.849362938731407,1220500
2026-02-20,18.53662109375,18.585020690963045,18.013918367640088,18.101035796367714,1688200
2026-02-23,18.149433135986328,18.536620673636207,18.101035386126025,18.44950324688301,1379500
2026-02-24,18.26559066772461,18.430145605136754,18.042956213868756,18.255910748317323,1697700
2026-02-25,18.139753341674805,18.488223051087193,17.955838567678732,18.26559044618742,2530000
2026-02-26,18.052637100219727,18.304309479521777,17.849364320546503,18.1300746133699,1496800
2026-02-27,17.98487663269043,18.139751634238984,17.917119050294897,18.139751634238984,1660800
2026-03-02,18.062314987182617,18.16879224812578,17.529932374978284,17.79128279853445,2562800
2026-03-03,17.355697631835938,17.79128290452843,17.08466544157306,17.752565075208448,1801200
2026-03-04,17.926801681518555,17.926801681518555,17.48153459999291,17.588011872016505,1553100
2026-03-05,17.44281578063965,17.82032340191547,17.346018433932667,17.781605570986173,2137400
2026-03-06,17.30729866027832,17.442815683415066,16.94915087959134,17.39441608720344,1422800
2026-03-09,17.12338638305664,17.258901565078652,16.83299433353762,17.065306865399304,1424500
2026-03-10,17.404098510742188,17.54929362775774,17.113708276711076,17.307301150646456,1226800
2026-03-11,17.675127029418945,17.80096227867777,17.32665734492421,17.355697100717336,13562600
2026-03-12,16.86203384399414,17.578331268247485,16.842674005060193,17.578331268247485,1291200
2026-03-13,16.378049850463867,17.007229880432465,16.319972176718323,16.91043252668592,1660600
2026-03-16,16.878278732299805,17.045002080634564,16.51541147865546,16.57425446318986,1830000
2026-03-17,16.829242706298828,17.19211181937357,16.7017492652959,16.87827821347272,1240900
2026-03-18,16.69194221496582,17.04500199089823,16.59386932753497,16.82924313501816,1030800
2026-03-19,16.819435119628906,16.907700528426535,16.427145453075386,16.623291221644486,1246300
2026-03-20,16.40753173828125,16.907701802290163,16.378111180188554,16.770400876298048,6558500
2026-03-23,17.074426651000977,17.270572451511224,16.564449066142323,16.564449066142323,1348300
2026-03-24,16.9959659576416,17.11365379304138,16.721362255431913,17.11365379304138,966400
2026-03-25,17.31960678100586,17.447102103787337,17.045003053202176,17.045003053202176,1100300
2026-03-26,16.917509078979492,17.329413722682386,16.85866609290331,17.309798770462056,777500
2026-03-27,16.417339324951172,17.045002842948833,16.397724372367538,17.045002842948833,867300
2026-03-30,16.221195220947266,16.839051255419083,15.995627010046137,16.53502697627167,1560800
2026-03-31,16.917509078979492,16.946931507309984,16.28984557260739,16.476182006946107,1590200
2026-04-01,17.47652244567871,17.525559827134472,16.92731686746803,16.92731686746803,2227800
2026-04-02,17.505945205688477,17.545173241010275,16.956739617089212,17.06461811716281,980700
2026-04-06,17.496137619018555,17.75112639405133,17.378449772624634,17.505945095433454,1561500
2026-04-07,17.349027633666992,17.496136025320858,17.123459437840733,17.4274855672547,1020000
2026-04-08,17.868810653686523,18.221872288374332,17.868810653686523,18.02572652008451,1365400
2026-04-09,18.290523529052734,18.34936651382467,17.898233846265242,17.898233846265242,1082100
2026-04-10,18.339561462402344,18.496477340256465,18.172838108359237,18.29052408145742,587100
2026-04-13,18.545513153076172,18.623971093282805,18.143415975694065,18.261103821296437,2071400
2026-04-14,16.476181030273438,18.241487343178605,16.476181030273438,18.241487343178605,6671200
2026-04-15,16.436952590942383,16.839049724723633,16.436952590942383,16.485988096785114,2531400
2026-04-16,16.280038833618164,16.63309863664577,16.201580891769265,16.535027612273307,1174100
2026-04-17,16.32907485961914,16.731172058070353,16.32907485961914,16.44676271138813,2225100
2026-04-20,15.789674758911133,16.083891545797638,15.691601873087395,15.9858186599739,2233000
2026-04-22,15.87794017791748,16.191771916260073,15.593528995929061,15.799482243331832,2636900
2026-04-23,15.917169570922852,16.034857418156633,15.80929107075883,15.877941535568173,1414800
2026-04-24,15.642565727233887,15.95639840665424,15.534686299012986,15.907361027518776,1400400
2026-04-27,15.456229209899902,15.77986844758868,15.417000239734367,15.573916120396511,1372300
2026-04-28,15.524879455566406,15.671987857795523,15.162011252814494,15.40719254672463,2263300
2026-04-29,15.152203559875488,15.515071757437525,15.11297459082263,15.436613819331809,956600
2026-04-30,15.318926811218262,15.377770732055954,15.22085485687863,15.289505318445611,2063600
2026-05-04,15.06393814086914,15.466036242647926,15.044324123995178,15.318926907277424,3178700
2026-05-05,15.123897552490234,15.232276933405695,15.04507601371047,15.13374954011756,1529900
2026-05-06,15.320951461791992,15.498299454954791,15.212571140808592,15.222424068102876,2622400
2026-05-07,14.966254234313965,15.320952115016192,14.897285619567157,15.320952115016192,1337600
2026-05-08,15.035223960876465,15.183014119777003,14.976107333540101,14.976107333540101,1228900
2026-05-11,14.710083961486816,15.222423962071689,14.690378107035508,15.035223042918547,1050800
2026-05-12,14.552441596984863,14.769200368802313,14.453914199157365,14.680525898682944,1175200
2026-05-13,14.325828552246094,14.6312627251625,14.237154084637236,14.44406086251561,1574500
2026-05-14,14.286417961120605,14.62140998089408,13.961278868899736,14.315975804151533,2383600
2026-05-15,14.187891006469727,14.187891006469727,13.872604831987664,14.010543003137025,2505300
2026-05-18,14.306123733520508,14.444060959952,14.10906894211515,14.23715418067788,2248000
2026-05-19,14.217449188232422,14.503177506668832,14.010542410080065,14.266711946189796,1968400
2026-05-20,14.57214641571045,14.729789499482875,14.217449477222488,14.217449477222488,1396300
2026-05-21,14.601703643798828,14.700231036818797,14.286417489537897,14.532735032460964,1475400
2026-05-22,14.434207916259766,14.680525463906703,14.414503001053987,14.680525463906703,759300
2026-05-25,14.710083961486816,14.779052572812681,14.581998726433884,14.581998726433884,608500
2026-05-26,14.601703643798828,14.739641806101414,14.542587959688332,14.700231036818797,1759000
2026-05-27,14.542588233947754,14.867727321567868,14.522882379121382,14.680525459224848,1388300
2026-05-28,14.394797325134277,14.690378573909756,14.296270868627042,14.680525646370967,1863100
2026-05-29,14.41450309753418,14.532735408440846,14.197743391058518,14.532735408440846,1527500
2026-06-01,14.355386734008789,14.562293516774702,14.306123974952968,14.463767059036156,2355200
2026-06-02,14.503177642822266,14.660820724870298,14.39479731919408,14.39479731919408,2634200
2026-06-03,13.961278915405273,14.453914019153867,13.90216228951961,14.453914019153867,1654300
2026-06-05,14.099217414855957,14.286418345254484,13.912015544830515,14.03024785976015,1836600
2026-06-08,14.069658279418945,14.178038603446584,14.040100436332722,14.099217062132059,929800
2026-06-09,14.276564598083496,14.444060602861027,14.148479362687334,14.148479362687334,3233200
2026-06-10,14.217449188232422,14.375092268800527,14.030247325337639,14.256859958374449,17908500
2026-06-11,14.798758506774902,14.85787419119273,14.178038182626535,14.286417563810462,5589300
2026-06-12,14.71993637084961,15.02537054620836,14.71993637084961,14.798758851286452,1070800
2026-06-15,14.65999984741211,15.09000015258789,14.600000381469727,15.0,2639700
2026-06-16,14.390000343322754,14.710000038146973,14.390000343322754,14.699999809265137,691300
2026-06-17,14.40999984741211,14.739999771118164,14.40999984741211,14.539999961853027,1032700
2026-06-18,14.380000114440918,14.619999885559082,14.350000381469727,14.5,2020500
2026-06-19,13.710000038146973,14.399999618530273,13.59000015258789,14.399999618530273,5215400
2026-06-22,13.869999885559082,13.920000076293945,13.5600004196167,13.720000267028809,1328600
2026-06-23,13.550000190734863,13.829999923706055,13.460000038146973,13.829999923706055,1462600
2026-06-24,13.300000190734863,13.649999618530273,13.239999771118164,13.5,2360000
2026-06-25,13.300000190734863,13.510000228881836,13.15999984741211,13.350000381469727,3336700
2026-06-26,13.819999694824219,13.819999694824219,13.149999618530273,13.319999694824219,2784700
