Date,Close,High,Low,Open,Volume
2016-01-04,7.654273986816406,8.061805214098039,7.565453098268022,7.978209144758924,1632201
2016-01-05,7.539329528808594,7.743095416183799,7.403486295897958,7.706521679164415,1059837
2016-01-06,7.366912364959717,7.534104510914548,7.2571927138035885,7.3721366653917695,1380340
2016-01-07,7.163146495819092,7.298990244402631,7.079550941696082,7.278091485623032,1052337
2016-01-08,7.163146495819092,7.356462739304602,7.131798098147386,7.215394171275009,1027130
2016-01-11,7.178822994232178,7.424386982957879,7.142249766721056,7.1840478151630185,1542102
2016-01-12,7.267642021179199,7.31988969788924,7.084775412196371,7.309440058746307,901825
2016-01-13,7.199721813201904,7.356464354990092,7.1526989468645015,7.3042171870638475,1002132
2016-01-14,7.042981147766113,7.251971447564039,6.964609850217505,7.23629749945726,1568454
2016-01-15,6.818315029144287,7.079553500858014,6.818315029144286,6.94893400549875,1760423
2016-01-18,6.792189598083496,7.074326781118427,6.792189598083495,6.823538519979399,778498
2016-01-19,6.94370698928833,7.21016967910431,6.745166436349465,7.152697700598255,1146915
2016-01-20,6.854887008666992,6.8862354119505556,6.677245191718958,6.828762906760101,1149103
2016-01-21,6.8496599197387695,7.0064029222541,6.666793861977686,6.797412252233659,1438774
2016-01-22,6.823538780212402,7.058653108374862,6.823538780212402,6.969832197625124,696003
2016-01-26,6.598873138427734,6.818312973298304,6.520501880046384,6.635445838734078,1201287
2016-01-27,6.6354475021362305,6.708594478099644,6.442131717601319,6.609324434799998,1368153
2016-01-28,6.6667962074279785,6.7451674767552285,6.530951912720494,6.64589692547153,1451794
2016-01-29,6.818315029144287,6.928034720159731,6.677246410120314,6.818315029144286,2317684
2016-02-01,6.922807693481445,6.928031993755468,6.645895385742188,6.729491456190908,1030255
2016-02-02,6.52050256729126,6.839212454167276,6.52050256729126,6.8235385122417975,1124104
2016-02-03,6.645895957946777,6.739941156045331,6.4839281033780996,6.588423459938237,896200
2016-02-04,6.9855055809021,7.178821848470289,6.619772326153495,6.781739673140024,1518457
2016-02-05,7.074326515197754,7.251968323244934,6.9855056111741645,6.9855056111741645,1495333
2016-02-10,7.10567569732666,7.2101710731857285,7.011630481859183,7.053428528401863,573718
2016-02-11,6.90713357925415,7.063876089391807,6.844436782800938,6.964606075173449,1693864
2016-02-12,7.001180648803711,7.199721753699611,6.922809378557319,7.090001560150883,1047129
2016-02-15,7.100452423095703,7.330341971848551,7.0743283158483266,7.199722992626107,545178
2016-02-16,7.2467427253723145,7.361687190420582,7.084774887662307,7.084774887662307,583821
2016-02-17,7.340789318084717,7.706522578942896,7.210170370493179,7.2258453500505375,1537623
2016-02-18,7.3094401359558105,7.455733528488294,7.074325847779433,7.455733528488294,827037
2016-02-19,7.2624192237854,7.262419223785401,6.912360367062326,7.137025076168821,2374972
2016-02-22,7.575901985168457,7.60202608041302,7.267641294314635,7.361686999185913,1468460
2016-02-23,7.413934230804443,7.570677235958592,7.298989256557159,7.570677235958592,1134208
2016-02-24,7.366912364959717,7.5132057521725,7.225844316188211,7.225844316188211,1613452
2016-02-25,7.434835910797119,7.5968032680792055,7.288542495797509,7.319890899367172,2352369
2016-02-26,7.393041133880615,7.575907334695833,7.35646737471263,7.419164728567091,1231390
2016-02-29,7.811018466949463,7.873715794348103,7.372138213168426,7.377363552706761,2179566
2016-03-01,8.171526908874512,8.171526908874512,7.784894367062836,7.936412595476153,1662720
2016-03-02,8.505913734436035,8.505913734436035,8.087932174861688,8.202877207545596,2670372
2016-03-03,9.221705436706543,9.221705436706543,9.221705436706543,9.221705436706543,4947746
2016-03-04,9.153779983520508,9.733728136491477,9.08585785657558,9.221702110465438,4708489
2016-03-07,9.091085433959961,9.420245511504142,9.0074893391244,9.294851888255547,1950725
2016-03-08,9.002264022827148,9.300075141992972,8.913442598193646,9.023162265673815,4278513
2016-03-09,8.855969429016113,9.216478363645532,8.824621548098287,9.206028724003156,2742556
2016-03-10,8.777600288391113,9.159007533805767,8.573834354247941,9.038838213032067,5055345
2016-03-11,8.673102378845215,8.918666288479063,8.673102378845215,8.772372387543765,4071232
2016-03-14,8.683554649353027,8.923893293581637,8.641756601704367,8.725352177996937,2534338
2016-03-15,8.312594413757324,8.594732089692181,8.30737011292942,8.4693374517201,3055560
2016-03-16,8.558157920837402,8.631304875813099,8.223773101388305,8.223773101388305,2503715
2016-03-17,9.305301666259766,9.305301666259766,8.892545441786684,8.892545441786684,3495118
2016-03-18,8.934341430664062,9.326198256006686,8.840295709541087,9.279175395445199,8490779
2016-03-21,9.064961433410645,9.138107883287525,8.950016419027293,9.054511792284027,1062545
2016-03-22,9.143331527709961,9.148555828299976,8.96568973751059,9.07018405338495,792768
2016-03-23,8.934341430664062,9.138106813760734,8.902992510953295,9.02316181283058,1296074
2016-03-24,8.861194610595703,8.960464628422729,8.72535033566474,8.72535033566474,691940
2016-03-28,9.096312522888184,9.242605457478561,8.98136748113306,9.127660415723437,878388
2016-03-29,9.143331527709961,9.362770836657225,8.960464398911318,9.1119826101421,1357737
2016-03-30,9.247827529907227,9.394120412794514,9.143332168698024,9.143332168698024,1423983
2016-03-31,8.866419792175293,8.866419792175293,8.866419792175293,8.866419792175293,1458
2016-04-01,9.059737205505371,9.059737205505371,9.059737205505371,9.059737205505371,1041
2016-04-04,8.699225425720215,8.699225425720215,8.699225425720215,8.699225425720215,1770
2016-04-05,8.8716459274292,8.8716459274292,8.8716459274292,8.8716459274292,4374
2016-04-06,8.814172744750977,8.814172744750977,8.814172744750977,8.814172744750977,3749
2016-04-07,8.788047790527344,8.788047790527344,8.788047790527344,8.788047790527344,104
2016-04-08,8.814172744750977,9.200804258156259,8.777599521537217,8.986590258195328,2017388
2016-04-11,8.662653923034668,8.662653923034668,8.662653923034668,8.662653923034668,15728
2016-04-12,9.012712478637695,9.012712478637695,9.012712478637695,9.012712478637695,1770
2016-04-13,8.850748062133789,8.850748062133789,8.850748062133789,8.850748062133789,10311
2016-04-14,8.741025924682617,8.991814175146603,8.709677004121112,8.939567012220115,2382263
2016-04-15,8.882096290588379,8.88209629058838,8.704453928812596,8.819398436897746,1286491
2016-04-18,9.064961433410645,9.117209639043736,8.79849921771495,8.86119602646521,1334301
2016-04-19,9.064961433410645,9.216479672732437,8.981365342407148,9.143333222855558,1514916
2016-04-20,9.101531982421875,9.164229810747894,8.976138401788125,9.01271161597373,1253472
2016-04-22,9.028386116027832,9.153780742475988,8.913441128284456,8.960463983451364,1238056
2016-04-25,8.991813659667969,9.080634039153015,8.824621502276695,9.080634039153015,2352057
2016-04-26,9.091085433959961,9.206030453612419,9.002265037326332,9.023163282528099,2128007
2016-04-27,9.305301666259766,9.48816886042348,9.242604846722598,9.242604846722598,2679539
2016-04-28,9.456819534301758,9.456819534301756,9.21648087116626,9.294852670801985,1916143
2016-04-29,9.697154998779297,9.744177850414625,9.347095761492048,9.48816431639803,2394659
2016-05-02,9.540413856506348,9.81210243442684,9.315749180003117,9.775528173545705,1269929
2016-05-03,9.40456771850586,9.52996232843587,9.24782523460015,9.446365229809816,1912810
2016-05-04,9.629234313964844,9.629234313964844,9.315748243426173,9.44636717998163,1159102
2016-05-05,9.493389129638672,9.759852315982279,9.435916636975966,9.691930184834609,1214828
2016-05-06,9.540413856506348,9.691932087266089,9.378447023219874,9.477717051298983,923698
2016-05-09,9.624007225036621,9.671030075165582,9.373219037018522,9.472490075073608,2646207
2016-05-10,9.921823501586914,9.921823501586914,9.550864843298301,9.759855607460631,1310448
2016-05-11,9.927044868469238,10.167384487597852,9.79642593899011,10.078563075787244,1192433
2016-05-12,9.979296684265137,10.04721884288386,9.691934104728082,9.94272345378035,2118632
2016-05-13,9.503841400146484,9.979295411844676,9.409796703755159,9.979295411844676,1649804
2016-05-16,9.482942581176758,9.613560495480245,9.40979613396304,9.40979613396304,1019631
2016-05-17,9.331422805786133,9.540412472155262,9.19035423603212,9.300073888726605,1517936
2016-05-18,9.367997169494629,9.52473969795072,9.132882857805809,9.143332498104131,1394818
2016-05-19,9.326200485229492,9.488168385435994,9.185131869825684,9.206031154628375,1010673
2016-05-20,9.232154846191406,9.613561046224637,9.232154846191406,9.39412169201218,621111
2016-05-23,9.420244216918945,9.49861599918613,8.981364519843293,8.98658985893276,1318572
2016-05-24,9.383671760559082,9.509066414810514,9.273952086844979,9.39412140158082,803393
2016-05-25,9.352322578430176,9.472491876499745,9.25305152149627,9.352322578430176,1016297
2016-05-27,9.30007266998291,9.456815158721483,9.206026969137945,9.232151582268626,818496
2016-05-30,9.263504028320312,9.331426187560133,9.200806171479117,9.211256852295598,386853
2016-05-31,9.080634117126465,9.34187303305399,8.986589436044467,9.258275915631227,2380389
2016-06-01,9.232154846191406,9.258277392539208,8.94479230423299,9.085860905373629,821829
2016-06-02,9.399346351623535,9.409795992212281,9.101534189867756,9.258276722680158,1062024
2016-06-03,9.509064674377441,9.55608753136401,9.383670043076844,9.446366839722518,1227744
2016-06-06,9.40456771850586,9.718053724326351,9.34187093254539,9.618782688712447,912137
2016-06-07,9.388894081115723,9.435915893579727,9.263499467184396,9.300072679995802,887242
2016-06-08,9.618782997131348,9.728502635582512,9.347095531912434,9.43069159520986,1246805
2016-06-09,9.608335494995117,9.676257635898345,9.503840133146152,9.57176227404938,504763
2016-06-10,9.2269287109375,9.561313053101584,9.22170440972029,9.561313053101584,897658
2016-06-13,9.373221397399902,9.409795657162933,9.054511003824171,9.054511003824171,1132853
2016-06-14,8.991813659667969,9.613559430091186,8.955240440114208,9.383670473180509,1521269
2016-06-15,8.9500150680542,9.122432563603416,8.814171829932114,9.007487566570605,2047386
2016-06-16,9.117208480834961,9.117208480834961,8.76192487970135,8.850745260980094,774227
2016-06-17,9.195581436157227,9.357549335023862,9.111985335647576,9.20603107847213,1706259
2016-06-20,9.336647033691406,9.45681632447132,9.284399877007697,9.45681632447132,575280
2016-06-21,9.367997169494629,9.415020031832393,9.179905720143573,9.258276465366935,746729
2016-06-22,9.242605209350586,9.482944930023631,9.211257317356901,9.420247070016924,737250
2016-06-23,9.59266185760498,9.624009740545217,9.284401101299983,9.331423963719706,752770
2016-06-24,9.190356254577637,9.247828762805261,9.017938729894766,9.247828762805261,1952079
2016-06-27,8.970913887023926,9.221703147324835,8.871643873411362,9.153781012742954,1028172
2016-06-28,9.070185661315918,9.174682071733551,8.970915628433328,9.14333314860826,706002
2016-06-29,9.336647033691406,9.42024310719088,9.091083113657666,9.32097309428814,1046504
2016-06-30,9.498615264892578,9.592660981139224,9.200803138105355,9.242601695552429,905158
2016-07-01,9.576988220214844,9.60311180283095,9.415020347179942,9.56653857956652,755999
2016-07-04,9.7128324508667,9.82777747156571,9.571763844920508,9.639685996970787,593821
2016-07-05,9.409797668457031,9.691933862574839,9.37844874110635,9.608337760982602,906512
2016-07-06,9.441144943237305,9.498617453967654,9.268727411046257,9.38889777239672,555073
2016-07-07,9.598437309265137,9.761658402194723,9.42995149219503,9.477338193623558,938906
2016-07-08,9.866961479187012,9.882756696336564,9.735331880165083,9.761657590761294,620278
2016-07-11,10.082837104797363,10.130223816973842,9.787986335028021,9.866964537335887,939739
2016-07-12,9.819572448730469,10.240786856318934,9.819572448730469,10.11968777951479,923907
2016-07-13,9.961734771728516,10.040711902705022,9.68267931336379,9.724801286717282,980570
2016-07-14,10.156548500061035,10.293443897296548,10.009123653229947,10.114426517514387,1238889
2016-07-15,10.109161376953125,10.21973000752904,10.040713681150443,10.114426101534386,792768
2016-07-18,10.293440818786621,10.325031250207614,10.024915875463543,10.051241583661294,975779
2016-07-19,10.23552417755127,10.330297568936759,10.172341219267055,10.230258408007169,820162
2016-07-20,10.319767951965332,10.372420421672002,10.161811588886241,10.319767951965332,1268783
2016-07-21,10.246057510375977,10.361890873919522,10.109162108859348,10.319769936096721,810788
2016-07-22,10.47772216796875,10.50931364647301,10.040711422510102,10.109159102915598,1781776
2016-07-25,10.509313583374023,10.60408697227697,10.32503152893349,10.47772210505944,942968
2016-07-26,10.630415916442871,10.735719830165507,10.456664301894355,10.456664301894355,1281699
2016-07-27,10.593558311462402,10.872612757022305,10.593558311462402,10.714657430215587,1438045
2016-07-28,10.461930274963379,10.66200761029654,10.356626359206917,10.577763640858457,1517624
2016-07-29,10.730454444885254,10.872613516715576,10.419807447801045,10.419807447801045,1280137
2016-08-01,10.70412826538086,10.825227399178008,10.519847202220225,10.730455028153335,1100043
2016-08-02,10.583026885986328,10.725186981420263,10.440866790552395,10.583026885986328,1178684
2016-08-03,10.73572063446045,10.73572063446045,10.409278372859879,10.45666508528311,1379090
2016-08-04,10.962122917175293,11.00950962621537,10.672537937948654,10.709394150975255,1856043
2016-08-05,10.935796737670898,10.998978665038567,10.66727171578641,10.96212245357067,1550851
2016-08-08,10.998977661132812,11.046364363843725,10.81996134489614,10.877878542214031,929531
2016-08-09,11.188525199890137,11.23591190568398,10.962122166213009,11.051629807134125,1400547
2016-08-10,11.146404266357422,11.225381411997754,11.046365084088858,11.167464210903544,691003
2016-08-11,11.578146934509277,11.578146934509277,11.046362786039502,11.109544698615819,1194308
2016-08-12,11.58341121673584,11.693980867082962,11.46757788909908,11.578146493405404,945780
2016-08-15,11.809816360473633,11.904588711692618,11.525495122653089,11.525495122653089,709752
2016-08-16,11.672924995422363,11.794024145482176,11.609742011532784,11.672924995422363,612049
2016-08-17,11.904589653015137,11.95197635539205,11.562353287884964,11.615004714507768,1089627
2016-08-18,11.93618106842041,12.02042397816019,11.804551456574442,11.841407664208036,905470
2016-08-19,12.041483879089355,12.109931563956097,11.78348940292449,11.888793292094658,807663
2016-08-22,11.794021606445312,12.03621985442409,11.72557391165443,12.03621985442409,865056
2016-08-23,11.715044975280762,11.930918583423068,11.71504497528076,11.794023175627515,1013173
2016-08-24,11.820341110229492,12.030948808445027,11.583407711247139,11.588673479024791,837870
2016-08-25,11.841409683227539,11.946713599867351,11.788757201887057,11.82561446184597,596425
2016-08-26,11.872997283935547,12.009891598509189,11.7361019233211,11.788753341378467,1468147
2016-08-29,12.141522407531738,12.325804481298295,11.883528968715838,11.94144616201273,721418
2016-08-30,12.046756744384766,12.299485599625406,11.920391793743699,12.215242647878526,915470
2016-08-31,11.941447257995605,12.257357919102594,11.909855773468502,12.01515967585117,1617410
2016-09-01,11.951973915100098,12.057277792886282,11.841405314142948,11.878261514461997,1442628
2016-09-02,12.120461463928223,12.120461463928223,11.978301377416326,12.009891810391752,1907394
2016-09-05,12.320539474487305,12.32580524477187,12.088871732990903,12.088871732990903,422476
2016-09-06,12.178380012512207,12.346865827333637,12.09413605906055,12.278418138174636,1286491
2016-09-08,12.125724792480469,12.199437188997772,11.941443801187209,12.02042092058116,1404193
2016-09-09,11.699247360229492,12.125727671979748,11.630800716375502,11.999362786484538,1300344
2016-09-12,11.872997283935547,11.872997283935549,11.509698942800965,11.593941839317237,863493
2016-09-13,11.47811222076416,11.73610678665373,11.399135060950714,11.730842061082663,1536060
2016-09-14,11.520236015319824,11.578153235886415,11.320158629555626,11.441257797085129,965154
2016-09-15,11.578146934509277,11.667654556822324,11.472843049521526,11.509699252361113,580801
2016-09-16,11.362277030944824,11.520233431993674,11.293830372934238,11.520233431993674,1513041
2016-09-19,11.399131774902344,11.604473795680725,11.304358373613717,11.420191717156865,636214
2016-09-20,11.404398918151855,11.567620043004082,11.399134192981663,11.40966468936321,798601
2016-09-21,11.488639831542969,11.61500471995432,11.351745494634903,11.462314118219222,1150040
2016-09-22,11.536025047302246,11.862467197779447,11.499168844190441,11.625533716317236,2083842
2016-09-23,11.446516990661621,11.604472290305134,11.399130296164486,11.52022939409254,2042907
2016-09-26,11.330687522888184,11.430725678574676,11.262239813186238,11.372809512255923,906512
2016-09-27,11.525494575500488,11.609737475061001,11.272765876818953,11.430721182739807,1029109
2016-09-28,11.888794898986816,11.888794898986816,11.567618464325921,11.567618464325921,1391693
2016-09-29,11.567620277404785,11.941449245380706,11.425460142434986,11.873001540534245,813392
2016-09-30,11.58341121673584,11.667654112308393,11.48863782846162,11.557085508002068,1197954
2016-10-03,11.641328811645508,11.73610220324188,11.478107738109347,11.488638231180147,717772
2016-10-04,11.572888374328613,11.751904760333945,11.488644384640086,11.54656160453025,1109105
2016-10-05,11.767695426940918,11.883529821850608,11.6360658131039,11.699247734854191,690586
2016-10-06,11.741368293762207,11.83087591824956,11.641329129875325,11.69924632032755,901512
2016-10-07,12.004629135131836,12.094136771888383,11.688717429191128,11.804551825973489,989528
2016-10-10,11.967771530151367,12.13625733524732,11.909854338516968,12.009892458404913,708606
2016-10-11,11.804553985595703,11.973039841171868,11.715045286422693,11.973039841171868,1112542
2016-10-13,12.283682823181152,12.288948593275608,11.693982473181476,11.693982473181476,3136076
2016-10-14,12.499554634094238,12.568002319180357,12.252091696698225,12.34686509265104,1989889
2016-10-17,12.768080711364746,12.857588345278122,12.520616706477929,12.546942419626513,1742716
2016-10-18,13.326189994812012,13.394637682507431,12.768080091374202,12.768080091374202,1818336
2016-10-19,13.089259147644043,13.347253686737808,13.08399442261978,13.331457419582756,814434
2016-10-20,13.147174835205078,13.263009232776472,12.92077181051972,13.078727141545524,610695
2016-10-21,12.947096824645996,13.168235112958184,12.947096824645996,13.110317917304018,2094259
2016-10-24,13.089259147644043,13.099789643733699,12.89971231011248,12.978690507764341,803288
2016-10-25,13.126114845275879,13.16297105712121,12.868120316317464,13.010281484922446,956197
2016-10-26,13.189294815063477,13.452554008873934,13.178764321786154,13.194559538681709,1433983
2016-10-27,13.368310928344727,13.442023334250667,13.115581185180305,13.184028867539038,1218995
2016-10-28,13.457818984985352,13.494675189127035,13.205090279710562,13.27353691823605,1531165
2016-10-31,13.847442626953125,13.873768336797795,13.457818564713126,13.531530970694542,2500903
2016-11-01,13.457818984985352,13.921155467676233,13.394637070176872,13.900095526767322,1465648
2016-11-03,13.378844261169434,13.79479412111448,13.36831376579906,13.473617673461751,1442211
2016-11-04,13.510464668273926,13.794785779259916,13.284061769821767,13.37883617084405,914324
2016-11-07,14.00013542175293,14.11070404820455,13.584185583911875,13.584185583911875,1255034
2016-11-08,14.18441390991211,14.33710448809311,13.71581272849667,13.71581272849667,1089627
2016-11-09,13.857977867126465,14.231805794681122,13.447292677914863,13.6105138085283,2634541
2016-11-10,13.226150512695312,13.952746152715834,13.205089526946123,13.773729865929353,2466113
2016-11-11,13.094524383544922,13.320928489243899,12.810205162196134,13.21035879900924,2657352
2016-11-14,13.320926666259766,13.37357809551568,12.841793848242203,12.862854838360981,1739070
2016-11-16,14.036992073059082,14.189682683567074,13.515738316719776,13.689489917513225,2463821
2016-11-17,13.842178344726562,14.242331866829732,13.794791647079,14.058050846000812,2081968
2016-11-18,14.60036563873291,14.637222891912527,13.789526989600521,13.789526989600521,2197378
2016-11-21,14.947866439819336,15.400673471677727,14.631955822107086,14.742525479743152,2166442
2016-11-22,15.221661567687988,15.516512329717878,15.058440442021968,15.07950143489007,1382423
2016-11-23,14.947866439819336,15.184799926123956,14.779380637567353,15.184799926123956,1216599
2016-11-24,14.642484664916992,14.995252492769136,14.642484664916994,14.889948616721897,378937
2016-11-25,14.932071685791016,14.979459430562306,14.216006480994407,14.558243865829548,1029630
2016-11-28,15.147941589355469,15.15320631192811,14.695134652523059,14.837294714472145,869847
2016-11-29,14.595101356506348,15.084763604507305,14.595101356506348,15.063702615207244,2294872
2016-11-30,14.826766014099121,15.079495741005463,14.710931643103779,14.816236567682065,1443878
2016-12-01,13.642099380493164,13.642099380493162,13.642099380493162,13.642099380493162,2635270
2016-12-02,13.979076385498047,14.063319309714924,13.268275731754581,13.53153500068746,1487105
2016-12-05,13.826387405395508,14.216011630084319,13.647371039355992,14.063320984865644,667046
2016-12-06,14.047521591186523,14.163355983659123,13.578919297111447,13.642102263573392,1067961
2016-12-07,14.13176441192627,14.321311218043112,13.894830904280216,14.163355894959397,1239410
2016-12-08,14.152827262878418,14.347638818780748,14.063318572193934,14.342374093936295,1154831
2016-12-09,14.137031555175781,14.33184310436537,13.979075170709617,14.316047884335179,1417525
2016-12-12,13.700016975402832,13.973807709244017,13.621039844678666,13.952746722634563,929740
2016-12-13,13.626307487487793,13.879036242820996,13.478882641720363,13.531534073482709,1418358
2016-12-14,13.56312084197998,13.842176262160798,13.47887795284104,13.642099008190549,1921143
2016-12-15,13.726346015930176,13.726346015930176,13.241948473506882,13.452556282567624,1614910
2016-12-16,14.163358688354492,14.352904485813902,13.584187661431493,13.731612519246978,2637562
2016-12-19,13.936951637268066,14.310780520029764,13.894830706530982,14.147560475117265,1190559
2016-12-20,14.110702514648438,14.142293995647387,13.863238528592232,13.968542419214504,1095251
2016-12-21,14.08964729309082,14.294988327225774,13.92642615564862,14.031730081545483,797872
2016-12-22,14.026461601257324,14.168621716859153,13.968544400896464,13.968544400896464,955051
2016-12-23,14.29498291015625,14.42661355217696,14.026458994615302,14.026458994615302,892242
2016-12-26,14.526649475097656,14.710930463227646,14.326573272568151,14.405550390606424,566426
2016-12-27,14.60036563873291,14.68987431752748,14.468736028654574,14.674079099051186,510909
2016-12-28,15.369084358215332,15.42173578726168,14.59510186577962,14.600366590267845,1157019
2016-12-29,15.548101425170898,15.690261545645479,15.1058258434859,15.363820368652599,1534498
2017-01-02,15.532303810119629,15.769237307713224,15.395409481532724,15.548099027945563,547782
2017-01-03,16.085147857666016,16.085147857666016,15.674463827978723,15.742911514940241,1497729
2017-01-04,16.158864974975586,16.158864974975586,15.874544714921056,15.874544714921056,1178268
2017-01-05,16.20755958557129,16.361602470605032,15.943485599942514,16.235067087470338,1099730
2017-01-06,16.13603401184082,16.20755436815411,15.91047082008213,16.20755436815411,849744
2017-01-09,16.356096267700195,16.477130549620917,15.734421673741721,15.970988083133038,1731674
2017-01-10,16.328588485717773,16.515640966742957,16.22956063735159,16.471629196912698,846411
2017-01-11,16.433120727539062,16.526647533515078,15.855458890271,16.504641097638522,1385235
2017-01-12,17.258346557617188,17.37937972145355,16.7136934948596,16.88424166649038,1836981
2017-01-13,17.20333480834961,17.434400166405872,16.99977803775135,17.324369095569487,1203370
2017-01-16,17.467411041259766,17.549933530428817,17.104308154120883,17.280358535611835,764957
2017-01-17,17.86351776123047,17.984550931926545,17.197830403909542,17.373879645829593,1828232
2017-01-18,17.208839416503906,17.863523780169515,17.120814765884838,17.863523780169515,1241285
2017-01-19,16.67518424987793,17.346372688394453,16.614667116175834,17.313363044648302,1781255
2017-01-20,16.96677017211914,17.21433981832705,16.61467051251312,16.812726229479445,977133
2017-01-23,17.467411041259766,17.549933530428817,16.999779230640634,17.098807092042396,872451
2017-01-24,17.120813369750977,17.615952672230797,16.988775858090154,17.604949455175845,1269929
2017-01-26,17.54993438720703,17.7149815595999,17.3628818724273,17.687472968868637,1183892
2017-01-27,17.39038848876953,17.610449538644623,17.39038848876953,17.522424900094876,863910
2017-01-30,16.955768585205078,17.390390773327194,16.90625465120384,17.390390773327194,605278
2017-01-31,17.225343704223633,17.274857638530232,16.724703298678524,16.889749382034296,811830
2017-02-01,17.560935974121094,17.68747132633935,17.252849186329744,17.280357774506452,788289
2017-02-02,17.654464721679688,17.808507586111215,17.340876837373397,17.489417546361683,559968
2017-02-03,17.764495849609375,17.907535496491715,17.357381158792613,17.71498191549651,1094731
2017-02-06,17.54993438720703,17.852520141261504,17.456408676316507,17.852520141261504,659546
2017-02-07,17.384883880615234,17.791998459578068,17.37388066572452,17.76999202979664,889117
2017-02-08,17.560935974121094,17.604948840804962,17.15932348412439,17.384886693382775,878701
2017-02-09,17.935047149658203,18.182616877575207,17.577447403110487,17.604954907768164,1290241
2017-02-10,18.974836349487305,19.11237493926392,17.88552975661763,17.88552975661763,1591370
2017-02-13,19.563501358032227,19.684535666372945,18.826295568680557,19.084866280320522,1052650
2017-02-14,18.842803955078125,19.574509934199103,18.842803955078125,19.42046703038373,1727716
2017-02-15,19.640522003173828,19.84407989410453,18.980337675502582,18.985839830932438,1685427
2017-02-16,19.194902420043945,19.877095537495872,19.1013766846829,19.48098178291242,1778547
2017-02-17,19.01334571838379,19.304927158265915,18.842798578678547,19.19489716864911,1152332
2017-02-20,18.87580680847168,19.046356131193566,18.600729653239867,18.83729609417912,1525332
2017-02-21,19.36544418334961,19.36544418334961,18.70525987791565,18.798785587085955,1700426
2017-02-22,19.409454345703125,19.442465086567964,19.15088150324644,19.25541150832391,1223369
2017-02-23,18.9913330078125,19.76705139207571,18.93081587772119,19.447961467229995,1073794
2017-02-24,18.903316497802734,19.315932254648015,18.71626288464755,18.991340055877735,1467731
2017-03-01,18.98033332824707,19.288418985796728,18.82629049947224,19.216899725578955,1295553
2017-03-02,18.743770599365234,19.013345602481245,18.62823845517266,18.760274879107413,1616785
2017-03-03,19.09586524963379,19.255410230905646,18.77677528709008,18.782277441202037,914949
2017-03-06,18.86480712890625,19.304929322716887,18.86480712890625,18.92532428577982,1074419
2017-03-07,18.611736297607422,19.090369208695343,18.490701984367583,18.864807049837285,970675
2017-03-08,17.962547302246094,18.73276253554012,17.929537656376954,18.73276253554012,1628347
2017-03-09,17.604951858520508,18.01206657313669,17.52793042161985,17.957050480351388,1481688
2017-03-10,17.428897857666016,18.133096048995558,17.32436894244455,17.753490005613727,2341953
2017-03-13,17.76999282836914,17.924035657764932,17.401390031458224,17.511419999313247,1303990
2017-03-14,17.599443435668945,17.951543025117687,17.555431670111837,17.555431670111837,1269929
2017-03-15,17.76999282836914,17.940541027341943,17.456405015385734,17.67096498290086,1596994
2017-03-16,17.467411041259766,18.08908570606003,17.434401389792967,17.95154713111298,1522519
2017-03-17,17.137317657470703,17.90203304568573,17.137317657470703,17.714980541654487,2796928
2017-03-20,17.40138816833496,17.76448986517611,17.03278431789109,17.03278431789109,1294511
2017-03-21,16.97227668762207,17.64896763569307,16.851242356585153,17.329877524049902,1078481
2017-03-22,16.702693939208984,17.16482354751552,16.63117358150719,16.7797164514255,2416637
2017-03-23,16.90074920654297,17.010780271020263,16.592662444606248,16.592662444606248,2463301
2017-03-24,16.889747619628906,17.00527975662257,16.702695119877866,16.779717637538898,1570954
2017-03-27,16.845739364624023,16.999782246129897,16.647683606688574,16.889751148054778,1447628
2017-03-28,15.596887588500977,16.2515720179637,15.497859709977183,15.651903683791312,7352405
2017-03-29,15.228280067443848,15.789438645138263,15.085240438638344,15.73442256252187,3386166
2017-03-30,15.508866310119629,15.679413510203595,15.228286895466889,15.250293338380644,2572357
2017-03-31,15.211775779724121,15.706915057971788,15.211775779724123,15.508859346672722,1431691
2017-04-03,15.233780860900879,15.404329062273524,14.931195166046432,15.321805492222591,1875729
2017-04-04,15.145760536193848,15.354818411903345,15.096246598683962,15.23928625537987,1129520
2017-04-05,14.375541687011719,15.338312857114099,14.331529908989152,15.112749625626895,3293463
2017-04-06,13.830886840820312,14.375538910003167,13.693347191947597,14.254505724072796,9236988
2017-04-07,13.825387001037598,13.995935232352876,13.759368789205313,13.885904150633298,5519694
2017-04-10,13.62732982635498,14.061951951874201,13.550308405224696,13.929914449223329,1747924
2017-04-11,13.665841102600098,13.803379672596993,13.396266117485393,13.803379672596993,1998639
2017-04-12,13.423772811889648,13.753864922986192,13.412769595786628,13.748363861433942,3190135
2017-04-13,13.077177047729492,13.506297067116435,13.077177047729492,13.423774575002842,1946975
2017-04-17,13.401766777038574,13.401766777038572,13.044166068582554,13.110184274159561,2830989
2017-04-18,13.852897644042969,13.951925530778757,13.445782877129298,13.53380863689347,4391423
2017-04-19,13.808877944946289,14.14997319659601,13.803375791614203,14.017936818601793,2793595
2017-04-20,13.957420349121094,14.089457826349472,13.819881811299103,14.028940694828062,2117591
2017-04-24,14.133471488952637,14.28751541524823,14.02344042531249,14.13897255028533,2346015
2017-04-25,14.414051055908203,14.51857996739291,14.094961074009886,14.166481430814423,3602300
2017-04-26,14.617609024047852,14.738643315861976,14.518581165836038,14.716636882259664,4781922
2017-04-27,14.716635704040527,14.788156061022802,14.590100360455585,14.667121778898725,2648707
2017-04-28,15.08523941040039,15.085239410400389,14.579096949821977,14.672622644397121,2995771
2017-05-02,15.591383934020996,15.591383934020996,15.107246747929926,15.107246747929926,2689226
2017-05-03,14.92019271850586,15.624390898325798,14.854174514865983,15.492353398047522,3268152
2017-05-04,14.620831489562988,15.129574732466308,14.532354547138254,14.93603066561453,1878437
2017-05-05,15.361820220947266,15.422648296455563,14.571056337953696,14.770129640121109,1961870
2017-05-08,15.179341316223145,15.37841468818468,15.04109604109593,15.356295180496806,1421587
2017-05-09,15.245696067810059,15.40606082251014,15.118510568824831,15.36735224015005,966092
2017-05-10,15.372882843017578,15.483479264730372,15.15168999959199,15.428180504566733,2368827
2017-05-11,15.289937019348145,15.47242130105865,15.07427347770447,15.372884619873759,2201857
2017-05-12,15.842915534973145,15.892683867529232,15.22357713986417,15.256755295825272,3717190
2017-05-15,16.019868850708008,16.058578529117533,15.804206449388193,16.01433952442916,1802087
2017-05-16,15.726788520812988,16.169174151608,15.649371365008166,16.091755897188833,1840314
2017-05-17,15.428176879882812,15.704667319899103,15.229103587292805,15.704667319899103,1795213
2017-05-18,13.70840835571289,13.80794502587568,12.580326826277597,12.607975657186262,6045915
2017-05-19,14.023609161376953,14.532352326542483,13.890894317326554,13.890894317326554,4255806
2017-05-22,13.841123580932617,14.023606734576665,13.376618411295464,13.835593155862364,2821510
2017-05-23,14.156323432922363,14.21715152035428,13.879832925406001,13.879832925406001,1182955
2017-05-24,14.228211402893066,14.554470248697179,14.167383314903645,14.266919986410969,1707926
2017-05-25,13.852180480957031,14.465989423306112,13.741584087077289,14.465989423306112,1599078
2017-05-26,14.244796752929688,14.244796752929686,13.935127067237438,13.97383673923641,2466321
2017-05-29,14.244796752929688,14.244796752929686,14.244796752929686,14.244796752929686,0
2017-05-30,14.272451400756836,14.272451400756834,14.001490177885339,14.156325633218193,914011
2017-05-31,14.06784725189209,14.311158515759539,13.890893405694936,14.272449930567321,2926400
2017-06-01,13.72499942779541,14.244801218050183,13.72499942779541,14.06784737036283,1610744
2017-06-02,13.813475608825684,13.962781726262438,13.58675341697305,13.763707269218296,1181497
2017-06-05,14.200559616088867,14.250327945334673,13.603340763753552,13.68075792066606,1495438
2017-06-06,14.244796752929688,14.28350532631444,14.06231253673223,14.211617504908089,1286282
2017-06-07,14.532350540161133,14.543410292241589,14.206091698938373,14.333277199941891,1621160
2017-06-08,14.08996295928955,14.427281480993772,14.056783710090786,14.405161981527927,1087960
2017-06-09,13.608871459960938,14.294568387647564,13.592282381413629,14.134203632975321,1935934
2017-06-12,13.559102058410645,13.69181687357153,13.166485840522636,13.68628754736249,2378826
2017-06-13,13.525928497314453,13.619934765093284,13.315794254950575,13.55910666306474,1294407
2017-06-14,13.780293464660645,13.951716841498744,13.55357133834713,13.603339663567866,2377472
2017-06-15,13.780293464660645,13.780293464660645,13.780293464660645,13.780293464660645,0
2017-06-16,13.791350364685059,13.802410112294735,13.531449042392797,13.581217357329313,4191851
2017-06-19,13.913012504577637,13.935130910745054,13.614402485865023,13.758177069718585,1480751
2017-06-20,13.680763244628906,13.890896394176442,13.669703489535374,13.83006829046941,1797296
2017-06-21,13.769237518310547,13.813475431496663,13.592283668336925,13.686289920491534,897866
2017-06-22,13.763703346252441,13.863241095711304,13.658637369745058,13.713936119444428,914532
2017-06-23,13.802416801452637,13.802416801452637,13.630992278345115,13.752647363781975,671525
2017-06-26,14.112089157104492,14.112089157104494,13.664174024080934,13.780299803474708,1718342
2017-06-27,13.752650260925293,14.095499379365181,13.752650260925293,13.995962680284544,1145040
2017-06-28,13.691818237304688,13.885362251728745,13.575692487818952,13.835593916432787,1162123
2017-06-29,13.680763244628906,13.802419452042972,13.50380826174718,13.713942509909504,681003
2017-06-30,13.82453441619873,13.935130840939895,13.619931744527012,13.791356257806543,918699
2017-07-03,14.117609024047852,14.117609024047852,13.874296774724355,13.91300644052822,459974
2017-07-04,14.06784725189209,14.34986819956631,13.979370328793513,14.101026510034515,529241
2017-07-05,14.112089157104492,14.2005649997347,13.879836499702165,14.112089157104494,933489
2017-07-06,13.88536262512207,14.189501971836247,13.85218446644223,14.156323813156407,882451
2017-07-07,14.04019546508789,14.13973211995619,13.907479559058718,13.918539309445675,925052
2017-07-10,14.183972358703613,14.195032110911889,13.935130680553664,14.062316183027082,769540
2017-07-11,14.477051734924316,14.477051734924318,14.106553914642967,14.178441748180735,935364
2017-07-12,14.869669914245605,14.875200339883472,14.482582965562296,14.626358651543162,1650846
2017-07-13,14.869669914245605,14.919438251913666,14.665067236550039,14.808841823916357,1234827
2017-07-14,14.770133018493652,14.991325871187392,14.742484186560569,14.902848949832803,512679
2017-07-17,14.764605522155762,14.87520196221503,14.637418901988067,14.770134849782123,658713
2017-07-18,14.908376693725586,14.908376693725588,14.714833792130843,14.792250952768741,842349
2017-07-19,14.405169486999512,14.891793235720545,14.38857930444908,14.875204151784942,1253368
2017-07-20,14.377513885498047,14.543407942674829,14.316685808189888,14.47705053952698,403206
2017-07-21,14.311156272888184,14.443872186043837,14.183970784530135,14.383044104956427,619757
2017-07-24,13.962779998779297,14.316687659484131,13.791355494981568,14.311157234314988,2135298
2017-07-25,14.150794982910156,14.150794982910156,13.951720530771407,14.034668127611338,1325030
2017-07-26,14.34433650970459,14.421753673266084,14.034666756844157,14.211620587445987,1683760
2017-07-27,14.421751022338867,14.454930271458304,14.233737474557234,14.399631522925908,1038692
2017-07-28,14.161853790283203,14.532350541240824,14.00148793441191,14.46046270201976,1944684
2017-07-31,14.106558799743652,14.250333417993927,14.045730696348034,14.161857574928208,991090
2017-08-01,14.272451400756836,14.421756429855659,14.067848701005705,14.134206125511405,2014263
2017-08-02,14.62635612487793,14.62635612487793,14.217149741561595,14.217149741561595,1208578
2017-08-03,14.514598846435547,14.736959913777055,14.381183089564074,14.614662320714336,1158581
2017-08-04,14.553513526916504,14.614662877987953,14.453451153239014,14.525717564126333,587571
2017-08-07,14.748074531555176,14.809223865592168,14.42009264351573,14.536831678813705,1085460
2017-08-08,15.092737197875977,15.448515137346542,14.67581211663604,14.759196691117298,2744327
2017-08-09,15.003790855407715,15.109411735388916,14.83701953360418,14.953759679749972,1313989
2017-08-10,14.870378494262695,15.026030596746962,14.631340705780763,15.014912431652812,1097126
2017-08-11,15.176124572753906,15.253951730484061,14.681372287191113,14.981559439470878,1262325
2017-08-14,15.45407485961914,15.481869717937816,15.064943529907216,15.259508642554765,1418254
2017-08-15,15.303979873657227,15.698669696496282,15.303979873657227,15.431837093545228,1318572
2017-08-16,15.431839942932129,15.476311499426986,15.181683986345652,15.442958108160076,2316330
2017-08-17,14.981557846069336,15.392925504080331,14.981557846069336,15.392925504080331,992445
2017-08-18,15.231711387634277,15.331773745370866,14.937083947863579,15.064941159545517,1019110
2017-08-21,15.092737197875977,15.392925421025701,15.092737197875977,15.192800675203767,1252847
2017-08-22,15.4151611328125,15.537459837889434,15.226154545155808,15.287303897694276,1545747
2017-08-23,15.565253257751465,15.565253257751463,15.242829853207205,15.354009271199468,1026609
2017-08-24,15.643081665039062,15.759820734289299,15.404042787728779,15.620845336300873,1548664
2017-08-25,15.615283966064453,15.787613838003441,15.465190420391794,15.759818982378887,857035
2017-08-28,15.615283966064453,15.798732001136607,15.515221602282681,15.620843599839395,906512
2017-08-29,15.704233169555664,15.704233169555664,15.42072270032297,15.509666923051132,626631
2017-08-30,15.709786415100098,15.95438377362617,15.57081104481633,15.670873399773972,2347578
2017-08-31,15.587488174438477,15.843202597895925,15.437394637778674,15.782053256543785,1753861
2017-09-01,15.704233169555664,15.94327097521578,15.62640711272065,15.62640711272065,1059628
2017-09-04,15.815407752990723,15.921028632473124,15.526337757740828,15.681990917061277,839120
2017-09-05,15.732025146484375,16.087801972139804,15.498545914387506,16.03777078700596,1867500
2017-09-06,16.160066604614258,16.22121594270269,15.782052414211547,15.809848371100177,2049261
2017-09-07,16.160066604614258,16.160066604614258,16.160066604614258,16.160066604614258,0
2017-09-08,15.915471076965332,16.154508823580304,15.715346349155892,16.08224241975101,1593661
2017-09-11,16.18231201171875,16.299051120278556,15.971069026407758,16.093366666815413,3244820
2017-09-12,16.009973526000977,16.426899638050926,16.009973526000977,16.293482796251627,3479390
2017-09-13,16.021093368530273,16.237894792828428,15.926589532257102,16.071124551400366,2800990
2017-09-14,15.654194831848145,16.1711843765618,15.442953074620943,16.110035039947824,4098835
2017-09-15,15.987738609313965,16.060006117668927,15.60972547941886,15.626403276372605,3368980
2017-09-18,15.998858451843262,16.037771474792077,15.737584351115368,15.943268734606912,2406533
2017-09-19,15.898797035217285,16.110039961393518,15.815412454338679,15.998859415805137,1755840
2017-09-20,15.798730850219727,15.987737400881226,15.4151581155268,15.937706222635045,2439239
2017-09-21,15.637520790100098,15.909913034491574,15.487427239649701,15.843204053569115,2127069
2017-09-22,15.959940910339355,16.09891626850057,15.565251158221468,15.6375175492854,1190871
2017-09-25,15.709786415100098,16.05444502416719,15.665313766489312,16.009973479973027,1318676
2017-09-26,15.459630966186523,15.820967380939532,15.459630966186523,15.704228331650095,1736466
2017-09-27,15.342894554138184,15.609728309610341,15.26506850229919,15.498547762233096,1350654
2017-09-28,15.176124572753906,15.5263429170803,15.148329711487323,15.32065961840725,1342946
2017-09-29,15.36513614654541,15.504111592267915,15.087184150683182,15.226159596405685,2135923
2017-10-02,15.370689392089844,15.426279109493349,15.137210149278076,15.326216734633567,2023637
2017-10-03,15.715343475341797,15.809847292599857,15.376244531248755,15.376244531248755,2109779
2017-10-04,15.498546600341797,15.8987960991273,15.420720554337246,15.732025842772286,1708134
2017-10-05,15.787613868713379,16.06556463433303,15.565253918867691,15.565253918867691,2465800
2017-10-06,15.998858451843262,16.060007803453352,15.543019236371302,15.565255565032578,2981605
2017-10-09,16.2888240814209,16.40054455734136,15.825184494774101,15.892217446194575,3054205
2017-10-10,16.908878326416016,16.936808178948525,16.339104673673663,16.339104673673663,3113473
2017-10-11,16.590471267700195,17.132314927526956,16.489922936809034,16.94238931603878,2223939
2017-10-12,16.590471267700195,16.590471267700195,16.590471267700195,16.590471267700195,0
2017-10-13,16.68543815612793,16.858605026502996,16.193868508771576,16.75805666432145,2295810
2017-10-16,17.344587326049805,17.651817907225062,16.89770527003411,16.9312217571695,4220287
2017-10-17,17.07645606994629,17.590369942944825,16.99825205030709,17.344585722681547,1739278
2017-10-18,17.07645606994629,17.305483712861946,16.93122019201358,17.149074563802948,2215189
2017-10-19,16.86419105529785,17.10997644118147,16.713369617317632,17.037359040607544,1212328
2017-10-20,16.785985946655273,17.00383922985205,16.724539608168143,16.94797952747141,2373826
2017-10-23,16.785985946655273,16.964738326010174,16.506684105409942,16.964738326010174,1427941
2017-10-24,17.009422302246094,17.104385108133993,16.78598242975661,16.78598242975661,1085564
2017-10-25,17.238447189331055,17.378097512678124,16.802738535617912,17.11555454965591,1600015
2017-10-26,16.61840057373047,17.780291866422598,16.61840057373047,17.311066707416998,4509542
2017-10-27,16.785985946655273,16.920049676281092,16.534615066380976,16.702195283303602,2387888
2017-10-30,16.47875213623047,16.785983789178097,16.383789322651957,16.707778662203793,2495591
2017-10-31,15.98159408569336,16.5346109959374,15.94807871642798,16.4787501975277,3236383
2017-11-01,16.23855209350586,16.651917576735922,16.07097191211331,16.182691293188025,3098370
2017-11-02,16.23855209350586,16.23855209350586,16.23855209350586,16.23855209350586,0
2017-11-03,16.461992263793945,16.886528776381418,16.115658648235815,16.244136817963348,2614959
2017-11-06,16.47875213623047,16.858601170983384,16.199451440663946,16.473166610622588,1339509
2017-11-07,16.193864822387695,16.7133653152534,16.14917728813573,16.266483314050287,2353619
2017-11-08,16.936800003051758,16.964730951881933,16.121241378243898,16.193859847597935,1948850
2017-11-09,16.378206253051758,16.903292349716107,16.260900209670428,16.75805534476526,2015825
2017-11-10,16.339101791381836,16.478752139190178,16.05980109576515,16.411720282980735,1235244
2017-11-13,16.456409454345703,16.456409454345703,16.456409454345703,16.456409454345703,1309510
2017-11-14,15.808431625366211,16.590474085155577,15.79167282751799,16.45640925127315,1651471
2017-11-15,15.808431625366211,15.80843162536621,15.80843162536621,15.80843162536621,0
2017-11-16,16.67426109313965,16.769223900532776,15.830773535772623,15.83635906101669,2284769
2017-11-17,16.8753604888916,17.026183012250872,16.6575061028551,16.707780277308192,1720842
2017-11-20,16.8753604888916,16.8753604888916,16.8753604888916,16.8753604888916,0
2017-11-21,17.003835678100586,17.15465928454193,16.853014291220205,16.897701821834268,1715113
2017-11-22,17.0596981048584,17.24403709938781,16.86418694916533,16.89211790696476,1690531
2017-11-23,16.886533737182617,17.048528433038406,16.707781352024767,16.914464699060392,468828
2017-11-24,17.02618408203125,17.06528609686486,16.841846170641478,16.886533711973854,882242
2017-11-27,16.936800003051758,16.975903109457956,16.758047701395846,16.97031647577983,1530748
2017-11-28,16.70219612121582,17.1211472394306,16.601647764061813,17.031771045269345,1606056
2017-11-29,16.450820922851562,16.853014246206282,16.367030277225837,16.707777275092422,1647512
2017-11-30,16.143590927124023,16.39496177962803,16.04304258612242,16.361445296033963,3747605
2017-12-01,16.344684600830078,16.344684600830078,15.959250104451584,16.121243637555935,1901040
2017-12-04,16.947982788085938,17.070875488703468,16.339107031960516,16.512273918305134,2425699
2017-12-05,17.037355422973633,17.506579547778497,16.853016422702616,16.91446275612629,4078107
2017-12-06,17.366933822631836,17.366933822631836,16.70778388621639,16.908880627465972,1362632
2017-12-07,17.4563045501709,17.646229067323855,16.780397134042655,17.09879983783135,2551108
2017-12-08,17.875253677368164,17.875253677368164,17.590366394966466,17.65739934952003,2111549
2017-12-11,17.91994285583496,18.08752191794718,17.757947098986826,17.975802543205702,2073218
2017-12-12,18.23834800720215,18.23834800720215,17.646229025403,17.903186507844612,1951871
2017-12-13,17.959043502807617,18.55116239558507,17.752361330634656,18.29420495177554,2770263
2017-12-14,17.813812255859375,17.875258592873706,17.612715556459996,17.730021594516074,2525589
2017-12-15,17.718847274780273,18.29979408768996,17.623885572616373,17.623885572616373,2195086
2017-12-18,17.685333251953125,17.998150449001134,17.512166410943948,17.998150449001134,2965252
2017-12-19,17.322246551513672,17.769127589337607,17.232870343948886,17.54010098809153,1088793
2017-12-20,17.333412170410156,17.54009436426855,17.32782553529531,17.484234671803208,591321
2017-12-21,18.03166389465332,18.03166389465332,17.193760738302295,17.344584349639163,1510853
2017-12-22,17.763538360595703,17.93670521219974,17.545683969411055,17.81939806251664,1031088
2017-12-25,17.763538360595703,17.763538360595703,17.763538360595703,17.763538360595703,0
2017-12-26,17.869667053222656,17.96462985067137,17.595953039535978,17.595953039535978,691628
2017-12-27,17.746780395507812,17.93111829679977,17.741193759534326,17.774710246033177,439663
2017-12-28,17.808223724365234,17.819394774863817,17.56243841778645,17.741190762690746,1221703
2017-12-29,17.808223724365234,17.808223724365234,17.808223724365234,17.808223724365234,0
2018-01-02,18.28303337097168,18.28303337097168,18.003732709551567,18.04283471336795,1310239
2018-01-03,18.1322078704834,18.428267277090267,18.1322078704834,18.2662726540122,1309198
2018-01-04,18.350069046020508,18.450617393884304,18.160144512253407,18.266279495987785,1443774
2018-01-05,18.545574188232422,18.57350402916596,18.350063082137055,18.500886664694825,5581774
2018-01-08,18.904571533203125,18.933673147612758,18.40401960253258,18.636834830490113,1979161
2018-01-09,18.770702362060547,18.898750847478865,18.578629633933073,18.811444851722708,1229306
2018-01-10,18.735782623291016,18.887112885105534,18.590273378806472,18.67175952704371,767978
2018-01-11,19.015155792236328,19.015155792236328,18.7008544828177,18.75905885728041,826412
2018-01-12,18.922029495239258,19.108281187751192,18.82890364898329,18.858006415464573,1160456
2018-01-15,18.88711166381836,19.119925746135085,18.88711166381836,19.06754353159455,365396
2018-01-16,18.852184295654297,19.05589786739361,18.828902546368663,18.980232760385295,923698
2018-01-17,19.0559024810791,19.090823957122517,18.782344751590937,18.939494862807102,977445
2018-01-18,18.922029495239258,19.154844689049206,18.7415988185596,18.98023387186177,797976
2018-01-19,19.015155792236328,19.10246061942038,18.85800571569702,19.04425740129768,917345
2018-01-22,19.4924259185791,19.4924259185791,18.9627713134809,19.00351495385308,1221182
2018-01-23,19.515705108642578,19.64375355957114,19.143200629244937,19.50988409377863,914845
2018-01-24,20.45861053466797,20.45861053466797,19.66121918180182,19.672858901745133,3261798
2018-01-25,20.45861053466797,20.45861053466797,20.45861053466797,20.45861053466797,0
2018-01-26,21.35494613647461,21.35494613647461,20.522633368195244,20.522633368195244,2934420
2018-01-29,20.79037094116211,21.35494706690764,20.72052568520959,21.24435932315288,1017547
2018-01-30,20.749624252319336,20.883491408274825,20.324736411822858,20.866030675991915,1757715
2018-01-31,20.860214233398438,21.651786876061568,20.860214233398438,21.488816922126322,2973377
2018-02-01,21.302562713623047,21.442253226622196,20.772910368045455,20.807831839955114,1840210
2018-02-02,21.186159133911133,21.34912910846141,20.836937429491893,21.116313867955057,1884479
2018-02-05,20.324739456176758,21.122130747078966,20.324739456176758,20.99990329011091,1276595
2018-02-06,21.063928604125977,21.098850075709063,19.917315618558753,20.225794784689988,1665011
2018-02-07,20.662324905395508,21.1570558337021,20.53427641067793,20.836936909588665,1965516
2018-02-08,20.563379287719727,20.924240706304666,20.34802478980123,20.72052824215502,1865938
2018-02-09,20.243253707885742,20.58083561189571,20.039541287424566,20.382941894390548,2014784
2018-02-14,20.959169387817383,21.151242175717808,20.45861732323625,20.476078065285186,1640117
2018-02-15,21.174510955810547,21.43060787732524,21.063925540985487,21.19197400174283,902033
2018-02-16,21.32583999633789,21.413145970494778,20.982439427381838,21.302558249050733,860264
2018-02-19,21.29674530029297,21.459715262651443,21.08721183078053,21.407330738933133,347272
2018-02-20,21.093027114868164,21.122127564420428,20.487706311736176,20.545911836200247,2273624
2018-02-21,21.34912872314453,21.768195685956375,21.093034044622147,21.098852748836375,4919727
2018-02-22,21.68088150024414,21.73908702186214,21.43642663509532,21.43642663509532,1274825
2018-02-23,22.158159255981445,22.15815925598144,21.64014432526449,21.76237178778864,1614910
2018-02-26,22.262922286987305,22.629606964458667,22.15815787934415,22.198900364320956,2435594
2018-02-27,22.047574996948242,22.55976667979662,21.902065759614892,22.26874820512992,2097696
2018-02-28,21.401506423950195,22.210537319744933,21.401506423950195,22.19889760234837,2586002
2018-03-01,21.285099029541016,21.59357815583061,21.151231863975312,21.244356547062765,2049261
2018-03-02,21.308382034301758,21.366585253746642,20.924236623141393,21.09302989108768,923698
2018-03-05,21.424787521362305,21.634320929581197,21.279278338581392,21.30837878752974,1080669
2018-03-06,21.23853874206543,21.698348149641657,21.197796253428564,21.430611465359352,1372007
2018-03-07,21.302562713623047,21.31420474604644,21.005725577030443,21.238538473335172,1507104
2018-03-08,21.226898193359375,21.576119841279866,20.95334050347293,21.395689157601655,1029005
2018-03-09,21.44224739074707,21.593575269622615,21.168689768094126,21.226892976329307,1022443
2018-03-12,21.68088150024414,21.808929947516287,21.41314488898405,21.517911590144926,1203266
2018-03-13,21.378231048583984,21.814758740285356,21.25018255565604,21.814758740285356,1506062
2018-03-14,21.634323120117188,21.645962838339138,21.360765458761833,21.360765458761833,1049004
2018-03-15,21.593584060668945,21.86714179469102,21.25018337340247,21.52374110742455,1946454
2018-03-16,21.91370391845703,21.989367883910113,21.552842515717263,21.593582694077792,3160450
2018-03-19,21.744909286499023,21.86131803612741,21.44806986579668,21.6692453337506,1790734
2018-03-20,21.92534828186035,21.931166986427144,21.65179053607818,21.826400239376117,2174671
2018-03-21,21.774017333984375,22.088317565203443,21.611047357651657,21.942808327380575,2900464
2018-03-22,21.709983825683594,21.96025970051114,21.465528965437038,21.77400804803573,1270033
2018-03-23,21.576120376586914,21.931163049374135,21.33748646444811,21.418971440561872,1144415
2018-03-26,21.884605407714844,21.913705868087167,21.541202398948652,21.7914783840899,716314
2018-03-27,21.884605407714844,22.26874859846616,21.762375611036948,21.87878439056813,981299
2018-03-28,22.239646911621094,22.350232355226357,21.75655570673965,21.80893792012943,2241230
2018-03-29,23.229103088378906,23.281487601651484,22.262920914657524,22.390969377457218,2747764
2018-04-02,22.996294021606445,23.34551803572921,22.996294021606445,23.176727045618023,1216182
2018-04-03,23.229103088378906,23.409536064451178,22.996287911714003,23.258205852716998,1204412
2018-04-04,23.007938385009766,23.042859864885546,22.62379285565306,22.89152959762253,1465543
2018-04-05,23.106874465942383,23.53176231520026,23.07777401576406,23.298947150374566,1319822
2018-04-06,22.69011116027832,23.105102315051706,22.40370694952626,23.105102315051706,3764791
2018-04-09,22.339414596557617,22.777788196287027,22.210825316963337,22.690113476341146,1821149
2018-04-10,22.35694694519043,22.65504003561578,22.29265463396868,22.590745401946638,1678657
2018-04-11,22.795324325561523,22.871307849708412,22.152377881057916,22.444625420396726,1182434
2018-04-12,23.02912139892578,23.222002997914046,22.894686517257455,22.941446678050582,1431483
2018-04-13,22.678428649902344,23.017436423682078,22.47385579415536,22.964832970396397,1227015
2018-04-16,21.9711856842041,22.85377392475778,21.766612866181156,22.85377392475778,2295081
2018-04-17,22.128997802734375,22.304347255344645,21.865975946266754,22.123154524109072,1193163
2018-04-18,22.871301651000977,22.95897635353009,22.210820904735858,22.240046579727945,2066656
2018-04-19,22.970670700073242,23.075879903672256,22.584905168508666,22.91806725949759,1282637
2018-04-20,22.713489532470703,22.91221669485624,22.579054676044393,22.742712885643588,752145
2018-04-23,22.918062210083008,22.9823568382527,22.43293086023798,22.73686720231062,1034317
2018-04-24,22.953134536743164,23.847413862981718,22.94144565828828,23.17524412941377,4656200
2018-04-25,22.251739501953125,23.292140169004607,22.128993515438214,23.1927765822519,1756256
2018-04-26,22.22251319885254,22.54398402737206,22.187444245091534,22.34525685946333,1603973
2018-04-27,22.339414596557617,22.58490427689561,22.292656758707746,22.43878051780168,1494188
2018-04-30,22.27511978149414,22.660887617241656,22.18160178408261,22.310191062665112,1835315
2018-05-02,21.56787872314453,22.181599368659228,21.56787872314453,22.035475626626905,1189621
2018-05-03,21.135360717773438,21.597112187782603,20.977545718904793,21.597112187782603,1511687
2018-05-04,21.2230224609375,21.31069715815661,20.84894592041983,20.995069641636015,873597
2018-05-07,21.04183578491211,21.474361472659186,20.936626582763072,21.334083310609696,1434608
2018-05-08,20.819730758666992,21.07106375091348,20.574241045405632,21.053529269062228,1809170
2018-05-09,20.86064338684082,20.983387070850483,20.52163569436782,20.884021145506527,2063844
2018-05-10,21.684778213500977,21.684778213500977,20.930779376347328,20.94247057704909,1728654
2018-05-11,21.339921951293945,21.842587717342823,21.14703808985607,21.626323782780936,965988
2018-05-14,21.234722137451172,21.521124095099527,21.082752756425375,21.49190073265668,1594495
2018-05-15,20.960002899169922,21.193801342228145,20.661909826209502,20.726204456111695,1351383
2018-05-16,21.61463737487793,21.678932002696826,20.732049384093525,20.73789266120638,1595744
2018-05-17,20.71451759338379,21.6964692917576,20.71451759338379,21.450981947776018,2892548
2018-05-18,20.74958610534668,20.755431705539188,19.989741688427966,20.562547801213256,3666047
2018-05-21,20.603458404541016,21.076898513005805,20.200156195139463,20.580078330704275,2783491
2018-05-22,20.661909103393555,20.965847765470734,20.428110668514304,20.88986193872785,1250555
2018-05-23,20.5333251953125,20.86648729698114,20.340441262123342,20.393047026833013,1931559
2018-05-24,20.52747917175293,20.54501365016218,20.007276485076243,20.515787971181787,1384819
2018-05-25,20.25861167907715,20.667759618028896,20.11248791283318,20.533324731207443,935885
2018-05-28,19.51630210876465,20.281989827738883,19.200673363835733,20.01312240216356,1209516
2018-05-29,19.551372528076172,20.042349580256893,19.422784406051548,19.761790932946813,2771617
2018-05-30,19.744251251220703,19.750094528048784,19.31756895307594,19.358484664331407,3484077
2018-06-01,20.474876403808594,20.498256485917363,19.639048338823322,20.013125007667995,2347682
2018-06-04,20.90155601501465,21.111974403126332,20.498253717392675,20.515788195994066,2354557
2018-06-05,20.49241065979004,21.32239543697149,20.469030577937964,20.77881492064213,2747139
2018-06-06,19.872846603393555,20.33459799409548,19.469544256051215,20.165094142639244,4741404
2018-06-07,18.79737091064453,19.405245956470626,17.41796143820921,19.340951324151217,5799991
2018-06-08,18.703855514526367,19.153916869830073,18.353157766397082,18.709699954444428,4038630
2018-06-11,18.119352340698242,18.74476291158693,17.938159676596623,18.64539818117528,3856661
2018-06-12,17.93231773376465,18.207030746603166,17.406271786036356,17.827109705442687,3536991
2018-06-13,17.827110290527344,18.119356629583383,17.301064325534256,18.06090759401692,4706197
2018-06-14,17.184167861938477,18.07844620694639,17.154943337471657,17.65760933870737,3370959
2018-06-15,17.295215606689453,17.295215606689453,16.634736050007632,16.950363572091707,5678956
2018-06-18,16.89192008972168,17.11987300350869,16.599672526153924,16.9854392636144,4056442
2018-06-19,17.797882080078125,18.166114203198607,16.76332593688867,16.80424048821055,3961863
2018-06-20,18.05506134033203,18.271325318793785,17.564086672404663,17.914783195559554,2347161
2018-06-21,17.154945373535156,17.9732391230707,17.149100932437737,17.827116483393787,1613035
2018-06-22,17.622535705566406,17.622535705566406,16.95621045362515,17.260147982258786,1273991
2018-06-25,17.01466178894043,17.65760584489055,16.886072513260896,17.464723092595023,2446947
2018-06-26,16.950366973876953,17.195854321727083,16.623049348853016,17.195854321727083,1541060
2018-06-27,16.65227508544922,17.125716498225916,16.377562037899597,17.049731815903368,1560746
2018-06-28,16.84516143798828,17.014665307119497,16.541223826132867,16.541223826132867,1005048
2018-06-29,17.125715255737305,17.271839008943317,16.891916786118184,16.891916786118184,1141915
2018-07-02,17.00296974182129,17.084798848966006,16.833465927750876,16.862690442984896,534032
2018-07-03,17.184167861938477,17.69852506642972,17.020509595945082,17.213393547629302,798601
2018-07-04,17.569927215576172,17.76281107340086,17.213385171396062,17.318594337259814,489243
2018-07-05,17.31561851501465,17.727055441791634,17.145165890421893,17.63888996900954,1289511
2018-07-06,17.509578704833984,17.65064320048403,17.156918049570592,17.162795201682762,1067024
2018-07-10,17.439050674438477,17.97979669429695,17.35088636214196,17.7446895260587,1242743
2018-07-11,17.509578704833984,17.685908448603957,17.33324896106401,17.439045873147236,1484605
2018-07-12,18.497032165527344,18.591075969044216,17.69179085584259,17.69179085584259,2692038
2018-07-13,18.514663696289062,18.74389251999354,18.28543370486093,18.60282799970882,1338780
2018-07-16,18.508785247802734,18.708625968989328,18.250168324741587,18.39710999715162,1374507
2018-07-17,19.225860595703125,19.48447868128038,18.373598679341352,18.397109626707216,2069677
2018-07-18,19.155330657958984,19.408070445746453,19.049532552944523,19.108308758964235,1265659
2018-07-19,19.225860595703125,19.225860595703125,18.638093917898264,18.949609883463282,2031137
2018-07-20,19.99583625793457,20.36613077619212,19.690198599409104,19.984081951449774,3175345
2018-07-23,19.64317512512207,20.160408942415938,19.590276079293883,19.848892987940815,1393256
2018-07-24,20.013465881347656,20.154531550675195,19.71370658878238,19.878280867550846,1515228
2018-07-25,21.065568923950195,21.441741715995096,20.68352248257057,20.748176998746487,2593710
2018-07-26,20.630626678466797,21.33006986535749,20.630626678466797,21.0420648088809,1592724
2018-07-27,21.159616470336914,21.236027640564814,20.630625941806116,20.630625941806116,3269298
2018-07-30,21.682729721069336,21.74738425185944,21.171374131753588,21.177250117863537,1410651
2018-07-31,21.441743850708008,21.958977696163437,21.377089328095167,21.55929625430556,1641471
2018-08-01,21.371213912963867,21.653342989583155,21.23602886399132,21.247783171770305,1233577
2018-08-02,21.453495025634766,21.571049747521855,21.136100779710045,21.277164110527607,1296594
2018-08-03,22.40567970275879,22.40567970275879,21.288922593127428,21.288922593127428,2296122
2018-08-06,22.188201904296875,22.540863712653508,22.011873335565355,22.540863712653508,1198162
2018-08-07,21.835546493530273,22.393926237007754,21.61219599740762,22.158819099514456,2936608
2018-08-08,21.665090560913086,22.39392280912315,21.45349440310331,21.688601504608272,2700892
2018-08-09,21.682729721069336,21.982491424237324,21.377092031791392,21.500522771814076,1911560
2018-08-10,20.836339950561523,21.424108911454486,20.836339950561523,21.424108911454486,1957391
2018-08-13,21.000919342041016,21.247783159735924,20.701159971646828,20.853977649925106,1077752
2018-08-14,21.04793930053711,21.388844555275526,20.748179957821584,21.365333606454183,1455127
2018-08-15,20.930381774902344,21.10083436059999,20.64237680928409,20.765807508834772,2097383
2018-08-16,20.806957244873047,21.112594924560078,20.56597175849976,20.9068770309777,1252118
2018-08-17,20.430784225463867,20.730543547250733,20.24857496868182,20.583601878962074,1600744
2018-08-20,20.524824142456055,20.636500549339583,20.201551562239015,20.24857345307914,1365236
2018-08-21,20.036983489990234,20.589485039985895,19.87828747852753,20.33674521769509,2067073
2018-08-22,20.64826011657715,20.73642560050977,19.766609948146215,19.848897110363957,2527568
2018-08-23,19.925302505493164,20.801076536222833,19.88416126694585,20.648256546194254,1381277
2018-08-24,19.9194278717041,20.524827216746925,19.91354955060685,20.201554588108817,1142957
2018-08-27,20.436662673950195,20.501317202625938,19.93118308727484,19.93118308727484,744333
2018-08-28,20.225067138671875,20.454295989696096,20.078125447735964,20.26033473260085,985153
2018-08-29,20.86573028564453,20.989161003061913,20.29559625606389,20.34261814901732,1901978
2018-08-30,20.131019592285156,20.853971185541848,20.089876024664424,20.853971185541848,1723758
2018-08-31,20.33674430847168,20.589484119462888,19.93118447944103,19.984084704528694,1591161
2018-09-03,20.089876174926758,20.354370206545905,19.966445471141363,20.013465023454682,453724
2018-09-04,19.660810470581055,20.11339216682919,19.560889517874344,20.001715739232054,1450544
2018-09-05,19.660810470581055,19.819508797739875,19.337538998127556,19.566767839181423,1158894
2018-09-06,20.16628646850586,20.23094098505157,19.537376263836066,19.8018703148343,1016506
2018-09-10,20.295595169067383,20.759931082357365,20.072244692671593,20.577724176230458,1018901
2018-09-11,19.443334579467773,20.089878608137024,19.33165816637316,19.84301483522013,2147485
2018-09-12,19.649057388305664,19.984084356534638,19.466849267731174,19.607913807486234,1948954
2018-09-13,19.843015670776367,19.954692088573488,19.560887801335223,19.784239469205826,2427469
2018-09-14,20.078125,20.207434058811664,19.560889932477103,19.84301783265584,1096085
2018-09-17,20.454294204711914,20.57184894847055,19.931182017466284,20.183921797238124,1164206
2018-09-18,20.95977783203125,21.253661212546266,20.307354205004536,20.319110848075777,2306226
2018-09-19,20.730545043945312,21.17137241608517,20.513072853863356,20.865732416127855,1311802
2018-09-20,20.806957244873047,21.17137346739576,20.695280816022255,20.953898931067247,1412525
2018-09-21,21.571048736572266,21.847299400751467,20.97152552166276,21.10083454195488,2676830
2018-09-24,20.895118713378906,21.69448151969327,20.865729447601606,21.57692679203112,1359299
2018-09-25,20.91275405883789,21.0185521597717,20.336741656987723,20.5718488074459,1063482
2018-09-26,20.971532821655273,21.318316436373234,20.853978064357808,21.00679808112069,1291595
2018-09-27,21.283042907714844,21.488763091768387,20.906872460135155,20.97152697476107,1441691
2018-09-28,20.98916244506836,21.17724769435683,20.795198874895068,20.98916244506836,1042338
2018-10-01,20.607118606567383,21.065576366556712,20.577731665934763,20.995045840680124,887450
2018-10-02,22.141189575195312,22.27049630025943,21.15961731378738,21.15961731378738,2316330
2018-10-03,23.26382064819336,23.598847575057203,22.940550363225,23.081613717839424,3482411
2018-10-04,23.487171173095703,23.6517454598211,23.01107860312911,23.187409530590383,2105300
2018-10-05,23.210918426513672,24.03379212290755,23.210918426513672,23.863339530869418,2509861
2018-10-08,24.608280181884766,25.552708132617415,24.566961532333497,25.552708132617415,3236591
2018-10-09,24.614185333251953,24.944734554063466,24.425297383776478,24.49613036482978,2142693
2018-10-10,23.457260131835938,24.566965191443018,23.457260131835934,24.200998279919443,1782713
2018-10-11,23.215255737304688,24.201005107911516,23.215255737304688,24.201005107911516,2064052
2018-10-15,23.451358795166016,23.75239608118057,23.40413914561103,23.728785083710246,1124937
2018-10-16,24.218708038330078,24.218708038330078,23.593024813332026,23.905866425831054,1522103
2018-10-17,24.295442581176758,24.661409532840885,23.76420098856294,24.018018631231612,1493146
2018-10-18,23.69926643371582,24.295437561438643,23.699266433715817,24.100650972213664,1124000
2018-10-19,23.65204620361328,24.16558001514354,23.65204620361328,23.917665765730725,1742195
2018-10-22,24.301342010498047,24.484326629607466,23.92947412814047,23.92947412814047,1535956
2018-10-23,24.578765869140625,24.732236144152,23.504478634831205,23.68155755641192,2088426
2018-10-24,23.935375213623047,24.531543967272537,23.846834579844028,24.531543967272537,1463668
2018-10-25,24.7912654876709,24.99195777117109,23.829127415575286,24.195094317613634,1434920
2018-10-26,25.56451988220215,25.599935204460532,24.54925875386305,24.54925875386305,1946975
2018-10-29,25.24576759338379,25.93638024860833,24.820774468511797,25.723883686172336,2195086
2018-10-30,26.266931533813477,26.52074439441064,25.127712428376856,25.670760497365446,2471842
2018-10-31,24.909318923950195,26.384990904667784,24.496132364211398,25.97180199954351,4526728
2018-11-01,24.673213958740234,25.23396748883347,24.295440369745183,25.13362251530277,6414957
2018-11-05,24.578765869140625,24.83848443525448,24.171480362350284,24.714528486532444,5155860
2018-11-06,24.407590866088867,24.667309463376064,24.141971279143615,24.141971279143615,1984056
2018-11-07,24.419395446777344,24.779458982068125,24.14196921348262,24.64369635999734,2278728
2018-11-08,24.124265670776367,24.785364199526185,24.082947012729505,24.44891159960584,1348779
2018-11-09,24.58466911315918,24.785359025957074,23.829124409547703,24.14196829275606,1291074
2018-11-12,24.856201171875,25.074601168187844,24.33086285881192,24.58467818329972,1366799
2018-11-13,24.496129989624023,24.938830837309457,24.372174033718334,24.86209686804934,1406484
2018-11-14,24.38988494873047,24.826682520057037,24.218706983324722,24.49613326017591,907345
2018-11-16,25.399232864379883,25.399232864379883,24.72632793518468,24.791257563912694,1735424
2018-11-19,25.239866256713867,25.263477248339978,24.838484089840208,25.210351930834964,1210662
2018-11-21,24.932931900024414,25.027375889972536,24.643701285233202,24.87390557899967,1151602
2018-11-22,24.66140365600586,25.080495839754178,24.590573024126837,24.82077726850399,766207
2018-11-23,24.915224075317383,24.938835072650004,24.531549473087168,24.673215457082897,905574
2018-11-26,24.023914337158203,25.22215991123657,23.858639732564,24.98605232807977,2631625
2018-11-27,24.7912654876709,24.856195137151662,24.0534306939217,24.106553673286648,1882708
2018-11-28,25.399232864379883,25.4877734804076,24.590567689942215,24.72632793518468,1459190
2018-11-29,25.676668167114258,25.847846126889955,25.039178319408656,25.269384941123583,1594390
2018-11-30,25.216264724731445,25.960003031112446,25.216264724731445,25.847851365162064,2327162
2018-12-03,25.416946411132812,25.93047783407066,25.222157497763636,25.588121988522108,1367424
2018-12-04,25.074596405029297,25.777015916307832,24.67911515219515,25.570420286836125,1511166
2018-12-05,25.38153076171875,25.38153076171875,25.02737056553035,25.322504453251543,614549
2018-12-06,25.747493743896484,25.747493743896488,24.909311846680342,24.909311846680342,1566163
2018-12-07,25.765214920043945,26.44402358472835,25.133628257946604,25.564524927127987,2431011
2018-12-10,24.968338012695312,25.883253773972466,24.968338012695312,25.70026921448629,1122333
2018-12-11,24.602380752563477,25.381534228762103,24.51384010507569,25.381534228762103,1229202
2018-12-12,25.16313362121582,25.411045528298477,24.78536008064223,24.844388735515896,1264825
2018-12-13,25.629446029663086,25.676665671084564,25.062786878752743,25.068690213449898,979633
2018-12-14,25.7711181640625,26.07805883438887,25.239876500333036,25.269390838190354,1069107
2018-12-17,25.287099838256836,25.729800857181083,25.233974496385127,25.688482189230267,703086
2018-12-18,25.971790313720703,26.089845238660583,25.387426057767673,25.387426057767673,1944892
2018-12-19,25.653051376342773,26.420400354352314,25.653051376342773,26.089851180014644,1550643
2018-12-20,25.027374267578125,26.16069034656028,24.832585309976526,25.959998053623192,1337738
2018-12-21,24.950641632080078,25.3756325460038,24.850294307520183,25.015571288107097,1333155
2018-12-26,24.443012237548828,24.744049563904774,24.206906921976927,24.738148572785658,1198787
2018-12-27,24.614185333251953,24.77945994365771,24.342660078573598,24.342660078573598,1454606
2018-12-28,25.334312438964844,25.440558392497007,24.832582927452545,25.110009171591734,1408567
2019-01-02,26.998870849609375,27.24678279550909,25.239871540970864,25.239871540970864,4601932
2019-01-03,27.890172958374023,27.907880617522082,26.86900860877794,26.93984159075549,2967648
2019-01-04,27.86066246032715,28.332877714335577,27.506502192513647,27.778025142683518,2332058
2019-01-07,28.326976776123047,28.427324109228007,27.919693489090783,27.972816478335314,2323204
2019-01-08,28.150550842285156,28.715261770397486,27.634415356336785,28.67882958559265,1608660
2019-01-09,28.539161682128906,28.788118903594526,28.0533880807775,28.350925557650495,1809483
2019-01-10,28.836702346801758,28.909569124974364,28.22341359884913,28.22341359884913,1116292
2019-01-11,28.77597999572754,28.77597999572754,28.19912586812838,28.575598173949093,1608869
2019-01-14,29.371057510375977,29.498572578330453,28.63632645441296,28.73347975787596,1417213
2019-01-15,28.539161682128906,29.310327093319753,28.284131627146504,29.26782208415602,2237480
2019-01-16,28.357011795043945,28.879217863311588,28.357011795043945,28.55132327414652,1440753
2019-01-17,28.715261459350586,28.946002648494257,28.308424944951092,28.36914846927135,1351487
2019-01-18,29.40749168395996,29.474285640170812,28.751697793559455,28.751697793559455,1262534
2019-01-21,29.358915328979492,29.35891532897949,28.788131460337382,29.17067912239663,646839
2019-01-22,29.29818344116211,29.510710914323443,29.00064835655408,29.346761287183387,1591786
2019-01-23,30.239368438720703,30.239368438720703,29.292110108346876,29.328544698605825,1613035
2019-01-24,30.099706649780273,30.37902804319294,29.796098747374845,30.233294512874966,1785630
2019-01-28,30.178647994995117,30.743358822658216,29.753595459393505,29.753595459393505,1849689
2019-01-29,29.75360870361328,30.773734278054693,29.75360870361328,30.573352382620556,2237688
2019-01-30,29.085660934448242,29.59572353700109,27.986598532172554,29.59572353700109,5761451
2019-01-31,29.188888549804688,29.4499914925408,28.842775571082615,29.21925031096854,4035193
2019-02-01,29.60179328918457,29.723237912153675,29.067444186302094,29.067444186302094,1932288
2019-02-04,30.56727409362793,30.56727409362793,29.225327018888553,29.3953471133927,1692093
2019-02-05,30.245454788208008,30.573351770702516,29.705032653928555,30.281886982020264,1877500
2019-02-06,28.982440948486328,29.99649112109848,28.885285227343058,29.91755390721539,1272012
2019-02-07,29.037084579467773,29.504642190279366,28.62417765622452,29.018868487854117,1302636
2019-02-08,29.75360870361328,29.84469160269499,28.81242276764914,28.81242276764914,1868646
2019-02-11,29.34068489074707,29.820385633326833,29.146375942981688,29.662511272017092,909012
2019-02-12,29.69895362854004,30.05720989364651,29.437850664263557,29.75360190787049,1036817
2019-02-13,29.243547439575195,30.172587673946754,29.000660520321603,30.026856487485812,2476425
2019-02-14,30.026851654052734,30.093645606413826,28.788128323984342,29.085665898221084,1367840
2019-02-15,29.87504768371582,30.360821444485875,29.650376897132332,29.765748708178943,1173685
2019-02-18,29.38319969177246,29.7536016239023,29.201036349681953,29.7536016239023,728917
2019-02-19,30.300094604492188,30.34867245780749,29.346765693634545,29.352838528480806,973175
2019-02-20,29.68680763244629,30.360819959223836,29.620013683289798,30.2879531748547,1531894
2019-02-21,29.431779861450195,29.83254358845925,29.08566683027316,29.620016053557503,672879
2019-02-22,29.29818344116211,29.814318832865887,29.27389451815147,29.480349157378388,917865
2019-02-25,28.952070236206055,29.881110072106765,28.860987378960942,29.51071063470346,860681
2019-02-26,28.8913516998291,29.182816386336587,28.751690984627608,29.006721077367146,574030
2019-02-27,28.490591049194336,29.0431587208809,28.35700315438099,28.69097289141435,783394
2019-02-28,27.43404197692871,28.369155032525953,27.42189630416376,28.369155032525953,1675844
2019-03-01,27.063636779785156,27.640491024381056,26.90575994157022,27.44618199762718,1366486
2019-03-06,26.53535270690918,27.021126383582356,26.395691990729286,26.729661695033002,979216
2019-03-07,26.838960647583008,27.06363139523759,26.34104371479567,26.456413093124468,1313052
2019-03-08,26.960399627685547,27.215432104320676,26.438193832410537,26.711442397506687,1549914
2019-03-11,27.79229736328125,27.889453091189413,27.20329739783979,27.20329739783979,1557413
2019-03-12,27.889448165893555,28.08983000977063,27.725498507184135,27.944096443645034,1416484
2019-03-13,28.587749481201172,28.81241785957286,27.567624080533903,27.749789847666136,1620222
2019-03-14,28.405582427978516,28.660612560234743,28.138406625008606,28.60596428020595,803809
2019-03-15,28.2294921875,28.64239918918537,27.75586406465781,28.004823797946965,679024
2019-03-18,28.326650619506836,28.618112994013973,28.259856656030603,28.545248606751215,547261
2019-03-19,28.271997451782227,28.55131895436707,28.205203494128614,28.502741091941196,808705
2019-03-20,27.931947708129883,28.16876169073047,27.573689110909115,27.8408648503465,922136
2019-03-21,27.057565689086914,27.58584452060932,26.419987872171173,27.42796767221276,1587932
2019-03-22,26.26818084716797,26.766097854025926,25.855273884452036,26.298542611244805,2605793
2019-03-25,26.675012588500977,26.67501258850098,26.134590607911584,26.15887953445494,1173997
2019-03-26,26.778240203857422,26.97254919676028,26.377476548836167,26.97254919676028,1853230
2019-03-27,25.569873809814453,26.589996425975635,25.44843161780374,26.225667437216675,1732404
2019-03-28,26.249956130981445,26.268172218352717,24.980873895636826,25.017306070379366,1705947
2019-03-29,26.541425704956055,26.741805116046088,26.231744923850002,26.529280035964383,753916
2019-04-01,27.075769424438477,27.434027984632372,26.59606867490276,26.766088705072026,1118583
2019-04-02,26.711444854736328,27.373308997583095,26.45641235464034,27.288298968460154,1651679
2019-04-03,26.547508239746094,27.251880155379695,26.52929214067425,26.814684126742062,887763
2019-04-04,27.19721794128418,27.30044648024057,26.207456870970177,26.63857987998035,953384
2019-04-05,27.774076461791992,27.83479757486419,27.05756153699404,27.452252391054586,1190350
2019-04-08,27.76129150390625,28.017887178974167,27.61466332312015,27.81016513662978,1190246
2019-04-09,27.42528533935547,27.58412897333669,27.02206128184995,27.45583107164122,1033692
2019-04-10,27.578012466430664,27.712420442627565,27.315306629556428,27.55357443189132,920261
2019-04-11,27.16867446899414,27.584116140633935,26.91207878497683,27.584116140633935,852869
2019-04-12,27.406949996948242,27.822391749423282,26.99761593275351,27.064819924149408,1591266
2019-04-15,27.25420570373535,27.76739948688212,27.1442382082809,27.315301993483647,1518145
2019-04-16,27.712417602539062,28.15229732408853,27.138129918567405,27.217551702026565,1283262
2019-04-17,26.863203048706055,28.091200162161112,26.73490520514189,27.718524433339123,3102328
2019-04-18,27.6879825592041,27.901812328166695,26.777674870916407,27.034270593671522,1551268
2019-04-22,28.10342025756836,28.10342025756836,27.254206564150437,27.761292676361904,1336800
2019-04-23,28.176742553710938,28.573853999985282,28.00567628576926,28.17063243725676,1770526
2019-04-24,27.584117889404297,28.20728165014045,27.333632304137257,28.176735930128675,1896874
2019-04-25,27.914030075073242,27.914030075073242,27.101474527125763,27.632996318215856,1917289
2019-04-26,27.901811599731445,28.225611302498326,27.67576160556452,27.797951775738085,1093897
2019-04-29,27.981231689453125,28.25615773498401,27.779622169110304,28.25615773498401,769853
2019-04-30,27.498592376708984,28.469994078480973,27.21145088971481,28.225616123928695,2117695
2019-05-02,27.675765991210938,27.816284102293046,27.20534043722858,27.382514391401987,980362
2019-05-03,27.413055419921875,27.852935171785408,27.413055419921875,27.779623498167396,988591
2019-05-06,26.881540298461914,27.40084439526241,26.77157033329162,27.339750509621016,1013381
2019-05-07,26.69824981689453,26.89375164285093,26.240042184727468,26.759343682342404,2055719
2019-05-08,27.24809455871582,27.55967637224262,26.942622858896115,27.00371671335241,1576787
2019-05-09,26.76544761657715,27.101465012717984,26.661587826544785,26.92429357209247,1083273
2019-05-10,26.539400100708008,27.1014674680214,26.270584217411027,26.759339927489478,1305031
2019-05-13,25.90401840209961,26.3927741075267,25.757392661486804,26.27669408129165,1823440
2019-05-14,26.57606315612793,26.64326714522689,25.641319851892025,25.934573843191025,2380076
2019-05-15,26.3133544921875,26.508858750437202,25.769614949661992,26.08119682682406,2135715
2019-05-16,25.62909507751465,26.032318940630688,25.458031291055192,25.84903492511639,2140923
2019-05-17,25.549671173095703,25.99566094572054,25.21976142914138,25.354169372330734,1924580
2019-05-20,26.3133544921875,26.3133544921875,25.2503134394177,25.647427215794647,1370340
2019-05-21,27.040374755859375,27.345846480705507,26.154507724820956,26.20949147007482,1261492
2019-05-22,26.78989601135254,27.46193349127695,26.52719016412747,27.46193349127695,1414921
2019-05-23,26.203378677368164,26.56383653816072,26.032314917346547,26.472194544566804,1583558
2019-05-24,26.087310791015625,26.484422198448467,26.081200675159085,26.148404666963827,1205349
2019-05-27,26.667701721191406,26.844875630604747,26.276698068533918,26.313353902364724,696107
2019-05-28,27.125898361206055,27.492466261113698,26.655473116713182,26.80209882015363,1297532
2019-05-29,27.48636817932129,27.93846571220556,26.91819059882317,26.924300713839358,1630013
2019-05-30,28.164514541625977,28.164514541625977,27.24809928326943,27.321410950313222,1234410
2019-05-31,27.920146942138672,28.243949158541124,27.553581189228574,27.553581189228574,2495486
2019-06-03,27.675765991210938,28.011785978012103,27.382514391401987,27.90792613756057,2175608
2019-06-04,27.6879825592041,27.944578281959213,27.35807273243083,27.645216605411584,1514707
2019-06-05,27.095367431640625,27.785732821569315,27.058709165134843,27.730749063119145,1108271
2019-06-06,27.327524185180664,27.535246263111432,27.089256385006994,27.49248030994023,983591
2019-06-07,27.55356788635254,27.663537801885994,27.14423636702071,27.14423636702071,1201079
2019-06-10,27.003726959228516,27.480262603350447,26.814332782753514,27.480262603350447,1951871
2019-06-11,27.13202667236328,27.32752855059605,26.942634910570714,27.11980886702218,1648242
2019-06-12,26.948740005493164,27.596341887179328,26.759348261930697,26.960960237197305,1644700
2019-06-13,26.588275909423828,27.1320153573609,26.545509967255914,27.1320153573609,1447940
2019-06-14,26.50274658203125,26.67381036720688,26.20949264491693,26.582168360137498,1192017
2019-06-17,26.478317260742188,26.838772865558642,26.27670526438417,26.453879222316427,761312
2019-06-18,26.985401153564453,27.168682800838855,26.453879278636084,26.600505081963473,1505020
2019-06-19,27.24809455871582,27.419158322208737,26.869308777025626,27.125904422265005,1341488
2019-06-21,27.920146942138672,28.066772757794805,27.370297099003754,27.431390986565514,1659283
2019-06-24,28.036211013793945,28.524966690194983,27.767395149019556,27.975117161128352,1258367
2019-06-25,27.59023094177246,28.15230089478621,27.51691683636919,28.042330950450804,947030
2019-06-26,27.950687408447266,28.042329428342374,27.669653660964112,27.88959353769682,878180
2019-06-27,27.84682273864746,28.060654909005365,27.29086540731742,27.736852809834897,967133
2019-06-28,27.773515701293945,28.250051329746103,27.773515701293945,28.152301614249307,1052650
2019-07-01,27.932357788085938,28.378347668474333,27.932357788085938,28.32947402712762,994007
2019-07-02,28.07898712158203,28.335582852220735,27.742967168932044,28.18895706721848,1515541
2019-07-03,28.408899307250977,28.867107047362865,27.846829301117243,27.846829301117243,1641367
2019-07-04,29.12980842590332,29.43528020556451,28.64716272273398,28.873212713597248,1240764
2019-07-05,28.964855194091797,29.3558613443884,28.885433397373244,28.885433397373244,1177747
2019-07-08,28.589479446411133,29.142586445692498,28.534169967442796,29.136440134056148,1058587
2019-07-10,28.632492065429688,29.253201022170245,28.601765398254212,28.798425347469564,1653450
2019-07-11,28.577192306518555,28.81687162472953,28.33751298830758,28.693960030438724,1622201
2019-07-12,28.300636291503906,28.896765067120153,28.233034185089682,28.786141218515283,1808337
2019-07-15,28.441978454589844,28.589472806167695,28.1469873095151,28.515726851338286,1061191
2019-07-16,28.497289657592773,28.779988175255816,28.337502689550544,28.515726145844,1611160
2019-07-17,28.761560440063477,29.185607124649458,28.558754123741643,28.558754123741643,2076030
2019-07-18,29.4990291595459,29.585067742262922,28.878320148299473,28.89061276978433,1688344
2019-07-19,28.675512313842773,29.720270313115318,28.675512313842773,29.228619202643635,1037025
2019-07-22,28.681655883789062,29.314657421663306,28.497288566417367,28.964354390627435,1916977
2019-07-23,28.534170150756836,29.36997574572495,28.534170150756836,29.038111544024115,2199565
2019-07-24,28.226886749267578,28.93363440037018,28.085536242279282,28.74926459854535,1803337
2019-07-25,27.65533447265625,28.46655694647384,27.47096472964007,28.29447982201536,1763131
2019-07-26,27.962621688842773,28.05480657993042,27.52013616515741,27.655340346496736,1675428
2019-07-29,27.747522354125977,27.882726533313832,27.53242590629036,27.692212885505022,1242014
2019-07-30,26.887136459350586,27.70450547413505,26.887136459350586,27.65534231172466,1848126
2019-07-31,26.334030151367188,27.108379891542363,26.334030151367188,27.102236022292296,2196753
2019-08-01,26.278722763061523,27.132964848586877,26.131228376719204,26.241849776955846,3153367
2019-08-02,26.112791061401367,26.370906839852534,25.817799856086083,26.211119835226775,2200190
2019-08-05,25.737903594970703,25.81779831346963,25.363020130701635,25.81165200237293,1697301
2019-08-06,25.983726501464844,26.315590637714596,25.694881654622332,25.879251433178574,1800525
2019-08-07,26.72734832763672,26.77651148346098,25.79321173819027,25.971435198570436,3257840
2019-08-08,27.464824676513672,27.710650242558422,26.856408293040307,26.887134962596388,2911192
2019-08-09,27.120670318603516,27.434097976004928,26.917864043701467,27.292747482064925,1043483
2019-08-12,26.70890998840332,26.837970295816735,26.10663994942978,26.598291053910252,2184045
2019-08-13,26.819534301757812,27.13295950577807,26.395485277364468,26.426211945762212,1852397
2019-08-14,26.01445770263672,26.69047620847574,25.713322652583937,26.43236045128764,2387367
2019-08-15,26.057476043701172,26.401630374047727,25.89154518926101,26.24184583034068,1574183
2019-08-16,26.21111488342285,26.499959722705626,25.88539706616153,26.063620529589606,1367528
2019-08-19,26.01445770263672,26.610583933703992,25.602701264943416,26.364758356511803,1429087
2019-08-20,25.658008575439453,26.19267897762842,25.461348618643363,26.18653266718879,1398776
2019-08-21,25.92841911315918,26.309448879847956,25.72561282886099,26.19882749222343,1610639
2019-08-22,25.608844757080078,26.125078705777867,25.608844757080078,26.051330301129813,1044004
2019-08-23,25.215530395507812,25.879258858443986,24.920541595482735,25.246259514723683,1726154
2019-08-26,24.994274139404297,25.47977882213965,24.963545036706183,25.3199918835628,1506166
2019-08-27,25.086469650268555,25.41833384416697,24.79762475325033,25.135635258680075,1116188
2019-08-28,25.350727081298828,25.584260015429493,24.816056682463884,24.828349303266034,772561
2019-08-29,26.10049057006836,26.217258243084135,25.50436446960501,25.51051077921605,1492417
2019-08-30,26.125076293945312,26.395484644105142,25.946852830605344,26.395484644105142,1046712
2019-09-02,25.817800521850586,26.29715910616957,25.81780052185059,26.118935604475663,899533
2019-09-03,25.264684677124023,26.106636281634984,25.264684677124023,25.817791481477254,1044525
2019-09-04,25.682592391967773,25.793213774664654,25.307708952934963,25.750194483722492,976300
2019-09-05,26.407779693603516,26.702770897453288,25.81165341639009,25.81165341639009,1569392
2019-09-06,27.0407772064209,27.329622080153065,26.530691996511933,26.622874452452532,1750215
2019-09-09,27.464824676513672,27.808981445744013,27.102233859085057,27.102233859085057,2073947
2019-09-10,27.58159637451172,27.876587584980356,27.323480591551398,27.593886555734777,2462363
2019-09-11,27.18212890625,27.808984285778635,27.175982594943395,27.581595186628917,1981140
2019-09-12,27.409513473510742,27.673775512968064,27.05921285766443,27.41565734188205,1150561
2019-09-13,27.778257369995117,28.085538772776154,27.15754825263992,27.440246850168112,1938955
2019-09-16,27.335773468017578,27.679927879230824,27.053074852818153,27.61232577103968,1812920
2019-09-17,27.70450782775879,27.70450782775879,27.053072061764958,27.053072061764958,1272950
2019-09-18,27.470975875854492,27.75367447244252,27.243586759461667,27.532431667822383,1422421
2019-09-19,27.218994140625,28.036362960666928,27.218994140625,27.501695077206346,1153269
2019-09-20,27.225143432617188,27.557007556250287,27.022337172299338,27.23743605307714,1913227
2019-09-23,26.9854679107666,27.15140121639237,26.604438136662417,27.040777384695605,1359716
2019-09-24,27.0407772064209,27.348061013260548,26.622874452452532,26.899429146032407,2867341
2019-09-25,27.38492774963379,27.452529829851,26.770365159963738,27.03462717119861,1561163
2019-09-26,27.65533447265625,27.882721054868384,27.1944101151158,27.446381934443334,958696
2019-09-27,28.165428161621094,28.515731269006015,27.532428927702664,27.532428927702664,2616313
2019-09-30,27.938037872314453,28.325211470497997,27.882725962905894,28.269902003008532,1110771
2019-10-01,27.661489486694336,28.116267718216726,27.66148948669434,27.931897900905525,764228
2019-10-02,26.89327621459961,27.6184601549676,26.8256741356054,27.59387735879527,1322322
2019-10-03,27.28659439086914,27.354196465704522,26.407769859927782,26.79494582342472,2275499
2019-10-04,27.403366088867188,27.489404661883018,26.94859042550939,27.16368685804896,1300657
2019-10-07,26.74579429626465,27.40337646292206,26.73964798388844,27.286608737373584,1890416
2019-10-08,26.78881072998047,27.20671353032728,26.739645120076226,26.79495704169841,1305136
2019-10-09,27.66045570373535,27.858383606193527,27.004819987654486,27.004819987654486,1923851
2019-10-10,28.217130661010742,28.334651206095092,27.487271009094428,27.734681518799903,1234514
2019-10-11,28.40268898010254,29.008844602207464,28.39031956064311,28.45217157326688,1420858
2019-10-14,28.841842651367188,29.0521424521366,28.551135476644905,28.81091787261458,1383569
2019-10-15,28.514022827148438,29.039768606955676,28.470726173697567,28.77998868625044,2692871
2019-10-16,29.039766311645508,29.039766311645508,28.347017453523335,28.452168567304213,1235452
2019-10-17,28.65628433227539,29.231512697265522,28.637726517300106,29.008843494194295,1088168
2019-10-18,28.27898406982422,28.96554955841787,28.27898406982422,28.656287020437183,1386694
2019-10-21,28.501657485961914,28.687213545444575,28.068688431841842,28.081057852741914,712043
2019-10-22,29.447999954223633,29.466555314051213,28.48309912421739,28.63773039966531,1541164
2019-10-23,30.15311622619629,30.27682271234258,29.373773965296483,29.491294512719612,1864375
2019-10-24,30.270645141601562,30.56753833276209,30.12838325762246,30.153124561691175,1515332
2019-10-25,30.635562896728516,30.833490784990058,30.20877988923898,30.27681783123479,1184621
2019-10-28,30.765457153320312,30.790198450027205,30.313932789330394,30.586084595442856,1178997
2019-10-29,30.258262634277344,30.839674426656874,30.214965985295223,30.524226008265398,769228
2019-10-30,29.70159339904785,30.660305734534155,29.336662348192142,30.660305734534155,3358355
2019-10-31,29.169662475585938,29.843853606800533,28.662469570419674,29.843853606800533,2192274
2019-11-01,29.182035446166992,29.66448465521952,28.804734919566698,29.1758495067099,2074885
2019-11-04,29.293365478515625,29.577886699336617,29.144920158448862,29.144920158448862,982549
2019-11-05,29.664474487304688,29.689215778988963,29.200580797965838,29.20676673530261,1339405
2019-11-06,29.373769760131836,30.054149192374506,29.26862110520816,29.689218182565888,1032859
2019-11-07,29.404693603515625,29.683028824516207,29.256248316159496,29.528397600035273,697148
2019-11-08,28.91607093811035,29.50367131565964,28.84803297378713,29.50367131565964,732251
2019-11-11,28.835660934448242,28.86658817539239,28.40269430721281,28.458362849379522,940677
2019-11-12,28.316091537475586,28.79235712624907,28.10579423372009,28.588243302489005,744229
2019-11-13,27.784162521362305,28.39031811254929,27.716124573647548,28.27898105477679,900470
2019-11-14,28.10580062866211,28.19239148726681,27.790349685928078,27.8336488017257,602362
2019-11-18,28.384132385253906,28.823284850709097,28.353205151458003,28.52639421998656,1282845
2019-11-19,28.050127029418945,28.42742746405591,27.79653060779017,28.29135157514906,1442940
2019-11-21,28.316091537475586,28.476908712952874,27.92641924526765,28.130533069027713,1514082
2019-11-22,28.514022827148438,28.699581317745462,28.16764959954146,28.402688224322873,574655
2019-11-25,28.35321044921875,28.792365454392698,28.04394788412726,28.792365454392698,619653
2019-11-26,27.858386993408203,28.192390830228703,27.573865752634468,28.136724752923683,1092856
2019-11-27,27.549121856689453,28.142905527294076,27.153263618623363,28.142905527294076,1133687
2019-11-28,27.388301849365234,27.666637071394536,27.246040040945374,27.499636429709508,532887
2019-11-29,27.338825225830078,27.425418534118883,27.159452670756618,27.221304682725293,615486
2019-12-02,27.57386589050293,27.67901702204393,27.258419868870337,27.338827244600775,784123
2019-12-03,27.49964141845703,27.654272671561348,27.215117750001482,27.462528246501023,942239
2019-12-04,27.771791458129883,27.907867357544202,27.462528944065802,27.530566893772964,906616
2019-12-05,28.081056594848633,28.18620772727518,27.889314604673235,27.957352560734858,968071
2019-12-06,27.604793548583984,28.19239140113214,27.52438617162731,28.081056786604083,1071294
2019-12-09,27.505823135375977,27.722308841971397,27.37593318601655,27.722308841971397,509971
2019-12-10,27.555307388305664,27.67282792668389,27.33263818804333,27.40067613577144,591008
2019-12-11,27.413053512573242,27.765612740784185,27.36975439381922,27.555312917157057,508096
2019-12-12,27.369749069213867,27.660456218978254,27.33263835483142,27.41304817954433,827974
2019-12-13,27.54294204711914,27.74705592052188,27.382124832529385,27.499645388306153,608091
2019-12-16,27.98827362060547,28.260422927120473,27.728491274043357,27.75941850457738,851411
2019-12-17,27.889312744140625,28.111981956821655,27.53675356700622,27.697570766756588,815163
2019-12-18,28.810916900634766,28.860397036502324,27.703754315450176,27.802719502511962,2629437
2019-12-19,28.953174591064453,28.97172994813713,28.39031810998603,28.408873467058708,891200
2019-12-20,29.23151969909668,29.3985204125702,28.792367126089026,29.089257829522797,667567
2019-12-23,29.20058822631836,29.330478197456475,28.93462234513171,29.324292258546055,528304
2019-12-26,29.71396255493164,29.800555862977586,29.2748100762234,29.441810753836787,601945
2019-12-27,29.880964279174805,30.041781481605856,29.732518954134108,29.751074312556277,713918
2019-12-30,30.493314743041992,31.03143258248336,30.221162853072,30.233534734069227,1979994
2020-01-02,31.569534301757812,31.88498024115153,30.81493104916037,30.926268090627698,1824898
2020-01-03,31.550983428955078,31.748913806062173,31.241720901220297,31.247906839920738,1402839
2020-01-06,30.697195053100586,31.44023387144871,30.593814578372445,31.214089724808627,1357633
2020-01-07,30.632583618164062,31.000874665705442,30.40644201930532,30.755347300677858,1131604
2020-01-08,30.393524169921875,30.845807418642455,30.10923037511957,30.72950564506982,655484
2020-01-09,29.818471908569336,30.600277137577823,29.728015274952547,30.290138274241023,1028797
2020-01-10,29.689247131347656,30.219065671706858,29.66340201141416,29.98000280511626,808288
2020-01-13,30.057531356811523,30.290134836084157,29.55355800749104,29.870158756524184,1481376
2020-01-14,29.644018173217773,30.257833981935075,29.43079786385352,30.063996870274675,1511582
2020-01-15,29.243423461914062,29.63109769568188,28.984977395816884,29.585869377383773,1575016
2020-01-16,29.18528175354004,29.359735719337863,28.972061380814576,29.359735719337863,1110355
2020-01-17,29.792634963989258,30.051083659799115,29.29512077527575,29.308044622087646,1178580
2020-01-20,29.5341854095459,30.03815893970193,29.430804907302832,29.676332316474333,503097
2020-01-21,28.390546798706055,29.721556457366507,28.209633512578336,29.47602908278357,1840002
2020-01-22,28.112712860107422,28.66191460002538,28.06748454193326,28.552074765503992,836203
2020-01-23,28.726533889770508,28.752379014455492,27.912421447783647,28.06748962858208,1689593
2020-01-24,28.519771575927734,29.056054679249065,28.461621973554088,28.978519308772846,758083
2020-01-27,28.416391372680664,28.60376657750304,27.91241792323965,27.91241792323965,1322843
2020-01-28,28.054567337036133,28.65545940416136,27.84780634702098,28.403472656719625,618611
2020-01-29,27.41490364074707,29.01082126457802,27.38905851950275,28.539154861974826,1861980
2020-01-30,27.272756576538086,27.524745865169855,27.014307933121465,27.33090874077961,1228681
2020-01-31,27.007844924926758,27.873644810846013,26.95615468977346,27.718576672696894,1814691
2020-02-03,27.195220947265625,27.783189046651962,27.072457276788004,27.414900602529947,1929476
2020-02-04,27.16938591003418,27.770278075225868,26.949703605946308,27.4601391068994,1420025
2020-02-05,27.395519256591797,27.776729002005425,27.02723078758582,27.64750596868478,2198628
2020-02-06,26.975543975830078,27.776732532330605,26.910932450957855,27.750889976230802,1415129
2020-02-07,26.878618240356445,27.201678345917067,26.57494133035975,26.80754481174825,1075669
2020-02-10,27.54412841796875,27.692734651512033,26.930312583340342,27.137070979760917,2108529
2020-02-11,28.00287437438965,28.05456461688158,27.492439006231884,27.641045244257263,2582252
2020-02-12,27.789653778076172,27.95118385880188,27.389058253644407,27.73150418132425,1256388
2020-02-13,26.814008712768555,27.524743051334156,26.768780397342642,27.311522749764475,1209099
2020-02-14,26.52972412109375,27.104771144266817,26.510340917417857,26.910936540196108,758707
2020-02-17,26.432796478271484,26.568483992133263,26.342339847237543,26.413413281237194,778706
2020-02-18,26.303577423095703,26.37465086782227,25.967595966733853,26.31003934551937,1343363
2020-02-19,26.71063232421875,26.949695190493234,26.180811217249126,26.44572177073394,1060253
2020-02-20,26.74939727783203,26.904465421554228,26.510331857139207,26.762318553429353,1855001
2020-02-21,26.15497398376465,26.549107688276788,26.06451732049745,26.478036796262657,885055
2020-02-26,24.623666763305664,25.48300760603846,24.591362280137123,25.48300760603846,2929733
2020-02-27,25.056564331054688,25.25686081479877,24.436289113092307,24.617202397417437,2003430
2020-02-28,25.11471176147461,25.373160388478112,24.30059948497241,24.849803780096465,2899214
2020-03-02,25.153478622436523,25.709142225503612,25.00486983995129,25.683297108231802,2950461
2020-03-03,24.89504051208496,25.60577255109701,24.811043203712963,25.295633580400064,1850105
2020-03-04,24.791654586791992,25.327935102730763,24.423366083608638,25.276244857681206,3355126
2020-03-05,24.332914352416992,24.93380651236119,24.307069224672833,24.565517934802603,2010409
2020-03-06,23.486494064331055,24.216611841290415,23.176357675244784,23.260352412432376,1969995
2020-03-09,20.96661949157715,22.54315394885504,20.746938523775587,21.515821269253255,3743751
2020-03-10,21.703195571899414,22.013334452994837,21.005385014918033,21.32198453436082,3487306
2020-03-11,19.900516510009766,21.425361806687732,19.396543119950103,21.192758308612373,2701933
2020-03-12,17.2191162109375,18.091379292394475,16.153016033386503,16.992973360046268,3341689
2020-03-13,19.364242553710938,20.003902344856467,16.824986591278282,20.003902344856467,4626931
2020-03-16,17.051128387451172,18.47905542056099,16.15301996982801,17.19973592265785,3548345
2020-03-17,17.832937240600586,18.756890962733713,16.32747710923567,17.25142954771286,6068205
2020-03-18,16.6634521484375,17.186810023217458,15.836418623145613,16.734525582702666,3747292
2020-03-19,16.385622024536133,16.79267819139034,15.151532247005315,16.282242823201557,3209718
2020-03-20,16.540691375732422,17.574484666944173,16.15301841015718,17.005898420960488,5048262
2020-03-23,15.707199096679688,17.102819237397817,15.080461840399437,16.83144926065121,4166123
2020-03-24,17.81355094909668,18.278758049717766,16.39208580670892,16.79914201975237,3003375
2020-03-25,19.079944610595703,20.158966163590417,17.238501011864987,17.639095232684678,3646464
2020-03-26,19.49346160888672,20.100814186828497,18.83441879435989,19.331931545041577,2122382
2020-03-27,17.5938720703125,18.718122270388076,17.5938720703125,18.38214075038522,3332523
2020-03-30,18.220605850219727,18.31752441708936,17.257885954897915,17.690787260951815,2262687
2020-03-31,17.44526481628418,18.162460050597353,16.915446116162855,17.962162236197965,2129777
2020-04-01,15.985026359558105,16.876672694131123,15.836418851071846,16.605301512454353,2273103
2020-04-02,16.482545852661133,16.624692781275204,15.926881986612644,16.146563020081675,1460127
2020-04-03,15.4164400100708,16.353314651814106,15.157991390398358,16.308086335919743,2086446
2020-04-06,16.889598846435547,17.199736488857496,16.069024488939025,16.308089964609557,2520172
2020-04-07,17.677860260009766,18.659963108588805,17.613247470438928,18.43382155422912,3305650
2020-04-08,17.916927337646484,18.233526849804527,17.516333110627652,17.787704304428193,1411692
2020-04-09,17.820009231567383,18.491974621044772,17.74893579641904,18.026767615459587,1663137
2020-04-13,18.27875328063965,18.27875328063965,17.13512031243327,17.774779908894775,2101237
2020-04-14,18.220605850219727,18.808576606533915,18.136609844509753,18.5307447507403,1384819
2020-04-15,17.393571853637695,17.832933821987137,17.38711121453948,17.832933821987137,2766096
2020-04-16,16.72160530090332,17.65201942723496,16.61822609616154,17.542178300140534,3522929
2020-04-17,17.12220573425293,17.438805361282732,16.86375700673244,17.141588939537375,1819065
2020-04-20,16.766834259033203,16.928364340433994,16.585919694978536,16.79914001858225,2467884
2020-04-22,16.411466598510742,16.941285148139542,16.372698917932222,16.656992674863645,3893117
2020-04-23,16.172405242919922,16.721607086056498,16.069024743485908,16.566538904216976,3465433
2020-04-24,15.14506721496582,16.01733025054224,14.692782820628638,15.972101939474053,5866029
2020-04-27,15.804116249084473,16.146559650753648,15.403520676338808,15.571511415745654,1803858
2020-04-28,17.587406158447266,17.587406158447266,16.540690370308607,16.540690370308607,4480376
2020-04-29,18.233531951904297,18.31752797392433,17.257889305975873,17.658484928744727,3095453
2020-04-30,17.44526481628418,17.716636090104508,17.251428925644458,17.574489171262627,4514333
2020-05-04,16.631153106689453,16.889601829516764,16.308092844983292,16.799145161623994,2542046
2020-05-05,16.243480682373047,17.031746817781496,16.21763555435155,16.715148492313812,3362938
2020-05-06,16.094865798950195,16.366236974040028,15.72657735562897,16.230552028322823,3335023
2020-05-07,15.448750495910645,16.288706841497053,15.43582793260552,16.224095308627266,3532616
2020-05-08,15.950662612915039,16.375056250308045,15.585031151512608,15.780905936247622,3270548
2020-05-11,16.120420455932617,16.681925400364424,15.787434362304623,15.787434362304623,2809948
2020-05-12,15.173698425292969,16.21835936017483,15.173698425292969,16.094306433553484,3980508
2020-05-13,15.00394344329834,15.591565367710157,14.781953082648323,15.317341370601307,4431317
2020-05-14,15.6307373046875,15.656854119586525,14.27920834803602,14.821125122866643,4722134
2020-05-15,14.99088191986084,15.833139404157297,14.990881919860838,15.62420749602713,3076704
2020-05-18,16.022483825683594,16.087774558401428,15.356512903932986,15.669910755848033,2803178
2020-05-19,15.34998893737793,16.218363538918016,15.34998893737793,16.0943105803338,3670421
2020-05-20,15.51973819732666,15.767845271193202,15.252044166653365,15.624204128878448,2587565
2020-05-21,16.35546875,16.44034643695292,15.53932686726739,15.60461889240379,3279714
2020-05-22,16.068185806274414,16.40117187859374,15.800491756541991,16.322821451489457,2202586
2020-05-25,16.916973114013672,16.975735286094167,16.590516890710823,16.590516890710823,1527936
2020-05-26,16.41423225402832,17.393601036082316,16.40770240241079,17.197727539101457,3551157
2020-05-27,16.91044807434082,17.047559415821713,16.486055641592824,16.84515732996418,2622563
2020-05-28,16.472993850708008,17.099790884262838,16.322824119932818,16.91044593353117,3206905
2020-05-29,16.44034767150879,16.714571603374786,15.891901104926497,16.420760711071825,4822649
2020-06-01,17.37401008605957,17.445830654462508,16.466460800144496,16.642747296092775,2669331
2020-06-02,18.36644172668457,18.372971578466714,17.628650195735663,17.628650195735663,5024201
2020-06-03,19.189115524291992,19.417634432656158,18.901833128462805,19.352343686594956,3950197
2020-06-04,19.87466812133789,20.10971681843681,18.503552451127003,18.93447463009182,5518548
2020-06-05,20.325183868408203,21.52654447802945,20.28600994008682,20.697343970361004,4278408
2020-06-08,21.108678817749023,21.28496407465329,20.592876265827908,20.69081367268569,3482932
2020-06-09,20.821399688720703,21.23926360164309,20.38394751308943,20.762637494894115,4408922
2020-06-10,19.80284881591797,21.219670940770378,19.80284881591797,21.219670940770378,4188934
2020-06-12,19.535154342651367,19.913844190017453,18.849595225671354,19.051998554141115,7484064
2020-06-15,19.130352020263672,19.469866730196788,18.555788565211486,18.797367162778237,4463919
2020-06-16,19.828964233398438,20.240298126800546,19.587385702435853,19.953017127053904,4055608
2020-06-17,20.22724723815918,20.53411528988772,19.587391724082856,20.037902265568224,6060393
2020-06-18,20.050962448120117,20.57982218821482,19.913851096034463,20.04443259488745,3683650
2020-06-19,20.01177978515625,20.749571205882596,19.979134422571803,20.43617339020271,3460954
2020-06-22,20.103193283081055,20.534115569622323,19.926906716248276,20.403532783396194,2713912
2020-06-23,19.75061798095703,20.677754493935485,19.68532724358733,20.50146794645754,4772548
2020-06-24,18.836544036865234,19.80938454038404,18.679844416545066,19.593922724587568,6969822
2020-06-25,19.202167510986328,19.202167510986328,18.634132762196845,18.673307975021835,5531360
2020-06-26,18.50355339050293,19.104232271673155,18.359912224505845,18.92794573989937,5172838
2020-06-29,18.967121124267578,19.136877806092187,18.627606463468673,18.84306691721336,7012111
2020-06-30,18.294618606567383,18.99976467240718,18.28809005283904,18.790832793006402,4581204
2020-07-01,18.588430404663086,18.960591711833516,18.41867373052099,18.48396445969496,3762604
2020-07-02,18.732074737548828,19.404575588241432,18.6406671823663,18.9671234778181,4607661
2020-07-03,18.575376510620117,18.803895399418952,18.33379791714724,18.738604658947814,3133368
2020-07-06,19.437213897705078,19.476389105902673,18.862650663220517,18.90182457426874,2727557
2020-07-07,18.621082305908203,19.35887403088324,18.60802389605952,19.19564585349983,4091544
2020-07-08,19.26093292236328,19.32622495472386,18.751660258549748,18.83653925204363,3092537
2020-07-09,18.934476852416992,19.352340675348493,18.823481044804073,19.25440457149566,2891089
2020-07-10,18.95406150817871,19.01935353328821,18.64719223303806,18.90182788809111,2256333
2020-07-13,18.53619956970215,19.189113445326704,18.53619956970215,19.045472262974318,4277888
2020-07-14,18.803895950317383,18.810424505695824,18.399089196657172,18.562318646916854,2253208
2020-07-15,19.195642471313477,19.30663828689527,18.908361396710344,18.96712358210074,3485432
2020-07-16,19.097702026367188,19.27398854253164,18.94753231937144,19.130347389253295,1792504
2020-07-17,19.463335037231445,19.77020432690564,19.097703570750486,19.13687749052189,3665942
2020-07-20,19.489452362060547,19.757147756833994,19.339282628969197,19.541685989474814,2188420
2020-07-21,20.03790283203125,20.23377636566437,19.65268302330453,19.783265811443258,4119146
2020-07-22,19.306636810302734,20.15542415594781,19.260933035955663,20.14889430409837,2814219
2020-07-23,18.908361434936523,19.443749659731463,18.88877447215008,19.358870659073773,2055719
2020-07-24,18.95406150817871,19.215227014317513,18.67983759701801,18.89529933415496,2465384
2020-07-27,19.37192726135254,19.46333610585377,18.888772711880407,19.07811765833693,1618035
2020-07-28,19.587387084960938,19.933431576360547,19.104231286082975,19.280517808762113,2945982
2020-07-29,20.214183807373047,20.827921055484495,19.78326033662402,19.78326033662402,5327725
2020-07-30,20.272947311401367,20.5667581983992,19.855082218143522,19.855082218143522,3645006
2020-07-31,19.59391975402832,20.44923703407321,19.56127438307963,20.344771068747473,2308413
2020-08-03,19.352344512939453,19.82897190870805,19.097708776417885,19.717976079084536,3289713
2020-08-04,18.810420989990234,19.626562900150535,18.640664313229863,19.25440288438965,2876611
2020-08-05,18.86918830871582,19.26093668801978,18.640669393651006,19.091179964993064,2032908
2020-08-06,19.456806182861328,19.646151128624584,18.862655830102266,18.93447641622969,2468821
2020-08-07,19.236616134643555,19.72328501905547,18.91436135449119,19.341841945320578,3773853
2020-08-10,19.953468322753906,19.953468322753906,19.230041003426578,19.341842860932566,3216071
2020-08-11,19.710132598876953,20.420407788737545,19.710132598876953,20.05211680437448,2285498
2020-08-12,19.696985244750977,20.223114450347634,19.249775093347512,19.762752212066324,2368827
2020-08-13,18.980133056640625,19.8877080867233,18.940674181652867,19.78248224244717,2735369
2020-08-14,19.13138771057129,19.335261955954316,18.71706056599776,19.006431179184617,2418303
2020-08-17,18.78282928466797,19.230040625661392,18.421115632110002,19.137966895507375,2858800
2020-08-18,19.157695770263672,19.322111169667828,18.96039624571088,19.177425200085047,1814795
2020-08-19,19.07219886779785,19.30237989794613,18.861747266923796,19.137964503101728,1984369
2020-08-20,19.006431579589844,19.10508133733286,18.578952344734404,18.71048491953019,1515749
2020-08-21,19.006431579589844,19.072198520280086,18.782826594412413,18.99985553881317,1297740
2020-08-24,19.302385330200195,19.6312162124316,19.065626885939974,19.085357627351716,1938538
2020-08-25,19.164278030395508,19.604912123214113,18.960402398603595,19.302386697132683,3322732
2020-08-26,18.671030044555664,19.190584486508186,18.50661590120825,19.032745079675447,3092016
2020-08-27,18.953824996948242,19.21689022514264,18.657876941875816,18.809138990782817,1500229
2020-08-28,19.256345748901367,19.256345748901367,18.934092272270295,18.966973786849955,1967807
2020-08-31,18.78282928466797,19.210309887335946,18.756522504623963,19.203732539032504,2717557
2020-09-01,19.203731536865234,19.230039622121204,18.736792095083867,18.874902029815033,2520902
2020-09-02,18.86174964904785,19.223463302070822,18.74336913869765,19.203732563720013,2533505
2020-09-03,19.499677658081055,19.960042320867316,18.84859344128878,18.947241891956104,4592141
2020-09-04,19.999502182006836,20.23626056602364,19.44049034708864,19.65751799471421,4879521
2020-09-08,19.67067527770996,19.946892576023302,19.473377020831144,19.828514667164022,2638603
2020-09-09,19.539140701293945,20.06527107538112,19.49310448954905,19.86797153180599,1502729
2020-09-10,18.9406681060791,19.723284990182226,18.907785285275327,19.539140148413217,2419032
2020-09-11,18.703907012939453,18.980124235825745,18.526338238261985,18.901205215941754,2785470
2020-09-14,18.828868865966797,19.045897880290866,18.572380981100256,18.90778922022198,2582669
2020-09-15,18.703907012939453,18.973548195245687,18.57895178924108,18.940665379176078,1762298
2020-09-16,18.565799713134766,18.835440914490636,18.519762199483264,18.703908334335022,2540067
2020-09-17,18.375078201293945,18.526341533975266,18.158050531359027,18.519764185640483,2932545
2020-09-18,17.980484008789062,18.34219901559672,17.888411573087133,18.32246827467127,4042484
2020-09-21,17.954174041748047,18.10543736682014,17.388584829483143,17.684532825038595,3179511
2020-09-22,18.079130172729492,18.309311215883103,17.901561379474654,18.000209838004146,2296539
2020-09-23,17.651647567749023,18.190931233298084,17.605611364416788,18.08570413244196,1590016
2020-09-24,18.046245574951172,18.263273207598093,17.57272883959838,17.599035615247907,1323364
2020-09-25,17.888412475585938,17.947602088178396,17.631923283295205,17.888412475585938,1365966
2020-09-28,18.263275146484375,19.1708498566513,18.098859741096987,18.164625380618023,6749417
2020-09-29,17.816068649291992,18.440847574170277,17.776608473854342,18.38165796430633,1734903
2020-09-30,18.388235092163086,18.388235092163086,17.763454868220318,17.98706121975702,3439913
2020-10-01,18.348772048950195,18.526340848647337,17.908138070460655,18.414538996940713,2128007
2020-10-02,18.67760467529297,19.03931835117199,18.105439358663062,18.217241221181045,3739584
2020-10-05,18.72364044189453,18.86175038943192,18.322466603007467,18.71048835792424,2605793
2020-10-06,18.76967430114746,19.065622285055053,18.618412288613527,18.855170675739604,1968745
2020-10-07,18.72364044189453,19.013012420939592,18.664450837688488,18.92093999363796,2182899
2020-10-08,20.282297134399414,20.35463880917915,18.703907545670774,18.723636974557547,7335739
2020-10-09,20.65058708190918,21.17671738815601,19.894275746617893,20.196801064685236,5985501
2020-10-13,20.900501251220703,21.012304411465223,20.282299768819676,20.716356406800156,4227578
2020-10-14,21.1569881439209,21.52527912294058,20.841310721868943,20.93996048789103,4674949
2020-10-15,20.847885131835938,21.24248285846194,20.66374031002796,20.79527288556996,3020145
2020-10-16,20.196807861328125,20.841316266127695,20.196807861328125,20.788704001748727,4356946
2020-10-19,20.39410400390625,20.907079734169486,20.196805746619237,20.380950612542446,2242792
2020-10-20,20.900501251220703,21.22933207716303,20.519056865966867,20.519056865966867,3912700
2020-10-21,21.124103546142578,21.420051512714796,20.66374018776187,20.841308967705203,2215398
2020-10-22,21.99879264831543,22.07771297206825,20.939957383852203,20.99914697337451,3280443
2020-10-23,22.176366806030273,22.75510811392015,22.038258173914613,22.12375324717582,5318559
2020-10-26,22.518354415893555,23.011600753551843,22.16979408872227,22.189523524121363,5021388
2020-10-27,21.887001037597656,23.853413221428024,21.70285613168708,23.281246452488233,9092413
2020-10-28,21.2687931060791,21.637084116387015,21.038610734667312,21.24248632536034,4826607
2020-10-29,21.827808380126953,21.939611555458107,20.51905963479275,21.03861272347008,5057428
2020-10-30,20.946542739868164,21.913306029824582,20.880777080743794,21.69627830944601,3098474
2020-11-03,21.28194808959961,21.630508387169126,21.16356887408826,21.492399737934225,3001396
2020-11-04,21.07807159423828,21.80807629022679,20.880773345572866,21.643660865241447,2938691
2020-11-05,21.40281105041504,21.515597709540472,20.925128857560967,21.416080146669707,3577093
2020-11-06,21.04454803466797,21.63501684817691,20.97156998713975,21.26348613148787,2283519
2020-11-09,22.683259963989258,22.88892760313582,21.727894527786763,21.74116362032495,4219870
2020-11-10,24.089767456054688,24.129576055277322,22.63018560052255,22.683261975381736,4749112
2020-11-11,24.089767456054688,24.414858274949825,23.771314479212563,24.275534768061835,2788074
2020-11-12,23.34007453918457,24.056597721780932,23.30690114444791,23.963715379906212,2088426
2020-11-13,23.8177547454834,23.857560707040896,23.26045810289646,23.539105106111734,1066607
2020-11-16,25.157922744750977,25.17782572876045,23.94381435860484,23.94381435860484,3116285
2020-11-17,25.788188934326172,25.808091912722606,24.958880593434305,25.111474488067085,3719169
2020-11-18,25.9606876373291,26.199528667234393,25.463102597719118,25.867805307494404,2141443
2020-11-19,26.0734806060791,26.172998170465753,25.575895420302878,25.668777777421877,2906922
2020-11-23,25.635602951049805,25.84127061834258,25.26407094529162,25.403394458892205,1114104
2020-11-24,26.909421920776367,27.028842459556582,25.801466310855727,25.801466310855727,2805365
2020-11-25,27.06201171875,27.1947000143699,26.345488595627216,26.67057676520544,3447100
2020-11-26,26.723648071289062,26.803262615260444,26.352118805067725,26.743551048242935,1246701
2020-11-27,27.088552474975586,27.426911087909456,26.7236556731688,26.876249600148903,2009367
2020-11-30,25.96732521057129,26.862977836311302,25.847904684728853,26.849710060620588,3137534
2020-12-01,28.322561264038086,28.408808393160886,26.60423279800376,26.73692109452444,4552247
2020-12-02,27.84488296508789,28.242950544935955,27.632580080091802,28.063821056659194,2088217
2020-12-03,27.851516723632812,28.85995471589526,27.798440346104098,27.990840237528218,2265082
2020-12-04,27.552961349487305,27.838243555266246,27.181432015879892,27.71882303572724,1339509
2020-12-07,28.986005783081055,29.045714721062712,27.632574191111914,27.94439456365489,2662144
2020-12-08,28.72062873840332,29.025813928780334,28.2694848404207,28.461884715341153,2380909
2020-12-09,28.38226890563965,28.93956552502525,28.136795304712763,28.800242029217923,1600848
2020-12-10,29.198314666748047,29.33763818703411,28.601211982552957,28.601211982552957,2278936
2020-12-11,29.576478958129883,29.72907288992403,28.740535208808883,28.833417554716025,2829635
2020-12-14,29.437149047851562,29.88829290265784,29.403978295033482,29.762239824099307,1593140
2020-12-15,29.86176300048828,29.941377574412822,29.10543377475423,29.10543377475423,1687823
2020-12-16,29.64946174621582,29.682635146225223,28.89313247864602,29.523408625725537,2402158
2020-12-17,29.35091209411621,30.226661923135083,29.224856335736572,29.908206241602283,2098529
2020-12-18,29.34427261352539,29.78878135254908,29.085528563278366,29.48359613010789,1799171
2020-12-21,28.99927520751953,29.191672425245887,28.554763927646736,28.60120508988346,1613452
2020-12-22,29.437149047851562,29.55656955754017,28.8599494783306,28.8599494783306,1440649
2020-12-23,30.1005859375,30.140394518538844,29.4437746661449,29.4437746661449,1168476
2020-12-28,30.64461898803711,30.843654030536115,30.166939631120105,30.20674558515755,1650741
2020-12-29,30.624717712402344,30.91663508797705,30.299629585338902,30.724235239180633,954113
2020-12-30,29.974559783935547,30.810503829328997,29.954654157485276,30.737524440817634,1290761
2021-01-04,29.503494262695312,30.425687620926563,29.251385460252816,30.120499812501116,1823544
2021-01-05,29.065616607666016,29.317725373727644,28.627740574018283,29.291187192643914,2309559
2021-01-06,30.060792922973633,30.080695903976483,28.97937301769213,28.999278634851404,1899478
2021-01-07,30.472131729125977,30.750778743399422,29.3575383997192,29.662726237626114,2078322
2021-01-08,30.180213928222656,31.31470758895207,30.03425521699025,30.989619409670375,1459606
2021-01-11,29.637847900390625,30.30401619586782,29.537922126675,30.157458747347597,1853959
2021-01-12,30.230745315551758,30.37064037626398,29.68448727740219,29.7444411690056,3417623
2021-01-13,30.02422523498535,30.477219768027904,29.031632599058042,30.057532060565297,3788019
2021-01-14,30.67707061767578,30.710380092348924,29.551245313731894,29.950948421928295,2034470
2021-01-15,29.344728469848633,30.31067393724266,29.23148051238618,30.190763556703054,1804587
2021-01-18,29.044958114624023,29.784405128899177,28.945032341646527,29.21150018726311,1505854
2021-01-19,28.398771286010742,29.56456566462981,28.392108862695626,29.44465527980734,2264770
2021-01-20,27.82587432861328,28.871758620112917,27.792564849526332,28.745185775947327,2385180
2021-01-21,27.326242446899414,27.99907320593512,27.113068685725878,27.872503022312657,2111028
2021-01-22,26.746679306030273,27.232983432421275,26.54683036199749,26.77998878685448,3371480
2021-01-26,26.193763732910156,27.44615955474077,26.087175502811697,26.646758416886513,2982647
2021-01-27,26.17377281188965,26.340314896169748,25.56755835456429,26.02055292968498,2531109
2021-01-28,27.159696578979492,27.252959921062455,25.987239732403633,26.02054920327756,2663290
2021-01-29,26.293685913085938,27.059780185801806,26.067189902997757,26.700051540011277,1868125
2021-02-01,27.15304183959961,27.406184865504468,26.40026989274875,26.540164931825423,3031915
2021-02-02,26.933208465576172,27.85918237860093,26.540167712445147,27.66599321478681,3205135
2021-02-03,27.292940139770508,28.72520282569476,27.279615288568884,28.24556112185307,6218405
2021-02-04,27.6460018157959,27.8058814599185,27.086421737881714,27.239638958132915,2282581
2021-02-05,27.68597412109375,28.025720718454785,27.37953699979632,27.44615330495307,2471738
2021-02-08,26.846607208251953,27.772583848726242,26.746681404908724,27.68598025057563,2288935
2021-02-09,27.452816009521484,27.67265220105405,26.44690105639376,26.63342777152304,2069677
2021-02-10,26.733354568481445,27.40618537099684,26.72003236559674,27.226321073715198,1540748
2021-02-11,27.05311393737793,27.406182719829655,26.926541110849833,27.159699491056603,1127750
2021-02-12,27.05977439880371,27.30625763380824,26.58013542466819,27.046452196870938,1079211
2021-02-17,27.489715576171875,27.69695708431602,27.021747367152653,27.0952851906224,1257222
2021-02-18,26.981630325317383,27.549874833465235,26.85460999589384,27.108650654740927,1694177
2021-02-19,27.249040603637695,27.690264787490786,27.015055224331586,27.128706252345253,2374139
2021-02-22,26.192777633666992,26.687484434828438,25.938736924055714,26.52035350748599,4091648
2021-02-23,27.255722045898438,27.422852930252024,26.166029636191368,26.166029636191368,3925199
2021-02-24,26.353214263916016,27.222295874374247,26.212824648010326,26.994996503625654,2044261
2021-02-25,25.691375732421875,26.60057061728459,25.611154607528576,26.36658525280276,1771672
2021-02-26,25.149873733520508,25.885249133227546,25.029539384017262,25.637897111041653,2102279
2021-03-01,24.909208297729492,25.43065632844594,24.53483589748776,25.116449782673435,3102119
2021-03-02,25.664636611938477,25.751543714267083,23.62563878978367,24.073548915854207,3844578
2021-03-03,25.290266036987305,25.778289466065253,24.280794590416967,25.477452232361077,4726300
2021-03-04,25.82508087158203,26.48691840379309,25.403909359542567,25.403909359542567,4191538
2021-03-05,27.015052795410156,27.075221293811037,25.858505931066226,25.998898208558757,3523763
2021-03-08,26.079118728637695,27.262406825333247,26.005580930251934,26.66742111572376,3324920
2021-03-09,26.23288345336914,26.44681089535525,25.604470430391086,25.94541820416948,1827086
2021-03-10,26.593887329101562,26.727590988338786,25.88525049742333,26.19277369506098,2273624
2021-03-11,26.473552703857422,27.115335043057254,26.152660206093064,26.747648655732068,1938538
2021-03-12,26.166032791137695,26.607256997740496,26.119236244129386,26.339849675595257,1261492
2021-03-15,26.674118041992188,26.687487348854493,25.738184215413316,26.139297953567233,2861508
2021-03-16,25.738174438476562,26.654052628690483,25.698061220467913,26.654052628690483,2629646
2021-03-17,26.593887329101562,26.620628592214786,25.510878126495975,25.69806431195965,3008479
2021-03-18,27.262409210205078,27.630098234298714,26.47355129550952,26.674109427984,4346426
2021-03-19,27.13538932800293,27.39611596703133,26.767702954202107,27.295836899147915,2347786
2021-03-22,26.72759437561035,26.847928746705765,26.02564609116146,26.740966337026087,3869889
2021-03-23,26.23288345336914,26.861296476347196,26.112549101231405,26.453496875009797,2465280
2021-03-24,26.059070587158203,26.607259907634802,25.80503254080586,26.219515529258146,2522985
2021-03-25,26.50029945373535,26.57383727769259,25.67801408418146,25.805034444894765,1628868
2021-03-26,27.369380950927734,27.743753389707756,26.506985020455712,26.607261454893653,4043734
2021-03-29,26.567142486572266,27.71700336387463,26.413380908469883,27.71700336387463,2996709
2021-03-30,26.92146873474121,27.122026921503586,26.373279368097432,26.6072621484339,1835002
2021-03-31,26.473552703857422,26.861297030560095,26.145976882629448,26.761017958988177,2336953
2021-04-01,25.7716007232666,26.834554584951658,25.644580394452166,26.834554584951658,4040817
2021-04-05,26.005584716796875,26.353218479115604,25.691378197276485,26.119235748513898,1370444
2021-04-06,25.731489181518555,26.13928875780515,25.59778287828519,26.039009694462294,1351279
2021-04-07,25.738174438476562,26.01895368289417,25.410595996994097,25.751543740260388,2810781
2021-04-08,25.537614822387695,25.93204240602716,25.310315454740607,25.871876567029318,2493924
2021-04-09,25.32369041442871,25.85182435233707,25.283579850341336,25.56435911161046,2056032
2021-04-12,25.925369262695312,25.925369262695316,25.323697354841965,25.323697354841965,1822190
2021-04-13,25.604475021362305,25.905312283812226,25.276899148157515,25.905312283812226,2801094
2021-04-14,26.11924171447754,26.5270414193852,25.417290706009076,25.678014759136335,4103939
2021-04-15,25.80502700805664,26.540402379369247,25.678006683949757,26.07243695844177,2207481
2021-04-16,25.905309677124023,26.132606439974065,25.72480680655108,25.8384551879761,1529811
2021-04-19,25.550989151000977,26.05906784660174,25.544305827349554,25.865195677802383,1993222
2021-04-20,25.604475021362305,25.825088482559718,25.470771342270762,25.63790226929984,1523873
2021-04-22,25.076337814331055,25.758233398255893,24.982744719491013,25.68469558712029,2782866
2021-04-23,25.617843627929688,25.704753407664814,25.156564088216257,25.256840516634895,2333933
2021-04-26,25.504188537597656,25.99889785069383,25.203354018719832,25.70474665440189,2669123
2021-04-27,25.11644744873047,25.631212107557523,24.97605781168551,25.497508450275333,3669276
2021-04-28,27.242353439331055,27.663522322374668,25.597783157742803,25.744858764740837,9882682
2021-04-29,26.092491149902344,27.322575807758188,25.952101529488594,27.1487589488194,4393715
2021-04-30,25.82508087158203,26.172711928566354,25.724801813652228,26.04569426776189,2825051
2021-05-03,26.259618759155273,26.373267105859462,25.651261156806576,25.8050227160103,4103939
2021-05-04,25.544307708740234,26.393331600938357,25.510880462705305,26.393331600938357,1916456
2021-05-05,26.132606506347656,26.232885583995206,25.464082863802698,25.64458307850506,1879166
2021-05-06,26.005584716796875,26.27968067002237,25.584415801713803,26.22619814407658,2667039
2021-05-07,26.125919342041016,26.239570374932704,25.75823294910342,26.14597728172467,2517360
2021-05-10,26.261001586914062,26.32931786094897,26.008231101533113,26.117536597085365,2241959
2021-05-11,26.0833797454834,26.28149886041993,25.810111907139273,26.069717575099407,1430233
2021-05-12,25.59832191467285,26.206341223051602,25.53683809708093,26.028719495885614,2250083
2021-05-13,26.315649032592773,26.520600517351088,25.76911354958213,25.76911354958213,2243000
2021-05-14,26.8758487701416,27.039808341982063,26.43178899499441,26.6230783290787,2622979
2021-05-17,27.005653381347656,27.053475039450056,26.411296161059802,26.978326331786615,2082384
2021-05-18,27.101293563842773,27.36089643287838,26.705055462801027,26.78020416177506,1352008
2021-05-19,28.030405044555664,28.098721310029553,26.848523065238552,26.916842045230084,2853592
2021-05-20,27.880107879638672,28.30367307257024,27.81862405452091,28.112386441735875,1652721
2021-05-21,28.030405044555664,28.091891583644514,27.552188471720786,27.873277905417478,913386
2021-05-24,27.791290283203125,28.3036662266582,27.729803758439672,28.214855373685445,1553663
2021-05-25,27.511201858520508,28.009915850460906,27.470212634216807,27.852785966433114,2289039
2021-05-26,27.88694190979004,28.146544821499525,27.60001194718727,27.736644487135877,1161602
2021-05-27,27.88694190979004,27.975752789304853,27.354071203665516,27.88694190979004,1834065
2021-05-28,27.873279571533203,27.968922891817222,27.531692794710235,27.64783343892752,2343203
2021-05-31,28.15337371826172,28.2900062410079,27.80495725638623,27.948422219624966,1793546
2021-06-01,29.266944885253906,29.48555859159067,28.20803313344013,28.30367646030509,3979363
2021-06-02,29.82029914855957,29.895447836658935,29.314755649586807,29.451388147303668,3066809
2021-06-04,30.585458755493164,30.810904897643834,29.581201135474643,29.60169574575781,3181698
2021-06-07,31.186641693115234,31.58287978757338,30.510303413586474,30.646938643322382,4252160
2021-06-08,31.152488708496094,31.295953693771576,30.60595310452654,31.166150877062282,3184511
2021-06-09,30.824567794799805,31.459914301182632,30.715262299200404,31.104668047337107,3138263
2021-06-10,31.050004959106445,31.405253824691815,30.906540010722154,30.981688704806857,1334613
2021-06-11,30.769908905029297,31.084168602990484,30.373673491263236,31.084168602990484,2670893
2021-06-14,30.87921714782715,31.15248491654919,30.578622330781148,30.98169290041261,1846460
2021-06-15,30.681100845336914,30.906546978416497,30.28486268074573,30.763081997688893,2262895
2021-06-16,31.179819107055664,31.664868218248866,30.53764011063624,30.906551275737726,4849419
2021-06-17,30.674266815185547,31.972289444861776,30.592288381597587,31.32327813002366,2620167
2021-06-18,30.127729415893555,30.70158922230925,30.004759069587724,30.640105406414964,2400075
2021-06-21,29.984268188476562,30.237041375306198,29.704170665060122,29.88862486686921,3064621
2021-06-22,29.888622283935547,30.059414302691618,29.444562492266243,29.601692343909573,2570274
2021-06-23,29.50604820251465,30.29852445027134,29.478721154538466,29.717829431183144,1815732
2021-06-24,29.444568634033203,29.89546096056815,29.22595491300606,29.724668906187006,2205919
2021-06-25,28.761394500732422,29.635851919496726,28.481297000708537,29.458227459409862,2141548
2021-06-28,28.488130569458008,28.877536280189055,28.091892417621438,28.734068589561762,2576003
2021-06-29,28.2353515625,28.604262588243845,28.064559571758434,28.515449015767246,1485334
2021-06-30,27.668317794799805,28.31049646259558,27.668317794799805,28.11237745413695,2217689
2021-07-01,27.64100456237793,27.866450724058595,27.313082625886217,27.743480337188974,2402575
2021-07-02,27.955257415771484,28.030406125044816,27.449713774356315,28.009911516064406,2547879
2021-07-05,27.681989669799805,27.96208989832733,27.579513910228325,27.96208989832733,1269929
2021-07-06,27.210603713989258,27.661495985367626,27.203773987102558,27.538525612675148,2245188
2021-07-07,27.408727645874023,27.572689981473,27.142292243673584,27.272095080726526,1608660
2021-07-08,27.19011116027832,27.299419372944925,26.793872961138955,26.98516233330551,2259874
2021-07-12,28.214862823486328,28.50862521721241,27.258426933597864,27.29258371013669,4014256
2021-07-13,28.2353515625,28.41980571811334,27.80495400854027,28.091886616019146,2878278
2021-07-14,28.242191314697266,29.055159555250185,28.126050667888677,28.5564483332875,2197170
2021-07-15,27.743473052978516,28.38565187296966,27.57268104464193,28.194362543438032,2102279
2021-07-16,27.2584285736084,28.023575159940236,27.22426908049663,27.90743722658885,1612306
2021-07-19,27.101293563842773,27.258423402020494,26.8895096328626,26.944163725665057,1779588
2021-07-20,27.436044692993164,27.51119339076514,26.93733356907077,27.14228234202562,2281540
2021-07-21,27.73664665222168,27.941598192660656,27.360903066256228,27.45654910910764,1354716
2021-07-22,27.442880630493164,27.98258374940131,27.36089948215297,27.98258374940131,1443670
2021-07-23,27.22426986694336,27.6888243282867,27.08763731958507,27.3882294666769,1096397
2021-07-26,27.893770217895508,28.20802718482555,27.237929237191413,27.292580616362024,1491479
2021-07-27,28.146547317504883,28.19436898217945,27.593181952768006,27.702490166034483,1785838
2021-07-28,28.481294631958008,28.69990828983788,27.497531814239892,28.255848533811374,6541304
2021-07-29,28.030405044555664,28.55644598919167,27.88010763180252,28.44030535191665,7182310
2021-07-30,27.64100456237793,28.31734304741993,27.627342392511594,27.839123669807773,2389138
2021-08-02,27.73664665222168,28.576944710599854,27.716152041081386,28.08506318516073,2903380
2021-08-03,27.907438278198242,28.085062762940485,27.319913433258364,27.818627393086118,3286901
2021-08-04,27.593181610107422,27.893776478339294,27.326746236726635,27.634170832314304,2358515
2021-08-05,27.50882339477539,28.07550946549449,27.4458567314386,27.921594043851673,3867806
2021-08-06,28.6002140045166,28.649186830901296,27.599766739919133,27.648739566303828,3546678
2021-08-09,28.48128318786621,28.824093006178437,28.404325484591325,28.53025601905367,1382319
2021-08-10,27.844636917114258,28.6352020030698,27.844636917114258,28.481286578198368,2412158
2021-08-11,28.02653694152832,28.467295250205677,27.655742210640184,27.94258231609872,2804323
2021-08-12,27.872615814208984,28.22941942443903,27.718700422350462,27.984555291874045,1888124
2021-08-13,28.523256301879883,28.523256301879883,27.69771238597941,27.9985462565159,2355598
2021-08-16,28.439302444458008,28.91503962950312,28.264399108483506,28.530251178414552,2651624
2021-08-17,28.2644100189209,28.698168680462803,27.942585310220945,28.39733471526629,2905359
2021-08-18,28.040523529052734,28.642191239626662,28.005541749190314,28.33436047239487,2225918
2021-08-19,28.131473541259766,28.341358670233678,27.718700195574232,27.809651715398452,1869375
2021-08-20,28.131473541259766,28.299379976521788,27.774669933948854,27.90759736762312,1666470
2021-08-23,28.509260177612305,28.544241953015234,28.012535090086622,28.026526132330975,2173213
2021-08-24,28.96401596069336,29.15291036328682,28.551242592267652,28.62120337915923,2018429
2021-08-25,29.075950622558594,29.096941359028275,28.60021341328675,28.901047277677208,1440753
2021-08-26,28.75412940979004,29.292833280142403,28.656183756973583,28.929032758371118,1573454
2021-08-27,29.131919860839844,29.215874465694387,28.558237010654842,28.73314035253883,1542831
2021-08-30,28.887054443359375,29.28583393378575,28.684166242284675,29.229864199724805,1527415
2021-08-31,29.341808319091797,29.796557615665687,28.85907415105129,29.075953430089974,4457982
2021-09-01,29.145917892456055,29.66363108080911,29.054966362434975,29.565685417603458,1954891
2021-09-02,27.620758056640625,29.012990881523194,27.564791091008992,28.887060344093168,3791352
2021-09-03,26.97710609436035,27.886604451697853,26.795205866920583,27.886604451697853,3995403
2021-09-06,27.40388298034668,27.5577984141843,27.040082358573642,27.047079272801525,1230556
2021-09-08,26.04662322998047,27.34790429871558,26.04662322998047,27.34790429871558,2973897
2021-09-09,26.186548233032227,26.333466724000196,25.5498986589756,26.05362356779192,3725314
2021-09-10,25.766780853271484,26.76722820353501,25.72480493559369,26.56433996832217,2171129
2021-09-13,25.990650177001953,26.22152322292546,25.815746859761973,26.151562452001738,2538609
2021-09-14,25.829740524291992,26.200535109800946,25.78076492709666,26.004643840464997,1948954
2021-09-15,25.29804039001465,25.962672056213698,25.298040390014645,25.885714354250176,2494653
2021-09-16,25.54290199279785,25.633850731559637,25.018191957151473,25.130128652561226,1855730
2021-09-17,24.976211547851562,25.598869971507934,24.941232549128998,25.528906414339577,1437837
2021-09-20,24.248613357543945,24.8572779580574,23.940785381302902,24.8572779580574,1878333
2021-09-21,24.185653686523438,24.58443324433592,24.185653686523438,24.318581132414966,1817503
2021-09-22,24.56344223022461,24.85727917735683,24.30458428354427,24.353557108066305,2317163
2021-09-23,25.305034637451172,25.612865446697285,24.696372711720848,24.745345542295265,2881402
2021-09-24,24.59842300415039,25.235072548699183,24.45150451999189,25.011196366191662,2847342
2021-09-27,25.528907775878906,25.773774679304474,24.556445413824253,24.556445413824253,3001604
2021-09-28,25.20709228515625,26.00465428470204,25.20709228515625,25.298043825206296,3123993
2021-09-29,25.48693084716797,25.815749562785737,25.291039556126318,25.354006202453508,2093738
2021-09-30,24.74534034729004,25.619856980996953,24.654388838273153,25.535902383410946,3642506
2021-10-01,25.738800048828125,25.738800048828125,24.87128000727319,24.948237721751553,3098057
2021-10-04,24.969219207763672,25.535905158432602,24.8502828199598,25.535905158432602,3730418
2021-10-05,25.682823181152344,25.906702128418956,24.983209810529484,25.116137240503594,3973738
2021-10-06,25.773778915405273,25.77377891540527,25.116141349865067,25.18610214240159,2650582
2021-10-07,25.39598274230957,25.815750202059448,25.34001300637979,25.780768422137907,3094203
2021-10-08,25.92069435119629,26.690268537898355,25.598872519661313,25.619860476956347,5232418
2021-10-11,25.11614227294922,25.91370145287486,25.0531756114486,25.91370145287486,2565274
2021-10-13,25.123138427734375,25.39598746631862,24.633407317044572,25.388990553060445,3380958
2021-10-14,25.263057708740234,25.388988236586396,24.969220737053185,25.270054621360018,2030720
2021-10-15,26.2705020904541,26.627305718154,25.165112203767833,25.291042732375917,5298352
2021-10-18,26.598434448242188,27.24699856946245,26.241358351688003,26.241358351688003,4394000
2021-10-19,25.45433235168457,26.132045968870102,25.22842688600214,26.059171892910403,3739600
2021-10-20,26.299654006958008,26.41624975675888,25.541780243321366,25.585504691944926,2722400
2021-10-21,25.833267211914062,26.540127625028905,25.44704158881134,25.636511391811517,4331700
2021-10-22,25.301305770874023,25.629229445503583,24.222794260438178,25.614657407403755,3418800
2021-10-25,26.0518856048584,26.19034217795218,25.6437991233048,25.716673198508154,2563900
2021-10-26,25.556358337402344,25.847849139222276,25.286731152629407,25.68752892023508,2188900
2021-10-27,25.549062728881836,26.438104059007458,25.490763478454575,25.869700266647982,5152400
2021-10-28,25.549062728881836,25.855125454041165,25.119115486495208,25.410603399047723,2438800
2021-10-29,25.0681095123291,25.796833593735627,25.0681095123291,25.614652573383996,1758500
2021-11-01,26.20492172241211,26.57657262336981,25.38146537296118,25.57821846186558,2296100
2021-11-03,26.45268440246582,26.940930997364603,26.03731188583797,26.29965300788963,2786000
2021-11-04,25.35959815979004,26.664014967796383,25.301301677235983,26.53284440722246,2234700
2021-11-05,25.64624786376953,26.06398595988962,25.37770031876241,25.870036536066344,2258400
2021-11-08,25.549266815185547,25.95208805522212,25.303097331065374,25.303097331065374,1037400
2021-11-09,25.1613712310791,25.89987701493192,24.989799812646677,25.549272942780558,2081100
2021-11-10,25.996841430664062,26.6010732292882,25.086767384798392,25.183740645386578,3183900
2021-11-11,25.862573623657227,26.601079324526452,25.773058729670012,26.280314538309504,2038800
2021-11-12,26.10874366760254,26.257937057685712,25.549270589011055,25.78797887489324,1016700
2021-11-16,25.556732177734375,26.213181468912705,25.28818745671503,26.10874693646725,1441300
2021-11-17,25.661161422729492,26.06397979940259,25.347855079065212,25.914789283552317,1400600
2021-11-18,25.63132095336914,25.922246429216937,25.33293424471027,25.922246429216937,1259800
2021-11-19,25.474666595458984,25.78797004630882,25.310553637989305,25.60147908395737,1012600
2021-11-22,25.362777709960938,25.981929237605073,25.250881964166183,25.48959023260977,1084000
2021-11-23,25.519426345825195,25.77305420562465,25.109146737639026,25.288179339814327,1266500
2021-11-24,26.034149169921875,26.041607559115675,25.280723808118783,25.36278031738717,1090900
2021-11-25,26.466800689697266,26.735348167861737,25.952086586966463,26.00430383598437,2070700
2021-11-26,25.400075912475586,26.168420836519598,25.109150381643044,26.011766219771463,2133600
2021-11-29,25.325481414794922,25.847656846717666,24.862984475950057,25.810356365730406,2140200
2021-11-30,24.572052001953125,25.37769445068603,24.34080499382278,25.12406658856197,2887500
2021-12-01,24.281126022338867,24.997250731947783,24.251286781365167,24.900277467223226,1732600
2021-12-02,24.997249603271484,25.235960674656145,24.527294384475045,24.780922230046393,1386300
2021-12-03,24.952495574951172,25.705917938895855,24.900278324263258,25.176284198703186,1929900
2021-12-06,25.273265838623047,25.571649786994534,24.71379273409573,25.06439394457291,1937700
2021-12-07,24.706331253051758,25.467215009105054,24.564599092409143,25.3702388751773,1447600
2021-12-08,24.646650314331055,24.930114574799564,24.415400458618265,24.833141307304576,1323900
2021-12-09,23.870847702026367,24.758543826519826,23.729114145407834,24.758543826519826,1828200
2021-12-10,23.736576080322266,24.221453855913815,23.43819074190606,24.07971886379752,3704000
2021-12-13,23.796255111694336,24.39302726058646,23.60230427001542,23.863391996229872,2033000
2021-12-14,23.57992172241211,24.460159441210365,23.520244661280703,23.64705859403661,2420700
2021-12-15,23.85593032836914,24.072260589001154,23.363594161953532,23.647061301897992,2343000
2021-12-16,24.012584686279297,24.251292983867554,23.75149837505069,23.923069786090544,2526200
2021-12-17,23.527706146240234,24.079717933882378,23.49786690214419,23.908146548770524,2384500
2021-12-20,22.751903533935547,23.27407893826603,22.647469022194855,23.162183192471275,1391700
2021-12-21,22.751903533935547,23.02045104734134,22.6847666555841,22.93839454650879,774000
2021-12-22,22.61016845703125,22.75936182625836,22.31924295213315,22.6922249523875,1340200
2021-12-23,22.729522705078125,22.88617588588732,22.490814451286425,22.595250379430365,745900
2021-12-27,22.94585418701172,23.005531253678566,22.69968610915929,22.826500053678025,751800
2021-12-28,22.975688934326172,23.05028561338056,22.72952088941601,23.04282580319379,624800
2021-12-29,22.677305221557617,23.02044940000004,22.543031474463337,22.848876599372122,1016200
2021-12-30,22.483354568481445,22.938393065072614,22.25956593697196,22.938393065072614,1324900
2022-01-03,22.819040298461914,22.93093462088501,22.438598463972586,22.490815719582464,3125700
2022-01-04,23.14726448059082,23.661978639477418,22.87125716205209,22.930934227842425,1852900
2022-01-05,22.96823501586914,23.385974507914415,22.916016334401593,23.109967168554583,1128400
2022-01-06,23.154726028442383,23.468029580231626,22.990613018099154,22.990613018099154,2264100
2022-01-07,23.229324340820312,23.453114450733246,23.12488980988254,23.296461231512815,1432000
2022-01-10,23.69038200378418,23.772613346483578,23.22689016167075,23.3614523553769,2533000
2022-01-11,23.398832321166992,23.697860080284933,23.211940684653293,23.67543257059008,2007500
2022-01-12,22.875537872314453,23.667958056154774,22.696122062343257,23.47359057221845,3328600
2022-01-13,23.705333709716797,24.019313131616737,22.583983927591234,22.860584167898335,2523500
2022-01-14,23.697864532470703,23.93708564401219,23.585728388799122,23.638059254585333,1158400
2022-01-17,23.727760314941406,23.944553856442834,23.226890707634062,23.757663659076737,1586200
2022-01-18,23.593198776245117,23.70533346814094,23.29417245589961,23.533393512176016,2849700
2022-01-19,23.772615432739258,23.97445874101201,23.421259671793,23.421259671793,1667800
2022-01-20,23.309123992919922,23.809993611289006,23.256794565397325,23.585722802930782,2156200
2022-01-21,23.47358512878418,23.9968807633824,23.25679161004386,23.29416936041881,2064600
2022-01-24,23.249319076538086,23.869799231620078,23.032524101139927,23.697859274085666,1500100
2022-01-25,24.594942092895508,24.826685912012202,23.1371866636785,23.1371866636785,5030200
2022-01-26,24.72949981689453,25.14066079873621,24.63978978861874,25.043476360640632,2945600
2022-01-27,25.33502960205078,26.030266712876504,24.991149677827746,25.065905191184044,3711800
2022-01-28,24.669694900512695,25.140662601646024,24.63979155560964,25.08833317393565,2091400
2022-01-31,24.74445152282715,24.774354869073793,24.071643342717984,24.66969600895059,2988500
2022-02-01,24.52018165588379,25.118234310565832,24.325815612514628,24.65474385965475,3353200
2022-02-02,23.839895248413086,24.183775154279555,23.436210079532017,23.772614149287918,7439900
2022-02-03,23.9520320892334,24.116494785164434,23.413783279939175,23.824945723246707,2247600
2022-02-04,24.101545333862305,24.28095969777454,23.675431229025932,23.772614247123382,1818000
2022-02-07,24.288434982299805,24.437945989473995,24.026785016265638,24.1015433715924,1494200
2022-02-08,24.236108779907227,24.303389890688344,23.929606575624454,24.109023821620887,1483400
2022-02-09,23.682907104492188,24.221155900602433,23.49601547825834,24.19125255598744,3119900
2022-02-10,24.131446838378906,24.408048509594735,23.690383894508557,23.817470262499338,2389200
2022-02-11,24.403026580810547,25.154361845679446,24.257359345683632,24.265026196195805,4460400
2022-02-14,24.56402587890625,24.663690542011743,24.196024390373104,24.587024966606865,1779300
2022-02-15,24.610023498535156,25.108358501225574,24.556357012042852,24.679023684682996,2278900
2022-02-16,24.932029724121094,25.047028104843378,24.533362236820203,24.61769613744602,2159100
2022-02-17,24.433692932128906,25.03935947352299,24.42602608194643,24.84002721798722,1138800
2022-02-18,24.587026596069336,24.671360489366325,24.288026737728693,24.602360297087372,1218300
2022-02-21,24.203693389892578,24.510360105653362,24.13469319605862,24.441359911819404,1083700
2022-02-22,24.318695068359375,24.564029921861458,24.165362430010724,24.564029921861458,1251300
2022-02-23,24.17302703857422,24.702028028208513,24.035026653252036,24.05802574260425,3443800
2022-02-24,23.19936180114746,23.621028397129315,22.770028353672906,23.475362605675162,3510900
2022-02-25,23.498355865478516,23.659356782259497,23.023022889329415,23.023022889329415,2464800
2022-03-02,23.628692626953125,23.789693565831584,23.36035870369052,23.46002629973486,1398700
2022-03-03,23.874025344848633,24.06569221874704,23.513692148348426,23.636358830659226,2723400
2022-03-04,23.245359420776367,23.858694325987408,23.18402607648549,23.835693773514976,1625200
2022-03-07,22.685693740844727,23.34502832559527,22.655026335831977,23.176360522629864,2085200
2022-03-08,22.785356521606445,23.092024677289817,22.432690189793565,22.777689671484147,2336600
2022-03-09,24.617692947387695,25.238691726788726,22.846690037553138,22.94635762761421,6195600
2022-03-10,24.541025161743164,24.93969260901734,24.36469345162485,24.41069309175581,1687300
2022-03-11,24.809358596801758,25.116023815201995,24.671358224910193,24.771025810077248,1773200
2022-03-14,25.867359161376953,26.28902564317231,24.824691037560356,24.824691037560356,6184000
2022-03-15,25.52235984802246,25.974693755820965,25.33069298750791,25.48402706084039,4050800
2022-03-16,26.18169593811035,26.220028727667174,25.461026626182804,25.530026817226837,5480900
2022-03-17,26.641695022583008,26.649360410583736,25.944027730342707,26.09736181179643,3546900
2022-03-18,26.81802749633789,27.462028282039153,26.327360788109168,26.327360788109168,6404400
2022-03-21,27.5386962890625,27.546364602145292,26.787362460198363,26.787362460198363,3984700
2022-03-22,27.71503257751465,27.975699656562696,27.43136348367105,27.600031277350535,2662100
2022-03-23,27.730356216430664,27.96035875755335,27.232024201407032,27.630691568188215,1801100
2022-03-24,27.492700576782227,27.899033468507355,27.377699267053895,27.623032664843194,3139300
2022-03-25,28.2900333404541,28.2900333404541,27.324030604166836,27.43903190478351,2651400
2022-03-28,27.8530330657959,28.420365406268633,27.577032284115294,28.35903352400881,2324700
2022-03-29,27.91436195373535,28.481697157955686,27.868360853521516,28.35136216965194,2295900
2022-03-30,28.198030471801758,28.328365471098127,27.784032233377065,28.037030994380792,2459400
2022-03-31,27.791698455810547,28.49703119212023,27.738031961726314,28.282365215783297,3660200
2022-04-01,28.282363891601562,28.642698556100168,28.014031433743735,28.34369869602875,3371500
2022-04-04,27.761024475097656,28.213358335645236,27.69969260693393,28.213358335645236,1134700
2022-04-05,27.132360458374023,27.776361230291815,27.048026571338898,27.776361230291815,2550000
2022-04-06,27.20903205871582,27.255030238992394,26.710696991952943,27.063363355561215,3298200
2022-04-07,27.71503257751465,27.87603205806077,26.72603075483783,26.88703023538395,3496700
2022-04-08,27.42369842529297,28.05236557798826,27.301031735123267,27.830031288116746,2311800
2022-04-11,27.262699127197266,27.59236640762137,27.193698930722345,27.362363802968567,1757000
2022-04-12,26.902360916137695,27.500360590789846,26.848694428648617,27.485026890849504,2613900
2022-04-13,26.887033462524414,27.132366869356638,26.6800328521463,26.940699962481155,2117500
2022-04-14,26.756696701049805,27.094029345433814,26.503695024308502,26.749028388334036,2144900
2022-04-18,27.055692672729492,27.247359518654857,26.772023635045095,26.772023635045095,2214800
2022-04-19,26.933032989501953,27.27036567291153,26.66469758089014,26.98669948630337,2833500
2022-04-20,26.864030838012695,27.232030899883544,26.726030449235562,26.848697136525846,3055700
2022-04-22,26.363941192626953,26.861083429668316,26.363941192626953,26.42608508345105,3811800
2022-04-25,26.123140335083008,26.31733554401396,25.789124338667076,26.31733554401396,3523000
2022-04-26,24.934661865234375,25.486178471330504,24.75600412291854,25.338588226619017,9150400
2022-04-27,24.83368492126465,25.121094507109948,24.569579295869072,25.121094507109948,5707300
2022-04-28,24.686098098754883,24.981274195590863,24.103512410459214,24.942435742341296,5631900
2022-04-29,24.66278648376465,25.57938791927102,24.63171454553454,24.76376731982938,5080700
2022-05-02,24.507434844970703,24.779308434574737,24.22002676461731,24.344311580163403,4178400
2022-05-03,24.701627731323242,24.880286951669238,24.484130065368717,24.507432540097142,2163100
2022-05-04,25.330821990966797,25.330821990966797,24.569575692110675,24.631718095936503,3025100
2022-05-05,24.84145164489746,25.191003625908703,24.476365172634985,25.051182833504207,2462200
2022-05-06,25.61046600341797,25.7813557783269,24.849219631606015,24.888059563714332,2343800
2022-05-09,25.8435001373291,25.94448248104605,25.167701603927117,25.323055408803793,1944300
2022-05-10,25.323057174682617,26.045463677834256,25.284218720755085,25.96778676997919,1543600
2022-05-11,25.54055404663086,25.641533419166674,25.058947807466414,25.245376507011304,3609100
2022-05-12,25.439571380615234,25.618230610301644,25.07448345380444,25.3774274938459,1906800
2022-05-13,25.400733947753906,25.563857212264875,25.043415474105956,25.35412603081489,2301600
2022-05-16,26.053226470947266,26.09983141844514,25.30751767914788,25.408497040848836,1767000
2022-05-17,26.37171173095703,26.41055018270658,25.960015845496827,26.294031864274007,2232800
2022-05-18,25.641529083251953,26.356168853616076,25.50947778925757,26.356168853616076,3646900
2022-05-19,25.416269302368164,25.719213347149925,25.29975099444426,25.571623095355157,2533000
2022-05-20,25.649301528930664,25.82796075147918,25.35412400493667,25.688139975017997,3157900
2022-05-23,26.294034957885742,26.565910078487764,25.742521173875872,25.843503530852868,1849200
2022-05-24,26.666885375976562,26.666885375976562,26.0920662997989,26.177512658991315,2898300
2022-05-25,25.967782974243164,26.480458195426987,25.664838929432314,26.44938625155314,2740700
2022-05-26,25.890108108520508,26.099836338160564,25.866802667195252,25.952249037958776,1277200
2022-05-27,26.154207229614258,26.426082278334565,25.69590941776177,25.921173590127918,1285600
2022-05-30,26.014392852783203,26.286264974232367,25.758053741259232,26.255193028014208,751400
2022-05-31,26.037696838378906,26.37947937701542,25.882340061477198,26.231892068710028,2039400
2022-06-01,25.55609130859375,26.21635384991057,25.49394741788055,26.200817877232268,1754600
2022-06-02,25.268680572509766,25.79689179739403,25.066718851552295,25.57162463553789,2103800
2022-06-03,25.027881622314453,25.21430737949824,24.810382436280047,25.105558527277033,1478700
2022-06-06,24.934661865234375,25.206536916280864,24.81814652608604,25.183231477904382,1188500
2022-06-07,24.717166900634766,25.035646936929933,24.56181161650576,24.779309310604752,1984600
2022-06-08,24.437524795532227,24.787076770178306,24.258865555865068,24.569577599110534,1571300
2022-06-09,24.484132766723633,24.623953556887646,24.25109762258631,24.44529283523813,3227700
2022-06-10,24.157888412475586,24.390922110348292,23.847176321447936,24.359851642041587,3391900
2022-06-13,23.691818237304688,24.126815140914346,23.528694954048078,23.86270950761047,3338700
2022-06-14,23.427705764770508,23.955916877178034,23.350027398547354,23.621900939532594,1617400
2022-06-15,23.621902465820312,23.994756869872862,23.536456109294715,23.645206421670483,2296700
2022-06-17,23.303424835205078,23.645208814300467,22.80628557949676,23.37333522823804,3563900
2022-06-20,23.800561904907227,24.072435465998932,23.41217152665957,23.41217152665957,1076300
2022-06-21,23.84716796875,24.111273524016045,23.49761606278271,23.893774395681774,2425000
2022-06-22,23.427705764770508,23.886006495736357,23.427705764770508,23.699579305755748,1522100
2022-06-23,22.89949607849121,23.63743838118113,22.89949607849121,23.567527995385593,2404700
2022-06-24,22.82958984375,23.233516261437785,22.82958984375,23.054857012626943,1460500
2022-06-27,23.24127769470215,23.303420089009176,22.92279773867968,22.97717214849939,1063800
2022-06-28,23.186906814575195,23.55199325150637,23.031550064362225,23.303423636439035,1193100
2022-06-29,22.76744842529297,23.373338078260375,22.682003531294306,23.22574928812882,1633800
2022-06-30,22.379056930541992,22.6742344971737,22.301378545555124,22.612092085502596,2935500
2022-07-01,22.53441619873047,22.736379429449627,22.146025712330275,22.293614512008144,1805200
2022-07-04,22.21593475341797,22.596557228912896,22.21593475341797,22.464504412386734,850900
2022-07-05,22.316911697387695,22.347983640090863,21.78870052416805,22.21593084678595,4460900
2022-07-06,22.091646194458008,22.581017442738908,21.982895875824198,22.177091074308837,1844300
2022-07-07,22.13825225830078,22.37128589996198,21.998431480667357,22.270305050333263,2908600
2022-07-08,22.153789520263672,22.355752712879983,22.029504706590842,22.177091996832424,1973100
2022-07-11,21.71102523803711,22.107182165690784,21.540132503700665,21.975130844200816,2211200
2022-07-12,21.53236198425293,21.804235544682708,21.392542692961225,21.71878918756691,2016900
2022-07-13,21.198348999023438,21.563435446056904,21.112902635882744,21.51682901234008,5037500
2022-07-14,20.88763427734375,21.159507841159627,20.631296684395462,21.089597453847208,3035300
2022-07-15,21.089597702026367,21.20611452172097,20.70120731531652,20.95754491128135,2567400
2022-07-18,21.314865112304688,21.431381933501598,21.10513394519519,21.206114795141374,1664700
2022-07-19,22.091646194458008,22.091646194458008,21.22165105334645,21.4624526846217,1850700
2022-07-20,21.93628692626953,22.184856514756635,21.788698177508458,22.060571720513085,1946300
2022-07-21,21.982898712158203,22.13048749689481,21.687722624276972,21.804239462082933,1926900
2022-07-22,21.384775161743164,22.0916455449164,21.190579968968283,22.083877559414397,3121100
2022-07-25,21.765398025512695,21.80423647225845,21.477988482182113,21.477988482182113,1770100
2022-07-26,21.726558685302734,21.920753887471808,21.50129302121435,21.749862642936076,1745500
2022-07-27,21.62557601928711,21.88191360539883,21.532361678159354,21.88191360539883,2289900
2022-07-28,22.169322967529297,22.169322967529297,20.94977596467086,21.384774244576104,4817800
2022-07-29,21.975130081176758,22.417894910962193,21.889683716975416,22.16155729995,3330400
2022-08-01,21.48575782775879,22.00620104768811,21.369240998555004,21.975130584643303,3455300
2022-08-02,21.633342742919922,21.874144344535548,21.42361159880715,21.53236042245454,2893700
2022-08-03,21.975130081176758,22.114949384062815,21.578971685686675,21.641114091944424,3183000
2022-08-04,22.278074264526367,22.37128713369465,22.013968665896495,22.177091927736914,1487600
2022-08-05,22.705305099487305,22.798519458353503,22.13048741765633,22.39459303925326,2393900
2022-08-08,22.83735466003418,23.016013884042668,22.666463421624982,22.829586674434886,2230200
2022-08-09,22.992713928222656,23.210211622467785,22.767446765935148,22.88396359950817,2395900
2022-08-10,23.435474395751953,23.645205545860026,23.039316050522803,23.225743245643876,2377500
2022-08-11,23.458782196044922,23.80056470232855,23.381103814947046,23.660743912670753,2214300
2022-08-12,23.691818237304688,23.901549442856357,23.53646145950522,23.70735421140304,1505300
2022-08-15,24.052417755126953,24.052417755126953,24.052417755126953,24.052417755126953,0
2022-08-16,23.62657356262207,23.7685225139401,23.342677164128673,23.55560059110572,1736900
2022-08-17,23.760637283325195,23.87104286347118,23.500398029786993,23.500398029786993,1337400
2022-08-18,24.012989044189453,24.02875997883588,23.658116692150177,23.80795185236038,1669900
2022-08-19,23.666006088256836,23.942017787543097,23.555602010199433,23.886815748514397,1902400
2022-08-22,23.342679977416992,23.53983098819899,23.21650345084794,23.476742724914462,1335500
2022-08-23,23.460966110229492,23.59502883388222,23.26381513451328,23.26381513451328,1381100
2022-08-24,23.56348419189453,23.65023110340453,23.40576431222669,23.50828215880366,1389600
2022-08-25,23.83949851989746,23.973561259843244,23.539829662211876,23.610804142426865,1693300
2022-08-26,23.71331787109375,24.17070805052961,23.63445718412705,23.95778464696227,1366200
2022-08-29,23.658117294311523,23.855268271764118,23.50039591069241,23.64234485512109,1459900
2022-08-30,23.69754981994629,23.91835948350254,23.602918181381302,23.77641052151229,1908400
2022-08-31,23.161298751831055,23.918357824408726,23.1218676517118,23.697548176168905,5027400
2022-09-01,23.232271194458008,23.413651242588852,22.711792717883284,23.208614039068106,2329500
2022-09-02,23.29536247253418,23.721207842895012,23.240158930024556,23.334792070184037,2445000
2022-09-05,23.579254150390625,23.67388727154929,23.36633075589045,23.36633075589045,1187300
2022-09-06,23.437307357788086,23.65023077170308,23.263815041343964,23.476738455258957,1904700
2022-09-08,23.287473678588867,23.650230750134632,23.09032270384202,23.650230750134632,2216700
2022-09-09,23.792179107666016,23.949900485242818,23.45307919877566,23.476737856654943,1667800
2022-09-12,24.044530868530273,24.4230603502233,23.807950318507746,23.807950318507746,1254300
2022-09-13,23.721206665039062,24.083965262804757,23.689663289313987,23.973559687410333,2191700
2022-09-14,23.60291862487793,23.85527167131661,23.555602804706375,23.72909514809727,1448500
2022-09-15,23.45307731628418,23.949898562873337,23.45307731628418,23.610798681201274,1569300
2022-09-16,23.437307357788086,23.563483861409733,23.240156382861443,23.44519357728226,3126600
2022-09-19,24.044530868530273,24.17859358131436,23.098207164297712,23.22438365819539,3617900
2022-09-20,24.667531967163086,24.919884989166977,23.942016276830564,23.942016276830564,2575700
2022-09-21,24.48615074157715,24.809478223523552,24.249570170835785,24.667530783564285,2204700
2022-09-22,24.817365646362305,25.022402852879186,24.233798906649326,24.801594710586127,2352800
2022-09-23,24.47038459777832,24.65176317113614,24.154941769503825,24.46249837665717,2031700
2022-09-26,23.82372283935547,24.352087506806853,23.776407027027116,24.28899925565486,811300
2022-09-27,23.729095458984375,23.934132687937804,23.705436796517233,23.776411279775836,1880600
2022-09-28,23.760637283325195,24.06030763839508,23.61080360993298,23.69754902501723,1154700
2022-09-29,23.768522262573242,23.98144568729849,23.303245817792583,23.658118192334662,2802500
2022-09-30,23.92624855041504,24.044538864764842,23.673895478697332,23.729097525117712,2122400
2022-10-03,25.211669921875,25.408822430579622,24.210143961849447,24.659648011587564,2995600
2022-10-04,25.369386672973633,25.64539985005955,25.19589585613543,25.511335619295483,1783400
2022-10-05,25.39304542541504,25.51133420192114,25.1249199870688,25.1249199870688,1540400
2022-10-06,25.109148025512695,25.645398912391688,25.109148025512695,25.471905093611685,1583900
2022-10-07,24.864683151245117,25.17223821123897,24.635987283147262,25.00663059914351,1313500
2022-10-10,24.62809944152832,25.061832489111122,24.525581596328063,25.061832489111122,1569800
2022-10-11,24.044530868530273,24.69118577579147,23.92624059351901,24.549236844120973,1975600
2022-10-13,23.768522262573242,24.076078821890594,23.579257497531685,23.918357432284637,2237400
2022-10-14,23.729095458984375,24.296889820910376,23.666007196548154,23.934132687937804,2662800
2022-10-17,23.9420166015625,24.21014206711396,23.792181428661937,23.949902821624917,1584800
2022-10-18,24.32054901123047,24.438839317847904,24.028764851040794,24.202258704613033,2325900
2022-10-19,24.281116485595703,24.470381254214068,24.123395093009066,24.312659861627427,1747300
2022-10-20,24.699079513549805,24.714851956124058,24.391524404066374,24.58078920252871,2149000
2022-10-21,25.132808685302734,25.274756133596544,24.620214911694838,24.620214911694838,2216100
2022-10-24,24.17850112915039,24.906576338882687,23.970479422650193,24.738559687115295,1986900
2022-10-25,24.042490005493164,24.362524379279936,23.91447686639325,24.15450264673333,2120800
2022-10-26,22.778356552124023,23.026383316534886,21.93827023044981,22.642342416363388,12203200
2022-10-27,23.186399459838867,23.530435312190328,22.746354524899974,22.762356547343497,3985700
2022-10-28,23.202402114868164,23.202402114868164,22.402319283320985,22.72235211073248,3261800
2022-10-31,23.826465606689453,24.050487807193424,22.85836465467643,23.154395953103972,3284400
2022-11-01,23.650447845458984,24.00248471523949,23.370418551907147,23.842467540056475,3991300
2022-11-03,23.410425186157227,23.506434276906795,22.906372118592557,23.25040800019197,2693700
2022-11-04,23.80246353149414,23.970480188630532,23.586440807144342,23.666449393129845,2387000
2022-11-07,24.43453025817871,24.618548942057775,23.658448939671274,23.66644995106213,5763900
2022-11-08,24.746559143066406,25.482635317492566,24.67455157510888,24.89857528942526,2259200
2022-11-09,23.4664306640625,24.714559521844162,23.314414490513375,24.538541838707317,3180600
2022-11-10,22.40231704711914,23.226402830725682,22.362313519949698,23.210400809443207,3535200
2022-11-11,23.02638053894043,23.306408261695157,22.274302377453047,22.54633061616047,2443800
2022-11-14,23.186399459838867,23.346416632200384,22.714350480012932,23.20240148228239,1908300
2022-11-16,22.40231704711914,23.178396766878258,22.24229988636788,23.026382142804973,1769900
2022-11-17,22.306306838989258,22.594337123008266,22.058281608882204,22.234300794021273,1946900
2022-11-18,22.370315551757812,22.866367585740466,22.17029484106168,22.530332730729487,1424700
2022-11-21,22.274303436279297,22.618339256059553,22.09028477371111,22.50632663559642,915700
2022-11-22,22.250301361083984,22.642341734460953,22.19429581146396,22.402317514364615,998900
2022-11-23,22.426321029663086,22.47432556950861,22.13028972753592,22.202297300322616,808300
2022-11-24,22.850366592407227,23.202403486387603,22.394319595633803,22.49033021255099,568900
2022-11-25,22.242300033569336,22.826361605951092,22.202296506135145,22.754354035740146,1418300
2022-11-28,21.954273223876953,22.378316145981234,21.92226917826469,22.170294427612184,976400
2022-11-29,22.08228874206543,22.554337783631954,21.698249309412443,21.978277108615423,1748200
2022-11-30,21.986276626586914,22.258304921070312,21.81025894675993,22.050283194345543,1071500
2022-12-01,22.17829132080078,22.226297380305088,21.778249981151177,22.122285777415694,1310000
2022-12-02,22.274303436279297,22.762354392343074,21.954270647891864,22.314306962563958,1316200
2022-12-05,21.794252395629883,22.31430584138402,21.74624786129293,22.210295762647846,1223900
2022-12-06,22.138290405273438,22.146291416133387,21.810256590199344,21.9222676901651,573900
2022-12-07,22.282302856445312,22.522327049096074,22.12228571065374,22.12228571065374,1102000
2022-12-08,21.754249572753906,22.242298993994638,21.738247552113442,22.154290932545443,958500
2022-12-09,21.730249404907227,21.930270111157135,21.714247382158383,21.786254958491302,958000
2022-12-12,21.45821762084961,21.76224989931923,21.122182828141234,21.64223627432317,2681300
2022-12-13,20.834156036376953,21.634238805343134,20.746146443458905,21.562231234053236,1946200
2022-12-14,20.754148483276367,20.810154035714906,20.458117172625286,20.626135355977752,3023800
2022-12-15,20.690139770507812,21.010172555512014,20.418111521745068,20.61013119274759,1447700
2022-12-16,20.754148483276367,20.89816363299652,20.514122725063825,20.546126769906902,1945500
2022-12-19,21.314205169677734,21.44221829479004,20.954168827563183,21.002173367971093,1124900
2022-12-20,21.93827247619629,22.146294206656258,21.37021284185619,21.37021284185619,1345500
2022-12-21,22.01027488708496,22.098284470925066,21.69024211771634,21.84225672939355,1299600
2022-12-22,22.114290237426758,22.226302877939656,21.874265984682086,22.026282158640104,788800
2022-12-23,22.562334060668945,22.77035423183698,22.298306815377654,22.458322449048197,713300
2022-12-26,22.306306838989258,22.62634116613783,22.13829019066935,22.61033914457305,315800
2022-12-27,22.378314971923828,22.450322544736725,22.03428065586276,22.322309421077534,811900
2022-12-28,22.722349166870117,22.81835976567307,22.290305287348573,22.3383098237317,666800
2022-12-29,22.562334060668945,22.89836887522484,22.442320427870122,22.754353736695638,740800
2023-01-02,22.10628890991211,22.49032984527229,22.02628184416416,22.4823288334901,696900
2023-01-03,22.01027488708496,22.33030765645358,21.890262789326307,22.130286984843618,888200
2023-01-04,22.458324432373047,22.730352712276563,21.97827443689409,22.002277470780943,1466300
2023-01-05,22.818361282348633,22.930372383366574,22.346312319434734,22.60233856521106,3032400
2023-01-06,23.410425186157227,23.47443175533593,22.770357968333183,22.874369597021694,1853800
2023-01-09,23.38642120361328,23.522435348365896,23.074389382254836,23.402423226769333,1619300
2023-01-10,24.258508682250977,24.26650969285771,22.99437800108471,23.12239111871901,1906000
2023-01-11,25.098596572875977,25.194605648425156,24.194502209573553,24.434527950519982,2125900
2023-01-12,24.386524200439453,24.786565613934997,24.138498951362543,24.634550975553246,2664200
2023-01-13,23.92247200012207,24.27450880916299,23.78645788249512,24.138494691536042,1153700
2023-01-16,23.02638053894043,23.770456164307234,22.962373984305543,23.682448105457166,1428000
2023-01-17,23.114391326904297,23.35441707965241,22.754354986837352,22.842363056078526,1255600
2023-01-18,23.770462036132812,23.84246961863909,23.162400379915148,23.29841453286734,1545000
2023-01-19,23.498432159423828,23.61044326143306,23.202400856352103,23.4424250823824,1212300
2023-01-20,23.34641456604004,23.938475609721216,23.258404976426377,23.642444324862268,1238300
2023-01-23,22.490327835083008,22.92237175044623,22.458323790814788,22.73835307401443,3360000
2023-01-24,22.922372817993164,22.994380394913392,22.482327871068993,22.482327871068993,1185900
2023-01-25,23.114391326904297,23.17839788909643,22.826362560058104,23.066386786769403,965700
2023-01-26,23.226404190063477,23.322413271303823,23.090390053275627,23.194400145625476,751900
2023-01-27,23.297636032104492,23.435828632384077,22.923704025747107,23.256991788101654,1018600
2023-01-30,23.200088500976562,23.411440423757824,23.15131354912383,23.322022779651437,753500
2023-01-31,23.49273109436035,23.866664649607443,23.143185015698457,23.143185015698457,2109200
2023-02-01,22.46035385131836,23.590282260026985,22.37093619414593,23.443960484044666,2636100
2023-02-02,22.33841896057129,23.183832954655255,21.6393282890558,21.948228601984226,5995900
2023-02-03,22.029516220092773,22.297772255870647,21.956355342109855,22.029516220092773,2207300
2023-02-06,22.387191772460938,22.574157774220215,21.98887074196021,22.02951653613299,1291400
2023-02-07,22.614803314208984,22.88305936921192,22.38719305570868,22.76112508066124,1196700
2023-02-08,23.37892723083496,23.476474041474223,22.452224777368976,22.606674152627573,1719800
2023-02-09,23.346410751342773,23.858536937333444,23.28137902698444,23.508990837477914,939200
2023-02-10,23.50086212158203,23.54963552815148,23.013123404451637,23.013123404451637,983200
2023-02-13,23.4033145904541,23.63905400703973,23.175702782648507,23.33015370760511,1070500
2023-02-14,23.322023391723633,23.47647275854195,22.834284713745262,23.435828514743132,3003200
2023-02-15,23.647184371948242,23.72847441820042,23.013123871755646,23.208219052473673,2564900
2023-02-16,24.19182586669922,24.19182586669922,23.52525027276888,23.956084885662122,1724100
2023-02-17,24.224336624145508,24.476335879608904,23.793502088280597,24.021112318404427,1666100
2023-02-22,23.92357063293457,24.061763252392588,23.200092446025465,23.468348524917054,1104900
2023-02-23,24.208080291748047,24.54949719352883,23.72034163913572,23.980468507068046,1406400
2023-02-24,23.68782615661621,24.134920589271992,23.41957011721415,24.134920589271992,1419300
2023-02-27,23.33015251159668,23.931696311589427,23.24886247365636,23.622794477511913,1393800
2023-02-28,23.07002830505371,23.484606179042977,22.93996484072125,23.330156784197428,1761900
2023-03-01,22.574155807495117,23.013119492967835,22.322156557014285,22.834282665623896,1856700
2023-03-02,22.192096710205078,22.8017697137874,22.062033260145807,22.59854537925996,1257800
2023-03-03,21.85068130493164,22.11080977384738,21.79377873533339,22.037648884227128,764700
2023-03-06,21.948226928710938,22.183967888100867,21.704358360805564,21.980743564686875,1586300
2023-03-07,22.224611282348633,22.248998758397597,21.712485138669727,21.834420968436074,1198400
2023-03-08,22.297775268554688,22.72860988546645,22.281516948922132,22.30590442837096,2206000
2023-03-09,22.297775268554688,22.43596788447399,22.045777516164907,22.281516948922132,1240700
2023-03-10,21.68810272216797,22.159583148716024,21.574297583149768,22.053905619217353,1322700
2023-03-13,21.411712646484375,21.598678632766017,21.184100869394733,21.5417760761132,2297000
2023-03-14,21.48487663269043,21.704359283422235,21.28978145997725,21.48487663269043,1634200
2023-03-15,21.444232940673828,21.574297952393344,21.05404255695156,21.216622658741883,3375000
2023-03-16,21.696231842041016,22.078293058380336,21.19223477643201,21.47674917393006,2279600
2023-03-17,20.83455467224121,21.647451876862814,20.78578127409786,21.623065953030327,7974500
2023-03-20,20.818302154541016,21.17597588121435,20.70449546834615,20.972751538590494,2586000
2023-03-21,21.102811813354492,21.533647912956614,20.85081410061438,20.85081410061438,1336400
2023-03-22,21.07029914855957,21.476747819210427,20.99713826380413,21.078428308030023,1098000
2023-03-23,20.745141983032227,21.338556711856576,20.541917633395496,21.13533236221985,1862900
2023-03-24,21.013395309448242,21.135329593159224,20.647590907836765,20.82642930439284,1166700
2023-03-27,21.159717559814453,21.49300533322808,21.02965411411541,21.13533008231642,1372200
2023-03-28,21.11907196044922,21.484876373929872,21.07842771471963,21.224749480111893,1362400
2023-03-29,21.11907196044922,21.241006248116573,20.80204250241838,21.200362002386985,1513200
2023-03-30,21.712488174438477,21.769392293175542,21.08655837311773,21.37920037422915,1197700
2023-03-31,21.785648345947266,21.99700184287023,21.55803808039842,21.73687493911232,1338100
2023-04-03,21.37919807434082,21.826292513448955,21.306037194313646,21.826292513448955,2171400
2023-04-04,21.59868049621582,21.71248561934011,21.436101970392336,21.436101970392336,1551600
2023-04-05,21.24100685119629,21.826293929382942,21.24100685119629,21.77752052302693,1407900
2023-04-06,21.09468650817871,21.427974292197252,21.086557348754035,21.297910842359705,1821800
2023-04-10,21.24100685119629,21.37919946127051,21.062169994238495,21.16784751690159,1551500
2023-04-11,22.110811233520508,22.135197164684634,21.354816357855807,21.379202289019933,2356200
2023-04-12,22.0864200592041,22.476610397381798,21.988871699420386,22.167710100610766,2539400
2023-04-13,22.33841896057129,22.525384980251093,22.029518647642863,22.33028980095756,2484000
2023-04-14,22.590415954589844,22.777381955212782,22.04577471981283,22.362804160041158,2068000
2023-04-17,22.4034481048584,22.590415653467627,22.045774425950487,22.590415653467627,1062400
2023-04-18,22.070159912109375,22.761122881095464,21.907581393245763,22.525381935597316,1333000
2023-04-19,22.021387100219727,22.14332138024685,21.834421100812907,21.86693618526351,752200
2023-04-20,21.91571044921875,22.053903052146133,21.720615283405714,22.0295171254686,1999500
2023-04-24,21.712488174438477,22.03764836530692,21.60681219774132,21.915712518491905,2424700
2023-04-25,21.92151641845703,22.31768960631619,21.484077518768167,21.59137340711278,3255100
2023-04-26,21.616134643554688,22.04531976959574,21.591373327452953,21.82247422166433,1743200
2023-04-27,21.93802833557129,22.020564498421095,21.649152552720157,21.649152552720157,964800
2023-04-28,22.17738151550293,22.17738151550293,21.649151054371107,21.954534363505736,1611600
2023-05-02,21.8802490234375,22.08658860128103,21.533598469690524,21.954531397400853,2217600
2023-05-03,21.91326332092285,22.02881455913476,21.6408951313991,21.814221201593906,1338000
2023-05-04,22.29292869567871,22.573550653987947,21.913263045041358,21.913263045041358,1662400
2023-05-05,23.209077835083008,23.32462750201905,22.29292954938682,22.5322826557895,1967900
2023-05-08,23.53921890258789,23.638261016205504,23.143047299625408,23.2751045006129,2432100
2023-05-09,23.90237808227539,23.984914235653335,23.209078486940744,23.448431600065977,2434100
2023-05-10,24.21601104736328,24.33156069796721,23.62175367736976,23.630005874487825,1284200
2023-05-11,24.78551483154297,24.826782124363284,23.877620221279265,23.877620221279265,2465700
2023-05-12,24.96708869934082,24.991850015192703,24.397591028715727,24.628691920595223,1562900
2023-05-15,24.70297622680664,25.247712624203132,24.595678757298938,25.082640320766433,1485800
2023-05-16,24.587425231933594,25.090892739175043,24.554410143329658,24.603931201989493,1154600
2023-05-17,24.78551483154297,24.868049417183595,24.471877738821863,24.595681191529117,1072800
2023-05-18,24.843286514282227,25.05787987302075,24.50488971856851,24.7524965925189,1294600
2023-05-19,24.744243621826172,24.942329442253353,24.61218640820805,24.843287319162844,1336500
2023-05-22,24.57917022705078,25.01660910939133,24.521393824891582,24.760748482527426,579700
2023-05-23,24.438861846923828,24.818525941601642,24.381087012885565,24.579172832836534,881600
2023-05-24,24.331562042236328,24.447113273470144,24.100462728260712,24.240773700708484,667700
2023-05-25,24.083955764770508,24.727734239777202,23.861108643000787,24.579171066176766,2612400
2023-05-26,24.116966247558594,24.405841934926602,23.753809769849063,24.21600992509037,2018400
2023-05-29,24.191253662109375,24.348072195001706,23.828097108590324,24.116971282015438,558000
2023-05-30,23.828094482421875,24.405844339842666,23.72905079513048,24.35632328331997,2118300
2023-05-31,23.605249404907227,23.95189997898981,23.56398054236993,23.78682767733291,3191500
2023-06-01,24.034435272216797,24.20775976595042,23.522712414736706,23.547473731375543,1525800
2023-06-02,24.587425231933594,24.68646734925326,24.19950581206771,24.240774672822628,1130200
2023-06-05,24.636947631835938,24.64520140443626,24.224268447296797,24.52139638967759,708100
2023-06-06,25.082639694213867,25.090893466604143,24.570918399985736,24.570918399985736,1445100
2023-06-07,25.181686401367188,25.544844558756655,25.016614082304798,25.17343262798944,1454900
2023-06-09,25.43754768371582,25.75943698186751,25.305490455025573,25.46230900443762,1761200
2023-06-12,24.612186431884766,25.54484227498688,24.603932659244922,25.47055989547446,2893500
2023-06-13,25.00836181640625,25.16518037154375,24.381090744349034,24.381090744349034,3333300
2023-06-14,24.95058250427246,24.95058250427246,24.33156374272537,24.86804635455029,5189400
2023-06-15,25.396276473999023,25.577854741887247,24.71122911545995,24.752496402719878,1783400
2023-06-16,25.198192596435547,25.454053260435636,25.041374059163005,25.24771365979932,2482800
2023-06-19,25.56134605407715,25.577853597941274,25.057878560189522,25.132160933332063,641000
2023-06-20,25.536590576171875,25.627378934090732,25.198193741687952,25.454054417316854,1161300
2023-06-21,25.833717346191406,25.957522365856224,25.396278400762608,25.53658939203601,1309000
2023-06-22,25.34675407409668,25.775940792243397,25.297233014078557,25.751181049357392,642100
2023-06-23,25.34675407409668,25.445797768379045,25.066133684496567,25.066133684496567,763200
2023-06-26,25.412784576416016,25.569601530842778,25.016611368492576,25.338502198320754,1321100
2023-06-27,25.2312068939209,25.643886107950998,25.08264212499066,25.586111269866187,1152800
2023-06-28,24.884553909301758,25.41278432318735,24.884553909301758,25.41278432318735,1007800
2023-06-29,25.272472381591797,25.371514498141728,24.975342883449898,25.0908925441735,927400
2023-06-30,25.280725479125977,25.66864490978235,25.280725479125977,25.396276718207886,1374400
2023-07-03,25.92450523376465,26.37019949128881,25.305486481145156,25.305486481145156,3713600
2023-07-04,25.396276473999023,25.990533911470934,25.371515157095406,25.907997762704976,1285500
2023-07-05,25.033119201660156,25.355008460948063,24.925823306646237,25.338502490039414,2019400
2023-07-06,24.50489044189453,25.066134385277852,24.50489044189453,24.95883691561837,1358800
2023-07-07,24.612186431884766,25.00835807312024,24.504890536059136,24.80201847986266,1257200
2023-07-10,24.537900924682617,24.760748034814984,24.381083987252552,24.653452152665675,1018900
2023-07-11,24.348072052001953,24.471875493349337,23.993167699025587,24.471875493349337,1178600
2023-07-12,24.050941467285156,24.653454250495376,24.050941467285156,24.348070972745205,1305400
2023-07-13,24.356325149536133,24.6039320253676,24.083956956423062,24.224267939193197,966700
2023-07-14,24.191253662109375,24.57917310798797,24.191253662109375,24.513144500598493,1092500
2023-07-17,24.711231231689453,24.8845557421197,24.183000778898194,24.183000778898194,1074900
2023-07-18,24.57917022705078,24.868044366616807,24.430605484276256,24.645198826701016,1182600
2023-07-19,24.348072052001953,24.686468859666356,24.348072052001953,24.686468859666356,855000
2023-07-20,24.480125427246094,24.74423981383672,24.356322005312478,24.471871655884396,1284000
2023-07-21,25.1104793548584,25.1439480073551,24.424355221208536,24.508029246374218,1334700
2023-07-24,24.91802978515625,25.26945940804251,24.792517951593883,25.018437336867034,2103800
2023-07-25,24.641908645629883,25.252726355820794,24.466193021796556,25.227623667859064,2308200
2023-07-26,24.5582332611084,24.759049965882742,24.173333379995597,24.349048994141462,1943500
2023-07-27,23.763334274291992,24.825990816957955,23.763334274291992,24.616806533564628,1824300
2023-07-28,24.089664459228516,24.27374606643375,23.70476452204544,23.855377471554057,2340300
2023-07-31,23.8972110748291,24.265375844858287,23.863742420798825,24.123130474343558,1259400
2023-08-01,23.95578384399414,24.047825440974016,23.688028211997544,23.897212498988566,1369400
2023-08-02,23.855377197265625,23.972519891781182,23.688029122858097,23.863744760580953,1013700
2023-08-03,23.79680633544922,24.13986845862836,23.71313229653855,23.922316595840446,1457300
2023-08-04,23.278026580810547,23.721497831957876,23.261291455269273,23.662926488512824,1971400
2023-08-07,23.29475975036621,23.47047376594723,23.20271816356704,23.303127312434253,755300
2023-08-08,23.001901626586914,23.169249677248192,22.926595163384267,23.10231077617354,1279100
2023-08-09,22.70904541015625,23.02700641626549,22.48312759586219,23.01027129048091,1822700
2023-08-10,22.642105102539062,22.993534742531878,22.60026888661465,22.717411567962476,1123300
2023-08-11,22.759252548217773,22.9433341582408,22.52496555695701,22.63374069107299,1618600
2023-08-14,22.65884017944336,22.81782067232924,22.558431027107716,22.759249331779007,1004400
2023-08-15,22.499862670898438,22.801088571910096,22.47476157644716,22.792721008443156,1570200
2023-08-16,22.2572078704834,22.608637527236535,22.232105182161956,22.499860807126364,1611900
2023-08-17,22.014551162719727,22.39108347059063,21.989450072827836,22.340879694857595,1868900
2023-08-18,22.12333106994629,22.299045108385503,22.073125691006954,22.190269979249248,1209100
2023-08-21,22.022920608520508,22.19026866987802,21.930879015178938,22.19026866987802,1290400
2023-08-22,22.299041748046875,22.3492455234713,22.073122364713093,22.09822505039993,1048100
2023-08-23,22.550064086914062,22.608635424935,22.240470676868643,22.34087982486829,1322500
2023-08-24,22.407817840576172,22.617002094366637,22.282306011542534,22.617002094366637,1096000
2023-08-25,22.382715225219727,22.516593020386228,22.14842828570375,22.516593020386228,1861600
2023-08-28,22.734153747558594,22.8010926713797,22.257213715839505,22.508234281181185,1343500
2023-08-29,23.353330612182617,23.529046220126038,22.77598160886744,22.859655631890536,2681100
2023-08-30,23.03537368774414,23.545782250121256,22.993535873811975,23.503946032138504,1021300
2023-08-31,22.683940887451172,23.11904292041354,22.57516418224868,23.035370496041406,3392900
2023-09-01,22.876392364501953,23.00190260988867,22.75088211911524,22.968433955895247,1618900
2023-09-04,22.767616271972656,23.05210702048395,22.767616271972656,22.8345567736924,896600
2023-09-05,22.50822639465332,22.884758706684682,22.45802261836556,22.717410657793128,1353500
2023-09-06,22.34088134765625,22.65047318285465,22.29067597225972,22.49149268599772,1896800
2023-09-08,22.173534393310547,22.365983554073676,22.098227922412025,22.29904464615826,1698900
2023-09-11,22.566801071166992,22.58353619772154,22.232106519823578,22.282310303537713,1245500
2023-09-12,22.70067596435547,22.70067596435547,22.324145241130438,22.617003534271664,2363100
2023-09-13,22.633737564086914,22.859656960595938,22.533330007382464,22.70067646720633,2647900
2023-09-14,22.591903686523438,22.801087979917174,22.550067466224494,22.675577723070834,2228600
2023-09-15,22.048025131225586,22.66721045625458,22.048025131225586,22.65884289289546,2921300
2023-09-18,22.173534393310547,22.24884086420907,21.905778761648897,21.997820358513636,2309500
2023-09-19,21.981082916259766,22.38271632142955,21.981082916259766,22.257206081807656,2035400
2023-09-20,22.223735809326172,22.55006434712872,21.989450454538918,22.03965423114343,1600700
2023-09-21,21.830469131469727,22.215367397293946,21.830469131469727,22.089857162609928,2581100
2023-09-22,21.822101593017578,22.131694995121606,21.822101593017578,21.922510738441627,2384400
2023-09-25,21.797000885009766,22.064758098447335,21.797000885009766,21.822103572630297,1430500
2023-09-26,21.63802146911621,21.863939268521534,21.63802146911621,21.771899274670968,1683900
2023-09-27,21.395368576049805,21.805369586232658,21.38700101307267,21.654756644543152,1328100
2023-09-28,21.763532638549805,21.822103981479042,21.403735422328026,21.42883811041887,1194300
2023-09-29,21.797000885009766,22.05639053590716,21.7718997933386,21.92251272716306,864300
2023-10-02,21.68822479248047,21.939245273645223,21.65475454381888,21.78863394251595,1906300
2023-10-03,21.5041446685791,21.704961386296606,21.42047063720946,21.62965491765887,2138200
2023-10-04,21.80536651611328,21.88904053815416,21.453936900300977,21.554346045939877,2677400
2023-10-05,22.324148178100586,22.516597346130883,21.788636894555587,21.788636894555587,3366700
2023-10-06,22.75088119506836,22.893126559649048,22.181899736745613,22.20700242318313,3033400
2023-10-09,22.95170021057129,22.95170021057129,22.524964073845474,22.675577015742757,2521200
2023-10-10,23.227825164794922,23.336600299988007,22.876395472398652,23.010273298459175,2482500
2023-10-11,23.411903381347656,23.411903381347656,22.89312727958562,22.9265959332722,1950300
2023-10-13,22.99353790283203,23.51231566972353,22.934966554107895,23.51231566972353,1531400
2023-10-16,22.926597595214844,23.177619697832746,22.926597595214844,23.085578100611237,1234500
2023-10-17,22.399450302124023,22.81781881013852,22.24883738388693,22.809451248464324,2141600
2023-10-18,22.181900024414062,22.466390757264886,22.140062213142286,22.290675141822053,1927500
2023-10-19,22.432924270629883,22.717415051194642,22.173536181038337,22.19027130835381,2552500
2023-10-20,22.26587677001953,22.614180809160178,22.172430846651444,22.41029496467324,1824300
2023-10-23,22.75860023498535,22.945493712159674,22.09597525537625,22.180927425120164,3428700
2023-10-24,23.336271286010742,23.54015551998927,22.818066132271596,22.928502818053687,5642800
2023-10-25,22.928503036499023,24.160305451390478,22.928503036499023,23.47219433228831,5206000
2023-10-26,23.582632064819336,23.63360271747563,22.605686183879968,22.92850247780692,3317500
2023-10-27,22.98796844482422,23.659088787615858,22.928502413504013,23.650593408808998,2649000
2023-10-30,22.690637588500977,23.16636909901968,22.690637588500977,23.038941652402414,1525300
2023-10-31,22.869035720825195,22.903015614742134,22.6651514963402,22.81806506978589,1716100
2023-11-01,23.106903076171875,23.31078731492112,22.86903732080047,22.928503354561347,2652900
2023-11-03,23.582632064819336,23.752534780449583,23.463700001845382,23.59962282248071,5541900
2023-11-06,23.582632064819336,23.744041021946728,23.43821386535332,23.65908885396769,1824600
2023-11-07,24.160306930541992,24.202782208003015,23.54015718544644,23.599624842351034,2709000
2023-11-08,24.780452728271484,24.797443485791547,24.236761450252104,24.296227481244497,1854200
2023-11-09,24.814434051513672,25.103270464671304,24.653026706764575,24.97584301659068,1610100
2023-11-10,25.375118255615234,25.553516362489923,24.703997864241817,25.07778645716281,2451800
2023-11-13,25.545021057128906,25.545021057128906,25.094777288761936,25.298661534493235,1253600
2023-11-14,26.16516876220703,26.16516876220703,25.273174998622125,25.68943886298361,2109900
2023-11-16,27.167600631713867,27.21857290720661,25.986770461706488,26.28410225410251,2510400
2023-11-17,26.34356689453125,27.133619299255663,26.267110105665804,27.057162510390217,3210000
2023-11-20,26.30958366394043,26.30958366394043,25.9018152301299,26.258613014796044,2157700
2023-11-21,26.080217361450195,26.47099507516274,26.037740466267607,26.21614018537872,1872100
2023-11-22,26.34356689453125,26.589926398398273,26.139682664332664,26.25861472686655,1693400
2023-11-23,26.2925968170166,26.57293784221099,26.173663131554108,26.34356747059889,707100
2023-11-24,26.080217361450195,26.250120081196915,25.944294537521667,26.250120081196915,897100
2023-11-27,25.995267868041992,26.284104303712418,25.799878991067306,26.114199946143447,1420200
2023-11-28,25.952789306640625,26.25012110318314,25.782886580279143,25.910314030132238,1931800
2023-11-29,26.080217361450195,26.250120081196915,25.842351609411335,25.95278829623031,1349400
2023-11-30,26.335071563720703,26.538955794290814,26.029244407701622,26.08021668059002,2567800
2023-12-01,26.335071563720703,26.335071563720703,26.335071563720703,26.335071563720703,0
2023-12-04,26.301090240478516,26.46249919848119,25.935798670745072,25.995264702554522,1727300
2023-12-05,26.403034210205078,26.71735675975672,26.275606762673082,26.31808203840778,1215100
2023-12-06,25.995267868041992,26.504979320420862,25.995267868041992,26.437017901458884,1393100
2023-12-07,26.088708877563477,26.23312706811428,25.935796929034154,26.04623360635995,1234300
2023-12-08,26.42002296447754,26.521964266638978,25.96128224376771,26.037739030552682,846800
2023-12-11,26.34356689453125,26.47099433586439,26.216139453198114,26.4200236833967,763900
2023-12-12,26.13968276977539,26.479489821477088,25.98676919142767,26.479489821477088,632800
2023-12-13,26.972209930419922,27.031675960777847,26.063225477056644,26.13968226475335,1659500
2023-12-14,27.014684677124023,27.54988218057395,26.878761861717514,27.014684677124023,1966000
2023-12-15,26.683372497558594,27.210072991921464,26.683372497558594,27.099636314176905,2663500
2023-12-18,26.87026596069336,27.10813169319309,26.598420335166665,26.836286067666393,1656200
2023-12-19,27.116628646850586,27.592358519159447,26.887258279364445,26.887258279364445,2285800
2023-12-20,26.59842300415039,27.312020273254554,26.547452349331486,27.184591205715442,3499700
2023-12-21,26.65788459777832,27.006188605286503,26.55594330512079,26.751332132987415,2041100
2023-12-22,26.793811798095703,27.150607979693955,26.64089822293771,26.666382738578843,1518700
2023-12-26,26.92973518371582,27.074153383262352,26.79381236300471,26.8023061215123,768800
2023-12-27,27.25255012512207,27.345994421134225,26.810798575510667,26.92973224590408,1021000
2023-12-28,27.43944549560547,27.43944549560547,27.142115332105913,27.37997946290556,1103000
2024-01-02,27.22706413269043,27.43094997503431,26.98070463871053,27.43094997503431,1714900
2024-01-03,27.193086624145508,27.473429293578267,27.142117586543918,27.142117586543918,833600
2024-01-04,26.9382266998291,27.261044587391826,26.555944406024025,27.184587804565272,1391800
2024-01-05,27.295026779174805,27.396968078595346,26.793810799428545,26.844781449138818,990000
2024-01-08,27.116628646850586,27.413960424666563,27.02318110002412,27.227065331013634,1248400
2024-01-09,26.326576232910156,27.06565798786131,26.318080854079934,26.963715062226456,1912100
2024-01-10,26.00375747680664,26.46249654790769,25.757396375040614,26.326573740149772,3307200
2024-01-11,25.918807983398438,26.156673731610223,25.655457718815004,26.00376015206892,1794200
2024-01-12,25.765893936157227,26.2925960760913,25.621475738137224,25.99526430130567,1980100
2024-01-15,25.73191261291504,25.901815317411423,25.409094719814778,25.78288326223118,1334400
2024-01-16,25.28167152404785,25.663953888488276,25.103271791046588,25.528031053976836,3352400
2024-01-17,25.545021057128906,25.60448709292621,25.21370936035654,25.32414605250468,2179200
2024-01-18,25.40909194946289,25.655453031564342,25.332635173660893,25.570500878414617,1827100
2024-01-19,25.663951873779297,25.77439018085505,25.34963095126987,25.587496703155605,1725300
2024-01-22,25.752506256103516,25.829996376611508,25.425327024579627,25.61474640680641,2226400
2024-01-23,25.59752655029297,25.95053637677607,25.40810716410571,25.829996916677544,1661700
2024-01-24,25.399499893188477,25.7955591032539,25.27035022217702,25.623360089314346,1361000
2024-01-25,25.123979568481445,25.571699950243683,25.055099636073958,25.571699950243683,1635700
2024-01-26,25.29618263244629,25.545873453831764,24.986223708050996,24.986223708050996,1888500
2024-01-29,24.891510009765625,25.399500144024287,24.857070863528474,25.399500144024287,1394700
2024-01-30,25.14120101928711,25.296179642050213,24.8656796358448,25.003441148679553,2629500
2024-01-31,24.66765022277832,24.839850883517187,24.211321263606575,24.684870617297648,8242000
2024-02-01,25.080930709838867,25.227300783887422,24.374910932273107,24.72792082105599,5124600
2024-02-02,24.805408477783203,25.399498912162457,24.762359136517837,25.06370945205671,1865700
2024-02-05,25.080930709838867,25.184251438319663,24.753751413733003,24.83985174709579,1295600
2024-02-06,25.623363494873047,25.649194089399305,25.09815290176413,25.09815290176413,2112300
2024-02-07,25.020658493041992,25.67501866272376,24.882898630185526,25.67501866272376,1496800
2024-02-08,24.45240020751953,25.08954002441755,24.409350863466813,25.020660088596877,1786800
2024-02-09,24.564329147338867,24.71930775875858,24.40073869713092,24.40073869713092,1104900
2024-02-14,24.314638137817383,24.65042758930915,24.23714801174589,24.44378780052752,1044900
2024-02-15,24.51266860961914,24.641819919190198,24.340469600569595,24.486839661486623,2071100
2024-02-16,25.01205062866211,25.16703089938403,24.521280866194193,24.521280866194193,1646200
2024-02-19,25.046489715576172,25.278960105851404,24.822629522225263,25.270349908927084,1364200
2024-02-20,25.278961181640625,25.56309112332627,24.92595130385625,24.96039045079201,1905200
2024-02-21,24.943166732788086,25.356447936542153,24.796796682802206,25.27895781347745,1585800
2024-02-22,24.882898330688477,25.003439440907346,24.710699325304077,24.968998654494218,1597200
2024-02-23,24.547107696533203,24.968997456489404,24.39212744956419,24.968997456489404,1061400
2024-02-26,24.443790435791016,24.624601296859915,24.417961485800628,24.555721359840152,2251200
2024-02-27,24.951780319213867,24.98622110846754,24.495451357193232,24.547110898846523,1641300
2024-02-28,24.96900177001953,25.149810994567815,24.64182246940618,24.702092210922274,1199400
2024-02-29,24.624603271484375,24.882902645464466,24.443792395916418,24.874292447368145,2161100
2024-03-01,24.615989685058594,24.71930876353807,24.426570279694793,24.48684001584568,1444500
2024-03-04,24.547107696533203,24.745137282226054,24.417958038134692,24.719306693655547,1402400
2024-03-05,24.36629867553711,24.58154866963983,24.082168749010602,24.5471095245415,2230800
2024-03-06,24.19409942626953,24.719308289970492,24.19409942626953,24.521278691489357,1470600
2024-03-07,24.32324981689453,24.36629915967959,24.185489949309762,24.28880902888476,899200
2024-03-08,24.564329147338867,24.71930775875858,24.228538050361802,24.24575844348413,1146900
2024-03-11,24.564329147338867,24.659038025057512,24.46961862739315,24.564329147338867,951800
2024-03-12,24.633209228515625,24.788189483111893,24.443788187463703,24.633209228515625,1644300
2024-03-13,24.65043067932129,24.796800753334626,24.538501395535683,24.572942185763416,1580100
2024-03-14,24.624603271484375,24.76236315657074,24.5126723384596,24.615993073388054,1001200
2024-03-15,24.74513816833496,24.874287831358245,24.392128323032022,24.710699024568047,2933000
2024-03-18,24.676258087158203,24.865677482281587,24.547108424927394,24.71069887294085,2042000
2024-03-19,24.33186149597168,24.684871383438182,24.33186149597168,24.633211840504057,1285200
2024-03-20,24.633209228515625,24.71069935581376,24.314638522709174,24.383518453393396,1374100
2024-03-21,24.33186149597168,24.667650988384388,24.262981557983757,24.62460164297716,1794100
2024-03-22,24.11661148071289,24.33186149216992,24.10800128318734,24.33186149216992,2348200
2024-03-25,24.151050567626953,24.22854070293407,24.082170629823658,24.116611419838932,1361000
2024-03-26,24.21993064880371,24.486841846320353,24.108001365045997,24.108001365045997,2302900
2024-03-27,24.45240020751953,24.45240020751953,24.151049872468885,24.18549066149283,1826700
2024-03-28,24.555721282958984,24.710701551325034,24.314640683030994,24.366300225077264,1751200
2024-04-01,24.237150192260742,24.796799875838712,24.20271104547899,24.58154987121432,1405700
2024-04-02,24.237150192260742,24.392130458346656,24.082169926174828,24.392130458346656,1471600
2024-04-03,24.12521743774414,24.2199263094237,23.9874575860039,24.133827633756276,1305000
2024-04-04,24.719310760498047,25.123981836877757,24.237151190112364,24.237151190112364,2963300
2024-04-05,24.1768798828125,24.805409487339166,24.1768798828125,24.805409487339166,2074300
2024-04-08,24.314638137817383,24.512667730121397,24.15104768919678,24.17687827862963,1257200
2024-04-09,24.349077224731445,24.538496607340797,24.31463644122414,24.37490617013498,1462100
2024-04-10,23.393373489379883,24.32325355978155,23.393373489379883,24.31464336145416,3158500
2024-04-11,23.548349380493164,23.58278852514867,23.341709585878828,23.496689842396357,2045300
2024-04-12,23.290048599243164,23.522518985952765,23.221168667132222,23.522518985952765,1443200
2024-04-15,23.203950881958008,23.44502983327097,23.195340684807235,23.307269963312937,2398000
2024-04-16,23.005918502807617,23.2814398714282,23.005918502807617,23.15228856273254,2409100
2024-04-17,22.98870086669922,23.22116962072821,22.902600537467983,23.160899882934505,1962400
2024-04-18,22.842329025268555,23.246998406325062,22.799278042883568,23.13506913657822,2123300
2024-04-19,23.47085952758789,23.52251906629075,22.89398947835336,22.89398947835336,4321200
2024-04-22,23.42051887512207,23.638993870848328,23.02726488291397,23.516648406627844,3708600
2024-04-23,23.743867874145508,23.80504061983817,23.167093890711392,23.167093890711392,3074600
2024-04-24,23.770082473754883,23.778820007606985,23.560344990998328,23.682692133745,2176100
2024-04-25,23.193307876586914,23.778819303604486,23.15835107488506,23.77008177001107,4016900
2024-04-26,23.988557815551758,24.03225215273297,23.20204641163298,23.315654355235527,3441700
2024-04-29,24.582807540893555,24.609025142312106,23.85747056996752,23.988556910228223,5269200
2024-04-30,25.255712509155273,25.81500970554972,25.08093348958314,25.08967102375441,7475600
2024-05-02,25.88492202758789,25.902398763019725,25.159585001952912,25.255712880740653,4150800
2024-05-03,25.867443084716797,26.81125511843062,25.84996468281806,26.417999409869797,4315200
2024-05-06,25.867443084716797,26.566562492344758,25.85870388376743,25.98978856434365,3593200
2024-05-07,25.78005027770996,26.348084950462596,25.73635594397206,25.954830946325536,2940600
2024-05-08,25.5703182220459,25.753836450832644,25.351843187681357,25.579057423440346,2584900
2024-05-09,25.054716110229492,25.360581480751303,24.94984736408435,25.34310307858842,2361500
2024-05-10,24.906152725219727,25.22075729302984,24.906152725219727,24.99354306814833,1986300
2024-05-13,24.958585739135742,25.115888019731287,24.74884992061905,24.862457864085666,1801900
2024-05-14,25.03723907470703,25.06345667938243,24.818764036242165,24.91489358655303,1690800
2024-05-15,24.521636962890625,24.984804627728902,24.338118737303056,24.984804627728902,5687400
2024-05-16,24.512897491455078,24.783807726477576,24.364334405641255,24.72263498528933,2242300
2024-05-17,24.20703125,24.486678990044982,24.075944913375906,24.408027854803333,3832300
2024-05-20,24.338117599487305,24.59154775633155,24.067209040975975,24.14585851481361,3236700
2024-05-21,24.539113998413086,24.63524353988909,24.02351282167617,24.338117381537913,4695100
2024-05-22,24.574068069458008,24.76632546420404,24.276941944139274,24.303157876658506,5268600
2024-05-23,24.600284576416016,24.635241376367162,24.311897644146907,24.434243110311996,4322000
2024-05-24,24.512897491455078,24.6177662383722,24.128382642034047,24.442985549121055,4938600
2024-05-27,24.145856857299805,24.425506264280024,24.137119323898183,24.425506264280024,2754400
2024-05-28,24.416770935058594,24.495422082798555,24.1808174918387,24.1808174918387,3625500
2024-05-29,24.215770721435547,24.268205927014485,23.787559876867082,24.180815584548398,4886300
2024-05-31,24.2507266998291,24.76632786931618,23.901167008693477,24.110902823374854,71189700
2024-06-03,24.34685707092285,24.547853691831932,24.040991705677822,24.311900267200155,2766900
2024-06-04,23.770082473754883,24.338117183570976,23.74386487170229,24.137120568330715,3969100
2024-06-05,23.437999725341797,23.80503782321026,23.368087786073144,23.770082686991987,4129100
2024-06-06,24.128381729125977,24.128381729125977,23.420521464590003,23.43799986622025,4070900
2024-06-07,23.839994430541992,24.006034243171843,23.586562611003643,23.805037627778592,5905000
2024-06-10,23.595304489135742,23.8050403290193,23.53413174419041,23.75260678575648,3815000
2024-06-11,23.673954010009766,23.787560290408194,23.56034606277916,23.65647560784626,3899300
2024-06-12,23.630260467529297,23.717649147626567,23.26322234389118,23.691433210330278,3514800
2024-06-13,23.595304489135742,23.656477234081077,23.429262990832488,23.621522094183295,2057500
2024-06-14,23.66521453857422,23.66521453857422,23.341870769572,23.42926111255899,1287800
2024-06-17,24.00603485107422,24.040991654722824,23.560345605547326,23.560345605547326,2397500
2024-06-18,24.110904693603516,24.276946184834433,23.88369046003284,24.032253548643197,3321000
2024-06-19,24.13711929321289,24.21576876155158,23.743863617359413,23.9798170228715,885000
2024-06-20,24.110904693603516,24.46920361316398,23.901168862653403,24.38181326689338,1423700
2024-06-21,24.067211151123047,24.110905492289636,23.839996910025786,23.944863995558507,5209500
2024-06-24,24.46920394897461,24.678939782803095,23.944863530987277,24.119644225927136,3893200
2024-06-25,24.34685707092285,24.39055140874408,24.03225250474715,24.30316106626948,4175700
2024-06-26,24.032255172729492,24.241991017853433,23.630261886283353,24.154600665677044,6384200
2024-06-27,24.338117599487305,24.338117599487305,23.813777217299606,24.049730639308887,2527100
2024-06-28,23.997297286987305,24.19829558801235,23.94486374477011,24.18955638650411,2408300
2024-07-01,23.9099063873291,24.110903002874444,23.813776846489112,24.03225186342938,1923500
2024-07-02,23.96234130859375,24.06721005618775,23.770083882642307,23.909907768212847,1961000
2024-07-03,24.102163314819336,24.259465590528734,23.8487331670458,24.067208179568393,1605100
2024-07-04,24.102163314819336,24.469201402530576,24.07594571325708,24.294420725779673,945400
2024-07-05,23.691429138183594,24.18955186318117,23.691429138183594,24.163334263559,3453100
2024-07-08,23.193307876586914,24.07594545074203,23.193307876586914,24.07594545074203,5466900
2024-07-09,23.368087768554688,23.368087768554688,22.983571269449293,23.21078548861011,5610400
2024-07-10,24.215770721435547,24.28568432887413,23.38556663508809,23.464217776624352,3868700
2024-07-11,25.002281188964844,25.002281188964844,24.346856145564498,24.346856145564498,4992000
2024-07-12,24.827499389648438,25.037235194046715,24.783805055460796,25.028495993842785,1058700
2024-07-15,24.76633071899414,24.897415409898933,24.55659488018002,24.87993700662302,1989100
2024-07-16,25.15084457397461,25.15084457397461,24.766328077083628,24.766328077083628,1776300
2024-07-17,25.40427589416504,25.474187836190364,24.93237070220214,25.002282644227463,3648500
2024-07-18,25.281930923461914,25.42175481033943,25.13336783530053,25.42175481033943,1389800
2024-07-19,25.44797134399414,25.5178832844928,25.26445145841507,25.42175374124509,5687200
2024-07-22,25.432466506958008,25.565388464202478,25.193205969801333,25.361574683748,1961300
2024-07-23,25.086862564086914,25.591966918568776,24.98052569482445,25.432461614675077,2735500
2024-07-24,25.175479888916016,25.848952982212392,24.936219377443447,25.45904715131571,6779000
2024-07-25,24.564037322998047,25.175480298875556,24.457700442963667,25.148895233769842,4633100
2024-07-26,25.007110595703125,25.033695659740893,24.395669334581996,24.572898024251273,1842000
2024-07-29,25.290679931640625,25.299539929595717,24.74126709774441,24.74126709774441,3850900
2024-07-30,25.49449348449707,25.716030615873944,25.04255753366495,25.09572597194103,3195000
2024-07-31,25.388154983520508,25.61855380357262,25.29953979270136,25.565385365158804,3256900
2024-08-01,25.840091705322266,26.061628843872832,25.397017428221137,25.512217686776204,5091600
2024-08-02,25.0336971282959,25.804647128675796,24.89191349216534,25.707170245013188,2369100
2024-08-05,25.104589462280273,25.370433362939806,24.484284773815627,24.55517659333779,2373500
2024-08-06,25.157758712768555,25.334989112366063,25.051421825165534,25.166620401767865,2304300
2024-08-07,24.962804794311523,25.56538608050968,24.812159472761984,25.2640954374106,1625300
2024-08-08,25.06028175354004,25.21092707555594,24.81215954957437,24.81215954957437,1190600
2024-08-09,25.405879974365234,25.556525301273624,24.99825074676841,24.99825074676841,1083300
2024-08-12,25.662858963012695,25.813504271008302,25.467906907451233,25.54766040522503,2052000
2024-08-13,25.96415138244629,26.185688516051442,25.707169186365295,25.786922689678686,1518800
2024-08-14,26.619903564453125,26.84144070454267,25.795785132888934,25.96415214241713,2315600
2024-08-15,26.611042022705078,26.938916045336057,26.38950488139443,26.58445695727787,1870200
2024-08-16,26.797134399414062,27.20476364858727,26.593320619924647,26.593320619924647,1714400
2024-08-19,27.249069213867188,27.435159606961307,26.79713322896022,26.814856606453272,1911300
2024-08-20,27.532634735107422,27.63011161490131,27.02753034016492,27.20476072339122,2261400
2024-08-21,27.532634735107422,27.7541718690432,27.293374224810176,27.33768266571385,2377700
2024-08-22,27.444021224975586,27.532636422018147,27.213622388742653,27.470606291146645,3273900
2024-08-23,27.727588653564453,28.020017604427427,27.45288138897029,27.55921995755419,2289500
2024-08-26,27.718727111816406,27.949125936470598,27.381989718016353,27.683280358703048,3518700
2024-08-27,27.630111694335938,27.807340387877563,27.523773126055602,27.63897338254215,2084600
2024-08-28,27.93140411376953,27.96684917866052,27.47060643882645,27.630113456321695,1318400
2024-08-29,27.86937141418457,27.966846601297433,27.621249222036777,27.621249222036777,1089200
2024-08-30,27.825063705444336,27.940263961687254,27.532634756034607,27.763033578326244,2029200
2024-09-02,27.825063705444336,27.825063705444336,27.514911379659665,27.683280074833206,1551100
2024-09-03,27.878232955932617,27.95798646174734,27.647835817128133,27.816202827008773,1621900
2024-09-04,28.15294075012207,28.33903114035037,27.922541916843496,27.922541916843496,2563500
2024-09-05,27.993432998657227,28.117493255543785,27.780757548197027,28.03773975034693,1952600
2024-09-06,27.701004028320312,28.055463112232804,27.523773641266953,27.895956101923623,1517500
2024-09-09,27.727588653564453,27.789618780990807,27.470604765433308,27.523773204628156,905900
2024-09-10,27.674415588378906,27.754169083807756,27.43515510209235,27.514908597521202,1451400
2024-09-11,27.426298141479492,27.638973589437978,27.231344379871885,27.514911643816532,1929500
2024-09-12,27.160451889038086,27.284513831577,26.95663813441625,27.249067079367546,1843900
2024-09-13,27.266788482666016,27.58580077849906,27.125004864474874,27.266788482666016,1238400
2024-09-16,27.142730712890625,27.337684485455554,27.08956227046124,27.24020759917309,871300
2024-09-17,27.169315338134766,27.187038715388276,26.885748062855736,27.125008585195275,1005300
2024-09-18,26.938915252685547,27.240205891218395,26.921191876255566,27.16931407569268,1245700
2024-09-19,26.74396324157715,26.98322375332745,26.74396324157715,26.94777700038924,1397800
2024-09-20,26.16796875,26.885748642293823,26.16796875,26.699656557509904,1909000
2024-09-23,25.600831985473633,26.212274980125464,25.308403021108724,26.185689914203458,2365900
2024-09-24,25.74261474609375,25.875538380979794,25.529939296548,25.875538380979794,1605000
2024-09-25,25.769203186035156,26.01732542143157,25.618557844936344,25.733758118232497,2815300
2024-09-26,25.618555068969727,26.05276766621735,25.59197000335259,25.973014159560208,2639400
2024-09-27,25.41473960876465,25.813505425270545,25.28181766992935,25.618553360991715,1913800
2024-09-30,25.157758712768555,25.50335782296426,25.12231364696567,25.476772755966326,3674800
2024-10-01,25.30840301513672,25.459048341603964,24.971667297842213,25.166619377308056,1794200
2024-10-02,25.78692626953125,25.884401472517393,25.45018883319532,25.52994234758044,2120800
2024-10-03,25.19320297241211,25.778060866859168,25.033695966618513,25.778060866859168,3301600
2024-10-04,25.388154983520508,25.476770174339656,25.033695910438098,25.033695910438098,2200100
2024-10-07,25.441322326660156,25.591967637509025,25.264093642845914,25.388153890535296,1594700
2024-10-08,25.41473960876465,25.41473960876465,25.175479104744618,25.26409429403287,1571200
2024-10-09,25.175479888916016,25.467908839539977,25.148894824243214,25.352710273012928,1883900
2024-10-10,25.343849182128906,25.343849182128906,25.060281913045692,25.095726976583972,1796600
2024-10-11,25.326128005981445,25.56538854388384,25.27295956095682,25.46791165284337,4622300
2024-10-14,25.618555068969727,25.760338705205918,25.29068104399638,25.343849485036383,1380100
2024-10-15,25.6451416015625,25.751478489725287,25.423604445996602,25.609694845378662,2076100
2024-10-16,25.733753204345703,25.902120202098768,25.46790764071422,25.698306453117187,2332400
2024-10-17,25.600831985473633,25.77806237789843,25.334988087030727,25.733755624889373,2582000
2024-10-18,25.737855911254883,25.953536066960687,25.405349647319337,25.953536066960687,2029700
2024-10-21,25.603055953979492,25.863670545997806,25.459269183925766,25.746842724033215,1438100
2024-10-22,25.333457946777344,25.6030577308198,25.270551444772344,25.567111892848494,1966700
2024-10-23,25.647991180419922,25.647991180419922,25.252576693563682,25.324470080803586,1421400
2024-10-24,25.728866577148438,25.926574653299458,25.504199555393804,25.531160215070763,1916900
2024-10-25,25.665964126586914,25.88164429574285,25.612044512816336,25.728870628331528,1244200
2024-10-28,25.944551467895508,26.016444854722117,25.719884419803172,25.836710530618827,1447800
2024-10-29,24.614521026611328,26.411857395732532,24.614521026611328,26.27705751086315,8365300
2024-10-30,25.117778778076172,25.225618010362833,24.75831009959079,24.803244541438307,5134000
2024-10-31,24.44377326965332,25.144733298217623,24.44377326965332,24.965000704720307,3208700
2024-11-01,24.084306716918945,24.587562135582754,23.913560995586064,24.578575248027306,4262000
2024-11-04,24.11126708984375,24.44377506910544,24.06633436668,24.308973471467162,2815700
2024-11-05,24.147214889526367,24.26404099940522,23.96748056686432,24.08430667674318,3435400
2024-11-06,24.35390853881836,24.35390853881836,23.850654827254825,24.003426775593674,2586800
2024-11-07,24.273027420043945,24.524655124115938,24.11126687557434,24.264040532676354,2077400
2024-11-08,23.976465225219727,24.237078083368615,23.976465225219727,24.05734549149054,2533100
2024-11-11,23.69788360595703,24.039376802605336,23.69788360595703,23.9764702964391,1940900
2024-11-12,23.491186141967773,23.832681017012664,23.491186141967773,23.733826966751213,2785500
2024-11-13,23.365375518798828,23.599029479675664,23.365375518798828,23.59004259109497,4178300
2024-11-14,23.077800750732422,23.48220043157236,23.06881386261505,23.410307040707018,4159400
2024-11-18,22.799213409423828,23.20361307845126,22.72732002065849,23.050839413065717,3686900
2024-11-19,22.790225982666016,22.862119369731346,22.574545821470025,22.826171819161903,3479400
2024-11-21,22.7542781829834,22.808197794173697,22.43075708769453,22.790225733159286,4954000
2024-11-22,23.5810546875,23.61700224027546,22.628466821907843,22.8531338845335,3852600
2024-11-25,23.760786056518555,24.31795934238169,23.599025517373306,24.138226743166317,3725200
2024-11-26,23.877613067626953,24.14721454780473,23.634972249689007,23.778759020154418,3132700
2024-11-27,23.077800750732422,23.94950832923391,23.014894247984454,23.895588714603313,2893000
2024-11-28,22.3768367767334,23.09577233110674,22.286969618177544,23.077798556580877,2683200
2024-11-29,22.403797149658203,22.511636367276015,21.96344996389298,22.511636367276015,3589600
2024-12-02,22.197105407714844,22.592518184825494,22.053318631661227,22.592518184825494,3292200
2024-12-03,22.72732162475586,22.72732162475586,22.224066153805058,22.331907101601292,3289500
2024-12-04,22.736305236816406,22.880092014615077,22.403798955934576,22.51163818224678,2034100
2024-12-05,23.14070701599121,23.23057418216901,22.96995957166076,23.00590712376133,1429700
2024-12-06,22.8980655670166,23.11374573161092,22.682385402422284,23.09577367011658,2280800
2024-12-09,22.691373825073242,23.04185390198663,22.574547704126676,22.77225410652613,2085900
2024-12-10,22.925025939941406,22.925025939941406,22.21507724066475,22.646439278462235,2873400
2024-12-11,22.978944778442383,23.221585595147648,22.34089120200279,22.925025168310157,4163300
2024-12-12,22.161157608032227,22.960971755116308,22.098251108473733,22.960971755116308,3772400
2024-12-13,21.79270362854004,22.30494422308282,21.79270362854004,22.197105000059892,3491500
2024-12-16,21.523107528686523,21.95446792251412,21.523107528686523,21.783720457179673,1879600
2024-12-17,22.11622428894043,22.11622428894043,21.460195219868332,21.648916427541366,3277400
2024-12-18,21.172622680664062,22.02635817115659,21.03782279113198,22.017371283311306,4189000
2024-12-19,21.334381103515625,21.469180979588078,20.92099458835031,21.271474608953376,2664800
2024-12-20,21.828651428222656,21.828651428222656,21.235528838528644,21.36134355225698,4845000
2024-12-23,21.154653549194336,21.666894228811266,21.12769288192414,21.568040162894373,2613500
2024-12-26,21.36134147644043,21.51411512434963,21.145661334816864,21.15464822164369,1174100
2024-12-27,21.23552894592285,21.568036936215208,21.136676608868562,21.568036936215208,1585600
2024-12-30,21.406278610229492,21.47817200559427,21.208572201494786,21.343372103544528,1492800
2025-01-02,21.343368530273438,21.469181522579962,20.840114846973876,21.388301252076207,4217500
2025-01-03,21.046810150146484,21.523104932167698,20.86707581736431,21.352357487432,2074800
2025-01-06,21.568035125732422,21.594995786706022,21.064781452739226,21.208568216451567,1576600
2025-01-07,21.900545120239258,21.909530293990752,21.58601090265571,21.810677956062015,3243700
2025-01-08,21.61297035217285,21.909530800968525,21.45121150979909,21.909530800968525,1612800
2025-01-09,21.61297035217285,21.71182440646262,21.45121150979909,21.5680376260813,725200
2025-01-10,21.39729118347168,21.63094514104995,21.26249128481175,21.612971364142304,2084500
2025-01-13,21.460195541381836,21.792703524609472,21.3523563188732,21.397289042572876,4410600
2025-01-14,21.65790367126465,21.65790367126465,21.29843673891836,21.541075846956144,9470600
2025-01-15,22.421772003173828,22.502652277316905,21.729797086204627,21.73878397378425,2750300
2025-01-16,22.49366569519043,22.538598419625174,22.152170818821535,22.430757481278796,2135900
2025-01-17,22.34089469909668,22.58353383970955,22.206093081554922,22.511640443588373,2151600
2025-01-20,22.439746856689453,22.484681300179272,22.116227433931524,22.376840349877458,1374600
2025-01-21,22.502649307250977,22.673395006506937,22.322915007528234,22.439741102496697,2481700
2025-01-22,22.790225982666016,22.790225982666016,22.27798538556634,22.40379838441228,3097300
2025-01-23,22.445526123046875,22.92037087060418,22.281156653375607,22.85644979722505,4816300
2025-01-24,22.68294906616211,22.68294906616211,22.317684536457136,22.49118409949283,2033200
2025-01-27,22.92037010192871,22.993423003586134,22.500314611109594,22.68294773611244,2075400
2025-01-28,22.801660537719727,22.92950443586755,22.71034570696682,22.92950443586755,1103200
2025-01-29,22.62816047668457,22.99342501695529,22.62816047668457,22.93863577134436,1043900
2025-01-30,23.495662689208984,23.605242918171744,22.62815965527164,22.62815965527164,1936500
2025-01-31,23.705690383911133,23.733085877516853,23.431742414728784,23.495663491423418,2836300
2025-02-03,23.58698081970215,23.742218471685767,23.450006830709253,23.669165561441638,3180300
2025-02-04,23.285634994506836,23.669163169967458,23.24910767221602,23.596110267104415,2376400
2025-02-05,24.728431701660156,24.95672224607789,24.043560068406954,24.116612972951884,10640300
2025-02-06,24.655378341674805,24.911064373718276,24.271850164468898,24.646246511060546,2193400
2025-02-07,24.11661148071289,24.68277276219328,23.906584610856665,24.573192541296955,4350700
2025-02-10,23.87919044494629,24.472745508290462,23.85179669449138,24.116612818627683,2519400
2025-02-11,23.97050666809082,24.3996922557008,23.797005370240576,24.00703399046712,2227700
2025-02-12,23.82440185546875,24.317508536080556,23.778744442313112,23.961375836654327,4152900
2025-02-13,23.431743621826172,23.92485208181957,23.431743621826172,23.742218931810427,2374700
2025-02-14,24.326641082763672,24.363168407737774,23.5321909234828,23.5321909234828,1884300
2025-02-17,24.372297286987305,24.58232415499361,24.290112557468575,24.326638136299948,1066800
2025-02-18,24.491010665893555,24.646248314256436,24.134877954474653,24.381432173942535,1384900
2025-02-19,24.016164779663086,24.436220290646563,23.933980043638464,24.299246311178408,2560800
2025-02-20,24.043561935424805,24.317509913311095,23.95224536222312,23.961377193715165,2075200
2025-02-21,23.87919044494629,24.144008310801212,23.778743790413923,24.061823575999245,2402300
2025-02-24,24.016164779663086,24.38143104720303,23.888322631055292,23.943111874498825,4054000
2025-02-25,24.189666748046875,24.363168055729624,24.01616544036413,24.01616544036413,1957900
2025-02-26,24.23532485961914,24.545798395445324,24.189665706028073,24.381430667673328,1922800
2025-02-27,23.988771438598633,24.44535253910465,23.888323039137333,24.016165189929044,1201600
2025-02-28,23.0025577545166,23.897456348870058,23.0025577545166,23.815271606356088,3405000
2025-03-05,23.33129119873047,23.33129119873047,22.8655800556438,23.002554023711557,1830900
2025-03-06,23.121267318725586,23.43174261537415,22.92950408699962,23.13953098128579,3128000
2025-03-07,23.687429428100586,23.870060834421817,22.96603040923319,23.03908332010544,3706100
2025-03-10,23.34955406188965,23.568712751660733,23.166922691272966,23.568712751660733,2017100
2025-03-11,22.856449127197266,23.285634708531916,22.7833962252314,23.285634708531916,2765100
2025-03-12,22.88384437561035,22.975160944478,22.619028241784733,22.746870393168226,2023800
2025-03-13,23.139530181884766,23.276504162916805,22.692080914930145,22.883844140031268,2545800
2025-03-14,23.961376190185547,23.97050802129514,23.10300322478936,23.22171528749539,4210400
2025-03-17,24.500139236450195,24.50927106651721,23.833531317024438,23.906584215842077,2136800
2025-03-18,24.381431579589844,24.655379544508012,24.2079302728917,24.2079302728917,2500900
2025-03-19,24.62798500061035,24.85627556074781,24.24445678991067,24.545800259623366,2825900
2025-03-20,24.23532485961914,24.682774114499914,24.23532485961914,24.481877322136445,2389100
2025-03-21,24.53666877746582,24.54579886664068,24.1896661703869,24.23532532485447,2730700
2025-03-24,24.408823013305664,24.646245373158976,24.171400653452352,24.637113542966325,1438500
2025-03-25,24.71929931640625,25.020642758609572,24.344902971296627,24.38143029360907,2505900
2025-03-26,24.883668899536133,25.139354931761073,24.637114697931935,24.655378359173415,2480100
2025-03-27,25.038908004760742,25.15761832635353,24.691907129419857,24.883670358543284,2125800
2025-03-28,24.774089813232422,25.35851480780889,24.774089813232422,25.075433270702053,2451700
2025-03-31,24.399690628051758,24.728429540634657,24.207927423524055,24.655376642473843,2093800
2025-04-01,24.381431579589844,24.96585483366524,24.19879844183194,24.335772424291026,2240900
2025-04-02,24.7923526763916,24.956722146390792,24.271850515873243,24.36316708161931,1806000
2025-04-03,25.139354705810547,25.40417082455748,24.609720726598095,24.637114476495505,2698900
2025-04-04,24.308380126953125,24.7649612569418,24.061825898746733,24.664512850994278,2505000
2025-04-07,24.19879722595215,24.600589063800108,23.678295073729288,24.153139814666094,2195900
2025-04-08,23.833532333374023,24.536667603052123,23.57784630574965,24.427087379293514,1944000
2025-04-09,24.42708969116211,24.55493184621446,23.367821642023046,23.513927459716797,2437000
2025-04-10,24.06182289123535,24.290113427695424,23.787873202452122,24.06182289123535,1604900
2025-04-11,24.308380126953125,24.472747870705266,24.016166740716596,24.016166740716596,5358300
2025-04-14,24.609724044799805,24.701038879061528,24.043562667095486,24.56406488595012,3188400
2025-04-15,24.59145736694336,25.10282769134645,24.427087898669857,24.427087898669857,2843500
2025-04-16,24.76496124267578,24.99325180753861,24.491011519809117,24.554932599295704,3687700
2025-04-17,24.71929931640625,25.166748564422175,24.66451007465617,25.020642758609572,3667700
2025-04-22,24.934268951416016,25.00842284145568,24.37811389213443,24.51715398293097,2660900
2025-04-23,25.06403923034668,25.342115872069048,24.924999141517326,25.054769773226845,2299800
2025-04-24,26.018770217895508,26.018770217895508,25.128923553846924,25.230884045789058,3333100
2025-04-25,25.8426513671875,26.111460290492083,25.61092026832547,26.000228585132398,2324000
2025-04-28,26.176349639892578,26.185619097747093,25.82411908126257,25.879734060421345,1110900
2025-04-29,26.324655532836914,26.834465070291657,26.130002235822545,26.213425582533898,2179300
2025-04-30,27.362810134887695,27.418425106748046,25.49042232523111,25.49042232523111,7096900
2025-05-02,26.75104331970215,27.307196640336922,26.75104331970215,27.066197810978274,5302900
2025-05-05,26.602733612060547,27.205234177915262,26.32465520384195,26.964233597979746,2781600
2025-05-06,26.37100601196289,26.80665994467685,26.269043738531973,26.612004856124045,1861500
2025-05-07,26.463693618774414,26.676887596229562,26.287579237703344,26.35246366946302,3223200
2025-05-08,27.557466506958008,27.835544933342106,26.686158701005354,26.769580284155477,4726000
2025-05-09,27.798465728759766,28.04873576974593,27.39988790821917,27.50185016965091,2935500
2025-05-12,27.594539642333984,27.854077341235758,27.362808543761414,27.807731828708434,1584900
2025-05-13,28.09507942199707,28.16923330684952,27.48330942997234,27.48330942997234,1801200
2025-05-14,28.187774658203125,28.43804470421569,27.97458244180792,28.085812394723582,1895100
2025-05-15,28.206310272216797,28.47511743361313,28.05800250703923,28.187771359577596,1036400
2025-05-16,27.90969467163086,28.28046408364179,27.798462964043573,28.00238569865758,1270700
2025-05-19,28.326812744140625,28.400966634780985,27.90042831495061,27.90969777227668,1819400
2025-05-20,28.299007415771484,28.438045745993595,28.076545733822446,28.299007415771484,1095400
2025-05-21,27.733579635620117,28.159964034316783,27.372079665597457,28.0023868069793,1926900
2025-05-22,27.511117935180664,27.789194562753934,27.353540708097658,27.733579590832896,2351200
2025-05-23,27.742849349975586,27.742849349975586,26.797385977168663,27.436964349122533,2188600
2025-05-26,27.993118286132812,28.234117080338358,27.58527104491845,27.69650098563362,1432200
2025-05-27,28.030197143554688,28.447313882821,27.7799270999949,28.271197729800978,3177700
2025-05-28,27.715042114257812,28.11361993095132,27.65015768232504,28.030196584761136,2205200
2025-05-29,27.63161849975586,27.85408016478012,27.474041266034323,27.63161849975586,1407500
2025-05-30,27.557466506958008,27.668698231105303,27.233042560160698,27.557466506958008,3081000
2025-06-02,27.35354232788086,27.90042792673199,27.047657312249566,27.807735122729255,2377600
2025-06-03,27.557466506958008,27.668698231105303,27.094004230952788,27.233042560160698,1525800
2025-06-04,26.908618927001953,27.78919614303836,26.834465037567643,27.566734474735433,2036300
2025-06-05,26.825197219848633,27.08473496474661,26.639811600948686,27.05692835948942,2852500
2025-06-06,26.63054084777832,26.927156409214895,26.482233067060033,26.667618676941995,2348000
2025-06-09,26.649080276489258,26.74177308321852,26.287580275010196,26.649080276489258,2672900
2025-06-10,26.723234176635742,26.908619790152237,26.45442698180188,26.880811417734293,2133700
2025-06-11,27.96531105041504,28.132157736218186,26.964232703564257,27.066194959992426,6945600
2025-06-12,27.724313735961914,27.872621525663998,27.446237072262583,27.807737088665377,1390700
2025-06-13,27.62234878540039,27.993119991621715,27.28865717495659,27.566733811654444,3141200
2025-06-16,27.891155242919922,28.132155798259376,27.807731905765188,28.020924092730404,1761400
2025-06-17,27.9467716217041,27.9467716217041,27.529656682853634,27.918965019894912,1618400
2025-06-18,27.88188934326172,28.0858121001135,27.622349842567285,28.03946658154616,1763700
2025-06-20,27.316463470458984,27.67796521566006,27.242309583642786,27.529657442027663,4251400
2025-06-23,26.992040634155273,27.279386717264227,26.732501152915138,27.279386717264227,1718300
2025-06-24,27.48331069946289,27.95604240022139,26.936425110426676,26.964233481518875,2268300
2025-06-25,27.103271484375,27.399887034020274,26.899348735985907,27.399887034020274,1506700
2025-06-26,27.158885955810547,27.251578755352966,26.9178871521556,27.103270983272335,3398800
2025-06-27,27.019845962524414,27.177423181570408,26.788114862043127,26.83446214292018,1880100
2025-06-30,27.520387649536133,27.63161759441979,26.78811647918497,26.89934819203673,2595600
2025-07-01,28.0765438079834,28.0765438079834,27.372080979481474,27.43696541126999,5029500
2025-07-02,27.23303985595703,27.983849941468232,27.16815542663416,27.900426598633654,5573200
2025-07-03,27.260848999023438,27.576003465784137,27.233040627967558,27.344272344222926,2177900
2025-07-04,27.177425384521484,27.344272073267167,26.945694265256506,27.260848728894327,5600300
2025-07-07,26.8159236907959,27.325731413417074,26.797384778126904,27.103269765293216,5609600
2025-07-08,26.927156448364258,26.945695362973048,26.695425319658995,26.880810929810487,2360400
2025-07-09,26.510042190551758,26.899350567967076,26.50077273299803,26.88081165285962,2631100
2025-07-10,25.91680908203125,26.408079720761894,25.861194105108158,26.408079720761894,2897100
2025-07-11,25.72215461730957,26.083654602938164,25.583116297296122,25.89827076557629,4884600
2025-07-14,25.193809509277344,25.768501739243426,25.156731678715264,25.768501739243426,2806400
2025-07-15,25.76850128173828,25.76850128173828,25.1381940850881,25.193809061975536,6081900
2025-07-16,25.675809860229492,25.805578727022116,25.221615290518884,25.703616464274646,3400900
2025-07-17,26.139270782470703,26.139270782470703,25.610922349047282,25.768499579794312,3345700
2025-07-18,24.850341796875,26.078686804937725,24.850341796875,26.078686804937725,6016200
2025-07-21,24.793649673461914,24.99207540012779,24.661367057161648,24.85034196584553,2478200
2025-07-22,24.9448299407959,24.9448299407959,24.576327342600177,24.935380925173515,2535000
2025-07-23,25.05821418762207,25.284985136560675,24.765300134971323,24.888135525364294,1880100
2025-07-24,24.9448299407959,24.982626003285436,24.623570618496643,24.869239618032278,1609300
2025-07-25,24.982624053955078,25.07711240059078,24.86923767754917,24.954277009299773,2180800
2025-07-28,24.88813591003418,25.284985527364245,24.88813591003418,25.08655981759155,3541800
2025-07-29,24.916484832763672,25.20939710980184,24.78420041554042,24.944830077570792,2572600
2025-07-30,25.133804321289062,25.266086923321467,24.084987113131334,24.566876051954743,6059800
2025-07-31,24.973176956176758,25.048767278845077,24.699160910119453,24.75585500378228,1806500
2025-08-01,24.396799087524414,25.37002604759831,24.396799087524414,25.133806069133175,2667200
2025-08-04,24.897586822509766,24.973177145751897,24.56687848249463,24.56687848249463,1772500
2025-08-05,24.65191650390625,25.218844799030713,24.65191650390625,24.944828765538,1739700
2025-08-06,24.831443786621094,25.086559983421925,24.784198711498465,24.812545756572042,978500
2025-08-07,25.133804321289062,25.341677239085023,24.793646999245414,24.831443058234836,1257400
2025-08-08,25.360578536987305,25.388925584882667,24.83144625844917,24.83144625844917,1104800
2025-08-11,25.237741470336914,25.473961447268778,25.162151149807332,25.162151149807332,1421800
2025-08-12,25.568449020385742,25.90860635352489,25.33222905064252,25.33222905064252,2242900
2025-08-13,25.511756896972656,25.795220141608432,25.284985940820963,25.56844918545674,2778500
2025-08-14,25.379474639892578,25.833016558452776,25.22829400037251,25.22829400037251,1900200
2025-08-15,25.445613861083984,25.606243502699666,25.303882248414908,25.417266817664075,1440600
2025-08-18,25.766874313354492,25.91805494735591,25.587346634647062,25.587346634647062,1665800
2025-08-19,24.51018524169922,25.54955349770077,24.51018524169922,25.38892384175312,3155200
2025-08-20,25.02042007446289,25.12435744330814,24.377901434720343,24.642468463501228,2502800
2025-08-21,25.039318084716797,25.25664003556188,24.859790393828693,24.925931700414985,2483300
2025-08-22,25.625141143798828,25.833014052419543,25.039314870827422,25.181046481351327,1411000
2025-08-25,25.804670333862305,25.99364704038365,25.644040673983792,25.644040673983792,1488200
2025-08-26,25.974748611450195,26.116480238062675,25.842466000240602,25.9086073058454,1674300
2025-08-27,26.22986602783203,26.277109301563257,25.65348871679115,26.031440313287067,1807900
2025-08-28,26.62671661376953,27.023566254938146,26.19207091048227,26.26766123250413,3671200
2025-08-29,26.66451072692871,26.93852676913459,26.579471389845192,26.721204819794675,2904900
2025-09-01,26.655059814453125,27.01411516818913,26.598367527837286,26.929075837157722,1168400
2025-09-02,26.551124572753906,26.881832886019346,26.31490460645221,26.39049492358014,1389300
2025-09-03,26.532228469848633,26.89128205172911,26.428291100418424,26.466087162835027,3670900
2025-09-04,26.636167526245117,26.825142443650257,26.39994752782702,26.532230150232174,4119100
2025-09-05,27.581045150756836,27.770020051929382,26.6928575283781,26.92907750650534,4593400
2025-09-08,27.108604431152344,27.703877966295927,26.985769036744465,27.581044374103406,2676500
2025-09-09,27.051910400390625,27.42986379736187,27.051910400390625,27.23143808373043,1563400
2025-09-10,27.089706420898438,27.543248333934546,27.06135937550292,27.06135937550292,1614100
2025-09-11,27.38262176513672,27.77002241809695,27.16529979927426,27.16529979927426,1829700
2025-09-12,27.080259323120117,27.3826206198855,27.04246506213219,27.240888987303663,1475700
2025-09-15,27.212539672851562,27.448759641547202,27.080257067090912,27.37316932365321,972300
2025-09-16,27.278682708740234,27.496004646857187,26.872384075260072,27.212539603812377,1912000
2025-09-17,27.902305603027344,28.053486251016604,27.04246499175761,27.24088891641271,4355200
2025-09-18,27.66608428955078,27.94009852507017,27.4960056181589,27.807815914972217,1585400
2025-09-19,27.47710609436035,27.949546021568896,27.47710609436035,27.666082786129888,2597000
2025-09-22,27.2314395904541,27.363722205384057,26.93852731358829,27.212541559116833,2695700
2025-09-23,27.599939346313477,27.732223749827146,27.20309154241829,27.26923284306749,2692400
2025-09-24,27.297578811645508,27.618838110964322,27.259784554074937,27.599940081071374,2181000
2025-09-25,27.004667282104492,27.39206789423304,26.787345339147574,27.39206789423304,1799800
2025-09-26,27.62828826904297,27.62828826904297,26.90073030799938,27.00466767449572,2916600
2025-09-29,27.73222541809082,28.129075048074228,27.73222541809082,27.958996377764855,1146600
2025-09-30,27.779468536376953,28.223563240186134,27.64718592786292,27.92120016010133,3570100
2025-10-01,27.354272842407227,28.34639598085088,27.307027767776614,28.006238652371763,3475100
2025-10-02,27.297578811645508,27.55269680855433,27.108603919362004,27.477106491197862,2447400
2025-10-03,27.240888595581055,27.524351856668538,27.155849256811717,27.316478918685416,738100
2025-10-06,27.014116287231445,27.38261886882232,26.825139587730018,27.21254019971411,1215800
2025-10-07,26.45663833618164,26.87238601465625,26.43774030483837,26.796795691498637,2922600
2025-10-08,26.39994239807129,26.740097904191373,26.333801099720585,26.740097904191373,1525900
2025-10-09,26.749549865722656,26.862936248398643,26.42829055072534,26.456637596948188,1913600
2025-10-10,26.173175811767578,26.92907906462524,26.173175811767578,26.92907906462524,4464100
2025-10-13,26.210968017578125,26.541676340596737,26.05033836366711,26.522778310203588,9732100
2025-10-14,25.936952590942383,26.05978617840872,25.436165621885138,25.464512666169043,4012400
2025-10-15,26.39049530029297,26.399944315345756,25.6156940881179,25.7668747245318,4926100
2025-10-16,26.46608543395996,26.683407372012706,26.003094512893774,26.003094512893774,2165400
2025-10-17,26.645612716674805,26.721203033226725,26.15427475797965,26.3054553910835,3888400
2025-10-20,27.307029724121094,27.40151807793638,26.787346481460204,26.872385819672417,3977900
2025-10-21,27.174745559692383,27.713326802831432,27.174745559692383,27.307028166157316,2717200
2025-10-22,27.392221450805664,27.498130370002695,27.064862602888606,27.32482252858392,2489900
2025-10-23,27.613672256469727,27.671440930474837,27.392224142422606,27.546275164058258,2418200
2025-10-24,28.02768325805664,28.181734269756355,27.604042057665964,27.61367047545131,2547500
2025-10-27,28.306900024414062,28.393553948037983,27.98916958327066,28.29727160662997,1705400
2025-10-28,28.268388748168945,28.509093688227786,28.046938807625768,28.33578583755615,3864200
2025-10-29,28.72091293334961,29.250463058774557,28.59574717447145,28.740169769002534,10859900
2025-10-30,29.471912384033203,29.5489378886128,28.374296648232797,28.441695571618723,3539300
2025-10-31,29.982206344604492,30.13625735726475,29.317862041169487,29.47191305382974,5440000
2025-11-03,30.34807777404785,30.54064061465834,29.8762963353678,29.982205254952063,5955200
2025-11-04,30.45398712158203,30.81023122818843,30.23253902537332,30.376961616968877,4091500
2025-11-05,31.291641235351562,31.330154906052094,30.37696175697582,30.453987261943986,4294800
2025-11-06,31.01242446899414,31.67677247289857,31.01242446899414,31.29164308881293,3769700
2025-11-07,31.18572998046875,31.18572998046875,30.694691705458187,31.002795556854654,7830000
2025-11-10,31.436065673828125,31.69602376897312,31.19536074117359,31.19536074117359,4780700
2025-11-11,32.167808532714844,32.235205623129026,31.310899520706524,31.436067119846854,4087700
2025-11-12,32.158180236816406,32.35074124324038,31.946358722311114,32.1678068179913,3586600
2025-11-13,32.33148956298828,32.52405057823938,32.061897530478056,32.158181710969544,4024400
2025-11-14,32.5240478515625,32.65884202008408,32.129291926806886,32.25445951451934,1422900
2025-11-17,32.24483108520508,32.52404598705077,32.100406671288184,32.20631741844519,1813800
2025-11-18,32.177433013916016,32.36999769090024,32.04263884188678,32.215946683886,1528400
2025-11-19,31.94635772705078,32.16780581583195,31.724909638269615,32.081151896494475,2388300
2025-11-21,31.85007667541504,31.975240588951124,31.503461004066153,31.782675918994457,1682800
2025-11-24,31.85970687866211,32.177435498281504,31.77305295097209,31.9752442246268,1798300
2025-11-25,32.34111404418945,32.34111404418945,31.734536601518432,31.77305027121373,1965500
2025-11-26,32.91880416870117,33.072855173542884,32.21594622955675,32.32185698404774,2254100
2025-11-27,32.94769287109375,33.06323021216803,32.74549793313145,32.91880578117579,616400
2025-11-28,32.928436279296875,33.371332484083126,32.861039190432265,32.97657653236218,3365900
2025-12-01,32.64921951293945,32.88029788271227,32.49516849071294,32.88029788271227,3790400
2025-12-02,33.506126403808594,33.59278032780525,32.726244760704546,32.80326843044276,3242600
2025-12-03,33.072853088378906,33.727570735894226,32.861035265617204,33.69868732207796,3247700
2025-12-04,33.409847259521484,33.85274347894074,33.14988547694079,33.16914231337633,3504000
2025-12-05,31.936731338500977,33.496502075349014,31.782680315797403,33.496502075349014,3577800
2025-12-08,31.628629684448242,32.43739848186577,31.416811821151228,32.22558061856875,1986300
2025-12-09,30.95465660095215,31.62862749134572,30.67543799043716,31.62862749134572,5166600
2025-12-10,30.665807723999023,31.156845989957255,30.559896969645436,30.973907896849905,3439800
2025-12-11,30.790973663330078,31.04130884293221,30.540640320160787,30.694691325736834,1684700
2025-12-12,30.7620906829834,31.127963203729966,30.685065179105102,30.81023093424501,2437500
2025-12-15,31.715280532836914,31.80193445531184,30.877628397489797,31.156847000227433,4187000
2025-12-16,30.57915496826172,31.474575778162407,30.57915496826172,31.378295273921168,2232700
2025-12-17,30.396217346191406,30.56952518437301,30.00146141985901,30.425102598032613,2804400
2025-12-18,30.85837173461914,31.01242274511701,30.23253927491742,30.396218703125523,1914400
2025-12-19,31.11833381652832,31.426435840623387,30.742834704216577,30.858372045035765,4316200
2025-12-22,31.445693969726562,31.464950806132848,30.964284078167452,31.17610560577058,1724400
2025-12-23,32.832149505615234,32.93806025770844,31.349409994907077,31.53234441124452,4361500
2025-12-26,33.00545883178711,33.00545883178711,32.37962821740219,32.45665188512485,1674700
2025-12-29,32.119667053222656,33.169140714749545,32.09078363639443,33.169140714749545,3051100
2025-12-30,32.79364013671875,32.8225235522542,32.273716619886805,32.283343200776734,2573600
2026-01-02,32.47591018676758,33.01509057663662,32.40851309714219,33.01509057663662,2535100
2026-01-05,32.8398323059082,32.984971526733545,32.25928280469427,32.25928280469427,2542500
2026-01-06,32.82048416137695,33.38168527981121,32.82048416137695,33.09141049384777,2320300
2026-01-07,32.075443267822266,32.77210193709235,31.843221250703074,32.77210193709235,4936300
2026-01-08,32.63664245605469,32.646320373291,31.959332200226985,32.0657671435627,3071000
2026-01-09,33.01400375366211,33.149465081916865,32.52053695915631,32.6366461417969,2899100
2026-01-12,32.859188079833984,33.13011440924904,32.597939668100246,33.023679461019285,2039300
2026-01-13,32.404422760009766,32.926915846527834,32.317339963749454,32.65599323195967,2624500
2026-01-14,32.8785400390625,33.00432713090265,32.462478166167,32.73340449405688,1856200
2026-01-15,32.06576919555664,33.10108494345815,31.97868639007688,33.00432791116694,4247900
2026-01-16,32.02706527709961,32.43345293772591,31.83355121027628,32.06576956688197,2254400
2026-01-19,32.249610900878906,32.607616329366664,31.949658212065717,31.949658212065717,2342500
2026-01-20,32.897891998291016,32.897891998291016,31.90128056888866,32.24961178061409,3606400
2026-01-21,33.985042572021484,33.985042572021484,33.1690889078731,33.257566172674636,4004100
2026-01-22,34.55522918701172,35.095921900077926,33.78842499833801,34.0833479554515,3823500
2026-01-23,35.13524627685547,35.557966810756525,34.41759528289241,34.60438269919056,4339700
2026-01-26,34.918968200683594,35.587462252678975,34.6535364079664,35.489152097886155,2022700
2026-01-27,36.029850006103516,36.3935882179236,35.35152303659007,35.55796874463803,3657700
2026-01-28,36.8654670715332,36.95394434251085,35.88238794962565,36.020018426668834,6133400
2026-01-29,36.324771881103516,37.189882500708016,36.05934008587887,37.062081173344524,3462000
2026-01-30,35.7054328918457,36.41325104944128,35.44983397390796,35.84306336690058,2894800
2026-02-02,36.19697189331055,36.3346023662651,35.61695507860984,35.70543234695907,2476100
2026-02-03,35.33185958862305,36.94411237534888,34.94845936043085,36.373924728186886,5841900
2026-02-04,34.37827682495117,35.32203184713178,33.965381658903965,34.76167706832773,15939300
2026-02-05,33.96538162231445,34.673199763261955,33.739273882878244,34.388105928697094,4523000
2026-02-06,33.37553405761719,33.96537997978302,32.56940954725438,33.96537997978302,13352600
2026-02-09,35.371185302734375,35.371185302734375,33.32638274014587,33.32638274014587,7314900
2026-02-10,35.9118766784668,36.07900206789131,35.194229418347376,35.24338262106671,4879600
2026-02-11,36.23629379272461,36.48206355122095,35.754583416006255,36.079001297292905,3538300
2026-02-12,34.663368225097656,36.31494145166304,34.663368225097656,35.96103611752695,4604600
2026-02-13,33.916229248046875,34.47658403995919,33.52299610453158,34.47658403995919,4565000
2026-02-18,34.5453987121582,34.5453987121582,34.00470596128592,34.30946183002988,2171700
2026-02-19,34.98778533935547,35.21389308246908,34.05385944378245,34.50607493000967,2006700
2026-02-20,36.079002380371094,36.11832644294674,34.61421292569494,34.65353698827059,6231500
2026-02-23,34.02436828613281,36.07900375725891,34.02436828613281,36.07900375725891,4503100
2026-02-24,35.18440246582031,35.18440246582031,34.034197949887236,34.22098538204474,4711500
2026-02-25,33.79825973510742,35.53831015233201,33.73927364040268,35.184401084401706,3723900
2026-02-26,33.847412109375,34.348780776555316,33.51316508120513,33.98504257683042,3775900
2026-02-27,32.93314743041992,33.69011873182356,32.8348410277021,33.62130349989131,3865000
2026-03-02,32.95281219482422,33.169090798924984,32.19584083062073,32.71687155851891,2964400
2026-03-03,32.14668655395508,32.3727942915489,31.16360747738244,31.782948345664938,5574500
2026-03-04,32.85449981689453,32.933147940405796,32.27448678166917,32.47109959014946,2727700
2026-03-05,31.782947540283203,32.79551776344673,31.674808244576617,32.79551776344673,3629100
2026-03-06,30.986652374267578,31.773114871046147,30.54426604790807,31.605993231170885,3223200
2026-03-09,31.075130462646484,31.20292991860517,30.436127557629405,30.937498115758807,2481100
2026-03-10,31.704299926757812,32.12702422579317,31.104621095561185,31.468359300493113,4664400
2026-03-11,31.45853042602539,32.08770043452205,31.242253704373297,31.39954620649746,2605600
2026-03-12,30.062557220458984,31.12428251756519,29.99374198709345,30.96699001985127,5057500
2026-03-13,29.708648681640625,30.318158527227144,29.58084922817021,30.052726729548763,3768600
2026-03-16,29.94458770751953,30.475451307754906,29.865941456567015,30.337820837356638,1886300
2026-03-17,29.590681076049805,30.229682111522358,29.571019044170757,29.90526608581632,1998000
2026-03-18,29.14829444885254,29.86594172974268,29.14829444885254,29.49237250306993,2525700
2026-03-19,29.482542037963867,29.630003528218907,28.489631920137228,28.56827817327822,2353300
2026-03-20,28.755062103271484,29.46287834155597,28.519123357176653,29.46287834155597,5619600
2026-03-23,29.6496639251709,29.885602671582465,29.059816121604737,29.246601665666827,3861200
2026-03-24,29.462879180908203,29.52186527541819,28.91235542433669,29.52186527541819,2668500
2026-03-25,29.610342025756836,30.15103475714796,29.561186947855692,29.728310462570594,2388400
2026-03-26,29.108972549438477,29.64966530066424,29.07947950161587,29.374402479543644,1309600
2026-03-27,28.81404685974121,29.413725689198863,28.804215844085814,29.413725689198863,2346500
2026-03-30,29.02049446105957,29.285926258739423,28.81404688228374,29.000832429733396,1217300
2026-03-31,30.12154197692871,30.21001924285914,29.354741505631,29.413725724559782,2220000
2026-04-01,30.672067642211914,31.045636862660835,30.24934334336543,30.269005374724458,3015800
2026-04-02,30.70155906677246,30.839191412343496,29.90526554092557,30.121542262430722,1564800
2026-04-06,30.534435272216797,31.006314649065896,30.386973787296554,30.819529101460514,1662800
2026-04-07,30.239513397216797,30.534436377735155,29.91509736861677,30.52460536170793,2014100
2026-04-08,30.87851333618164,32.00905576298801,30.82936013287463,31.537178260972464,5278600
2026-04-09,31.438867568969727,31.458529599987596,30.908005857008668,31.065298355002646,2052800
2026-04-10,31.57649803161621,31.841929825097587,31.429036549151384,31.458529595674143,1818200
2026-04-13,31.488021850585938,31.664976385662307,31.11445262381603,31.576499118124122,5459100
2026-04-14,31.527345657348633,31.959899100598328,31.379884171010122,31.763286285579685,3942800
2026-04-15,31.143945693969727,31.566670000275902,30.858851859456426,31.556837109348358,4085800
2026-04-16,30.917837142944336,31.576498312133634,30.583590113014974,31.576498312133634,5048900
2026-04-17,31.05546760559082,31.59616033769371,30.868682059469577,31.42903682275881,2503600
2026-04-20,31.06529998779297,31.173437413925974,30.839192244426723,31.084962019844273,3113100
2026-04-22,30.110000610351562,31.010000228881836,30.110000610351562,31.010000228881836,2368600
2026-04-23,29.860000610351562,30.15999984741211,29.68000030517578,30.15999984741211,3310800
2026-04-24,29.68000030517578,29.940000534057617,29.530000686645508,29.860000610351562,2536400
2026-04-27,29.670000076293945,30.06999969482422,29.559999465942383,29.56999969482422,3342000
2026-04-28,29.420000076293945,29.600000381469727,29.149999618530273,29.530000686645508,2616000
2026-04-29,28.639999389648438,29.479999542236328,28.639999389648438,29.170000076293945,7479300
2026-04-30,29.040000915527344,29.270000457763672,28.739999771118164,28.860000610351562,4218400
2026-05-04,28.559999465942383,29.190000534057617,28.559999465942383,29.149999618530273,1950300
2026-05-05,28.770000457763672,29.010000228881836,28.639999389648438,28.790000915527344,1956300
2026-05-06,29.329999923706055,29.610000610351562,29.010000228881836,29.09000015258789,2481000
2026-05-07,28.420000076293945,29.299999237060547,28.420000076293945,29.270000457763672,2960500
2026-05-08,28.549999237060547,28.8799991607666,28.479999542236328,28.639999389648438,1738900
2026-05-11,27.829999923706055,28.559999465942383,27.649999618530273,28.540000915527344,3495900
2026-05-12,27.649999618530273,27.979999542236328,27.579999923706055,27.649999618530273,1938200
2026-05-13,27.020000457763672,27.799999237060547,27.020000457763672,27.649999618530273,5578500
2026-05-14,27.139999389648438,27.549999237060547,27.139999389648438,27.329999923706055,2474000
2026-05-15,26.920000076293945,27.040000915527344,26.760000228881836,26.979999542236328,1891900
2026-05-18,26.850000381469727,27.020000457763672,26.75,26.979999542236328,2383100
2026-05-19,26.75,27.020000457763672,26.3799991607666,26.5,3103400
2026-05-20,27.450000762939453,27.65999984741211,26.829999923706055,26.899999618530273,2610600
2026-05-21,27.59000015258789,27.84000015258789,27.049999237060547,27.329999923706055,1636500
2026-05-22,27.100000381469727,27.469999313354492,26.979999542236328,27.309999465942383,1363000
2026-05-25,27.639999389648438,27.639999389648438,27.329999923706055,27.5,679300
2026-05-26,27.31999969482422,27.56999969482422,27.09000015258789,27.559999465942383,5448700
2026-05-27,27.469999313354492,27.770000457763672,27.31999969482422,27.709999084472656,3115600
2026-05-28,27.219999313354492,27.690000534057617,27.209999084472656,27.610000610351562,1234800
2026-05-29,27.15999984741211,27.600000381469727,27.079999923706055,27.530000686645508,3266200
2026-06-01,27.209999084472656,27.3799991607666,26.93000030517578,27.260000228881836,1810300
2026-06-02,27.360000610351562,27.670000076293945,27.100000381469727,27.239999771118164,4639300
2026-06-03,26.719999313354492,27.15999984741211,26.670000076293945,27.149999618530273,3462700
2026-06-05,26.729999542236328,27.049999237060547,26.709999084472656,26.809999465942383,1348900
2026-06-08,26.780000686645508,26.920000076293945,26.600000381469727,26.860000610351562,2234500
2026-06-09,27.170000076293945,27.350000381469727,26.889999389648438,26.889999389648438,3479100
2026-06-10,27.0,27.200000762939453,26.829999923706055,27.049999237060547,2035800
2026-06-11,27.170000076293945,27.510000228881836,26.690000534057617,27.100000381469727,6625800
2026-06-12,27.1299991607666,27.649999618530273,27.06999969482422,27.170000076293945,2993900
2026-06-15,27.09000015258789,27.790000915527344,26.989999771118164,27.690000534057617,2702500
2026-06-16,27.09000015258789,27.229999542236328,26.850000381469727,26.850000381469727,3878600
2026-06-17,27.079999923706055,27.790000915527344,27.079999923706055,27.299999237060547,3166700
2026-06-18,26.719999313354492,27.440000534057617,26.639999389648438,27.149999618530273,2605500
2026-06-19,26.8799991607666,26.8799991607666,26.559999465942383,26.790000915527344,2202100
2026-06-22,26.950000762939453,27.09000015258789,26.729999542236328,26.940000534057617,2415600
2026-06-23,26.75,27.010000228881836,26.600000381469727,26.690000534057617,4082500
2026-06-24,26.3799991607666,26.93000030517578,26.3799991607666,26.639999389648438,4202900
2026-06-25,26.200000762939453,26.84000015258789,26.200000762939453,26.489999771118164,3540500
2026-06-26,26.350000381469727,26.670000076293945,26.0,26.200000762939453,3763100
